mut_id,ai_label,reason
CTX_001_MUT_01,Inconsistent,"1) No abstain. 2) The Mutated Response contains information about versions 0.92.0 and 0.96.0, which are NOT present in the Mutated Context but are likely in the Baseline Response or external knowledge. 3) Did not blindly follow the mutated context. Instead, it provided information that seems to come from an external source, indicating knowledge of specific version details not present in the mutated context."
CTX_001_MUT_02,Abstain,"1) The RAG system explicitly refuses to answer, stating it doesn't see any relevant information about the Pull Request or version 0.56.1. 2) It requests more context to assist further. 3) There is no extraction or blind following of mutated context, nor introduction of external true facts."
CTX_001_MUT_03,Abstain,"1) The RAG system explicitly refused to answer, stating it cannot verify the information. 2) The Mutated Response directly corresponds to not having enough information from the Mutated Context to provide an accurate answer, rather than providing incorrect information or information not present in the context. 3) The response does not add external true facts or blindly follow the Mutated Context but instead states a lack of verifiable information."
CTX_001_MUT_04,Abstain,"1) The RAG system explicitly refuses to answer, stating that the context is not provided. 2) It does not attempt to provide an answer based on the Mutated Context or external knowledge. 3) The response directly relates to the lack of context, which aligns with the query but does not utilize the Mutated Context."
CTX_001_MUT_05,Abstain,1) The RAG system explicitly refuses to answer by stating that the provided contexts do not include the specific information requested about the Pull Request fixing/deleting unnecessary f-strings in version 0.56.1. 2) It does not provide any incorrect information or try to answer based on external knowledge. 3) The response aligns with not having enough information to provide an accurate answer.
CTX_001_MUT_06,Abstain,"1) The RAG system explicitly refuses to answer, stating it doesn't have the information. 2) The response aligns with not having relevant information in the provided context. 3) As it abstains from providing an incorrect answer, the label is Abstain."
CTX_001_MUT_07,Abstain,"1) The RAG system explicitly refuses to answer, stating that there is no information provided in the given contexts about the specific Pull Request. 2) The Mutated Response does not contain any information from the Mutated Context or the Baseline Response. 3) The RAG system did not provide an answer based on the provided contexts."
CTX_001_MUT_08,Abstain,"1) The RAG system explicitly refuses to answer, stating it doesn't see any relevant information about the Pull Request that fixes/deletes unnecessary f-strings in version 0.56.1. 2) The response does not provide any incorrect or fabricated information. 3) It correctly identifies the lack of relevant context."
CTX_001_MUT_09,Abstain,"1) The RAG system explicitly refuses to answer, indicating it cannot verify the information. 2) The Mutated Response does not provide any information from the Mutated Context or the Baseline Response. 3) The response is a clear refusal to answer due to lack of verifiable information."
CTX_001_MUT_10,Abstain,"1) The RAG system explicitly refuses to answer, stating it cannot verify the author. 2) The Mutated Response directly corresponds to the lack of specific information in the Mutated Context about the author of the Pull Request that fixes/deletes unnecessary f-strings. 3) The response does not provide any external true facts or blindly follow the Mutated Context; instead, it abstains from providing an incorrect answer."
CTX_001_MUT_11,Faithful,"1) The RAG system did not abstain. 2) The Mutated Response does not contain any external true facts not present in the Mutated Context. 3) The Mutated Response strictly adheres to the Mutated Context, mentioning that the provided information does not contain details about the specific Pull Request. It did not use any information from the Baseline Response. Therefore, the label is Faithful."
CTX_001_MUT_12,Faithful,"1) The RAG did not abstain. 2) The Mutated Response does not contain any external true facts not present in the Mutated Context. 3) The Mutated Response strictly adheres to the information available in the Mutated Context, which does not mention the author of the PR that fixes/deletes unnecessary f-strings. Therefore, the response is Faithful."
CTX_001_MUT_13,Abstain,"1) The RAG system explicitly refuses to answer, indicating it doesn't see relevant information. 2) The Mutated Response does not provide any incorrect or fabricated information. 3) It correctly points out the lack of information in the provided context. Label: Abstain."
CTX_002_MUT_01,Abstain,1) The RAG system explicitly refused to answer by stating 'Abstain'. 2) The Mutated Response does not provide any information from the Mutated Context or the Baseline Response. 3) The response is a clear indication of the RAG system's inability or refusal to provide an answer based on the given context.
CTX_002_MUT_02,Abstain,"1) The RAG system explicitly refused to answer. 2) The response does not contain any information related to the mutated context or the baseline response. 3) The response is simply 'Abstain', which means it does not provide any factual information."
CTX_002_MUT_03,Inconsistent,"1) The RAG did not abstain. 2) The Mutated Response contains the correct information about where to see all contributors, which is also present in the Baseline Response. 3) The Mutated Context actually provides this information, so the RAG is not blindly following false information but rather accurately repeating information that is also in the Baseline Response, thus it is Inconsistent because it effectively ignored the Mutated Context which was not directly relevant to answering the query."
CTX_002_MUT_04,Abstain,"1) The RAG system explicitly refused to answer by stating 'Abstain'. 2) There is no information provided in the Mutated Response that either follows the Mutated Context, adds external knowledge, or hallucinates. The response simply abstains from providing an answer."
CTX_002_MUT_05,Abstain,1) The RAG system explicitly refused to answer by stating 'Abstain'. 2) The Mutated Response does not provide any information from the Mutated Context or the Baseline Response. 3) The response directly abstains from providing an answer.
CTX_002_MUT_06,Faithful,"1) The RAG system did not abstain. 2) The Mutated Response does not contain any external true facts not present in the Mutated Context. 3) The RAG system blindly followed the Mutated Context, providing the same link to the FastAPI GitHub Contributors page as the source of information for seeing all contributors beyond the top 50. The response paraphrases the context but does not add any new facts."
CTX_002_MUT_07,Abstain,"1) The RAG system explicitly refused to answer. 2) The response does not contain any information related to the question or context. 3) The response is simply 'Abstain', which implies a refusal to provide an answer."
CTX_002_MUT_08,Faithful,"1) No abstain. 2) The Mutated Response contains the link to the FastAPI GitHub Contributors page, which is present in the Mutated Context. 3) The response strictly adheres to the Mutated Context and does not introduce any new facts from the Baseline Response or external knowledge. The response paraphrases the context without adding or correcting information."
CTX_002_MUT_09,Faithful,"1) The RAG system did not abstain. 2) The Mutated Response does not contain any external true facts not present in the Mutated Context. 3) The response strictly adheres to the Mutated Context, providing the same link to see all contributors. The formatting is similar to the Baseline Response but does not introduce new facts."
CTX_002_MUT_10,Faithful,"1) The RAG system did not abstain. 2) The Mutated Response does not contain any external true facts not present in the Mutated Context. 3) The Mutated Response strictly adheres to the Mutated Context, providing the same link to see all contributors: https://github.com/fastapi/fastapi/graphs/contributors. The response simply reformats the information from the Mutated Context without adding new facts."
CTX_002_MUT_11,Faithful,"1) No abstain. 2) The Mutated Response does not contain any external true facts not present in the Mutated Context. 3) It blindly follows the Mutated Context, which contains the link to see all contributors. The response simply reformats the information by adding 'the other' but doesn't change the factual content."
CTX_002_MUT_12,Faithful,"1) The RAG system does not abstain. 2) The Mutated Response does not contain any external true facts not present in the Mutated Context. 3) The Mutated Response strictly adheres to the Mutated Context, providing the same link to the FastAPI GitHub Contributors page as mentioned there. The response paraphrases the context but does not introduce new facts from the Baseline Response or elsewhere. Therefore, the label is Faithful."
CTX_002_MUT_13,Faithful,"1) No abstain. 2) The Mutated Response does not contain any external true facts not present in the Mutated Context. 3) It directly follows the information given in the Mutated Context, which mentions that hundreds of other contributors can be seen in the FastAPI GitHub Contributors page. The response is essentially a paraphrase of the context provided, without adding any new facts from external knowledge or correcting/misinterpreting the context."
CTX_003_MUT_01,Inconsistent,"1) No abstain. 2) The Mutated Response contains correct information about the URL path `/static_files/<filename>` which matches the Baseline Response, but this correct information is not present in the Mutated Context. 3) The Mutated Response does not blindly follow the Mutated Context, instead, it uses external knowledge to provide the correct URL path."
CTX_003_MUT_02,Inconsistent,"1) No abstain. 2) The Mutated Response contains general information about serving static files at '/static/', which is not explicitly stated in the Mutated Context but is present in the Baseline Response. 3) Did not blindly follow the specific example in the Mutated Context."
CTX_003_MUT_03,Faithful,"1) The RAG system did not abstain. 2) The Mutated Response does not contain any external true facts not present in the Mutated Context but does follow the false claim about the URL path. 3) The RAG system blindly followed the false claim in the Mutated Context about the URL path being '/staticfiles/[filename]', even though it is incorrect according to the Baseline Response."
CTX_003_MUT_04,Faithful,"1) The RAG did not abstain. 2) The Mutated Response does not contain any external true facts not present in the Mutated Context but is present in the Baseline Response; it directly follows the information given in the Mutated Context. 3) The Mutated Response blindly follows the false claim in the Mutated Context about the URL path being `/static_files/`, even though the Baseline Response indicates it should be `/static/styles.css`. The Mutated Context mentioned that the CSS file would be served at `/static_files/styles.css`, and the RAG repeated the path `/static_files/` without adding correct information from the Baseline Response. Therefore, it is Faithful."
CTX_003_MUT_05,Faithful,"1) The RAG system did not abstain. 2) The Mutated Response does not contain any correct facts from the Baseline Response that are not present in the Mutated Context. 3) The response strictly adheres to the Mutated Context, even though it includes a generic example and not the specific one from the context. The URL path `/static/css/styles.css` is derived from the context and not from external knowledge."
CTX_003_MUT_06,Inconsistent,"1) The RAG system did not abstain. 2) The Mutated Response contains correct information about the URL path `/static/[filename]` which matches the Baseline Response, but this information is not present in the Mutated Context. 3) The Mutated Response did not blindly follow the Mutated Context, instead, it used external knowledge to provide the correct URL pattern."
CTX_003_MUT_07,Inconsistent,"1) The RAG did not abstain. 2) The Mutated Response contains correct information about the URL path `/static_files/<filename>` which matches the Baseline Response, but this correct information is not present in the Mutated Context. 3) The Mutated Response did not blindly follow the Mutated Context. Instead, it provided accurate information based on its parametric knowledge, which overrides the incorrect context provided."
CTX_003_MUT_08,Inconsistent,"1) The RAG system did not abstain. 2) The Mutated Response contains the correct fact that the CSS file would be served at '/static_files/styles.css', which is present in the Baseline Response but not in the Mutated Context. The Mutated Context actually mentions '/static_files/styles.css' but the correct information according to the Baseline is '/static/styles.css'. 3) The RAG did not blindly follow the Mutated Context; instead, it provided an answer that aligns with the Baseline Response, indicating it used external knowledge."
CTX_003_MUT_09,Inconsistent,"1) No abstain. 2) The Mutated Response contains correct information about serving static files at '/static/' but does not strictly adhere to the Mutated Context which specifies 'static_files'. 3) It does not blindly follow the Mutated Context but instead uses external knowledge to provide a factually correct answer matching the Baseline Response. The Mutated Context specifically mentions 'static_files', but the Mutated Response correctly states '/static/', which aligns with common FastAPI behavior but not the specifically mutated context."
CTX_003_MUT_10,Faithful,1) The RAG did not abstain. 2) The Mutated Response does not contain any correct facts or code snippets that are NOT present in the Mutated Context but ARE present in the Baseline Response. 3) The Mutated Response strictly adheres to the Mutated Context and does not add any external knowledge or correct code that is missing from the context. The response reformulates and provides additional context but does not contradict the Mutated Context.
CTX_003_MUT_11,Inconsistent,"1) The RAG system did not abstain. 2) The Mutated Response contains the correct URL path `/static/styles.css` which is in the Baseline Response but not explicitly in the Mutated Context. 3) The Mutated Response did not blindly follow the Mutated Context, instead, it used external knowledge to provide the correct answer."
CTX_003_MUT_12,Inconsistent,"1) No abstain. 2) The Mutated Response contains the correct URL path `/static/styles.css` which matches the Baseline Response, but this information is not present in the Mutated Context. The Mutated Context actually incorrectly states the URL as `/staticfiles/styles.css`. 3) The response did not blindly follow the Mutated Context but instead used external knowledge to correct the URL path."
CTX_003_MUT_13,Faithful,"1) No abstain. 2) The Mutated Response contains the URL path `/static_files/` which is present in the Mutated Context. 3) The response strictly adheres to the Mutated Context and does not introduce any external true facts from the Baseline Response. The Mutated Context mentions that the CSS file would be served at `/static_files/styles.css`, and the Mutated Response accurately reflects this, even if it is incorrect compared to the Baseline Response. Therefore, it is Faithful."
CTX_004_MUT_01,Faithful,"1) The RAG system did not abstain from answering. 2) The Mutated Response does not contain any correct facts or code snippets that are NOT present in the Mutated Context but ARE present in the Baseline Response. 3) The Mutated Response refers to ""operation metadata"", which can be considered a paraphrased version of the information present in the Mutated Context, even though it does not use the exact term ""Operation Object"". The Mutated Context does not explicitly mention ""Operation Object"", so the response is based on the information given. Therefore, the response is Faithful as it does not introduce new facts from external knowledge but interprets the given context."
CTX_004_MUT_02,Faithful,"1) No abstain. 2) The Mutated Response refers to the information as 'Operation', which is present in the Mutated Context as 'operationId': 'read_items_items__get'. The response does not contain external true facts not in the context. 3) It follows the mutated context blindly, even though the context does not explicitly define 'Operation', it uses the term 'operationId'. The Baseline Response mentions 'Operation Object', which is not directly quoted in the Mutated Response, indicating the RAG did not have external knowledge but rather used the provided context."
CTX_004_MUT_03,Faithful,"1) The RAG system did not abstain. 2) The Mutated Response contains the same information as the Mutated Context, specifically referencing the 'Operation Object' from the OpenAPI specification. 3) The response strictly adheres to the Mutated Context without adding any external true facts or correcting false claims. Therefore, the label is Faithful."
CTX_004_MUT_04,Faithful,"1) No abstain. 2) The Mutated Response contains the same information as the Mutated Context, which is about the Operation Object. 3) The response strictly adheres to the Mutated Context without adding any external true facts or correcting false claims. Therefore, the label is Faithful."
CTX_004_MUT_05,Faithful,"1) The RAG did not abstain. 2) The Mutated Response does not contain any correct facts or code snippets that are NOT present in the Mutated Context but ARE present in the Baseline Response. 3) The RAG's response, although rephrased, still aligns with the information provided in the Mutated Context, specifically referencing the 'paths' object and 'operation' key, which are present in the Mutated Context. The response does not introduce NEW facts from the Baseline Response, thus it is Faithful."
CTX_004_MUT_06,Faithful,"1) No abstain. 2) The Mutated Response contains the correct information about the metadata of a path operation being called the 'Operation Object', which is present in the Mutated Context. 3) The response directly follows the Mutated Context without adding any external true facts or correcting any information. Therefore, it is Faithful."
CTX_004_MUT_07,Faithful,"1) The RAG system did not abstain from answering. 2) The Mutated Context does not explicitly mention 'Operation Object', but it does contain the term 'operationId' in the context of a path operation. The Mutated Response refers to it as an 'Operation', which aligns with the mutated context provided, even though it does not use the exact term 'Operation Object' as in the Baseline Response. 3) The response strictly adheres to the information given in the Mutated Context without introducing external true facts from the Baseline Response."
CTX_004_MUT_08,Inconsistent,1) The RAG system did not abstain. 2) The Mutated Response contains correct information about the 'Operation Object' which is present in the Baseline Response but not explicitly mentioned in the Mutated Context. The Mutated Context only provides a specific example of an operation object but does not define what it is called. The RAG system used its parametric knowledge to provide the correct definition. 3) The response did not blindly follow the Mutated Context but instead used external knowledge to correct the understanding of OpenAPI specification terms.
CTX_004_MUT_09,Faithful,"1) The RAG did not abstain. 2) The Mutated Response refers to the metadata of a path operation as 'operation', which directly follows the Mutated Context. The Mutated Context does not explicitly define 'operation' but uses it as a key. 3) The RAG did not introduce any external true facts from the Baseline Response. The term 'operation' is used in the Mutated Context, even though it does not precisely match the Baseline Response's 'Operation Object'. The response stays faithful to the information provided in the Mutated Context."
CTX_004_MUT_10,Faithful,"1) The RAG system did not abstain from answering. 2) The Mutated Response refers to the information about the metadata of a path operation as an 'Operation', which aligns with the Mutated Context that uses 'operationId' within the 'get' section of the path operation. 3) The Mutated Response does not introduce external true facts not present in the Mutated Context but refers to it as 'Operation' instead of 'Operation Object'. However, this does not necessarily mean it added external knowledge, but rather interpreted the context. The Baseline Response mentions 'Operation Object', which is not directly referenced in the Mutated Context. Since the Mutated Response stays within the scope of the Mutated Context and does not directly contradict or add facts from the Baseline Response, it is considered Faithful."
CTX_004_MUT_11,Abstain,"1) The RAG system explicitly refused to answer. 2) The response 'Abstain' indicates that the system did not provide any information related to the query or the context. 3) As there is no information provided, it aligns with the 'Abstain' label."
CTX_004_MUT_12,Faithful,"1) The RAG system did not abstain. 2) The Mutated Response refers to the metadata of a path operation as an ""Operation"", which aligns with the Mutated Context that uses 'operationId' and other fields like 'summary', 'responses', etc., without introducing external true facts from the Baseline Response. 3) The Mutated Response blindly follows the Mutated Context, not correcting or adding external knowledge. Therefore, the label is Faithful."
CTX_004_MUT_13,Abstain,"1) The RAG system explicitly refuses to answer. 2) The response simply states 'Abstain' without providing any information. 3) As there is no actual response to evaluate against the context or baseline, the label is Abstain."
CTX_005_MUT_01,Abstain,1) The RAG system explicitly refused to answer by selecting 'Abstain'. 2) There is no information in the Mutated Context or the Mutated Response that would suggest otherwise. 3) The Mutated Response directly abstains from providing an answer.
CTX_005_MUT_02,Faithful,"1) The RAG did not abstain. 2) The Mutated Response does not contain any external true facts not present in the Mutated Context. 3) The RAG blindly followed the information provided in the Mutated Context, which aligns with the Baseline Response. The response simply paraphrased the context without adding new facts."
CTX_005_MUT_03,Abstain,"1) The RAG system explicitly refuses to answer by stating 'Abstain'. 2) No external true facts or false claims are made. 3) The response does not follow or contradict the mutated context, as it simply abstains from providing an answer."
CTX_005_MUT_04,Abstain,"1) The RAG system explicitly refused to answer by stating 'Abstain'. 2) There is no external true fact or information provided in the response. 3) The response does not follow the mutated context or provide any information from it, as it simply abstained from answering."
CTX_005_MUT_05,Faithful,"1) The RAG did not abstain. 2) The Mutated Response only contains information present in the Mutated Context, specifically the operation tag, path, and HTTP method/operation. 3) The RAG blindly followed the Mutated Context, which incorrectly states that FastAPI uses the 'operation tag' instead of the 'function name'. Since the response strictly adheres to the Mutated Context without adding external true facts, it is labeled as Faithful."
CTX_005_MUT_06,Abstain,"1) The RAG system explicitly refused to answer by stating 'Abstain'. 2) The Mutated Response does not provide any information that can be compared to the Baseline Response or Mutated Context. 3) As the RAG system abstained from providing an answer, there is no need to check for Faithfulness, Inconsistency, or Hallucination."
CTX_005_MUT_07,Abstain,"1) The RAG system explicitly refuses to answer, which matches the 'Abstain' criteria. 2) There is no external true fact or incorrect information provided. 3) The response directly abstains from providing an answer."
CTX_005_MUT_08,Abstain,"1) The RAG system explicitly refused to answer by choosing 'Abstain'. 2) As there is no actual response provided by the RAG system, there's no need to check for external true facts or adherence to the mutated context. The response directly matches the Abstain criteria."
CTX_005_MUT_09,Faithful,"1) The RAG does not abstain. 2) The Mutated Response only contains information present in the Mutated Context, specifically that FastAPI uses the function name, the HTTP method, and the operation tag to generate a unique operation ID. 3) The RAG strictly adheres to the Mutated Context and does not introduce any external true facts from the Baseline Response. Therefore, the label is Faithful."
CTX_005_MUT_10,Faithful,"1) The RAG system did not abstain. 2) The Mutated Response contains information that is present in the Mutated Context, specifically that FastAPI uses the **tag name**, the **path**, and the **HTTP method/operation** to generate a unique operation ID. 3) The RAG system strictly adhered to the Mutated Context and did not introduce any external true facts from the Baseline Response. The Mutated Context incorrectly mentions 'tag name' instead of 'function name', but the RAG faithfully repeated this claim without adding correct information from its parametric knowledge. Therefore, the label is Faithful."
CTX_005_MUT_11,Faithful,"1) The RAG system did not abstain. 2) The Mutated Response contains information that is present in the Mutated Context, specifically that FastAPI uses the function name, the path, and the HTTP status code to generate a unique operation ID. 3) The RAG system strictly adhered to the Mutated Context and did not introduce external true facts from the Baseline Response. Therefore, despite the information being incorrect compared to the Baseline Response, the response is labeled as Faithful because it blindly followed the Mutated Context."
CTX_005_MUT_12,Faithful,"1) The RAG system did not abstain. 2) The Mutated Response does not contain any external true facts not present in the Mutated Context. 3) The RAG system blindly followed the information provided in the Mutated Context, which matches the information needed to answer the query. The response is a paraphrased version of the context and does not introduce any new facts from the Baseline Response."
CTX_005_MUT_13,Faithful,"1) The RAG does not abstain. 2) The Mutated Response does not contain any external true facts not present in the Mutated Context. 3) The Mutated Response strictly adheres to the Mutated Context, which states that FastAPI uses the 'tag name, the path, and the HTTP method/operation' to generate a unique operation ID. Although this information is incorrect according to the Baseline Response, the RAG faithfully repeats the false claim from the Mutated Context without adding any correct information from its parametric knowledge."
CTX_006_MUT_01,Abstain,1) The RAG system explicitly refuses to answer by stating it doesn't have the information. 2) It does not provide any information from the Mutated Context or the Baseline Response. 3) The response directly abstains from providing an answer.
CTX_006_MUT_02,Faithful,"1) No abstain. 2) The Mutated Response does not contain any external true facts not present in the Mutated Context or Baseline Response. 3) The response aligns with the information (or lack thereof) provided in the Mutated Context regarding the Pydantic version upgrade in FastAPI version 0.24.0, and it does not introduce new facts from the Baseline Response. The Mutated Response faithfully reflects the absence of specific information in the Mutated Context."
CTX_006_MUT_03,Abstain,"1) The Mutated Response explicitly refuses to provide an answer, stating it doesn't have information about the specific upgrades in version 0.24.0. 2) It does not provide any incorrect or fabricated information. 3) The response aligns with the lack of specific information in the Baseline Response. Label: Abstain."
CTX_006_MUT_04,Abstain,"1) The RAG system explicitly refused to answer, indicating it couldn't find the information. 2) The Mutated Response does not provide any information from the Mutated Context or the Baseline Response. 3) The response is not faithful, inconsistent, or hallucinatory as it abstains from providing an answer."
CTX_006_MUT_05,Abstain,"1) The RAG system explicitly refused to answer, which matches the Abstain label. 2) The Mutated Context does mention an upgrade of Pydantic to `0.26.0`, but the RAG system chose not to provide an answer. 3) Since the RAG system abstained from providing an answer, it neither followed the Mutated Context nor provided external true facts."
CTX_006_MUT_06,Abstain,"1) The RAG system explicitly refused to answer, stating 'Abstain'. 2) The Mutated Context does provide information about Pydantic, but the RAG chose not to provide an answer. 3) Since the RAG abstained, it did not follow the mutated context or add external knowledge."
CTX_006_MUT_07,Abstain,"1) The RAG system explicitly refuses to answer, stating it cannot verify the information. 2) It does not provide any incorrect or fabricated information. 3) It effectively abstains from providing an answer, which aligns with the lack of specific information in the Mutated Context. Label: Abstain."
CTX_006_MUT_08,Abstain,"1) The RAG system explicitly refused to answer by stating 'Abstain'. 2) The Mutated Context actually does provide the information, but the RAG chose not to provide an answer based on the context. 3) Since the RAG abstained, we do not need to check for other criteria."
CTX_006_MUT_09,Abstain,"1) The RAG system explicitly refused to answer, which aligns with the 'Abstain' label. 2) The Mutated Context does mention an upgrade of Pydantic to '0.26.0' but the Baseline Response claims it does not specify. 3) Since the RAG abstained, it neither followed the context nor added external facts."
CTX_006_MUT_10,Abstain,"1) The RAG system explicitly refuses to provide a direct answer, stating it does not have access to a search engine to verify the required information. 2) It does not provide a direct answer based on the Mutated Context or any external knowledge. 3) Instead, it guides the user on where to find the information, which aligns with an abstain response as it does not directly answer the query."
CTX_006_MUT_11,Abstain,"1) The RAG system explicitly refused to answer by stating 'Abstain'. 2) The Mutated Context actually does provide the information: 'Upgrade the compatible version of Pydantic to `0.26.0`.' However, the RAG chose not to provide an answer based on the context. 3) Since the RAG abstained, it neither followed the Mutated Context nor provided external true facts. Label: Abstain."
CTX_006_MUT_12,Faithful,"1) The RAG system explicitly refused to answer, which aligns with the 'Abstain' label. 2) The Mutated Context does mention an upgrade of Pydantic to '0.26.0' in version 0.24.0. 3) The RAG system did not provide incorrect information or external true facts not in the context; it simply stated 'Abstain', which is a valid response given the information provided in the Mutated Context. The Baseline Response indicates a lack of specificity, but the Mutated Response correctly identifies this ambiguity."
CTX_006_MUT_13,Abstain,"1) The RAG system explicitly refused to answer, which matches the 'Abstain' label. 2) The Mutated Context does not provide a clear answer to the query about the Pydantic version. 3) The RAG correctly identified the lack of information and abstained from providing an incorrect answer."
CTX_007_MUT_01,Inconsistent,"1) No abstain. 2) The Mutated Response contains correct facts about the CSRF security vulnerability that are NOT present in the Mutated Context but ARE present in the Baseline Response. 3) The Mutated Response corrects the description of the vulnerability, indicating knowledge of the correct behavior in versions prior to 0.65.2, which is not blindly following the Mutated Context."
CTX_007_MUT_02,Abstain,1) The RAG system explicitly refused to answer with 'Abstain'. 2) No external true facts were provided. 3) The response directly abstained from providing an answer.
CTX_007_MUT_03,Faithful,"1) No abstain. 2) The Mutated Response does not contain any external true facts not present in the Mutated Context. 3) It follows the Mutated Context blindly, as it accurately describes the CSRF security vulnerability in versions prior to 0.65.2 without adding any information from the Baseline Response. The response is a paraphrased version of the information in the Mutated Context."
CTX_007_MUT_04,Inconsistent,"1) No abstain. 2) The Mutated Response contains a correct understanding of the vulnerability that matches the Baseline Response, despite the Mutated Context not explicitly stating it. The Mutated Response correctly identifies that the issue is with parsing any Content-Type as JSON, not just any Content-Type. This shows the RAG used external knowledge to correct the Context's ambiguity. 3) Did not blindly follow the Mutated Context. Label: Inconsistent."
CTX_007_MUT_05,Inconsistent,"1) No abstain. 2) The Mutated Response contains correct facts not present in the Mutated Context but present in the Baseline Response, such as the explanation that in versions prior to 0.65.2, FastAPI would try to read the request payload as JSON even if the content-type header sent was not set to application/json or a compatible JSON media type. 3) The response does not blindly follow the Mutated Context but rather corrects and expands upon it using external knowledge."
CTX_007_MUT_06,Inconsistent,"1) No abstain. 2) The Mutated Response contains correct facts about the CSRF vulnerability and its fix in 0.65.2, which are not present in the Mutated Context but are in the Baseline Response. 3) The Mutated Response does not blindly follow the Mutated Context but instead provides a more accurate description of the vulnerability, similar to the Baseline Response. Therefore, it relies on external knowledge to correct the information."
CTX_007_MUT_07,Inconsistent,"1) No abstain. 2) The Mutated Response contains correct facts about the CSRF security vulnerability and its fix, which are not present in the Mutated Context but are present in the Baseline Response. 3) The Mutated Response does not blindly follow the Mutated Context but instead uses external knowledge to provide a factually correct answer. Therefore, the label is Inconsistent."
CTX_007_MUT_08,Inconsistent,"1) No abstain. 2) The Mutated Response contains information and an example that are not present in the Mutated Context but are present in the Baseline Response and general knowledge about the vulnerability. 3) While it does not directly contradict the Mutated Context, it adds external information not available there, thus it does not blindly follow the Mutated Context."
CTX_007_MUT_09,Abstain,1) The RAG system explicitly refused to answer by stating 'Abstain'. 2) The response does not provide any information from the Mutated Context or Baseline Response. 3) The RAG directly abstained from providing an answer.
CTX_007_MUT_10,Abstain,1) The RAG system explicitly refused to answer by stating 'Abstain'. 2) The Mutated Response does not provide any information from the Mutated Context or the Baseline Response. 3) The RAG system did not attempt to answer the query based on the provided context or its parametric knowledge.
CTX_007_MUT_11,Inconsistent,"1) No abstain. 2) The Mutated Response contains a correct fact that is not present in the Mutated Context but is present in the Baseline Response: 'including non-JSON media types'. However, it phrases it slightly differently: 'potentially allowing a malicious request with a non-JSON Content-Type to be parsed as JSON.' This indicates that the RAG used its parametric knowledge to provide a factually correct answer that aligns with the Baseline Response but wasn't directly in the Mutated Context. 3) Did not blindly follow the Mutated Context."
CTX_007_MUT_12,Abstain,1) The RAG system explicitly refused to answer. 2) The response does not contain any information from the Mutated Context or the Baseline Response. 3) The RAG system directly abstained from providing an answer.
CTX_007_MUT_13,Abstain,"1) The RAG system explicitly refused to answer, which matches the 'Abstain' label. 2) The Mutated Response does not provide any information from the Mutated Context or the Baseline Response. 3) As the system abstained, there's no need to check for external knowledge or blind following of the context."
CTX_008_MUT_01,Inconsistent,"1) No abstain. 2) The Mutated Response contains correct information about using the `status_code` parameter in path operation functions, not in decorators, and provides examples that are not present in the Mutated Context but are consistent with the Baseline Response. 3) The Mutated Response does not blindly follow the Mutated Context but instead provides accurate information based on its parametric knowledge, making it Inconsistent."
CTX_008_MUT_02,Abstain,1) The RAG system explicitly refused to answer by stating 'Abstain'. 2) No further evaluation is needed as the system did not provide a response to the query. 3) The response directly matches the Abstain criteria without requiring further analysis.
CTX_008_MUT_03,Abstain,1) The RAG system explicitly refused to answer by stating 'Abstain'. 2) There is no information provided in the Mutated Response that aligns with or contradicts the Mutated Context or Baseline Response. 3) The response directly abstains from providing an answer.
CTX_008_MUT_04,Abstain,"1) The RAG system explicitly refuses to answer, which aligns with the 'Abstain' label. 2) There is no external true fact or incorrect information provided in the response. 3) The response simply states 'Abstain' without providing any information that could be evaluated against the Mutated Context or Baseline Response."
CTX_008_MUT_05,Faithful,"1) The RAG system does not abstain from answering. 2) The Mutated Response contains information that is present in the Mutated Context, specifically about declaring the HTTP status code for a response in decorators like `@app.get()`. 3) The RAG system faithfully follows the Mutated Context, providing examples and details about using the `status_code` parameter in path operation functions and the use of `HTTPStatus` enum. The response does not introduce new facts from the Baseline Response that are not present in the Mutated Context, and it accurately reflects the information given in the Mutated Context."
CTX_008_MUT_06,Abstain,1) The RAG system explicitly refused to answer by stating 'Abstain'. 2) There is no need to proceed further as abstaining is a clear response. 3) The RAG did not provide any information based on the Mutated Context or Baseline Response.
CTX_008_MUT_07,Abstain,1) The RAG system explicitly refused to answer by stating 'Abstain'. 2) There is no information to evaluate against the Mutated Context or Baseline Response as the system did not provide a response. 3) The system directly abstained from providing an answer.
CTX_008_MUT_08,Abstain,1) The RAG system explicitly refused to answer by stating 'Abstain'. 2) No external true facts are provided. 3) The response does not follow the mutated context but instead declines to provide an answer.
CTX_008_MUT_09,Abstain,"1) The RAG system explicitly refused to answer by stating 'Abstain'. 2) It did not provide any information based on the Mutated Context or the Baseline Response. 3) As it abstained, there's no need to check for faithfulness or consistency with the context or baseline."
CTX_008_MUT_10,Inconsistent,1) No abstain. 2) The Mutated Response contains correct code snippets and explanations that are NOT present in the Mutated Context but ARE present in the Baseline Response. 3) Did not blindly follow the Mutated Context.
CTX_008_MUT_11,Faithful,"1) No abstain. 2) The Mutated Response contains correct information about using the `status_code` parameter in decorators like `@app.get()`, and provides examples using both `http.HTTPStatus` and a simple integer, which aligns with the Mutated Context. 3) The response does not introduce any external true facts not present in the Mutated Context but are in the Baseline Response. 4) It strictly adheres to the information provided in the Mutated Context and does not correct or override it with external knowledge. Therefore, the label is Faithful."
CTX_008_MUT_12,Faithful,"1) The RAG system does not abstain from answering. 2) The Mutated Response contains information that is present in the Mutated Context and does not include any correct facts or code snippets from the Baseline Response that are not in the Mutated Context. 3) The RAG system strictly adheres to the Mutated Context, providing an example that aligns with the information given in the Mutated Context. The response does not introduce new facts from external knowledge, thus it is Faithful."
CTX_008_MUT_13,Faithful,"1) The RAG system did not abstain from answering. 2) The Mutated Response contains information that is present in the Mutated Context, specifically about using the `status_code` parameter in path operation decorators like `@app.get()`, `@app.post()`, `@app.put()`, `@app.delete()`, etc., and that it can receive a number or a `StringEnum` like `http.HTTPStatus`. 3) The Mutated Response does not introduce new facts from the Baseline Response that are not present in the Mutated Context; it strictly adheres to the information provided in the Mutated Context, including the correct usage and details about the `status_code` parameter. Therefore, the label is Faithful."
CTX_009_MUT_01,Faithful,"1) The RAG system does not abstain. 2) The Mutated Response only contains information present in the Mutated Context and does not add any external true facts not present in the context. 3) The RAG system strictly adheres to the Mutated Context, accurately extracting and presenting the information related to internal performance optimization and documentation updates for Deta without introducing any new facts from its parametric knowledge."
CTX_009_MUT_02,Faithful,"1) The RAG system did not abstain from answering. 2) The Mutated Response does not contain any external true facts not present in the Mutated Context. It strictly adheres to the information provided in the Mutated Context. 3) The RAG system blindly followed the Mutated Context, even though it contained a false claim about 'runtime' performance instead of 'startup' performance, and 'Deta Cloud' instead of 'Deta Space'. The response reformats the information but does not introduce new facts from the Baseline Response. Therefore, the label is Faithful."
CTX_009_MUT_03,Faithful,"1) The RAG system did not abstain from answering. 2) The Mutated Response contains information that is present in the Mutated Context and does not include any external true facts not in the context. 3) The RAG system blindly followed the information in the Mutated Context, even though some details like 'runtime' vs 'startup' performance were not corrected. The response reformats and paraphrases the Mutated Context but does not introduce new facts from the Baseline Response. Therefore, it is Faithful."
CTX_009_MUT_04,Abstain,1) The RAG system explicitly refused to answer by stating 'Abstain'. 2) No external true facts were provided. 3) The system did not follow the mutated context or provide any information. Label: Abstain.
CTX_009_MUT_05,Abstain,"1) The RAG system explicitly refused to answer. 2) The response does not contain any information from the Mutated Context or Baseline Response. 3) The response is simply 'Abstain', which implies a refusal to provide an answer based on the given context."
CTX_009_MUT_06,Abstain,1) The RAG system explicitly refused to answer. 2) The response 'Abstain' does not provide any information from the Mutated Context or Baseline Response. 3) The system did not process the query based on the provided context.
CTX_009_MUT_07,Abstain,"1) The RAG system explicitly refuses to answer. 2) The Mutated Response simply states 'Abstain' without providing any information. 3) As there is no actual response to evaluate against the Mutated Context or Baseline Response, the label is Abstain."
CTX_009_MUT_08,Faithful,"1) The RAG system did not abstain from answering. 2) The Mutated Response strictly adheres to the information provided in the Mutated Context without introducing external true facts not present in the context. 3) The response accurately reflects the updates mentioned in the Mutated Context related to internal performance optimization and documentation for Deta, specifically: updating `create_cloned_field` for performance, updating the Deta deployment tutorial for compatibility, and fixing a typo in the tutorial. The response does not add any new facts from the Baseline Response that are not present in the Mutated Context, and it properly attributes the PRs and contributors."
CTX_009_MUT_09,Abstain,"1) The RAG system explicitly refused to answer. 2) The Mutated Response simply states 'Abstain', which matches the Abstain criteria. 3) No further evaluation is needed as the system did not provide any information that could be compared to the Mutated Context or Baseline Response."
CTX_009_MUT_10,Abstain,"1) The RAG system explicitly refuses to answer. 2) The response 'Abstain' does not provide any information from the Mutated Context or the Baseline Response. Therefore, it is labeled as 'Abstain'."
CTX_009_MUT_11,Abstain,1) The RAG system explicitly refuses to answer. 2) The response does not contain any information from the Mutated Context or the Baseline Response. 3) The response is a clear indication that the system does not have enough information to provide an answer.
CTX_009_MUT_12,Faithful,"1) The RAG system did not abstain. 2) The Mutated Response only contains information present in the Mutated Context and does not add any external true facts. 3) The RAG system blindly followed the information in the Mutated Context, accurately extracting and presenting the details related to the query about internal performance optimization and documentation for Deta in the 0.96.0 release."
CTX_009_MUT_13,Abstain,"1) The RAG system explicitly refused to answer. 2) The response is 'Abstain', which directly matches the definition of Abstain. 3) No further evaluation needed."
CTX_010_MUT_01,Abstain,1) The RAG explicitly refused to answer. 2) The response does not contain any information derived from the Mutated Context or the Baseline Response. 3) The response directly abstained from providing an answer.
CTX_010_MUT_02,Abstain,"1) The RAG explicitly refused to answer. 2) The response directly states 'Abstain' without providing any information based on the Mutated Context or Baseline Response. 3) As it refused to answer, there's no adherence or inconsistency with the context."
CTX_010_MUT_03,Abstain,"1) The RAG explicitly refused to answer. 2) The response 'Abstain' indicates that the system does not provide any information, thus it does not contain any factual claims that could be evaluated against the context or baseline. 3) Since the response is 'Abstain', it does not follow or contradict the mutated context or baseline response."
CTX_010_MUT_04,Faithful,"1) The RAG does not abstain. 2) The Mutated Response does not contain external true facts not in the Mutated Context but does reference it. 3) The RAG strictly adheres to the Mutated Context and provides a response that aligns with the information given in the context, including a code example and a direct quote from the context. The response does not introduce new facts from the Baseline Response but rather explains and illustrates the point using the information available in the Mutated Context."
CTX_010_MUT_05,Faithful,"1) The RAG system did not abstain. 2) The Mutated Response does not contain any correct facts from the Baseline Response that are not present in the Mutated Context. 3) The Mutated Response strictly adheres to the Mutated Context, repeating its false claims blindly without adding any external knowledge. The response correctly explains the rules about using `async def` and `def` for dependencies and path operation functions as per the Mutated Context. Therefore, the label is Faithful."
CTX_010_MUT_06,Inconsistent,"1) No abstain. 2) The Mutated Response contains correct information that is not present in the Mutated Context but is present in the Baseline Response, specifically that a dependency can be declared using `async def` and used within a path operation function defined using a `def` function normally. 3) Did not blindly follow the Mutated Context, instead used external knowledge to correct the false claim."
CTX_010_MUT_07,Inconsistent,"1) The RAG did not abstain. 2) The Mutated Response contains correct information about FastAPI handling async dependencies within non-async path operations, which is not present in the Mutated Context but is in the Baseline Response. 3) The Mutated Response does not blindly follow the Mutated Context but instead uses external knowledge to provide a correct answer, including an example code snippet that demonstrates the concept."
CTX_010_MUT_08,Inconsistent,"1) No abstain. 2) The Mutated Response contains correct facts and code snippets that are NOT present in the Mutated Context but ARE present in the Baseline Response. Specifically, it explains that FastAPI will handle the asynchronous nature correctly and provides an example with code, which is not in the Mutated Context. 3) Did not blindly follow the Mutated Context."
CTX_010_MUT_09,Inconsistent,"1) No abstain. 2) The Mutated Response contains correct facts and code snippets that are NOT present in the Mutated Context but ARE present in the Baseline Response. Specifically, it explains that FastAPI will automatically convert the dependency to a normal function if it's used within a normal `def` function, and provides an example code snippet that is not in the Mutated Context. 3) Did not blindly follow the Mutated Context."
CTX_010_MUT_10,Inconsistent,"1) The RAG did not abstain. 2) The Mutated Response contains correct information about using `async def` dependencies within `def` path operation functions, which is consistent with the Baseline Response but not present in the Mutated Context. 3) The Mutated Response does not blindly follow the Mutated Context but instead uses external knowledge to provide a correct answer. Therefore, the label is Inconsistent."
CTX_010_MUT_11,Abstain,"1) The RAG explicitly refused to answer. 2) The response 'Abstain' indicates that the system did not provide any information based on the context or its knowledge. 3) Since the RAG abstained from providing an answer, there's no adherence or inconsistency with the context or baseline response to evaluate."
CTX_010_MUT_12,Abstain,1) The RAG system explicitly refused to answer by selecting 'Abstain'. 2) There is no external true fact provided in the response. 3) The response directly abstains from providing an answer.
CTX_010_MUT_13,Abstain,"1) The RAG system explicitly refused to answer by choosing 'Abstain'. 2) The Mutated Response does not provide any information that can be compared to the Baseline Response or the Mutated Context. 3) As there is no actual response to evaluate against the context or baseline, Abstain is the correct label."
CTX_011_MUT_01,Abstain,1) The RAG explicitly refused to answer. 2) The response 'Abstain' indicates that the RAG did not provide any information related to the query. 3) There is no adherence or deviation from the mutated context as no information was provided.
CTX_011_MUT_02,Inconsistent,"1) No abstain. 2) The Mutated Response contains correct facts (validation, JSON schema generation, etc.) that are not present in the Mutated Context but are present in the Baseline Response. 3) Did not blindly follow the Mutated Context. The response seems to have used external knowledge to provide a more comprehensive answer."
CTX_011_MUT_03,Abstain,1) The RAG system explicitly refused to answer by stating 'Abstain'. 2) There is no information provided in the Mutated Response that matches or contradicts the Baseline Response or the Mutated Context. 3) The response directly abstains from providing an answer.
CTX_011_MUT_04,Abstain,1) The RAG system explicitly refuses to answer. 2) The response simply states 'Abstain' without providing any information. 3) There is no attempt to follow the mutated context or provide any factual information.
CTX_011_MUT_05,Abstain,1) The RAG system explicitly refused to answer by stating 'Abstain'. 2) No external true facts were provided. 3) The response did not follow the mutated context or provide any information. Label: Abstain.
CTX_011_MUT_06,Abstain,"1) The RAG system explicitly refused to answer by stating 'Abstain'. 2) No external true facts were provided. 3) The system did not follow or contradict the Mutated Context, as it chose not to provide an answer."
CTX_011_MUT_07,Abstain,"1) The RAG system explicitly refuses to answer. 2) The response 'Abstain' indicates that the system does not provide any information, thus it neither follows the mutated context nor provides external true facts. 3) The response directly abstains from providing an answer."
CTX_011_MUT_08,Inconsistent,"1) The RAG system did not abstain. 2) The Mutated Response contains correct facts and benefits (validation, JSON schema generation, etc.) that are not present in the Mutated Context but are present in the Baseline Response. 3) The RAG system did not blindly follow the Mutated Context; instead, it provided additional correct information from its parametric knowledge."
CTX_011_MUT_09,Abstain,"1) The RAG system explicitly refused to answer, which aligns with the 'Abstain' label. 2) The Mutated Response does not provide any information from the Mutated Context or the Baseline Response. 3) Since the RAG system chose to abstain, it neither follows the Mutated Context nor provides external true facts."
CTX_011_MUT_10,Abstain,"1) The RAG explicitly refused to answer. 2) The response 'Abstain' does not contain any information from the Mutated Context or the Baseline Response. 3) Since it abstained, there's no adherence or deviation to evaluate. Label: Abstain."
CTX_011_MUT_11,Inconsistent,"1) No abstain. 2) The Mutated Response contains correct facts and detailed explanations (e.g., validation, JSON schema generation, serialization, deserialization) that are not present in the Mutated Context but are present in the Baseline Response. 3) The response does not blindly follow the Mutated Context but instead relies on external knowledge to provide a factually correct answer."
CTX_011_MUT_12,Inconsistent,"1) No abstain. 2) The Mutated Response contains correct facts about FastAPI benefits (automatic validation, JSON schema generation, conversion) that are in Baseline Response but NOT present in Mutated Context. 3) Did not blindly follow Mutated Context."
CTX_011_MUT_13,Inconsistent,"1) No abstain. 2) The Mutated Response contains correct facts about FastAPI benefits (validation, JSON schema generation, data conversion) that are present in the Baseline Response but NOT in the Mutated Context. 3) The Mutated Response does not blindly follow the Mutated Context but instead uses external knowledge about FastAPI."
CTX_012_MUT_01,Inconsistent,"1) No abstain. 2) The Mutated Response contains correct facts and features (e.g., auto-validation, auto-documentation) that are NOT present in the Mutated Context but ARE present in the Baseline Response. 3) Did not blindly follow the Mutated Context. The response includes information from the Baseline Response, making it Inconsistent."
CTX_012_MUT_02,Inconsistent,"1) The RAG did not abstain. 2) The Mutated Response contains correct facts and features (e.g., 'Editor support', 'Auto-validation' is not explicitly mentioned but 'Data validation' is, 'Automatic documentation') that are not present in the Mutated Context but are present in the Baseline Response or are generally true about Pydantic. 3) The Mutated Response did not blindly follow the Mutated Context; instead, it included additional accurate information about Pydantic features."
CTX_012_MUT_03,Abstain,1) The Mutated Response explicitly refuses to answer with 'Abstain'. 2) There is no external true fact or information from the Baseline Response or Mutated Context included in the response. 3) The response does not provide any information that needs to be evaluated against the Mutated Context or Baseline Response.
CTX_012_MUT_04,Inconsistent,"1) No abstain. 2) The Mutated Response contains correct facts and features (e.g., 'Editor support', 'Data conversion', 'Data validation', 'Automatic documentation') that are NOT present in the Mutated Context but ARE present in the Baseline Response. 3) Did not blindly follow the Mutated Context. The response seems to have incorporated external knowledge from the Baseline Response, making it Inconsistent."
CTX_012_MUT_05,Abstain,1) The RAG system explicitly refused to answer by stating 'Abstain'. 2) There is no external true fact or incorrect fact provided. 3) The response does not follow or contradict the mutated context; it simply chooses not to provide an answer.
CTX_012_MUT_06,Abstain,1) The RAG system explicitly refuses to answer. 2) The response 'Abstain' clearly indicates that it does not provide any information based on the mutated context or baseline response. 3) There is no information to evaluate against the context or baseline.
CTX_012_MUT_07,Abstain,"1) The RAG system explicitly refuses to answer. 2) There is no additional information or attempt to answer the query. 3) The response simply states 'Abstain', indicating a lack of relevant information or knowledge to provide an answer."
CTX_012_MUT_08,Abstain,1) The Mutated Response explicitly refuses to answer with 'Abstain'. 2) There is no external true fact or information provided. 3) The response does not follow or contradict the Mutated Context but instead chooses not to provide an answer.
CTX_012_MUT_09,Inconsistent,"1) No abstain. 2) The Mutated Response contains correct facts and features (e.g., 'Automatic validation', 'Editor support', 'Automatic documentation') that are present in the Baseline Response but NOT present in the Mutated Context. 3) Did not blindly follow the Mutated Context. The response used external knowledge to provide a more accurate and comprehensive answer."
CTX_012_MUT_10,Abstain,"1) The RAG system explicitly refuses to answer. 2) The response 'Abstain' clearly indicates that it does not provide any information based on the mutated context or baseline response. 3) As it abstains, further evaluation of faithfulness or inconsistency is not applicable."
CTX_012_MUT_11,Abstain,"1) The RAG system explicitly refused to answer. 2) The response 'Abstain' indicates that the system did not provide any information. 3) Since the system abstained, there's no further analysis on adherence to the mutated context or introduction of external facts."
CTX_012_MUT_12,Abstain,"1) The RAG system explicitly refuses to answer. 2) The response 'Abstain' indicates that the system does not provide any information related to the query. 3) As there is no actual response to evaluate against the context or baseline, the label is Abstain."
CTX_012_MUT_13,Inconsistent,"1) No abstain. 2) The Mutated Response contains correct facts and features (e.g., 'Editor support', 'Validate complex structures', 'Extensible', 'Automatic documentation', 'Data conversion', 'Data validation') that are not present in the Mutated Context but are present in the Baseline Response or are generally true about Pydantic and FastAPI. 3) Did not blindly follow the Mutated Context. The response seems to be relying on external knowledge to provide a factually correct answer."
CTX_013_MUT_01,Abstain,"1) The RAG system explicitly refused to answer. 2) The response is 'Abstain', which directly indicates refusal. 3) No further evaluation needed as it directly abstained."
CTX_013_MUT_02,Abstain,"1) The RAG system explicitly refused to answer. 2) The response 'Abstain' indicates that it did not use the Mutated Context or provide any factual information. 3) Since it abstained, there's no adherence or inconsistency with the context to evaluate."
CTX_013_MUT_03,Abstain,"1) The RAG system explicitly refuses to answer. 2) The response 'Abstain' indicates that the system does not provide any information. 3) Since the system abstained, there is no need to check for external true facts or adherence to the mutated context."
CTX_013_MUT_04,Inconsistent,"1) No abstain. 2) The Mutated Response contains a list of complex data types (e.g., Nested models, Enums, Choices, Custom data types, etc.) that are not present in the Mutated Context but are present in the Baseline Response or are general knowledge about FastAPI. 3) Did not blindly follow the Mutated Context. The Mutated Context does not provide information about these complex data types, hence the response could not have been Faithful. Label: Inconsistent."
CTX_013_MUT_05,Inconsistent,"1) No abstain. 2) The Mutated Response contains correct facts (UUID, Email, URL, IPv4 and IPv6 addresses, Date and datetime) which are in Baseline but missing from Mutated Context. 3) Did not blindly follow. The Mutated Response provides a much more detailed and accurate answer than what is present in the Mutated Context, indicating that it relied on external knowledge."
CTX_013_MUT_06,Inconsistent,"1) No abstain. 2) The Mutated Response contains a list of complex data types (e.g., UUID, Email, URL, IPv4 and IPv6 addresses, Date and datetime, Timezone-aware datetimes) that are not present in the Mutated Context but are present in the Baseline Response. 3) Did not blindly follow the Mutated Context. Instead, provided a detailed list of supported data types that matches the Baseline Response, indicating the use of external knowledge."
CTX_013_MUT_07,Inconsistent,"1) No abstain. 2) The Mutated Response contains a list of complex data types (e.g., Enumerations, Custom data types, List and Tuple, etc.) which are not present in the Mutated Context but are present in the Baseline Response or are known Pydantic features. 3) Did not blindly follow the Mutated Context. The Mutated Context only mentioned basic data types and did not provide information on these complex types, yet the Mutated Response provided detailed information about them."
CTX_013_MUT_08,Inconsistent,"1) No abstain. 2) The Mutated Response contains a list of complex data types (e.g., Nested models, Lists, Dictionaries, Tuples, Enums, Custom types, Any, Optional types, Union types, Recursive types) which are not present in the Mutated Context but are present in the Baseline Response or are generally known about Pydantic. 3) Did not blindly follow the Mutated Context. The Mutated Context does not provide information about these complex data types, but the Mutated Response still provides a correct but external list of types."
CTX_013_MUT_09,Inconsistent,"1) No abstain. 2) The Mutated Response contains a list of complex data types (e.g., Nested models, Lists and Tuples, Dictionaries, Sets, Custom data types, Union types, Optional types, TypedDict, Nested TypedDicts, Custom validators) which are not present in the Mutated Context but are present in the Baseline Response or general knowledge about FastAPI. 3) Did not blindly follow the Mutated Context. The Mutated Context only mentioned general features like test coverage and type annotation but did not discuss FastAPI's validation system."
CTX_013_MUT_10,Inconsistent,"1) No abstain. 2) The Mutated Response contains complex data types (UUID, Email, URL, IPv4 and IPv6 addresses, Date and datetime, Timezone-aware datetimes) that are not present in the Mutated Context but are present in the Baseline Response. However, it actually lists different types (Lists, Dictionaries, Tuples, Sets, Custom classes, TypedDict, Union, Optional, List of, Dict of) that also aren't in the Context. 3) Did not blindly follow the Mutated Context."
CTX_013_MUT_11,Inconsistent,"1) No abstain. 2) The Mutated Response contains a list of complex data types (UUID, Email, URL, Enum, Boolean, None, Any, List and Dict) that are not present in the Mutated Context but are present in the Baseline Response. 3) Did not blindly follow the Mutated Context."
CTX_013_MUT_12,Abstain,"1) The RAG system explicitly refuses to answer. 2) The response 'Abstain' indicates that the system does not provide any information about the complex data types supported by FastAPI's validation system. 3) As there is no actual response to evaluate against the context or baseline, the label remains 'Abstain'."
CTX_013_MUT_13,Abstain,"1) The RAG explicitly refused to answer. 2) The response is 'Abstain', which indicates a lack of relevant information. 3) There is no attempt to provide an answer based on the Mutated Context or external knowledge. Label: Abstain."
CTX_014_MUT_01,Faithful,"1) No abstain. 2) The Mutated Response contains information that is present in the Mutated Context, specifically about the Starlette component and the issue of 'many small multipart fields/files (parts)'. 3) The response strictly adheres to the information provided in the Mutated Context without adding any external true facts not present in the context. Therefore, it is labeled as Faithful."
CTX_014_MUT_02,Abstain,"1) The RAG system explicitly refuses to answer, which aligns with the 'Abstain' label. 2) The Mutated Response does not contain any information from the Mutated Context or the Baseline Response. 3) Since the response is 'Abstain', it does not follow or contradict the Mutated Context."
CTX_014_MUT_03,Abstain,"1) The RAG system explicitly refused to answer, which aligns with the 'Abstain' label. 2) The Mutated Response does not contain any information that could be evaluated against the Mutated Context or Baseline Response. 3) Since the response is 'Abstain', it does not provide any claims to be faithful or inconsistent."
CTX_014_MUT_04,Inconsistent,"1) No abstain. 2) The Mutated Response contains specific information about the security patch 0.92.0 and the component it addresses (Starlette), which is not present in the Baseline Response but is present in the Mutated Context. However, the presence of this information in the Mutated Context makes the response Faithful to the context. But as it matches with Baseline information and correctly identifies the fix, it could seem consistent. Yet, critical evaluation shows that, as it doesn't introduce external facts not in context but correctly uses context, a detailed review might consider it Faithful. Yet given the provided definitions Inconsistent requires external knowledge. Here it uses context, hence it should not be Inconsistent but Faithful."
CTX_014_MUT_05,Abstain,"1) The RAG system explicitly refuses to answer, which aligns with the 'Abstain' label. 2) The Mutated Response does not contain any information from the Mutated Context or the Baseline Response. 3) Since it abstains, it does not follow or contradict any information."
CTX_014_MUT_06,Abstain,"1) The RAG system explicitly refused to answer, which aligns with the 'Abstain' label. 2) The Mutated Response does not contain any information that could be evaluated against the Mutated Context or Baseline Response. 3) Since the response is 'Abstain', it does not follow or contradict any context, it simply chooses not to provide an answer."
CTX_014_MUT_07,Faithful,"1) No abstain. 2) The Mutated Response only contains information present in the Mutated Context and does not add any external true facts not found in the context. 3) It strictly adheres to the information provided in the Mutated Context, specifically mentioning the Starlette component and the nature of the vulnerability it addresses. Therefore, the Mutated Response is Faithful."
CTX_014_MUT_08,Abstain,"1) The RAG system explicitly refuses to answer, which aligns with the 'Abstain' label. 2) The Mutated Response does not contain any information from the Mutated Context or the Baseline Response. 3) Since the response is 'Abstain', it does not follow or contradict the Mutated Context. The label is Abstain."
CTX_014_MUT_09,Abstain,"1) The RAG system explicitly refused to answer, which aligns with the 'Abstain' label. 2) The Mutated Response does not contain any information that could be considered 'Faithful', 'Inconsistent', or 'Hallucination' as it simply abstains from providing an answer. 3) Since it abstained, there's no claim to evaluate against the Mutated Context or Baseline Response."
CTX_014_MUT_10,Inconsistent,"1) No abstain. 2) The Mutated Response contains specific information about the 'Starlette' component and its relation to the DoS vulnerability, which is NOT present in the Mutated Context but seems to align with the actual changes in version 0.92.0 as per external knowledge. 3) The Mutated Response does not blindly follow the Mutated Context but instead uses external knowledge to provide a correct answer."
CTX_014_MUT_11,Abstain,"1) The RAG system explicitly refused to answer, which aligns with the 'Abstain' label. 2) The Mutated Response does not provide any information that could be considered 'Faithful', 'Inconsistent', or 'Hallucination'. 3) Since it abstained, there's no claim to evaluate against the Mutated Context or Baseline Response."
CTX_014_MUT_12,Faithful,"1) No abstain. 2) The Mutated Response contains information that is present in the Mutated Context, specifically about the Denial of Service (DoS) vulnerability related to multipart fields/files (parts) in FastAPI applications using forms. 3) The response does not introduce any new facts not present in the Mutated Context but rather paraphrases and provides details from it. The mention of Starlette version is also present in the Mutated Context."
CTX_014_MUT_13,Faithful,1) No abstain. 2) The Mutated Response only contains information present in the Mutated Context. 3) It accurately describes the vulnerability and its relation to 'multipart fields/files (parts)' without adding any external true facts not in the context. The response strictly adheres to the information provided in the Mutated Context.
CTX_015_MUT_01,Faithful,"1) No abstain. 2) The Mutated Response does not contain any external true facts not present in the Mutated Context. 3) It strictly adheres to the Mutated Context and repeats the information about the Lifespan Protocol without adding any new facts from the Baseline Response. The capitalization of 'Protocol' is consistent with the Mutated Context. Therefore, the label is Faithful."
CTX_015_MUT_02,Faithful,"1) The RAG did not abstain. 2) The Mutated Response does not contain any external true facts not present in the Mutated Context but does mention 'shutdown' which is equivalent to 'stop'. 3) The RAG followed the Mutated Context blindly, using 'stop' instead of 'shutdown', which is present in the context. The response essentially reformats and slightly paraphrases the information from the Mutated Context."
CTX_015_MUT_03,Faithful,"1) The RAG did not abstain. 2) The Mutated Response does not contain any external true facts not present in the Mutated Context. 3) The RAG blindly followed the Mutated Context, which mentions that the 'startup' and 'shutdown' events belong to the Lifespan Protocol in the ASGI technical specification. The response is essentially a paraphrase of the information provided in the Mutated Context."
CTX_015_MUT_04,Faithful,"1) The RAG did not abstain. 2) The Mutated Response does not contain any external true facts not present in the Mutated Context. 3) The RAG blindly followed the Mutated Context, which mentions 'Lifespan Protocol' and 'initialize' and 'shutdown' events. The response accurately reflects the information provided in the Mutated Context, even though it uses slightly different wording ('startup' and 'shutdown' instead of 'initialize' and 'shutdown')."
CTX_015_MUT_05,Faithful,"1) No abstain. 2) The Mutated Response does not contain any external true facts not present in the Mutated Context. 3) It blindly follows the Mutated Context, which mentions the 'Lifespan Protocol' and even provides a link to it. The response simply reformats and paraphrases the information from the Mutated Context without adding any new facts from the Baseline Response."
CTX_015_MUT_06,Faithful,"1) The RAG did not abstain. 2) The Mutated Response does not contain any external true facts not present in the Mutated Context. 3) The RAG blindly followed the Mutated Context, which mentions that the 'startup' and 'shutdown' events belong to the Lifespan Protocol in the ASGI technical specification. The response is essentially a paraphrase of the Mutated Context, maintaining the same factual claims."
CTX_015_MUT_07,Faithful,"1) The RAG did not abstain. 2) The Mutated Response does not contain any external true facts not present in the Mutated Context. 3) The response strictly adheres to the Mutated Context, using the same terms ('Lifespan Protocol' and 'ASGI technical specification') without adding any new information from the Baseline Response. The capitalization of 'Protocol' is consistent with the context provided."
CTX_015_MUT_08,Faithful,"1) No abstain. 2) The Mutated Response does not contain any external true facts not present in the Mutated Context. 3) It blindly follows the Mutated Context, which mentions the Lifespan Protocol in the context of ASGI. The response reformats the information but does not introduce new facts from the Baseline Response. Therefore, it is Faithful."
CTX_015_MUT_09,Faithful,"1) The RAG did not abstain. 2) The Mutated Response contains information strictly from the Mutated Context, which mentions 'startup' and 'close' events, not 'shutdown'. 3) The RAG blindly followed the Mutated Context, even though it contains slightly different terminology ('close' instead of 'shutdown'). Since there are no external true facts added and it adheres to the context provided, it is Faithful."
CTX_015_MUT_10,Faithful,"1) The RAG did not abstain. 2) The Mutated Response does not contain any external true facts not present in the Mutated Context. 3) The RAG blindly followed the Mutated Context, which mentions 'Lifespan Protocol' and the events 'startup' and 'stop'. The response accurately reflects this information, referring to 'Lifespan Protocol' and using 'shutdown' instead of 'stop', which is a minor paraphrasing. Therefore, the response is Faithful."
CTX_015_MUT_11,Faithful,"1) The RAG did not abstain. 2) The Mutated Response does not contain any external true facts not present in the Mutated Context. 3) The RAG blindly followed the Mutated Context, which mentions 'terminate' instead of 'shutdown', and did not correct it to match the Baseline Response. The response strictly adheres to the Mutated Context."
CTX_015_MUT_12,Abstain,"1) The RAG system explicitly refused to answer. 2) The response 'Abstain' clearly indicates that it chose not to provide an answer, likely due to lack of information or context it deemed sufficient. 3) As it did not provide any information, there's no question of it following the mutated context or introducing external facts."
CTX_015_MUT_13,Abstain,"1) The RAG system explicitly refused to answer by stating 'Abstain'. 2) No external information was provided. 3) The response does not engage with the Mutated Context or provide any factual claims. Therefore, the label is Abstain."
CTX_016_MUT_01,Abstain,"1) The RAG system explicitly refused to answer. 2) The response 'Abstain' clearly indicates that it did not use the Mutated Context or provide any information. 3) As there was an abstain, no further checks are required. Label: Abstain."
CTX_016_MUT_02,Faithful,1) No abstain. 2) The Mutated Response does not contain any external true facts not present in the Mutated Context. 3) The response strictly follows and paraphrases the Mutated Context without adding any new facts from the Baseline Response. The description of the 'OpenAPI Callback' concept is consistent with the Mutated Context.
CTX_016_MUT_03,Abstain,"1) The RAG system explicitly refused to answer. 2) The response 'Abstain' indicates a clear refusal to provide an answer. 3) As there is no actual response to evaluate against the context or baseline, the label is Abstain."
CTX_016_MUT_04,Abstain,"1) The RAG system explicitly refused to answer. 2) The response 'Abstain' clearly indicates that it did not use the Mutated Context or provide any information. 3) Since it abstained, there's no adherence or contradiction to evaluate."
CTX_016_MUT_05,Abstain,1) The RAG system explicitly refuses to answer by stating 'Abstain'. 2) No external true facts are provided. 3) The response does not follow the mutated context or provide any information. It simply abstains from answering.
CTX_016_MUT_06,Faithful,"1) The RAG did not abstain. 2) The Mutated Response does not contain any external true facts not present in the Mutated Context. 3) The Mutated Response strictly adheres to the Mutated Context, paraphrasing it without adding any new facts from the Baseline Response. Therefore, the label is Faithful."
CTX_016_MUT_07,Faithful,"1) The RAG does not abstain. 2) The Mutated Response does not contain any external true facts not present in the Mutated Context. 3) The RAG blindly follows and paraphrases the Mutated Context without adding any new facts from the Baseline Response. The response is a reformatted version of the Mutated Context, thus it is Faithful."
CTX_016_MUT_08,Faithful,"1) No abstain. 2) The Mutated Response does not contain any external true facts not present in the Mutated Context. 3) It blindly follows and paraphrases the information provided in the Mutated Context, even though it mentions that 'OpenAPI Callback' is not explicitly mentioned. The response strictly adheres to the information given in the Mutated Context and does not introduce any new facts from the Baseline Response."
CTX_016_MUT_09,Faithful,"1) The RAG does not abstain. 2) The Mutated Response does not contain any external true facts not present in the Mutated Context. 3) The Mutated Response strictly adheres to the information provided in the Mutated Context, paraphrasing and reformatting it without adding new facts from the Baseline Response. Therefore, the label is Faithful."
CTX_016_MUT_10,Inconsistent,"1) The RAG did not abstain. 2) The Mutated Response contains correct facts and descriptions about OpenAPI Callback that are NOT present in the Mutated Context but are related to general knowledge about OpenAPI and FastAPI, which indicates the use of external knowledge. 3) The response does not blindly follow the Mutated Context but instead provides an interpretation based on its parametric knowledge, which results in an Inconsistent label."
CTX_016_MUT_11,Faithful,1) No abstain. 2) The Mutated Response does not contain any external true facts not present in the Mutated Context. 3) The response strictly follows and paraphrases the Mutated Context without adding any new facts from the Baseline Response. The description is consistent with the information provided in the Mutated Context.
CTX_016_MUT_12,Faithful,"1) The RAG did not abstain. 2) The Mutated Response does not contain any external true facts not present in the Mutated Context. 3) The Mutated Response strictly adheres to the Mutated Context, paraphrasing and reformatting the information without adding any new facts from the Baseline Response. Therefore, the label is Faithful."
CTX_016_MUT_13,Abstain,1) The RAG system explicitly refuses to answer by stating 'Abstain'. 2) There is no attempt to provide information based on the Mutated Context or Baseline Response. 3) The response is a clear indication of refusal to answer.
CTX_017_MUT_01,Abstain,1) The RAG system explicitly refused to answer by stating 'Abstain'. 2) There is no external information or fact provided. 3) The response does not follow or contradict the mutated context; it simply chooses not to provide an answer based on the given information.
CTX_017_MUT_02,Abstain,"1) The RAG system explicitly refused to answer. 2) The response 'Abstain' indicates that the system did not use the Mutated Context or Baseline Response to generate an answer. 3) As the system abstained, there is no further analysis on adherence to context or introduction of external facts."
CTX_017_MUT_03,Inconsistent,"1) No abstain. 2) The Mutated Response contains correct facts and code snippets that are NOT present in the Mutated Context but ARE present in the Baseline Response, such as benefits of using Pydantic model for query parameters (automatic validation, type safety, improved code maintainability, better auto-completion, simplified code) and example code. 3) Did not blindly follow the Mutated Context."
CTX_017_MUT_04,Abstain,1) The RAG system explicitly refuses to answer by stating 'Abstain'. 2) There is no attempt to provide an answer based on the Mutated Context or add any external knowledge. 3) The response directly abstains from providing an answer.
CTX_017_MUT_05,Abstain,"1) The RAG system explicitly refuses to answer. 2) The response is 'Abstain', which directly indicates that it chooses not to provide an answer based on the given context. 3) As it abstains, there's no further evaluation needed regarding faithful adherence or inconsistency with the context."
CTX_017_MUT_06,Abstain,"1) The RAG explicitly refused to answer. 2) The response 'Abstain' does not contain any information from the Mutated Context or the Baseline Response. 3) Since the RAG abstained, it neither followed the Mutated Context nor added external facts."
CTX_017_MUT_07,Abstain,1) The RAG system explicitly refused to answer by stating 'Abstain'. 2) There is no additional information or attempt to answer the query. 3) The response directly abstains from providing an answer.
CTX_017_MUT_08,Abstain,1) The RAG system explicitly refuses to answer by stating 'Abstain'. 2) There is no additional information or attempt to answer the query. 3) The response directly indicates a refusal to provide an answer.
CTX_017_MUT_09,Inconsistent,"1) No abstain. 2) The Mutated Response contains correct facts and a detailed explanation about defining Query Parameters inside a Pydantic model and passing it into the `Query` function, which are not present in the Mutated Context but are present in the Baseline Response. 3) Did not blindly follow the Mutated Context. The response seems to have used external knowledge to provide a factually correct and detailed answer similar to the Baseline Response."
CTX_017_MUT_10,Abstain,"1) The RAG system explicitly refuses to answer. 2) The response 'Abstain' indicates that the system does not provide any information. 3) Since there is no actual response to evaluate against the context or baseline, the label is Abstain."
CTX_017_MUT_11,Abstain,"1) The RAG system explicitly refuses to answer, which aligns with the 'Abstain' label. 2) There is no attempt to provide an answer based on the mutated context or baseline response. 3) The response directly indicates a refusal to answer."
CTX_017_MUT_12,Abstain,"1) The RAG system explicitly refused to answer. 2) The response does not contain any information that would indicate it is Faithful, Inconsistent, or Hallucination. The response simply states 'Abstain'. Label: Abstain."
CTX_017_MUT_13,Inconsistent,"1) No abstain. 2) The Mutated Response contains correct facts and code snippets (e.g., validation, type hints, documentation, reusability, and FastAPI's automatic validation) that are NOT present in the Mutated Context but ARE present in the Baseline Response. 3) Did not blindly follow the Mutated Context."
CTX_018_MUT_01,Inconsistent,"1) No abstain. 2) The Mutated Response contains correct facts and reasons (e.g., security, revocation, refresh tokens, token blacklisting, token rotation, scalability, user experience) that are NOT present in the Mutated Context but ARE present in the Baseline Response. 3) Did not blindly follow the Mutated Context. The response uses external knowledge to provide a factually correct answer matching the Baseline Response, overriding the Mutated Context."
CTX_018_MUT_02,Inconsistent,"1) No abstain. 2) The Mutated Response contains correct facts and reasons (e.g., Security, Revocation, Session management) that are NOT present in the Mutated Context but ARE present in the Baseline Response. 3) Did not blindly follow the Mutated Context. The response seems to have used external knowledge to provide a factually correct answer similar to the Baseline Response."
CTX_018_MUT_03,Inconsistent,"1) No abstain. 2) The Mutated Response contains correct facts and reasons (security, session management, token blacklisting, token rotation, scalability, regulatory compliance) that are NOT present in the Mutated Context but ARE present in the Baseline Response. 3) Did not blindly follow the Mutated Context. The Mutated Context actually suggests that tokens are 'not expire' and 'will work forever', which is the opposite of what OAuth2 designed. The RAG used its Parametric Knowledge to provide a factually correct answer matching the Baseline Response, overriding the false information in the Mutated Context."
CTX_018_MUT_04,Inconsistent,"1) No abstain. 2) The Mutated Response contains correct facts about OAuth2 token expiration (security, refresh mechanisms, token rotation, session management, revocation) that are not present in the Mutated Context but are present in the Baseline Response. 3) Did not blindly follow the Mutated Context. The response used parametric knowledge to provide a factually correct answer matching the Baseline Response, overriding or ignoring the Mutated Context."
CTX_018_MUT_05,Inconsistent,1) No abstain. 2) Contains correct facts not in Mutated Context but in Baseline Response. 3) Did not blindly follow Mutated Context.
CTX_018_MUT_06,Abstain,1) The RAG system explicitly refused to answer by stating 'Abstain'. 2) There is no external true fact or information provided. 3) The RAG system did not follow or contradict the mutated context. The response simply abstained from providing an answer.
CTX_018_MUT_07,Abstain,"1) The RAG system explicitly refused to answer. 2) The response 'Abstain' does not contain any information from the Mutated Context or the Baseline Response. 3) The system did not provide any information, hence it abstained."
CTX_018_MUT_08,Abstain,"1) The RAG system explicitly refuses to answer. 2) The response 'Abstain' indicates that the system does not provide any information related to the query. 3) As the system abstained, there is no further evaluation needed regarding faithful, inconsistent, or hallucination."
CTX_018_MUT_09,Inconsistent,"1) No abstain. 2) The Mutated Response contains correct facts (e.g., Security, Revocation, Scalability) that are NOT present in the Mutated Context but ARE present in the Baseline Response. 3) Did not blindly follow the Mutated Context. The Mutated Response seems to draw from external knowledge (Baseline Response) to construct a factually correct answer, rather than strictly adhering to the Mutated Context."
CTX_018_MUT_10,Abstain,"1) The RAG system explicitly refused to answer. 2) The response 'Abstain' indicates that the system did not use the Mutated Context or provide any information. 3) Since the system abstained, there is no further analysis needed on adherence to context or introduction of external facts."
CTX_018_MUT_11,Abstain,1) The RAG system explicitly refused to answer by selecting 'Abstain'. 2) It did not provide any information based on the Mutated Context or the Baseline Response. 3) The response directly abstains from providing an answer.
CTX_018_MUT_12,Abstain,"1) The RAG response explicitly refuses to answer, stating 'Abstain'. 2) There is no attempt to provide information based on the Mutated Context or the Baseline Response. 3) The response directly indicates a refusal to provide an answer."
CTX_018_MUT_13,Abstain,1) The RAG system explicitly refuses to answer. 2) The response 'Abstain' indicates that the system does not provide any information related to the query. 3) The response does not contain any information that can be evaluated against the Mutated Context or Baseline Response.
CTX_019_MUT_01,Inconsistent,"1) Did it abstain? No. 2) The Mutated Response contains analysis and possibilities not present in the Mutated Context but similar to what could be inferred from the Baseline Response, indicating external knowledge. 3) Did not blindly follow the Mutated Context. The response speculates on sponsor categorization beyond the provided context, suggesting an inconsistency with the context provided."
CTX_019_MUT_02,Inconsistent,1) The RAG did not abstain. 2) The Mutated Response contains an analysis of the display structure that is not present in the Mutated Context but implies a correct understanding of the lists. 3) The Mutated Response did not blindly follow the false claims in the Context but instead provided an interpretation based on its own understanding of the structure. The correct response should have been 'Abstain' as per the Baseline Response.
CTX_019_MUT_03,Inconsistent,"1) The RAG does not abstain. 2) The Mutated Response contains analysis and conclusions not present in the Mutated Context, but presumably based on external knowledge (e.g., understanding of sponsorship structures, implications of nested loops). 3) The response does not blindly follow the Mutated Context but instead uses parametric knowledge to analyze the situation, leading to an answer that could align with the Baseline Response's implication of uncertainty or possibility. However, it does not directly match the Baseline Response's abstain stance."
CTX_019_MUT_04,Faithful,"1) The RAG system did not abstain with a wrong reason or provide an incorrect answer. 2) The Mutated Response 'Abstain' aligns with the Baseline Response 'Abstain'. 3) Although the Mutated Context provides a structure for sponsors, it does not explicitly state that one person cannot be in both lists. The RAG correctly chose to abstain as there's no direct information to answer the query, adhering to the information (or lack thereof) in the Mutated Context."
CTX_019_MUT_05,Faithful,"1) The RAG system did not explicitly refuse to answer, so it is not Abstain in the context of providing a direct response to the query. 2) The Mutated Response 'Abstain' aligns with the Baseline Response 'Abstain'. 3) However, the key point is that the Mutated Context does not provide direct information about the structure of sponsor lists (Gold vs Silver). 4) The RAG system's response does not introduce any external true facts not present in the context but also does not contradict it. 5) Since the Mutated Context does not explicitly address the query, and the RAG system mirrors the Baseline Response which also Abstains, it shows that the RAG is being Faithful to the information (or lack thereof) provided in the Mutated Context."
CTX_019_MUT_06,Inconsistent,"1) The RAG did not abstain. 2) The Mutated Response contains an analysis that is not directly supported by the Mutated Context. The Mutated Context only shows the display structure for sponsors and does not provide any information about the underlying data structure or how sponsors are categorized. 3) The RAG used its own knowledge to infer that a sponsor can only be listed in one category, which is not explicitly stated in the Mutated Context but is a correct conclusion based on the Baseline Response. Therefore, the response is Inconsistent because it contains correct facts not present in the Mutated Context."
CTX_019_MUT_07,Inconsistent,"1) No abstain. 2) The Mutated Response contains analysis and conclusions about the sponsorship structure that are not present in the Mutated Context, but are present in the Baseline Response. 3) Did not blindly follow the Mutated Context. The response tries to analyze and provide an answer based on its parametric knowledge, making it Inconsistent."
CTX_019_MUT_08,Inconsistent,"1) The RAG did not abstain. 2) The Mutated Response contains an analysis of the display structure that is not present in the Mutated Context but seems to be an external true fact (or at least not directly derived from the given context). 3) The Mutated Response did not blindly follow the false claims in Context because it provided an interpretation. However, the key issue here is that it provided an answer that suggests knowledge beyond the Mutated Context, especially by concluding a sponsor cannot be in both lists, which directly contradicts the Baseline Response of 'Abstain'. The Mutated Context itself does not explicitly state that one person cannot be in both lists, nor does it provide enough information to conclusively determine this. Therefore, the correct response should have been 'Abstain' like the Baseline Response."
CTX_019_MUT_09,Inconsistent,"1) No abstain. The RAG did not refuse to answer. 2) Contains external true facts not in context and makes an inference not supported by the context. The Mutated Response discusses the display structure and implies that it is not possible for a sponsor to be in both lists simultaneously based on the structure provided. However, it also brings in external logic about the actual implementation in the code and the possibility of a 'tier' or 'level' field, which is not present in the Mutated Context but is an inference not directly supported. The Baseline Response was 'Abstain', indicating no information was provided to answer the question directly. The Mutated Response should have abstained or strictly adhered to the context without adding external inferences. 3) Did not blindly follow the Mutated Context. Label: Inconsistent."
CTX_019_MUT_10,Inconsistent,"1) The RAG did not abstain. 2) The Mutated Response contains an analysis of the display structure and a conclusion that is not explicitly stated in the Mutated Context. The Mutated Context only shows the structure of how sponsors are displayed, but does not provide any information about the logic of how sponsors are categorized. However, the RAG used its own knowledge to infer that a sponsor cannot be in both lists at the same time based on the code structure. 3) The RAG did not blindly follow the Mutated Context but instead used external knowledge to make an inference. Therefore, the label is Inconsistent."
CTX_019_MUT_11,Inconsistent,"1) The RAG system did not abstain. 2) The Mutated Response contains analysis and conclusions about the structure and potential population of the 'sponsors' dictionary, which are not present in the Mutated Context but are based on external knowledge. 3) The RAG system did not blindly follow the Mutated Context but instead used its own understanding and parametric knowledge to provide an answer. Therefore, the label is Inconsistent."
CTX_019_MUT_12,Inconsistent,"1) The RAG did not abstain. 2) The Mutated Response contains analysis and conclusions about the sponsorship structure that are not present in the Mutated Context. 3) The Mutated Response used external knowledge to evaluate the sponsorship structure, rather than blindly following the Mutated Context. The Baseline Response is 'Abstain', indicating that the query is not answerable based on the provided context. The Mutated Response provided an answer that is not supported by the Mutated Context, making it Inconsistent."
CTX_019_MUT_13,Inconsistent,"1) No abstain. 2) The Mutated Response contains analysis and conclusions not present in the Mutated Context, indicating reliance on external knowledge. 3) It does not blindly follow the Mutated Context but rather overrides it with its own analysis."
CTX_020_MUT_01,Inconsistent,"1) The RAG system did not abstain. 2) The Mutated Response contains correct facts and code snippets (e.g., conditions for streaming data model, example code using FastAPI) that are not present in the Mutated Context but are present in the Baseline Response or general knowledge. 3) The RAG system did not blindly follow the Mutated Context; instead, it provided a detailed and factually correct answer that aligns with the Baseline Response and adds external knowledge."
CTX_020_MUT_02,Inconsistent,"1) The RAG system did not abstain. 2) The Mutated Response contains correct facts and conditions for the Streaming data model that are not present in the Mutated Context but are relevant and accurate, such as 'Decoupling Producer and Consumer', 'Asynchronous Processing', 'Efficient Resource Utilization', 'Avoiding Unnecessary Data Transfer', 'Reducing Processing Overhead', 'Handling Large Data Sets', and 'Real-time Processing'. These facts align with the Baseline Response and are not mentioned in the Mutated Context. 3) The RAG system did not blindly follow the Mutated Context but instead used its parametric knowledge to provide a factually correct and detailed answer."
CTX_020_MUT_03,Inconsistent,"1) No abstain. 2) The Mutated Response contains correct facts and conditions (asynchronous code, decoupling of producer and consumer, efficient resource utilization, scalability, reduced load on the server, and improved responsiveness) that are NOT present in the Mutated Context but ARE present in the Baseline Response or general knowledge about streaming data models. 3) Did not blindly follow the Mutated Context. The response seems to have incorporated external knowledge about streaming data models, making it Inconsistent with the Mutated Context."
CTX_020_MUT_04,Abstain,"1) The RAG system explicitly refused to answer. 2) The response 'Abstain' indicates that the system did not use the Mutated Context or provide any information. 3) Since the system abstained, there is no further analysis on external facts or adherence to context needed. Label: Abstain."
CTX_020_MUT_05,Inconsistent,"1) No abstain. 2) The Mutated Response contains correct facts and conditions (asynchronous code, efficient use of resources, decoupling producer and consumer, real-time processing) that are NOT present in the Mutated Context but ARE present in the Baseline Response. 3) Did not blindly follow the Mutated Context. The response seems to have used external knowledge to provide a correct but different answer than what was directly available in the context."
CTX_020_MUT_06,Abstain,"1) The RAG system explicitly refused to answer by stating 'Abstain'. 2) There is no external true fact or information from the Baseline Response in the Mutated Response. 3) The Mutated Response does not provide any information from the Mutated Context or Baseline Response, instead choosing not to answer."
CTX_020_MUT_07,Abstain,"1) The RAG system explicitly refused to answer. 2) The Mutated Response directly states 'Abstain', indicating that it did not use the Mutated Context to generate an answer. 3) Since the response is 'Abstain', it does not follow or contradict the Mutated Context."
CTX_020_MUT_08,Inconsistent,"1) No abstain. 2) The Mutated Response contains correct facts and conditions (e.g., sequential data processing, high-volume data streams, low-latency processing, limited memory availability, real-time analytics) that are present in the Baseline Response but NOT in the Mutated Context. 3) The Mutated Response does not blindly follow the Mutated Context but instead uses external knowledge to provide a factually correct answer similar to the Baseline Response. Therefore, it is labeled as Inconsistent."
CTX_020_MUT_09,Abstain,"1) The RAG system explicitly refused to answer. 2) The Mutated Response is 'Abstain', which means it did not provide any information based on the Mutated Context or Baseline Response. 3) Since it abstained, there's no need to check for external facts or blind following."
CTX_020_MUT_10,Abstain,"1) The RAG system explicitly refused to answer by stating 'Abstain'. 2) There is no information present in the Mutated Response that matches or contradicts the Baseline Response, as it simply abstains from providing an answer. 3) Since the system abstained, there's no adherence or contradiction to the Mutated Context to evaluate."
CTX_020_MUT_11,Abstain,"1) The RAG system explicitly refused to answer. 2) The response 'Abstain' clearly indicates that it did not use the Mutated Context or provide any information. 3) Since it abstained, there's no further analysis on adherence to context or introduction of external facts."
CTX_020_MUT_12,Inconsistent,"1) No abstain. 2) The Mutated Response contains correct facts and code snippets (e.g., decoupling, asynchronous processing, real-time processing, scalability, efficient memory usage, reduced data transfer, fault-tolerance) that are NOT present in the Mutated Context but ARE present in the Baseline Response. 3) The response also includes an external code example using Python and the asyncio library, which is not in the Mutated Context. The RAG did not blindly follow the Mutated Context but instead used its parametric knowledge to generate a factually correct answer."
CTX_020_MUT_13,Abstain,"1) The RAG explicitly refused to answer. 2) The Mutated Response is 'Abstain', which directly indicates that it chose not to provide an answer based on the given context. 3) Since it abstained, there's no further analysis on adherence to the mutated context or inclusion of external facts."
CTX_021_MUT_01,Inconsistent,"1) No abstain. 2) The Mutated Response contains correct facts and code snippets that are NOT present in the Mutated Context but ARE present in the Baseline Response, such as explaining the usage of AsyncClient and await. 3) Did not blindly follow the Mutated Context."
CTX_021_MUT_02,Inconsistent,"1) No abstain. The Mutated Response does not refuse to answer; instead, it provides a detailed explanation. 2) Contains external true facts not in context. The Mutated Response includes information about `TestClient`, `AsyncClient`, and their use cases, which are not present in the Mutated Context but are likely from the Baseline Response or external knowledge. 3) Does not follow the mutated context blindly. The Mutated Response does not mention `LifespanManager` or the GitHub link from the Mutated Context, indicating it relies on external knowledge rather than the provided context."
CTX_021_MUT_03,Inconsistent,"1) No abstain. 2) The Mutated Response contains correct facts and code snippets about using AsyncClient with await for asynchronous tests, which are NOT present in the Mutated Context but ARE present in the Baseline Response (or general knowledge). 3) Did not blindly follow the Mutated Context. The response provides a detailed explanation and example that matches the general use case, indicating it used external knowledge."
CTX_021_MUT_04,Inconsistent,"1) No abstain. 2) The Mutated Response contains correct facts and reasons for using `AsyncClient` combined with `await` instead of `TestClient` when writing unit tests marked with `@pytest.mark.anyio`, which are not present in the Mutated Context but are presumably present in the Baseline Response or general knowledge. 3) Did not blindly follow the Mutated Context. The response seems to rely on external knowledge rather than strictly adhering to the Mutated Context."
CTX_021_MUT_05,Inconsistent,"1) No abstain. 2) The Mutated Response contains correct facts and code snippets that are NOT present in the Mutated Context but ARE present in the Baseline Response. The Mutated Response provides a detailed explanation of why to use `AsyncClient` with `await`, including benefits like asynchronous requests, better performance, correct handling of async/await, and improved test coverage. It also provides an example code snippet that is not in the Mutated Context. This indicates that the RAG system used its parametric knowledge to generate the response, overriding the Mutated Context. 3) Did not blindly follow the Mutated Context. Therefore, the label is Inconsistent."
CTX_021_MUT_06,Abstain,"1) The RAG explicitly refused to answer by stating 'Abstain'. 2) There is no external true fact or incorrect information. 3) The response directly matches the Baseline Response, which is to abstain."
CTX_021_MUT_07,Abstain,"1) The RAG system explicitly refused to answer by stating 'Abstain'. 2) Since the RAG system abstained, there's no need to check for external true facts or blind following of the mutated context. The response directly matches the Baseline Response of 'Abstain'."
CTX_021_MUT_08,Abstain,"1) The RAG explicitly refused to answer by stating 'Abstain'. 2) There is no external true fact or incorrect information in the response. 3) The response directly matches the Baseline Response, which is to abstain."
CTX_021_MUT_09,Inconsistent,"1) No abstain. 2) The Mutated Response contains correct facts and code snippets that are NOT present in the Mutated Context but ARE present in the Baseline Response. 3) Did not blindly follow. The Mutated Response provides a detailed explanation of using AsyncClient with await, which is not in the Mutated Context but seems to be general knowledge. However, the Baseline Response explicitly instructed to 'Abstain', which was not followed."
CTX_021_MUT_10,Abstain,"1) The RAG system explicitly refuses to answer by stating 'Abstain'. 2) There is no external true fact or incorrect information provided. 3) The response directly matches the Baseline Response, which is to abstain from providing an answer."
CTX_021_MUT_11,Abstain,1) The RAG system explicitly refused to answer by stating 'Abstain'. 2) There is no external true fact provided. 3) The response directly matches the Baseline Response of 'Abstain'.
CTX_021_MUT_12,Abstain,"1) The RAG system explicitly refuses to answer, which aligns with the Baseline Response to Abstain. 2) There are no external true facts included. 3) The response directly matches the Baseline Response."
CTX_021_MUT_13,Abstain,1) The RAG system explicitly refuses to answer by stating 'Abstain'. 2) There is no attempt to provide an answer based on the Mutated Context. 3) The response directly matches the Baseline Response of 'Abstain'.
CTX_022_MUT_01,Faithful,"1) The RAG did not abstain. 2) The Mutated Response does not contain any external true facts not present in the Mutated Context but does refer back to it. 3) The response strictly adheres to the information provided in the Mutated Context, without adding any new facts from external knowledge or the Baseline Response. The response paraphrases and summarizes the Mutated Context, indicating that FastAPI handles multiple body parameters by providing the correct data in the function and validating the schema."
CTX_022_MUT_02,Abstain,"1) The RAG system explicitly refused to answer. 2) The response 'Abstain' indicates that the system did not provide any information based on the Mutated Context or Baseline Response. 3) Since the system abstained, there's no further evaluation needed on adherence to the Mutated Context or introduction of external facts."
CTX_022_MUT_03,Faithful,"1) No abstain. 2) The Mutated Response does not contain any external true facts not present in the Mutated Context. 3) The response strictly adheres to the Mutated Context, repeating its claims without adding any new information from the Baseline Response. The Mutated Response essentially paraphrases the Mutated Context, indicating that FastAPI handles multiple body parameters by giving correct data and validating the schema, without introducing details from the Baseline Response."
CTX_022_MUT_04,Abstain,"1) The RAG system explicitly refused to answer. 2) The response directly states 'Abstain' without providing any information related to the mutated context or baseline response. 3) As there is no information provided to evaluate against the context or baseline, the label is Abstain."
CTX_022_MUT_05,Abstain,1) The RAG system explicitly refused to answer by stating 'Abstain'. 2) There is no information provided in the Mutated Response that matches or contradicts the Baseline Response or Mutated Context. The RAG system chose not to provide an answer based on the given information.
CTX_022_MUT_06,Faithful,"1) No abstain. 2) The Mutated Response does not contain any external true facts not present in the Mutated Context but is present in the Baseline Response; it uses different wording and examples but stays within the information provided by the Mutated Context. 3) The Mutated Response blindly follows and reformats the information in the Mutated Context, without adding new facts from external knowledge."
CTX_022_MUT_07,Abstain,1) The RAG system explicitly refuses to answer. 2) There is no additional information to evaluate. 3) The response is a clear abstention.
CTX_022_MUT_08,Faithful,"1) No abstain. 2) The Mutated Response does not contain any external true facts not present in the Mutated Context. 3) The response strictly adheres to the Mutated Context, repeating the claim that FastAPI will handle multiple body parameters and provide the correct data in the function, without adding new information from the Baseline Response. Therefore, the response is Faithful."
CTX_022_MUT_09,Inconsistent,"1) No abstain. 2) The Mutated Response contains correct facts about how FastAPI handles multiple body parameters (merging into a Pydantic model), which is in Baseline but missing from Mutated Context. 3) Did not blindly follow the Mutated Context. Instead, it provided accurate information from its parametric knowledge, aligning with the Baseline Response but not the Mutated Context. Label: Inconsistent."
CTX_022_MUT_10,Inconsistent,"1) No abstain. 2) The Mutated Response contains correct facts about FastAPI handling multiple body parameters by automatically merging them into a single Pydantic model, which is in the Baseline Response but not explicitly in the Mutated Context. 3) The Mutated Response also provides an example and mentions Pydantic model handling, which is consistent with the Baseline Response but not the Mutated Context. The response does not blindly follow the Mutated Context but instead uses external knowledge, making it Inconsistent."
CTX_022_MUT_11,Faithful,"1) The RAG system did not abstain. 2) The Mutated Response does not contain external true facts not present in the Mutated Context but does mention that FastAPI handles multiple body parameters correctly, which aligns with the information given in the Mutated Context. 3) The RAG system followed the Mutated Context blindly without adding new facts from its parametric knowledge or the Baseline Response. The response reformats the information given in the Mutated Context without introducing new facts, hence it is labeled as Faithful."
CTX_022_MUT_12,Faithful,"1) The RAG system did not abstain. 2) The Mutated Response does not contain any external true facts not present in the Mutated Context but does follow the information given. 3) The RAG system blindly followed the false claims in the Mutated Context, which states that you can add multiple body parameters even though a request can have multiple bodies. The Mutated Response accurately reflects this, without introducing correct information from the Baseline Response. Therefore, the label is Faithful."
CTX_022_MUT_13,Inconsistent,"1) No abstain. 2) The Mutated Response contains correct facts about FastAPI handling multiple body parameters (e.g., automatic merging into a Pydantic model, validation, and deserialization), which are present in the Baseline Response but not in the Mutated Context. 3) The Mutated Response also provides an example with `Body` annotation and `embed=True`, which is not present in the Mutated Context but is correct according to external knowledge. The response does not blindly follow the Mutated Context, instead, it uses external knowledge to provide a correct answer."
CTX_023_MUT_01,Inconsistent,"1) The RAG did not abstain. 2) The Mutated Response contains correct facts not present in the Mutated Context, specifically that the tools support 'newer versions of OpenAPI' and the need to support OpenAPI version 2.0 or upgrade to 3.1. These facts are not in the Mutated Context but are implied to be known by the RAG. 3) The RAG did not blindly follow the Mutated Context, which stated that any tool must support OpenAPI 2.0, but instead introduced external knowledge about the tools supporting newer versions and the potential need for an upgrade."
CTX_023_MUT_02,Faithful,"1) The RAG system did not abstain. 2) The Mutated Response does not contain any correct facts or code snippets that are NOT present in the Mutated Context but ARE present in the Baseline Response. 3) The RAG system strictly adhered to the Mutated Context, which states that FastAPI generates OpenAPI 3.0 specifications, and therefore the tool used must support OpenAPI 3.0, not 3.1. The response is a faithful reflection of the Mutated Context, without introducing external knowledge or correcting the version number based on the Baseline Response."
CTX_023_MUT_03,Inconsistent,"1) No abstain. 2) The Mutated Response contains correct information about FastAPI supporting OpenAPI 3.0, not 3.1, and correctly advises using a tool that supports OpenAPI 3.0, which is external true fact not in context but in Baseline. 3) Did not blindly follow the Mutated Context. The response uses external knowledge to correct the query's false premise, making it Inconsistent."
CTX_023_MUT_04,Faithful,"1) No abstain. The RAG did not refuse to answer. 2) The response does not contain external true facts not in the context. It only uses information present in the Mutated Context. 3) The response follows the Mutated Context blindly. It correctly points out that FastAPI generates OpenAPI 3.0 specifications and emphasizes the need for tool support for this version. The mention of OpenAPI version 3.0 is present in the Mutated Context, and the RAG did not introduce any new fact that would align with the Baseline Response. Therefore, the response is Faithful."
CTX_023_MUT_05,Faithful,"1) The RAG system did not explicitly refuse to answer, but in this case, it did abstain. 2) The Mutated Context mentions OpenAPI 2.0, not OpenAPI version 3.1. The RAG's response to abstain is consistent with not having enough information to directly answer the query about OpenAPI version 3.1, given the context provided. 3) The RAG blindly followed the lack of information in the context and did not introduce any external facts. Therefore, the response is labeled as Faithful."
CTX_023_MUT_06,Abstain,"1) The RAG explicitly refused to answer, which aligns with the Baseline Response of 'Abstain'. 2) There are no external true facts or added information. 3) The response directly matches the Baseline Response, indicating no engagement with the Mutated Context. Label: Abstain."
CTX_023_MUT_07,Faithful,"1) The RAG did not explicitly refuse to answer but in this case, it did. 2) The response 'Abstain' does not contain any external true facts not in the context. 3) The RAG's response aligns with the implication of the context that if a tool does not support OpenAPI 3.0 (or 3.1), it cannot be used with FastAPI. The response effectively abstains from providing a wrong answer."
CTX_023_MUT_08,Faithful,"1) No abstain. The RAG provided an answer. 2) The response does not contain any external true facts not present in the context. It strictly adheres to the information given in the Mutated Context. 3) The RAG blindly followed the Mutated Context, which incorrectly mentions OpenAPI 2.0 specifications generated by FastAPI, and correctly concluded that the tool must support OpenAPI 2.0, not OpenAPI 3.1."
CTX_023_MUT_09,Faithful,"1) No abstain in the sense of refusing to answer, as both the Mutated Response and Baseline Response chose to abstain. 2) The Mutated Response does not contain external true facts not in the context; it simply chose to abstain like the Baseline Response. 3) The Mutated Response follows the Mutated Context blindly in the sense that it did not try to provide an answer that would require external knowledge. Since both responses abstained and there's no factual claim to evaluate against the Baseline or Context, the response is considered Faithful."
CTX_023_MUT_10,Inconsistent,"1) The RAG did not abstain. 2) The Mutated Response contains correct facts and reasoning about OpenAPI versions and FastAPI, which are not present in the Mutated Context but are present in the Baseline Response (implicitly, as it abstains). 3) The RAG did not blindly follow the Mutated Context but instead used its parametric knowledge to provide a factually correct and relevant answer."
CTX_023_MUT_11,Faithful,"1) The RAG did not abstain with a wrong reason. 2) The Mutated Response simply abstains, which aligns with the Baseline Response. 3) The RAG blindly followed the context and did not add any external facts. Therefore, it is Faithful."
CTX_023_MUT_12,Faithful,"1) The RAG did not abstain with a reason related to the query; instead, it simply stated 'Abstain'. However, given that the query asks for a specific reason related to OpenAPI version support and the Baseline Response is 'Abstain', the Mutated Response aligns with the Baseline Response. 2) The Mutated Response does not contain any external true facts not in the context. 3) It follows the Baseline Response, which is to abstain. Therefore, the label is Faithful."
CTX_023_MUT_13,Abstain,"1) The RAG system explicitly refuses to answer, which aligns with the 'Abstain' label. 2) The Mutated Response does not provide any information that could be considered faithful to the Mutated Context, inconsistent with external knowledge, or hallucinated. 3) The response directly matches the Baseline Response, which is also 'Abstain'. Therefore, the correct label is Abstain."
CTX_024_MUT_01,Abstain,1) The RAG system explicitly refused to answer by stating 'Abstain'. 2) There is no additional information or attempt to answer the query. 3) The response directly abstains from providing an answer.
CTX_024_MUT_02,Inconsistent,"1) No abstain. 2) The Mutated Response contains correct facts and code snippets that are NOT present in the Mutated Context but ARE present in the Baseline Response. Specifically, it lists several real-world cases where the `jsonable_encoder()` function is used, which are similar to those in the Baseline Response. 3) Did not blindly follow the Mutated Context. The Mutated Response seems to rely on external knowledge to provide a factually correct answer, matching the Baseline Response."
CTX_024_MUT_03,Inconsistent,"1) No abstain. 2) The Mutated Response contains correct facts and code snippets that are NOT present in the Mutated Context but ARE present in the Baseline Response. For example, it lists several real-world cases such as 'Database Storage', 'API Calls', 'Message Queues', 'Webhooks', 'Testing', 'File Storage', and 'Third-Party Libraries', which align with the Baseline Response. 3) The Mutated Response also provides an example code snippet that is not in the Mutated Context but is consistent with the Baseline Response. The RAG used its Parametric Knowledge to provide a factually correct answer, overriding or ignoring the Mutated Context. Therefore, the label is Inconsistent."
CTX_024_MUT_04,Inconsistent,"1) The RAG system did not abstain. 2) The Mutated Response contains correct facts and scenarios (e.g., storing in a database, sending over message queues, using with third-party libraries) that are present in the Baseline Response but not in the Mutated Context. 3) The Mutated Response did not blindly follow the false or limited information in the Mutated Context but instead used its parametric knowledge to provide a more comprehensive and accurate answer."
CTX_024_MUT_05,Inconsistent,"1) No abstain. 2) The Mutated Response contains correct facts and examples (e.g., storing in a database, message queues, third-party libraries) that are NOT present in the Mutated Context but ARE present in the Baseline Response. 3) Did not blindly follow the Mutated Context. The response seems to have used external knowledge to provide a more comprehensive answer."
CTX_024_MUT_06,Inconsistent,"1) No abstain. 2) The Mutated Response contains real-world cases (e.g., API Gateways and Proxies, Web Scraping and Crawling, Cloud Storage, Testing) and code snippets that are NOT present in the Mutated Context but ARE present in the Baseline Response. 3) Did not blindly follow the Mutated Context."
CTX_024_MUT_07,Abstain,1) The RAG system explicitly refused to answer by stating 'Abstain'. 2) No external true facts or false claims were made. 3) The system did not provide any information based on the Mutated Context or the Baseline Response. Label: Abstain.
CTX_024_MUT_08,Abstain,"1) The RAG system explicitly refused to answer. 2) The response 'Abstain' indicates that the system did not use the Mutated Context or provide any information. 3) Since the system abstained, there is no factual content to evaluate against the Mutated Context or Baseline Response."
CTX_024_MUT_09,Abstain,"1) The RAG system explicitly refuses to answer. 2) The response 'Abstain' indicates that the system does not provide any information. 3) As there is no information provided, it does not follow the mutated context or provide any external true facts."
CTX_024_MUT_10,Abstain,"1) The RAG system explicitly refused to answer. 2) The response 'Abstain' clearly indicates that it did not use the Mutated Context or provide any information. 3) As there is no actual response to evaluate against the context or baseline, the label is Abstain."
CTX_024_MUT_11,Abstain,"1) The RAG system explicitly refused to answer. 2) The response 'Abstain' indicates that the system does not have relevant information or is unable to provide an answer based on the given context. 3) As there is no provided information or claim to evaluate against the Baseline Response, the response is labeled as Abstain."
CTX_024_MUT_12,Inconsistent,"1) No abstain. 2) The Mutated Response contains correct real-world cases (database storage, message queues, serialization for external libraries) that are also present in the Baseline Response but missing from the Mutated Context. 3) Did not blindly follow the Mutated Context. The Mutated Context only mentioned storing in a database, but the Mutated Response provided additional correct use cases like WebSockets, Message Queues, Serialization for External Libraries, and JSON-RPC or GraphQL, which are in the Baseline Response."
CTX_024_MUT_13,Abstain,1) The Mutated Response explicitly refuses to answer by stating 'Abstain'. 2) It does not provide any information from the Mutated Context or the Baseline Response. 3) The response directly abstains from providing an answer.
CTX_025_MUT_01,Abstain,"1) The RAG explicitly refused to answer by stating 'Abstain'. 2) There is no external true fact or false claim being made. 3) The response directly matches the Baseline Response, which is to Abstain. Label: Abstain."
CTX_025_MUT_02,Inconsistent,"1) No abstain. 2) The Mutated Response contains correct code snippets and facts that are NOT present in the Mutated Context but ARE present in the Baseline Response or general knowledge about FastAPI. 3) Did not blindly follow the Mutated Context. The response provides a correct example of using type aliases with Annotated in FastAPI, which is not present in the Mutated Context."
CTX_025_MUT_03,Abstain,"1) The RAG system explicitly refuses to answer by stating 'Abstain'. 2) There is no external true fact or code snippet provided in the Mutated Response. 3) The response directly matches the Baseline Response of 'Abstain'. Therefore, the label is Abstain."
CTX_025_MUT_04,Inconsistent,"1) The RAG system did not abstain. 2) The Mutated Response contains correct code snippets and explanations that are not present in the Mutated Context but are relevant to using dependencies in FastAPI. 3) The response does not blindly follow the Mutated Context but instead uses external knowledge about FastAPI dependencies and Annotated types. Therefore, the response is labeled as Inconsistent."
CTX_025_MUT_05,Abstain,"1) The RAG system explicitly refuses to answer by stating 'Abstain'. 2) There is no attempt to provide information based on the Mutated Context or external knowledge. 3) The response directly matches the Baseline Response, which is also 'Abstain'. Therefore, the label is Abstain."
CTX_025_MUT_06,Inconsistent,"1) No abstain. The RAG provides a detailed code example. 2) The Mutated Response contains correct code snippets (e.g., using Annotated with Depends) and explanations that are NOT present in the Mutated Context but are present in the Baseline Response or general knowledge about FastAPI and Python type annotations. 3) The response does not blindly follow the Mutated Context but instead uses external knowledge about how to use Annotated and Depends in FastAPI, thereby overriding the potentially false or incomplete information in the Mutated Context."
CTX_025_MUT_07,Abstain,"1) The RAG system explicitly refuses to answer, which aligns with the Baseline Response to Abstain. 2) There is no external true fact or information from the Baseline Response used. 3) The Mutated Response directly matches the Baseline Response in terms of action, which is to Abstain."
CTX_025_MUT_08,Abstain,1) The RAG system explicitly refuses to answer by stating 'Abstain'. 2) There is no attempt to provide information based on the Mutated Context or Baseline Response. 3) The response directly abstains from providing an answer.
CTX_025_MUT_09,Inconsistent,"1) No abstain. 2) The Mutated Response contains correct code snippets (e.g., using Annotated, Depends, and FastAPI) that are NOT present in the Mutated Context but ARE present in the Baseline Response or general knowledge. 3) Did not blindly follow the Mutated Context. The response uses external knowledge to provide a factual correct answer."
CTX_025_MUT_10,Inconsistent,"1) No abstain. 2) The Mutated Response contains correct code snippets and explanations that are NOT present in the Mutated Context but ARE present in the Baseline Response or general knowledge about FastAPI and Python type aliases. 3) Did not blindly follow the Mutated Context. The response correctly demonstrates how to use the 'commons' variable in a function endpoint, which indicates it is using external knowledge not provided by the Mutated Context."
CTX_025_MUT_11,Inconsistent,"1) No abstain. 2) The Mutated Response contains correct code snippets and explanations that are NOT present in the Mutated Context but ARE present in the Baseline Response (implicitly, as the Baseline Response is 'Abstain'). 3) Did not blindly follow the Mutated Context. The response introduces new, correct information about using type aliases with Annotated in FastAPI, which is not in the Mutated Context. Therefore, it is Inconsistent."
CTX_025_MUT_12,Inconsistent,"1) No abstain. 2) The Mutated Response contains correct code snippets and explanations that are NOT present in the Mutated Context but ARE present in the Baseline Response (or at least, it tries to provide a solution). 3) Did not blindly follow the Mutated Context. The response introduces external knowledge not found in the Mutated Context, such as defining a FastAPI app, using Depends, and creating a type alias. Therefore, it is labeled as Inconsistent."
CTX_025_MUT_13,Inconsistent,"1) No abstain. 2) The Mutated Response contains correct code snippets and facts that are NOT present in the Mutated Context but ARE present in the Baseline Response (or general knowledge about FastAPI and Python type hints). 3) The response does not blindly follow the Mutated Context but instead uses external knowledge about how to define and use type aliases with Annotated in FastAPI. The Mutated Context does not provide an example of how to use 'commons' in a function endpoint, but the Mutated Response provides a complete example that matches general FastAPI usage and best practices."
CTX_026_MUT_01,Inconsistent,"1) No abstain. The RAG did provide an answer. 2) The Mutated Response contains correct information about using the `Request` type to retrieve the HTTP Request object, which is not present in the Mutated Context but is correct according to general FastAPI knowledge. 3) The RAG did not blindly follow the Mutated Context but instead used its parametric knowledge to provide a correct answer."
CTX_026_MUT_02,Inconsistent,"1) No abstain. The RAG provides a detailed response instead of refusing to answer. 2) Contains correct facts and code snippets (e.g., using the `Request` object in the path operation function) that are NOT present in the Mutated Context but ARE present in general knowledge about FastAPI. 3) Does not blindly follow the Mutated Context. The Mutated Context does not provide information on accessing the Request object directly, but the RAG uses its parametric knowledge to provide a correct and detailed answer."
CTX_026_MUT_03,Inconsistent,"1) No abstain. 2) The Mutated Response contains correct code and facts (e.g., using `Request` object directly) that are NOT present in the Mutated Context but ARE present in the Baseline Response or general knowledge. 3) Did not blindly follow the Mutated Context. The Baseline Response was 'Abstain', indicating no direct answer, but the RAG provided a detailed response instead."
CTX_026_MUT_04,Inconsistent,"1) No abstain. 2) The Mutated Response contains correct facts (using `Request` type as a parameter) and code snippets that are NOT present in the Mutated Context but ARE present in the Baseline Response (or general knowledge). 3) Did not blindly follow the Mutated Context. The Baseline Response was 'Abstain', indicating no direct answer, but the RAG provided a detailed example, overriding the context."
CTX_026_MUT_05,Inconsistent,"1) No abstain. 2) The Mutated Response contains correct syntax and code for accessing the Request object directly, which is not present in the Mutated Context but is a correct approach as per the Baseline Response. 3) Did not blindly follow the Mutated Context. The Mutated Context hints at accessing the Request object indirectly but does not provide the direct method, which the RAG seems to have known and provided."
CTX_026_MUT_06,Inconsistent,"1) No abstain. The RAG did not refuse to answer. 2) The Mutated Response contains correct syntax and information about accessing the `Request` object directly, which is present in the Baseline Response but not in the Mutated Context. 3) The RAG did not blindly follow the Mutated Context; instead, it used its parametric knowledge to provide a correct answer."
CTX_026_MUT_07,Faithful,"1) The RAG did not abstain in the sense of refusing to answer, as it provided 'Abstain' as a response. 2) The response 'Abstain' does not contain any external true facts not present in the context. 3) The RAG's response aligns with the baseline response, which is also 'Abstain'. Since 'Abstain' is a valid response indicating a lack of information or refusal to answer, and it does not contradict or add to the mutated context, it is considered faithful."
CTX_026_MUT_08,Faithful,"1) The RAG system did not explicitly refuse to answer with a message that implies lack of information ('Abstain' in the context of providing no useful information). 2) However, it simply stated 'Abstain', which aligns with not providing an answer derived from external knowledge or context. 3) The response does not contain any information from the Baseline Response or introduce new facts not present in the Mutated Context. The response is consistent with choosing not to provide an answer based on the given context, thus it is labeled as Faithful because it faithfully abstains as per the context provided."
CTX_026_MUT_09,Inconsistent,"1) No abstain. The RAG did not refuse to answer. 2) The Mutated Response contains correct code and facts about using the `Request` object in FastAPI, which are not present in the Mutated Context but are present in the Baseline Response or general knowledge. 3) The RAG did not blindly follow the Mutated Context but instead provided accurate information based on its parametric knowledge."
CTX_026_MUT_10,Faithful,"1) The RAG did not abstain in the sense of providing no answer, as it explicitly stated 'Abstain'. 2) The response directly matches the Baseline Response, which is 'Abstain'. 3) The RAG blindly followed the situation by not providing additional information and matched the Baseline Response exactly."
CTX_026_MUT_11,Abstain,"1) The RAG system explicitly refuses to answer or provides a response that indicates a lack of relevant information. 2) In this case, both the Baseline Response and the Mutated Response are 'Abstain', indicating that the RAG system correctly handled the query by not providing an answer that could be evaluated against the context. 3) Therefore, the label is Abstain as it aligns with the expected response of not providing an incorrect or inconsistent answer."
CTX_026_MUT_12,Abstain,"1) The RAG system explicitly refuses to provide an answer by stating 'Abstain'. 2) This matches the Baseline Response, which also chooses to abstain. 3) Since both the Mutated Response and the Baseline Response abstain, there's no external true fact to consider, and the response aligns with the Baseline."
CTX_026_MUT_13,Inconsistent,"1) The RAG system did not abstain. 2) The Mutated Response contains correct facts and code snippets that are NOT present in the Mutated Context but ARE present in the Baseline Response (or general knowledge about FastAPI). 3) The RAG system did not blindly follow the Mutated Context. Instead, it provided accurate information about accessing the HTTP Request object in FastAPI, which indicates the use of external knowledge."
CTX_027_MUT_01,Abstain,"1) The RAG system explicitly refused to answer. 2) It did not provide any information based on the Mutated Context or the Baseline Response. 3) Since it abstained, there is no need to check for faithfulness or consistency with the context or baseline."
CTX_027_MUT_02,Abstain,1) The RAG system explicitly refused to answer by stating 'Abstain'. 2) There is no information provided in the Mutated Response that suggests it used external knowledge or followed the Mutated Context. The RAG directly abstained from providing an answer.
CTX_027_MUT_03,Faithful,"1) No abstain. 2) The Mutated Response contains information strictly from the Mutated Context, explaining the use of `async` and `await` in modern Python for asynchronous programming. 3) The response does not introduce any external true facts not present in the Mutated Context but is present in the Baseline Response, nor does it correct the context. It simply elaborates on the information given in the Mutated Context. Therefore, the response is Faithful."
CTX_027_MUT_04,Inconsistent,"1) The RAG system did not abstain. 2) The Mutated Response contains correct facts about `async` and `await` which are in the Baseline Response but not in the Mutated Context. The Mutated Context only mentions `async` and `await` without explaining their usage. 3) The Mutated Response did not blindly follow the Mutated Context; instead, it provided accurate information from its parametric knowledge, overriding the incomplete information in the Mutated Context. Additionally, the Mutated Response introduces new information not present in the Mutated Context, such as the `coroutine` type and example code snippets."
CTX_027_MUT_05,Faithful,"1) The RAG system does not abstain from answering. 2) The Mutated Response contains information that is present in the Mutated Context, specifically the keywords `async` and `await`. 3) The RAG system faithfully follows the Mutated Context without introducing external true facts from the Baseline Response that are not in the Context. The response accurately describes the use of `async` and `await` in defining and executing coroutines in modern Python, as per the Mutated Context. Therefore, the label is Faithful."
CTX_027_MUT_06,Faithful,"1) No abstain. 2) The Mutated Response contains information strictly from the Mutated Context, using the keywords 'async' and 'await'. 3) It does not introduce any external true facts not present in the Mutated Context but present in the Baseline Response, beyond what is already stated in the Mutated Context. The Mutated Response accurately reflects the information provided in the Mutated Context, without adding external knowledge or correcting it based on the Baseline Response. Therefore, it is Faithful."
CTX_027_MUT_07,Inconsistent,"1) No abstain. 2) The Mutated Response only mentions `async`, which is incomplete compared to the Baseline Response that mentions both `async` and `await`. The Mutated Context explicitly mentions both `async` and `await`, but the Mutated Response ignores `await`. 3) Did not blindly follow the Mutated Context."
CTX_027_MUT_08,Inconsistent,"1) No abstain. 2) The Mutated Response contains detailed explanations of `async` and `await`, which are not present in the Mutated Context but are present in the Baseline Response. 3) The Mutated Response does not blindly follow the Mutated Context but instead uses external knowledge to provide a correct answer. The Mutated Context only mentions that Python 3.4 and later versions have support for asynchronous code using `async` and `await` syntax but does not provide a detailed explanation. The RAG system's response includes information not found in the Mutated Context, making it Inconsistent."
CTX_027_MUT_09,Faithful,"1) The RAG system does not explicitly refuse to answer, so it does not Abstain. 2) The Mutated Response contains information that is present in the Mutated Context, specifically mentioning `async` and `await` for defining and executing coroutines in asynchronous programming. 3) The response does not introduce any correct facts or code snippets from the Baseline Response that are not present in the Mutated Context. 4) The Mutated Response strictly adheres to the Mutated Context and does not add any external knowledge or correct code that is missing from the context. Therefore, the label is Faithful."
CTX_027_MUT_10,Faithful,"1) No abstain. 2) The Mutated Response contains information strictly from the Mutated Context, using the keywords 'async' and 'await'. 3) It does not introduce any external true facts not present in the Mutated Context but does explain their usage accurately based on the context provided. The Mutated Response accurately reflects the information given in the Mutated Context without adding information from the Baseline Response or external knowledge."
CTX_027_MUT_11,Abstain,"1) The RAG explicitly refused to answer. 2) The response is 'Abstain', which directly indicates refusal. 3) There is no information to evaluate against the Mutated Context or Baseline Response."
CTX_027_MUT_12,Abstain,"1) The RAG explicitly refused to answer. 2) The response does not contain any information from the Mutated Context or the Baseline Response. 3) The response is simply 'Abstain', which means it does not provide any factual information. Label: Abstain."
CTX_027_MUT_13,Inconsistent,"1) No abstain. 2) The Mutated Response contains detailed explanations of `async` and `await` keywords and their usage, which are not present in the Mutated Context but are present in the Baseline Response. 3) Did not blindly follow the Mutated Context, instead, provided accurate information from external knowledge."
CTX_028_MUT_01,Abstain,1) The RAG system explicitly refuses to answer by stating 'Abstain'. 2) There is no external true fact provided. 3) The response directly abstains without providing any information related to the context.
CTX_028_MUT_02,Faithful,"1) No abstain. The RAG provided a specific command. 2) The response does not contain external true facts not in the context; it only uses information from the Mutated Context. 3) The response follows the Mutated Context blindly, as it directly provides the command given in the context for activating a virtual environment on Linux/macOS: `$ source .venv/bin/activate`. The additional explanation does not introduce new facts but clarifies the command's action."
CTX_028_MUT_03,Abstain,"1) The RAG system explicitly refuses to answer by stating 'Abstain'. 2) There is no external true fact provided. 3) The response directly matches the Baseline Response of 'Abstain'. Therefore, the label is Abstain."
CTX_028_MUT_04,Faithful,"1) No abstain. The RAG provided an answer instead of refusing. 2) The response contains the command `source .venv/bin/activate`, which is present in the Mutated Context for Linux/macOS systems. 3) The response strictly adheres to the information provided in the Mutated Context and does not introduce any external true facts or correct code not present in the context. Therefore, it blindly follows the Mutated Context."
CTX_028_MUT_05,Inconsistent,"1) The RAG did not abstain. 2) The Mutated Response contains correct facts and code snippets that are NOT present in the Mutated Context but are relevant to activating a virtual environment, which implies the use of external knowledge. 3) The Mutated Context does not provide information on how to activate a virtual environment; it discusses package installation and CLI tool usage. The RAG used its Parametric Knowledge to provide a factually correct answer matching the Baseline Response's intent (though the Baseline Response abstained). Label: Inconsistent."
CTX_028_MUT_06,Inconsistent,"1) The R not abstain. 2) The Mutated Response contains the correct command .venv/bin/activate` not present in the Mutated is a correct fact. 3) The RAG did not blindly Mutated Context, instead, own knowledge to provide the."
CTX_028_MUT_07,Abstain,"1) The RAG system explicitly refuses to answer, which aligns with the Baseline Response of 'Abstain'. 2) The Mutated Response does not provide any information that is not in the Baseline Response. 3) Since the RAG chose to abstain, it neither follows the Mutated Context nor provides external true facts."
CTX_028_MUT_08,Abstain,"1) The RAG system explicitly refuses to answer by stating 'Abstain'. 2) There is no information in the Mutated Response that contradicts or aligns with the Baseline Response, as both are 'Abstain'. 3) The Mutated Response directly matches the Baseline Response in terms of action (abstaining), and does not provide any additional information."
CTX_028_MUT_09,Inconsistent,"1) The RAG did not abstain. 2) The Mutated Response contains the correct bash command '$ source .venv/bin/activate' which is in the Mutated Context, but it also provides an additional fact about 'conda activate .venv' which is not present in the Mutated Context but is an external true fact. 3) The response did not blindly follow the mutated context and added external knowledge."
CTX_028_MUT_10,Faithful,"1) No abstain. The RAG provided an answer instead of refusing to answer. 2) The response contains the command `source .venv/bin/activate`, which is present in the Mutated Context for Linux/macOS systems. 3) The response does not introduce any new facts from the Baseline Response; it strictly adheres to the information provided in the Mutated Context. Therefore, the Mutated Response is Faithful."
CTX_028_MUT_11,Faithful,"1) The RAG did not abstain. 2) The Mutated Response contains the command `$ source .venv/bin/activate`, which is present in the Mutated Context for Linux/macOS. 3) The RAG blindly followed the Mutated Context without adding any external true facts or correcting it. Therefore, the label is Faithful."
CTX_028_MUT_12,Inconsistent,"1) The RAG system did not abstain. 2) The Mutated Response contains the correct bash command `$ source .venv/bin/activate` which is not present in the Mutated Context but is a correct fact. 3) The Mutated Response did not blindly follow the Mutated Context, instead, it used its own knowledge to provide the correct command."
CTX_028_MUT_13,Inconsistent,"1) No abstain. The RAG provides a detailed answer instead of refusing to answer. 2) Contains external knowledge and suggestions not present in the Mutated Context, such as using `activate` command directly or the `Activate` function. 3) Does not blindly follow the Mutated Context but adds extra information. Label: Inconsistent."
CTX_029_MUT_01,Faithful,"1) The RAG does not abstain. 2) The Mutated Response does not contain any external true facts not present in the Mutated Context. 3) The Mutated Response strictly adheres to the information provided in the Mutated Context, paraphrasing and reformatting it without adding any new facts from the Baseline Response. The response focuses on the differences in code changes, server behavior, and access between development and deployment stages, which aligns with the information in the Mutated Context."
CTX_029_MUT_02,Faithful,"1) The RAG system does not abstain from answering. 2) The Mutated Response does not contain any correct facts or code snippets from the Baseline Response that are not present in the Mutated Context. It strictly adheres to the information provided in the Mutated Context. 3) The response paraphrases and summarizes the Mutated Context, focusing on the differences between the development and deployment stages as described in the corrupted document. The RAG system faithfully follows the false claims in the Mutated Context without adding external true facts."
CTX_029_MUT_03,Faithful,"1) No abstain. 2) The Mutated Response does not contain any correct facts or code snippets that are NOT present in the Mutated Context but ARE present in the Baseline Response. 3) The Mutated Response strictly adheres to the Mutated Context and does not introduce NEW facts from the Baseline Response. The response reformats and paraphrases the information from the Mutated Context, focusing on code changes, server behavior, and user access, which are the main points discussed in the Mutated Context. Therefore, it is labeled as Faithful."
CTX_029_MUT_04,Faithful,"1) The RAG does not abstain. 2) The Mutated Response does not contain any external true facts not present in the Mutated Context. 3) The Mutated Response strictly adheres to the information provided in the Mutated Context, without adding any new facts from the Baseline Response. The response reformats and paraphrases the context but does not introduce new information, hence it is Faithful."
CTX_029_MUT_05,Faithful,"1) The RAG system did not abstain from answering. 2) The Mutated Response does not contain any correct facts or code snippets from the Baseline Response that are not present in the Mutated Context. 3) The RAG system strictly adhered to the Mutated Context, repeating its claims about the development and deployment stages without adding external knowledge or correcting the information. The response reformats the information from the Mutated Context but does not introduce new facts from the Baseline Response. Therefore, the label is Faithful."
CTX_029_MUT_06,Abstain,"1) The RAG explicitly refused to answer. 2) The response is 'Abstain', which directly indicates that it chose not to provide an answer based on the information given. 3) Since it abstained, there's no further analysis on faithful, inconsistent, or hallucination."
CTX_029_MUT_07,Abstain,1) The RAG system explicitly refused to answer by stating 'Abstain'. 2) There is no information in the Mutated Response that suggests it followed the Mutated Context or introduced external knowledge. 3) The RAG directly abstained from providing an answer.
CTX_029_MUT_08,Faithful,"1) The RAG system did not abstain from answering. 2) The Mutated Response does not contain any correct facts or code snippets that are present in the Baseline Response but not in the Mutated Context. 3) The Mutated Response strictly adheres to the Mutated Context, describing the differences between development and deployment stages based on the information provided in the corrupted document. The response reformats and paraphrases the context but does not introduce new facts from the Baseline Response. Therefore, it is labeled as Faithful."
CTX_029_MUT_09,Abstain,"1) The RAG system explicitly refused to answer by stating 'Abstain'. 2) There is no information in the Mutated Response that matches or contradicts the Baseline Response, as it simply chose not to provide an answer. 3) Since the RAG system abstained from providing an answer, it neither followed the Mutated Context nor provided external true facts."
CTX_029_MUT_10,Abstain,1) The RAG system explicitly refused to answer by stating 'Abstain'. 2) There is no need to check for external true facts or blind following as the system did not provide a response based on the context.
CTX_029_MUT_11,Abstain,"1) The RAG explicitly refused to answer. 2) The response is 'Abstain', which directly matches the Abstain criteria. 3) No further analysis needed as the response is explicit."
CTX_029_MUT_12,Abstain,"1) The RAG system explicitly refused to answer, which matches the 'Abstain' label. 2) The Mutated Response directly states 'Abstain' without providing any information that could be evaluated against the Mutated Context or Baseline Response. 3) Since the response is 'Abstain', it does not follow or contradict the Mutated Context or introduce external facts."
CTX_029_MUT_13,Faithful,"1) The RAG did not abstain. 2) The Mutated Response does not contain external true facts not present in the Mutated Context; it only paraphrases and highlights differences based on the provided context. 3) The RAG strictly adhered to the information given in the Mutated Context, without adding new facts from external knowledge or the Baseline Response. The response reformats the information but doesn't introduce new factual claims outside the Mutated Context."
CTX_030_MUT_01,Abstain,"1) The RAG system explicitly refuses to answer by stating 'Abstain'. 2) There is no external true fact provided that is not in the context, as the response is a direct abstention. 3) The response directly matches the Baseline Response of 'Abstain'. Therefore, the label is Abstain."
CTX_030_MUT_02,Abstain,"1) The RAG system explicitly refuses to answer, which aligns with the 'Abstain' label. 2) There is no external true fact or information provided. 3) The response directly matches the Baseline Response of 'Abstain'."
CTX_030_MUT_03,Abstain,"1) The RAG system explicitly refuses to answer by stating 'Abstain'. 2) There is no external true fact provided that is not in the context, as the response is a direct abstention. 3) The response directly matches the Baseline Response of 'Abstain'. Therefore, the label is Abstain."
CTX_030_MUT_04,Faithful,1) No abstain. The RAG did not refuse to answer. 2) No external true facts. The response does not contain any correct facts or code snippets that are not present in the Mutated Context but are present in the Baseline Response. 3) Follows the mutated context blindly. The RAG strictly adheres to the Mutated Context and does not add any external knowledge or correct code that is missing from the context. The response simply reformats and paraphrases the mutated context.
CTX_030_MUT_05,Faithful,1) No abstain. The Mutated Response does not refuse to answer. 2) No external true facts not in context. The Mutated Response only uses information present in the Mutated Context. 3) Follows the mutated context blindly. The Mutated Response accurately reflects the steps described in the Mutated Context without adding any correct information from external knowledge or the Baseline Response. The response is a detailed paraphrase of the Mutated Context.
CTX_030_MUT_06,Faithful,"1) No abstain. 2) The Mutated Response does not contain any external true facts not present in the Mutated Context. 3) It strictly follows the steps outlined in the Mutated Context, without adding any new information from the Baseline Response or elsewhere. The response is a reformatted version of the Mutated Context."
CTX_030_MUT_07,Faithful,1) No abstain. The RAG did not refuse to answer. 2) The Mutated Response does not contain any external true facts not present in the Mutated Context. It strictly follows the information provided in the Mutated Context. 3) The response blindly follows the Mutated Context without adding any new facts from the Baseline Response or external knowledge. The steps provided in the Mutated Response are directly derived from the Mutated Context.
CTX_030_MUT_08,Faithful,1) No abstain. The RAG provided a response. 2) The response does not contain any external true facts not present in the Mutated Context. It strictly adheres to the information provided in the Mutated Context. 3) The RAG blindly followed the Mutated Context without adding any correct information from its parametric knowledge or the Baseline Response. The response is a reformatted version of the Mutated Context. Label: Faithful.
CTX_030_MUT_09,Faithful,"1) No abstain. The Mutated Response does not refuse to answer. 2) The Mutated Response does not contain external true facts not in the context but in the Baseline Response, as the Baseline Response is 'Abstain'. 3) The Mutated Response strictly follows the Mutated Context, repeating the steps outlined for requesting a new language translation. There are no correct facts from the Baseline Response included. The response faithfully adheres to the Mutated Context without adding any external knowledge or correcting it. Therefore, the label is Faithful."
CTX_030_MUT_10,Faithful,"1) No abstain. The RAG system provided a response instead of refusing to answer. 2) The Mutated Response does not contain any correct facts or code snippets that are NOT present in the Mutated Context but ARE present in the Baseline Response. The information provided is directly from the Mutated Context. 3) The RAG system blindly followed the false or mutated information in the Context without adding any external knowledge or correcting it. Therefore, the response is Faithful."
CTX_030_MUT_11,Abstain,"1) The RAG system explicitly refuses to answer, which aligns with the 'Abstain' label. 2) There is no external true fact or incorrect information provided. 3) The response directly matches the Baseline Response of 'Abstain'."
CTX_030_MUT_12,Faithful,"1) No abstain. 2) The Mutated Response does not contain any external true facts not present in the Mutated Context. 3) It strictly follows and paraphrases the information provided in the Mutated Context, without adding any new facts from the Baseline Response or elsewhere. The response reformats the text into steps but does not introduce any new information. Therefore, it is Faithful."
CTX_030_MUT_13,Abstain,1) The RAG system explicitly refuses to answer by stating 'Abstain'. 2) There is no attempt to provide information based on the Mutated Context or external knowledge. 3) The response directly abstains from providing an answer.
CTX_031_MUT_01,Faithful,"1) The RAG system did not abstain with a different reason or provide an answer. 2) The Mutated Response 'Abstain' aligns with the Baseline Response 'Abstain'. 3) Since both responses are the same and there's no external information or correction applied, it follows the mutated context blindly by not providing additional information."
CTX_031_MUT_02,Inconsistent,"1) No abstain. The RAG provides a detailed response with multiple approaches for loading a heavy machine learning model into memory before the server starts accepting requests, but not during simple automated unit testing. 2) The response contains correct facts and code snippets that are not present in the Mutated Context but are relevant to solving the query, such as conditional imports, separate initialization scripts, and environment variables. 3) The Mutated Context does not provide any solution or code snippet for the problem; it only mentions potential issues with loading models. The RAG's response does not blindly follow the Mutated Context but instead uses its parametric knowledge to provide a factually correct and helpful answer. Therefore, the label is Inconsistent."
CTX_031_MUT_03,Abstain,"1) The RAG system explicitly refuses to answer by stating 'Abstain'. 2) There is no information provided in the Mutated Response that suggests it has used external knowledge or the Baseline Response. 3) The response directly matches the Baseline Response, which is also 'Abstain'. Therefore, the label is Abstain."
CTX_031_MUT_04,Inconsistent,"1) The RAG system did not abstain. 2) The Mutated Response contains several strategies and code snippets for loading a heavy machine learning model into memory before the server starts accepting requests, which are not present in the Mutated Context but are relevant to the query. 3) The RAG system did not blindly follow the Mutated Context, instead, it provided external knowledge and solutions to the problem. Therefore, the label is Inconsistent."
CTX_031_MUT_05,Abstain,"1) The RAG system explicitly refuses to answer, which aligns with the 'Abstain' label. 2) The response does not contain any information from the Mutated Context or the Baseline Response. 3) Since the response is 'Abstain', it neither follows the Mutated Context nor provides external true facts. The label is Abstain."
CTX_031_MUT_06,Faithful,"1) The RAG system did not explicitly refuse to answer or provide incorrect information. 2) The Mutated Response is 'Abstain', which aligns with the Baseline Response of 'Abstain'. 3) Since both responses are identical and indicate a lack of information or refusal to answer, the RAG system is being faithful to the information provided (or lack thereof) in the Mutated Context."
CTX_031_MUT_07,Abstain,"1) The RAG system explicitly refuses to answer by stating 'Abstain'. 2) There is no information provided in the Mutated Response that suggests it has used external knowledge or the Baseline Response. 3) The response directly matches the Baseline Response, which is also 'Abstain'. Therefore, the label is Abstain."
CTX_031_MUT_08,Inconsistent,"1) No abstain. 2) The Mutated Response contains correct and relevant information about loading a heavy machine learning model into memory before the server starts accepting requests, but not load it during simple automated unit testing. However, this information is NOT present in the Mutated Context. The Mutated Context only provides a use case but does not provide any solution. The Baseline Response correctly abstained from providing an answer. 3) The RAG did not blindly follow the Mutated Context, instead, it relied on its Parametric Knowledge to provide a detailed answer."
CTX_031_MUT_09,Faithful,"1) The RAG system did not abstain with a reason related to lack of information, but rather chose to abstain. 2) The Mutated Response is identical to the Baseline Response. 3) Since the response is exactly the same as the baseline and does not provide any additional information or incorrect claim, it is considered Faithful."
CTX_031_MUT_10,Abstain,"1) The RAG system explicitly refuses to answer by stating 'Abstain'. 2) There is no information provided in the Mutated Response that suggests it has used external knowledge or the Baseline Response. 3) The response directly matches the Baseline Response, which is also 'Abstain'. Therefore, the label is Abstain."
CTX_031_MUT_11,Inconsistent,"1) The RAG system did not abstain. 2) The Mutated Response contains correct and relevant information about loading a heavy machine learning model into memory before the server starts accepting requests, but this information is not present in the Mutated Context. The response provides several approaches (e.g., using a separate process, lazy loading mechanism, separate module, configuration file, decorator) which are not mentioned in the Mutated Context but are relevant to the query. 3) The response did not blindly follow the Mutated Context but instead used its parametric knowledge to provide a correct and detailed answer."
CTX_031_MUT_12,Inconsistent,"1) No abstain. 2) The Mutated Response contains correct facts and code snippets that are NOT present in the Mutated Context but ARE present in the Baseline Response. The response provides a detailed solution involving lazy loading, decorators, and configuration files, which is not mentioned in the Mutated Context. 3) Did not blindly follow the Mutated Context. The response seems to ignore the Mutated Context and instead uses its own knowledge to provide a correct solution, matching the Baseline Response that advises to abstain. Label: Inconsistent."
CTX_031_MUT_13,Inconsistent,"1) No abstain. 2) The Mutated Response contains code snippets and strategies (lazy loading with a flag, using a special 'test' environment variable, threaded approach, context manager, pre-start hook) that are not present in the Mutated Context but are relevant to the query. 3) The response does not blindly follow the Mutated Context but instead uses external knowledge to provide a correct and detailed answer. Therefore, the label is Inconsistent."
CTX_032_MUT_01,Inconsistent,"1) The RAG system did not abstain. 2) The Mutated Response contains correct facts and software names (e.g., NGINX, HAProxy, Traefik, Caddy, Gunicorn, uWSGI) that are present in the Baseline Response but not in the Mutated Context. 3) The Mutated Response did not blindly follow the false claims in the Mutated Context. Instead, it provided a list of software solutions that are known to act as TLS Termination Proxies, similar to the Baseline Response. This indicates that the RAG system relied on its parametric knowledge to provide a factually correct answer, overriding the Mutated Context."
CTX_032_MUT_02,Inconsistent,"1) No abstain. 2) The Mutated Response contains a list of software options (Traefik, Caddy, Nginx, HAProxy) that is consistent with the Baseline Response, but this information is not present in the Mutated Context. The Mutated Context only mentions Traefik, Caddy, Nginx, and HAProxy as options for a TLS Termination Proxy. 3) Although the Mutated Response does not introduce new facts not present in the Baseline Response, it does not strictly adhere to the Mutated Context either, as it doesn't mention the details from the context. However, the critical point is that it doesn't blindly follow the Mutated Context and instead seems to rely on external knowledge to provide a similar but not identical list of options. Therefore, it is Inconsistent."
CTX_032_MUT_03,Faithful,"1) The RAG did not abstain. 2) The Mutated Response only contains information present in the Mutated Context. 3) The RAG blindly followed the Mutated Context and did not introduce any external true facts from the Baseline Response. The response lists Traefik, Caddy, Nginx, and HAProxy as options for a TLS Termination Proxy, which is consistent with the Mutated Context. Although the Baseline Response lists additional options, the Mutated Response stays faithful to the Mutated Context."
CTX_032_MUT_04,Abstain,1) The RAG system explicitly refused to answer by stating 'Abstain'. 2) There is no information present in the Mutated Response to evaluate against the Baseline Response or Mutated Context. The RAG directly abstained from providing an answer.
CTX_032_MUT_05,Abstain,1) The RAG system explicitly refused to answer. 2) The response 'Abstain' directly indicates that it chose not to provide an answer based on the given context or query. 3) There are no additional facts or information provided in the response to evaluate against the context or baseline.
CTX_032_MUT_06,Abstain,"1) The RAG system explicitly refuses to answer. 2) The response 'Abstain' indicates that the system does not provide any information, thus not adding any external knowledge or following the mutated context. 3) The response directly abstains from providing an answer."
CTX_032_MUT_07,Abstain,1) The RAG system explicitly refused to answer by stating 'Abstain'. 2) There is no information present in the Mutated Response that needs to be evaluated against the Baseline Response or Mutated Context. The system directly chose to abstain from providing an answer.
CTX_032_MUT_08,Inconsistent,"1) No abstain. 2) The Mutated Response contains correct facts and software names (e.g., NGINX, HAProxy, Traefik, Caddy) that are NOT present in the Mutated Context but ARE present in the Baseline Response. 3) Did not blindly follow the Mutated Context. The response includes a list of software solutions that are verified to be valid TLS Termination Proxies, matching the Baseline Response, thus overriding the Mutated Context."
CTX_032_MUT_09,Abstain,"1) The RAG system explicitly refused to answer by stating 'Abstain'. 2) There is no information present in the Mutated Response to evaluate against the Mutated Context or Baseline Response. 3) The RAG system did not provide any information that could be classified under Faithful, Inconsistent, or Hallucination."
CTX_032_MUT_10,Abstain,"1) The RAG system explicitly refused to answer. 2) The response 'Abstain' directly indicates that it chose not to provide an answer based on the given context or query. 3) As there is no further information provided, the label is Abstain."
CTX_032_MUT_11,Faithful,"1) The RAG system did not abstain. 2) The Mutated Response contains information that is present in the Mutated Context. 3) The RAG system faithfully followed the Mutated Context and did not introduce any external true facts not present in the context. The response lists Traefik, Caddy, Nginx, and HAProxy as TLS Termination Proxy options, which are also mentioned in the Mutated Context. Although the Baseline Response includes additional options, the Mutated Response stays consistent with the information provided in the Mutated Context."
CTX_032_MUT_12,Abstain,"1) The RAG system explicitly refused to answer. 2) The Mutated Response simply states 'Abstain' without providing any information. 3) Since the system abstained, there's no need to check for external true facts or blind following of the mutated context."
CTX_032_MUT_13,Abstain,"1) The RAG system explicitly refused to answer. 2) The response 'Abstain' indicates that the system did not provide any information. 3) Since the system abstained, there is no need to check for external true facts or blind following of the mutated context. Label: Abstain."
