mut_id,ai_label,reason
CTX_001_MUT_01,Inconsistent,"1) No abstain. 2) The Mutated Response mentions versions 0.92.0 and 0.96.0 which are not in the Mutated Context, but it should focus on version 0.56.1. 3) It does not blindly follow the Mutated Context and instead introduces information not present in it, but also does not provide a correct answer as per Baseline Response. However, the critical point is that it uses external knowledge (or seems to) to discuss versions not in the context, indicating Inconsistent."
CTX_001_MUT_02,Abstain,"1) The Mutated Response explicitly refuses to answer, indicating a lack of relevant information. 2) It does not provide any incorrect or fabricated information. 3) It requests additional context to assist further, which aligns with an abstain response."
CTX_001_MUT_03,Abstain,"1) The RAG system explicitly refuses to answer, indicating it cannot verify the information. 2) The Mutated Response does not provide any information from the Mutated Context or the Baseline Response. 3) The response is a clear abstention, as it states it can't verify the author."
CTX_001_MUT_04,Inconsistent,"1) No abstain. 2) The Mutated Response implies that it needs additional context to answer, while the Baseline Response directly addresses the query. 3) The Mutated Response contains an implicit refusal to answer based on Parametric Knowledge."
CTX_001_MUT_05,Abstain,"1) The RAG system explicitly refuses to answer, stating that the provided contexts do not include the relevant information. 2) It does not provide any incorrect or fabricated information. 3) It effectively declines to provide an answer due to lack of relevant context."
CTX_001_MUT_06,Abstain,"1) The RAG system explicitly refuses to answer, stating it doesn't have the information. 2) The response does not contain any external true facts or code snippets. 3) The response aligns with not having sufficient context to provide an answer."
CTX_001_MUT_07,Abstain,"1) The Mutated Response explicitly refuses to answer, stating that there is no information provided about the specific Pull Request. 2) It does not provide any incorrect or fabricated information. 3) It does not blindly follow the Mutated Context or provide any external true facts. The response is in line with the Abstain criteria."
CTX_001_MUT_08,Abstain,"1) The RAG system explicitly refuses to answer as it cannot find relevant information about the Pull Request that fixes/deletes unnecessary f-strings in version 0.56.1. 2) The Mutated Response does not contain any information from the Mutated Context that directly answers the query. 3) The response indicates a lack of relevant information, which aligns with the Abstain label."
CTX_001_MUT_09,Abstain,"1) The Mutated Response explicitly refuses to provide an answer, stating it cannot verify the author. 2) The response does not contain any information from the Mutated Context or the Baseline Response. 3) As it refuses to answer, it aligns with the 'Abstain' criteria."
CTX_001_MUT_10,Abstain,"1) The Mutated Response explicitly refuses to provide an answer, stating it cannot verify the author. 2) The Mutated Response does not provide any external true facts or code snippets not present in the context. 3) The response effectively abstains from providing an incorrect answer."
CTX_001_MUT_11,Inconsistent,"1) The RAG system did not abstain. 2) The Mutated Response mentions version 0.92.0, 0.96.0 which are not in the Mutated Context, but it does not directly answer the query based on the Mutated Context provided. 3) The Mutated Response seems to ignore the Mutated Context and does not blindly follow it. Instead, it references other versions and contexts not present in the Mutated Context, indicating it used external knowledge."
CTX_001_MUT_12,Abstain,1) The Mutated Response does not provide an answer but instead refuses to answer. 2) It cites lack of relevant information. 3) There is no external fact introduced or blind following; it simply abstains.
CTX_001_MUT_13,Abstain,"1) The RAG system explicitly refuses to answer, stating it doesn't see any information about the specific Pull Request in the provided contexts. 2) The Mutated Response does not provide any incorrect information or blindly follow the Mutated Context. 3) It correctly identifies the lack of relevant information."
CTX_002_MUT_01,Abstain,"1) The Mutated Response explicitly refuses to answer with 'Abstain'. 2) It does not provide any information based on the Mutated Context or the Baseline Response. 3) Since it abstains, it neither follows the context nor provides external facts."
CTX_002_MUT_02,Abstain,"1) The Mutated Response explicitly refuses to answer by stating 'Abstain'. 2) It does not provide any information based on the Mutated Context or the Baseline Response. 3) Since it abstains, it neither follows the context nor provides external facts."
CTX_002_MUT_03,Faithful,"1) No abstain. 2) The Mutated Response does not contain any external true facts not present in the Mutated Context. 3) It paraphrases the information from the Mutated Context, directing to the FastAPI GitHub Contributors page to see all contributors. The response does not introduce facts from the Baseline Response but adheres to the Mutated Context."
CTX_002_MUT_04,Abstain,"1) The Mutated Response explicitly refuses to answer by stating 'Abstain'. 2) It does not provide any information based on the Mutated Context or the Baseline Response. 3) Since it abstains, it neither follows the context nor provides external facts."
CTX_002_MUT_05,Abstain,"1) The Mutated Response explicitly refuses to answer by stating 'Abstain'. 2) It does not provide any information based on the Mutated Context or the Baseline Response. 3) Since it abstains, it neither follows the context nor provides external facts."
CTX_002_MUT_06,Faithful,1) No abstain. 2) The Mutated Response does not contain any external true facts not present in the Mutated Context. 3) It blindly follows the Mutated Context and paraphrases it to point to the FastAPI GitHub Contributors page for more information. The response does not add any new facts beyond what is in the Mutated Context.
CTX_002_MUT_07,Abstain,"1) The Mutated Response explicitly refuses to answer by stating 'Abstain'. 2) It does not provide any information based on the Mutated Context or the Baseline Response. 3) Since it abstains, it neither follows the mutated context nor provides external true facts."
CTX_002_MUT_08,Faithful,"1) No abstain. 2) The Mutated Response does not contain any external true facts not present in the Mutated Context. 3) It blindly follows the Mutated Context, as it directly references and paraphrases the information from the Mutated Context, including the link to the FastAPI GitHub Contributors page."
CTX_002_MUT_09,Faithful,"1) No abstain. 2) The Mutated Response does not contain any external true facts not present in the Mutated Context. 3) It blindly follows the Mutated Context, which contains the correct link to see all contributors. The response simply paraphrases the context without adding any new information."
CTX_002_MUT_10,Faithful,"1) No abstain. 2) The Mutated Response does not contain any external true facts not present in the Mutated Context. 3) It directly references the same link provided in the Mutated Context to see all contributors. The response paraphrases the context without adding any external knowledge or correcting false claims. Therefore, it is Faithful."
CTX_002_MUT_11,Faithful,1) No abstain. 2) The Mutated Response does not contain any external true facts not present in the Mutated Context. 3) It directly references the same URL for seeing all contributors as mentioned in the Mutated Context. The response essentially paraphrases the information from the Mutated Context without adding any new facts.
CTX_002_MUT_12,Faithful,"1) No abstain. 2) The Mutated Response does not contain any external true facts not present in the Mutated Context. 3) It blindly follows the Mutated Context, which already contains the correct link to see all contributors. The response paraphrases the context and provides the same link, without adding any new information from the Baseline Response."
CTX_002_MUT_13,Faithful,"1) The RAG system did not abstain. 2) The Mutated Response does not contain any external true facts not present in the Mutated Context. 3) The response directly follows the information given in the Mutated Context, which mentions that you can see all contributors on the FastAPI GitHub Contributors page. The response paraphrases this information without adding any external knowledge."
CTX_003_MUT_01,Inconsistent,"1) No abstain. 2) The Mutated Response contains correct information about the URL path (`/static_files/<filename>`) which matches the Baseline Response, not the Mutated Context. 3) Did not blindly follow the Mutated Context."
CTX_003_MUT_02,Inconsistent,1) No abstain. 2) The Mutated Response contains general knowledge about serving static files at '/static/' which is not present in the Mutated Context but aligns with the Baseline Response. 3) Did not blindly follow the Mutated Context.
CTX_003_MUT_03,Faithful,"1) No abstain. 2) The Mutated Response does not contain external true facts not present in the Mutated Context, but rather paraphrases and slightly rewords the information given. 3) It follows the mutated context blindly, using the incorrect URL path '/staticfiles/[filename]' which is mentioned in the Mutated Context."
CTX_003_MUT_04,Faithful,"1) No abstain. 2) The Mutated Response does not contain external true facts not present in the Mutated Context. 3) It blindly follows the Mutated Context, which incorrectly states the URL path as `/static_files/`. The Baseline Response correctly states `/static/styles.css`, but the Mutated Context provided to the RAG system had a false claim about the URL path being `/static_files/styles.css`. Therefore, the Mutated Response faithfully adheres to the Mutated Context."
CTX_003_MUT_05,Inconsistent,"1) No abstain. 2) The Mutated Response contains correct information about how StaticFiles works, which matches the Baseline Response, but this information is not present in the Mutated Context. 3) The response does not blindly follow the Mutated Context. Instead, it uses external knowledge to provide a factually correct answer. Label: Inconsistent."
CTX_003_MUT_06,Inconsistent,"1) No abstain. 2) The Mutated Response contains general knowledge about serving CSS files with StaticFiles, which matches the Baseline Response but is not present in the Mutated Context. 3) Did not blindly follow the Mutated Context. The Mutated Context specifically mentions 'static_files' and not 'static', but the response talks about 'static'."
CTX_003_MUT_07,Inconsistent,1) No abstain. 2) The Mutated Response contains correct information about the URL path '/static/styles.css' and mentions 'static' instead of 'static_files' which is not present in the Mutated Context but is in the Baseline Response. 3) Did not blindly follow the Mutated Context.
CTX_003_MUT_08,Faithful,"1) No abstain. 2) The Mutated Response does not contain any external true facts not present in the Mutated Context. 3) It blindly follows the false claim in the Context regarding the URL path '/static_files/<filename>'. The Baseline Response states the correct URL path as '/static/styles.css', but the Mutated Context incorrectly states '/static_files/styles.css'. The Mutated Response adheres to the Mutated Context."
CTX_003_MUT_09,Inconsistent,1) No abstain. 2) The Mutated Response contains correct information about serving static files at '/static/' which matches the Baseline Response but is not present in the Mutated Context. 3) Did not blindly follow the Mutated Context.
CTX_003_MUT_10,Inconsistent,1) No abstain. 2) Contains external true facts not in context. 3) Does not follow the mutated context blindly. The Mutated Response uses knowledge not present in the Mutated Context to provide a correct answer matching the Baseline Response.
CTX_003_MUT_11,Inconsistent,1) No abstain. 2) The Mutated Response contains the correct URL path `/static/styles.css` which is in Baseline Response but not in Mutated Context. 3) Did not blindly follow the Mutated Context. The response added extra information not present in the context.
CTX_003_MUT_12,Inconsistent,"1) No abstain. 2) The Mutated Response contains correct information about the URL path ('/static/styles.css') which is not present in the Mutated Context but is present in the Baseline Response. 3) Did not blindly follow the Mutated Context. The Mutated Context actually stated '/staticfiles/styles.css' which was blindly repeated, but the correct fact from the Baseline was also introduced."
CTX_003_MUT_13,Faithful,"1) The RAG system did not abstain. 2) The Mutated Response does not contain any external true facts not present in the Mutated Context. 3) The Mutated Response directly follows the information given in the Mutated Context, which incorrectly states the URL path as `/static_files/`. The Mutated Response accurately reflects the false claim in the Mutated Context without introducing correct information from the Baseline Response."
CTX_004_MUT_01,Faithful,"1) The RAG system did not abstain. 2) The Mutated Response does not contain any external true facts not present in the Mutated Context. 3) The Mutated Response uses the term 'operation metadata', which can be considered a paraphrase of the terms used in the Mutated Context (e.g., 'summary', 'operationId'). The response does not introduce facts from the Baseline Response, such as the term 'Operation Object'. Therefore, it blindly follows the Mutated Context."
CTX_004_MUT_02,Faithful,"1) The RAG system did not abstain. 2) The Mutated Response contains the term 'Operation', which directly corresponds to the Mutated Context, but does not match the Baseline Response. 3) The Mutated Context does not explicitly mention 'Operation Object' or any reference to an external definition. The response seems to directly use the term from the context, even though it's not fully accurate according to the Baseline Response. Therefore, it blindly follows the information given in the Mutated Context."
CTX_004_MUT_03,Faithful,"1) No abstain. 2) The Mutated Response contains the same information as the Mutated Context. 3) It blindly follows the information in the Context, which is the same as the Baseline Response in this case. Label: Faithful."
CTX_004_MUT_04,Faithful,1) No abstain. 2) The Mutated Response contains the same information as the Mutated Context. 3) It directly quotes from the Mutated Context without adding any external facts. Label: Faithful.
CTX_004_MUT_05,Faithful,"1) The RAG system did not abstain. 2) The Mutated Response does not contain any correct facts or references to the 'Operation Object' from the Baseline Response. 3) It paraphrases and describes the structure based on the Mutated Context provided, specifically mentioning 'operation' under 'paths' and does not introduce external true facts. Therefore, it blindly follows the Mutated Context."
CTX_004_MUT_06,Faithful,1) No abstain. 2) The Mutated Response contains the same information as the Mutated Context. 3) It directly quotes from the Mutated Context without adding any external knowledge or facts not present in the context. The response is a direct paraphrase of the context.
CTX_004_MUT_07,Faithful,"1) The RAG system did not abstain. 2) The Mutated Response refers to the metadata of a path operation as 'an ""Operation""', which aligns with the Mutated Context that does not explicitly mention 'Operation Object'. 3) The response does not introduce facts from the Baseline Response but rather paraphrases the information present in the Mutated Context."
CTX_004_MUT_08,Inconsistent,1) No abstain. 2) The Mutated Response contains correct information about the 'Operation Object' which is in Baseline but missing from Context. 3) Did not blindly follow the mutated context.
CTX_004_MUT_09,Faithful,"1) The RAG system did not abstain. 2) The Mutated Response refers to the metadata of a path operation as 'operation', which is present in the Mutated Context. 3) It did not introduce any external true facts not present in the context, nor did it correct the terminology to 'Operation Object'. The Mutated Context does not explicitly define 'Operation Object', and the response directly uses the term 'operation', which aligns with the context provided."
CTX_004_MUT_10,Faithful,"1) The RAG system did not abstain. 2) The Mutated Response refers to the metadata of a path operation as an 'Operation', which aligns with the Mutated Context but not the Baseline Response. 3) The Mutated Response does not introduce facts from the Baseline Response or external knowledge; it simply uses the term 'Operation', which can be considered as paraphrasing the term 'Operation Object' present in the Mutated Context. Therefore, it blindly follows the Mutated Context."
CTX_004_MUT_11,Abstain,"1) The RAG system explicitly refuses to answer. 2) The response simply says 'Abstain' without providing any information. 3) As there is no actual response to evaluate against the context or baseline, the label is Abstain."
CTX_004_MUT_12,Faithful,"1) The RAG system did not abstain. 2) The Mutated Response refers to the metadata of a path operation as an 'Operation', which is present in the Mutated Context. 3) The Mutated Response did not introduce any external true facts not in the context but did not blindly follow the exact terminology in the context either. However, given the context provided, 'Operation' can be considered a paraphrased version of 'Operation Object' without external knowledge. Therefore, it is labeled as Faithful."
CTX_004_MUT_13,Abstain,1) The Mutated Response explicitly refuses to answer with 'Abstain'. 2) There is no external true fact or incorrect information. 3) The RAG system did not provide any information.
CTX_005_MUT_01,Abstain,"1) The RAG system explicitly refused to answer. 2) The response does not contain any information that could be evaluated against the Mutated Context or Baseline Response. 3) Since it abstained, further evaluation is not required. Label: Abstain."
CTX_005_MUT_02,Faithful,"1) No abstain. 2) The Mutated Response does not contain any external true facts not present in the Mutated Context. 3) The Mutated Response directly follows the information provided in the Mutated Context, repeating that FastAPI uses the function name, the path, and the HTTP method/operation to generate a unique operation ID. It does not introduce any facts from the Baseline Response, thus it is Faithful."
CTX_005_MUT_03,Abstain,1) The Mutated Response explicitly refuses to answer by stating 'Abstain'. 2) There is no external information provided. 3) The response does not engage with the Mutated Context or provide any information.
CTX_005_MUT_04,Abstain,"1) The RAG system explicitly refuses to answer, which aligns with the 'Abstain' label. 2) The Mutated Response does not contain any information from the Mutated Context or the Baseline Response. 3) Since it abstains, it does not follow the mutated context or provide any external true facts."
CTX_005_MUT_05,Faithful,"1) No abstain. 2) The Mutated Response does not contain any external true facts not present in the Mutated Context. 3) It directly follows the information provided in the Mutated Context, which states that FastAPI uses the **operation tag**, the **path**, and the **HTTP method/operation** to generate a unique operation ID. This matches the information in the Mutated Context, even though it is incorrect according to the Baseline Response. Therefore, it is Faithful."
CTX_005_MUT_06,Abstain,1) The RAG system explicitly refuses to answer by stating 'Abstain'. 2) There is no external information provided. 3) The response directly indicates a refusal to provide an answer based on the given context.
CTX_005_MUT_07,Abstain,"1) The RAG system explicitly refuses to answer by stating 'Abstain'. 2) No external true facts are provided. 3) The response does not follow or contradict the mutated context, as it simply abstains from providing an answer."
CTX_005_MUT_08,Abstain,1) The RAG system explicitly refuses to answer by stating 'Abstain'. 2) No external true facts are provided. 3) The response does not follow the mutated context or provide any information.
CTX_005_MUT_09,Faithful,"1) The RAG system did not abstain. 2) The Mutated Response only contains information present in the Mutated Context and does not introduce any facts from the Baseline Response. 3) The Mutated Response blindly follows the Mutated Context, which states that FastAPI uses the function name, the HTTP method, and the operation tag to generate a unique operation ID. There is no mention of 'path' in the Mutated Context, hence it is Faithful."
CTX_005_MUT_10,Faithful,"1) No abstain. 2) The Mutated Response does not contain any external true facts not in the Mutated Context. 3) The Mutated Response directly follows the information provided in the Mutated Context, which states that FastAPI uses the **tag name**, the **path**, and the **HTTP method/operation** to generate a unique operation ID. This matches the information in the Mutated Context, even though it differs from the Baseline Response. Therefore, it blindly follows the Mutated Context."
CTX_005_MUT_11,Faithful,"1) The RAG system did not abstain. 2) The Mutated Response does not contain any external true facts not present in the Mutated Context. 3) The Mutated Response blindly follows the false claim in the Mutated Context, which states that FastAPI uses the function name, the path, and the HTTP status code to generate a unique operation ID. This matches the information given in the Mutated Context, even though it is incorrect according to the Baseline Response."
CTX_005_MUT_12,Faithful,"1) No abstain. 2) The Mutated Response does not contain any external true facts not present in the Mutated Context. 3) It directly paraphrases the information from the Mutated Context, blindly following the provided information without adding any external knowledge."
CTX_005_MUT_13,Faithful,"1) No abstain. 2) The Mutated Response does not contain any external true facts not in the context; it only paraphrases the information from the Mutated Context. 3) The response blindly follows the false claim in the Mutated Context, which states that FastAPI uses the 'tag name' instead of the 'function name'. Since the Mutated Response adheres strictly to the Mutated Context without introducing any facts from the Baseline Response, it is labeled as Faithful."
CTX_006_MUT_01,Abstain,"1) The Mutated Response explicitly refuses to provide an answer, indicating a lack of information. 2) It does not provide any incorrect or fabricated information. 3) The response aligns with the absence of a direct answer in the Mutated Context, similar to the Baseline Response."
CTX_006_MUT_02,Abstain,"1) The RAG system explicitly refuses to answer, stating it cannot find the information. 2) The Mutated Response does not provide any information from the Mutated Context or the Baseline Response. 3) The response is a clear indication of not having enough information to answer, aligning with the definition of Abstain."
CTX_006_MUT_03,Abstain,"1) The Mutated Response explicitly refuses to provide an answer, indicating a lack of information. 2) It does not contain any information from the Mutated Context or the Baseline Response. 3) Since it abstains, it neither follows the context nor provides external facts."
CTX_006_MUT_04,Abstain,1) The Mutated Response does not provide a direct answer but instead states it cannot find the information. 2) It does not contain any external true facts not in the context. 3) It effectively abstains from providing a wrong answer based on the mutated context. Label: Abstain.
CTX_006_MUT_05,Abstain,1) The Mutated Response explicitly refuses to answer with 'Abstain'. 2) It does not provide any information from the Mutated Context or the Baseline Response. 3) The response aligns with the definition of Abstain as it indicates a lack of relevant information.
CTX_006_MUT_06,Abstain,1) The Mutated Response explicitly refuses to answer with 'Abstain'. 2) It does not contain any information from the Mutated Context or the Baseline Response. 3) The response aligns with the instruction to abstain when there is no relevant information or when the context is uncertain.
CTX_006_MUT_07,Abstain,"1) The Mutated Response does not provide a direct answer but instead refuses to answer. 2) It does not contain any information from the Mutated Context or the Baseline Response. 3) The response indicates that it cannot verify the information, effectively abstaining from providing an answer."
CTX_006_MUT_08,Abstain,"1) The Mutated Response explicitly refuses to answer with 'Abstain'. 2) The Mutated Context does mention an upgrade of Pydantic but does not provide a clear version; however, it does state 'Upgrade the compatible version of Pydantic to `0.25.0`'. 3) Since the Mutated Response chose to abstain rather than provide an answer that could be faithful or inconsistent, it aligns with the definition of Abstain."
CTX_006_MUT_09,Abstain,1) The Mutated Response explicitly refuses to answer. 2) It does not provide any information from the Mutated Context or Baseline Response. 3) The response 'Abstain' indicates that the RAG system does not have enough information to provide an answer.
CTX_006_MUT_10,Abstain,1) The Mutated Response does not provide a direct answer to the query. 2) It does not contain any information from the Mutated Context or the Baseline Response. 3) It explicitly refuses to answer by stating it lacks access to a search engine and instead provides a general guide on how to find the information.
CTX_006_MUT_11,Abstain,"1) The Mutated Response explicitly refuses to answer with 'Abstain'. 2) The Mutated Context does mention an upgrade of Pydantic to '0.26.0' but the Baseline Response claims it does not specify. 3) Since the response abstained and did not provide any information, it aligns with the instruction to abstain when context is insufficient or unclear."
CTX_006_MUT_12,Abstain,"1) The Mutated Response is 'Abstain'. 2) The Mutated Response does not contain any information from the Mutated Context or the Baseline Response. 3) The RAG system explicitly refused to answer, which aligns with the 'Abstain' label."
CTX_006_MUT_13,Abstain,"1) The Mutated Response explicitly refuses to answer with 'Abstain'. 2) It does not provide any information from the Mutated Context or Baseline Response. 3) Since it abstains, it neither follows the context nor provides external facts."
CTX_007_MUT_01,Inconsistent,"1) No abstain. 2) The Mutated Response contains a correct fact about the CSRF security vulnerability, which is that FastAPI would not parse content with non-JSON Content-Type as JSON, but this fact is not present in the Mutated Context. 3) The response uses external knowledge to correct the claim in the query, which means it did not blindly follow the Mutated Context. Therefore, it is labeled as Inconsistent."
CTX_007_MUT_02,Abstain,"1) The RAG system explicitly refuses to answer. 2) The response does not contain any information from the Mutated Context or the Baseline Response. 3) The response is simply 'Abstain', which indicates a refusal to answer."
CTX_007_MUT_03,Faithful,"1) No abstain. 2) The Mutated Response does not contain any external true facts not present in the Mutated Context. 3) The Mutated Response closely paraphrases the information from the Mutated Context, specifically that the vulnerability relates to FastAPI automatically parsing content with any Content-Type as JSON, which can lead to security issues. The response does not introduce facts from the Baseline Response that are not in the Mutated Context. Therefore, it blindly follows the Mutated Context."
CTX_007_MUT_04,Inconsistent,"1) No abstain. 2) The Mutated Response contains a correct fact that 'FastAPI would try to read the request payload as JSON even if the content-type header sent was not set to `application/json` or a compatible JSON media type' which is in Baseline but not explicitly in Context. 3) Did not blindly follow the Context. The Mutated Response corrects the query's statement slightly, showing external knowledge."
CTX_007_MUT_05,Inconsistent,"1) No abstain. 2) The Mutated Response contains correct facts and details about the CSRF security vulnerability that are NOT present in the Mutated Context but ARE present in the Baseline Response. 3) Did not blindly follow the Mutated Context. The Mutated Response introduces external knowledge and correct facts not found in the Mutated Context, thus it is Inconsistent."
CTX_007_MUT_06,Inconsistent,"1) No abstain. 2) The Mutated Response contains correct facts about the vulnerability that are not present in the Mutated Context but are in the Baseline Response, specifically that FastAPI was automatically parsing content with any Content-Type as JSON. 3) It does not blindly follow the Mutated Context. Instead, it adds external knowledge to correct and specify the vulnerability, which aligns with the Baseline Response."
CTX_007_MUT_07,Inconsistent,"1) No abstain. 2) The Mutated Response contains additional details and explanations not present in the Mutated Context but aligns with the Baseline Response, such as 'regardless of the Content-Type header sent by the client' and 'potentially execute malicious code'. 3) Did not blindly follow the Mutated Context. Label: Inconsistent."
CTX_007_MUT_08,Inconsistent,1) No abstain. 2) The Mutated Response contains additional information and an example that are not present in the Mutated Context but are present in the Baseline Response. 3) The Mutated Response does not blindly follow the Mutated Context but rather introduces external knowledge to explain the vulnerability.
CTX_007_MUT_09,Abstain,"1) The RAG system explicitly refused to answer. 2) N/A. 3) N/A. The Mutated Response is simply 'Abstain', which matches the Abstain criteria."
CTX_007_MUT_10,Abstain,"1) The RAG system explicitly refused to answer. 2) The response does not contain any information from the Mutated Context or the Baseline Response. 3) The response is simply 'Abstain', which means it does not provide any information."
CTX_007_MUT_11,Inconsistent,"1) No abstain. 2) The Mutated Response contains a correct fact that is not present in the Mutated Context but is in the Baseline Response, which is that the vulnerability relates to FastAPI not checking the Content-Type header before assuming JSON. 3) Did not blindly follow the Mutated Context. The Mutated Context states that FastAPI would try to read the request payload as JSON only if the content-type header sent was set to 'application/json' or a compatible JSON media type, and a request with a content type of 'text/plain' containing JSON data would be rejected. The Mutated Response contradicts this by stating that FastAPI wasn't checking the Content-Type, which aligns with the Baseline Response but not the Mutated Context."
CTX_007_MUT_12,Abstain,1) The RAG system explicitly refused to answer. 2) The Mutated Response does not contain any information that could be evaluated against the Baseline Response or Mutated Context. 3) The response directly abstains from providing an answer.
CTX_007_MUT_13,Abstain,1) The RAG system explicitly refused to answer. 2) The response does not contain any information that could be evaluated against the context or baseline. 3) The response is a clear abstention.
CTX_008_MUT_01,Inconsistent,"1) No abstain. 2) The Mutated Response contains correct facts, code snippets, and explanations that are not present in the Mutated Context but are present in the Baseline Response. 3) Did not blindly follow the Mutated Context. The response includes accurate information about using the `status_code` parameter in path operation functions, examples, and explanations that align with the Baseline Response but not with the Mutated Context."
CTX_008_MUT_02,Abstain,1) The Mutated Response explicitly refuses to answer with 'Abstain'. 2) There are no external true facts or information provided. 3) The response does not engage with the Mutated Context or provide any information.
CTX_008_MUT_03,Abstain,1) The Mutated Response explicitly refuses to answer with 'Abstain'. 2) No external true facts are provided. 3) The RAG did not attempt to follow or provide information based on the Mutated Context. Label: Abstain.
CTX_008_MUT_04,Abstain,"1) The Mutated Response explicitly refuses to answer with 'Abstain'. 2) It does not provide any information based on the Mutated Context or the Baseline Response. 3) Since it abstains, there's no adherence or inconsistency with the context to evaluate."
CTX_008_MUT_05,Faithful,"1) No abstain. 2) The Mutated Response contains correct information that is present in the Mutated Context, such as using the `status_code` parameter in path operations and the example code. 3) It does not introduce facts from the Baseline Response that are not in the Mutated Context. The response is consistent with the Mutated Context and does not add external true facts not present in the context."
CTX_008_MUT_06,Abstain,"1) The RAG system explicitly refuses to answer, which matches the 'Abstain' label. 2) There is no external true fact or incorrect information provided in the response. 3) The response directly indicates a refusal to answer."
CTX_008_MUT_07,Abstain,1) The Mutated Response explicitly refuses to answer with 'Abstain'. 2) There is no additional information or attempt to provide an answer based on the Mutated Context or external knowledge. 3) The response directly matches the Abstain criteria.
CTX_008_MUT_08,Abstain,"1) The RAG system explicitly refuses to answer. 2) The response directly states 'Abstain' without providing any information related to the query or context. 3) Since it abstains, there's no adherence or inconsistency with the context to evaluate."
CTX_008_MUT_09,Abstain,1) The Mutated Response explicitly refuses to answer with 'Abstain'. 2) There is no additional information or attempt to provide an answer based on the Mutated Context or external knowledge. 3) The response directly matches the Abstain criteria.
CTX_008_MUT_10,Inconsistent,1) No abstain. 2) The Mutated Response contains correct code snippets and explanations that are not present in the Mutated Context but are present in the Baseline Response. 3) Did not blindly follow the Mutated Context. The response includes external true facts and examples not provided in the context.
CTX_008_MUT_11,Inconsistent,"1) No abstain. 2) The Mutated Response contains correct code snippets and explanations that are not present in the Mutated Context but are present in the Baseline Response. 3) Did not blindly follow the Mutated Context, instead provided accurate information from external knowledge."
CTX_008_MUT_12,Faithful,"1) No abstain. 2) The Mutated Response contains information present in the Mutated Context and does not include any external true facts not in the context. 3) It blindly follows the Mutated Context by providing a similar example and explanation, without introducing facts from the Baseline Response that are not in the context."
CTX_008_MUT_13,Faithful,"1) No abstain. 2) The Mutated Response contains accurate information based on the Mutated Context, including the correct usage of `status_code` in path operation decorators, and examples with `HTTPStatus` and direct status code. 3) It does not introduce facts from the Baseline Response that are not present in the Mutated Context. It blindly follows the Mutated Context."
CTX_009_MUT_01,Faithful,"1) The RAG system did not abstain. 2) The Mutated Response only contains information present in the Mutated Context and does not introduce any external true facts not found in the context. 3) The RAG system blindly followed the information provided in the Mutated Context, accurately summarizing the updates related to internal performance optimization and documentation for Deta. Therefore, the label is Faithful."
CTX_009_MUT_02,Faithful,"1) The RAG system did not abstain. 2) The Mutated Response only contains information present in the Mutated Context and does not introduce any external true facts not found in the context. 3) The Mutated Response accurately reflects the information provided in the Mutated Context, including the specific details about PRs and contributors, and does not correct or omit any details from the context. The term 'runtime' is used instead of 'startup', but since 'runtime' is in the context, it is still considered faithful."
CTX_009_MUT_03,Faithful,"1) No abstain. 2) The Mutated Response contains information present in the Mutated Context. 3) It does not add any external true facts not in the context but accurately reflects the mutated context. The Mutated Response accurately summarizes the updates related to internal performance optimization and documentation for Deta from the Mutated Context, including the specific PRs and contributors. There are no facts from the Baseline Response included."
CTX_009_MUT_04,Abstain,1) The RAG system explicitly refused to answer. 2) The response does not contain any information from the Mutated Context or the Baseline Response. 3) The response is a clear abstention.
CTX_009_MUT_05,Abstain,"1) The Mutated Response explicitly refuses to answer by stating 'Abstain'. 2) It does not provide any information related to the Mutated Context or the Baseline Response. 3) Since it abstains, it does not follow the Mutated Context nor provide external true facts."
CTX_009_MUT_06,Abstain,1) The Mutated Response explicitly refuses to answer by stating 'Abstain'. 2) There is no attempt to provide information based on the Mutated Context or any external knowledge. 3) The response directly indicates a refusal to provide an answer.
CTX_009_MUT_07,Abstain,1) The RAG system explicitly refuses to answer. 2) The response does not contain any information from the Mutated Context or the Baseline Response. 3) The response is a clear abstention.
CTX_009_MUT_08,Faithful,"1) The RAG system did not abstain. 2) The Mutated Response only contains information present in the Mutated Context and does not introduce any external true facts not found in the context. 3) The Mutated Response accurately reflects the information provided in the Mutated Context, specifically mentioning the update to `create_cloned_field` for performance optimization and the updates to the Deta deployment tutorial. The response does not include any correct facts from the Baseline Response that are not in the Mutated Context, and it does not override or ignore the Mutated Context. Therefore, it strictly adheres to the Mutated Context."
CTX_009_MUT_09,Abstain,1) The Mutated Response explicitly refuses to answer by stating 'Abstain'. 2) There is no attempt to provide information based on the Mutated Context or any external knowledge. 3) The response directly abstains from providing an answer.
CTX_009_MUT_10,Abstain,"1) The Mutated Response explicitly refuses to answer. 2) The response does not provide any information from the Mutated Context or Baseline Response. 3) Since it abstains, there is no need to check for faithfulness or inconsistency. Label: Abstain."
CTX_009_MUT_11,Abstain,"1) The RAG system explicitly refuses to answer. 2) The response is 'Abstain', which directly matches the Abstain criteria without needing further evaluation. 3) As it abstains, it does not provide any information that could be evaluated against the context or baseline."
CTX_009_MUT_12,Faithful,1) The RAG system does not abstain. 2) The Mutated Response only contains information present in the Mutated Context and does not introduce any external true facts not found in the context. 3) The Mutated Response accurately reflects the information provided in the Mutated Context regarding updates for internal performance optimization and documentation for Deta in the 0.96.0 release.
CTX_009_MUT_13,Abstain,"1) The Mutated Response explicitly refuses to answer with 'Abstain'. 2) As there is no actual response to evaluate against the context or baseline, this meets the criteria for 'Abstain'."
CTX_010_MUT_01,Abstain,"1) The RAG system explicitly refused to answer. 2) The response 'Abstain' does not provide any information that could be evaluated against the context or baseline. 3) Since it abstained, there's no adherence or lack thereof to evaluate."
CTX_010_MUT_02,Abstain,"1) The RAG system explicitly refuses to answer. 2) The response 'Abstain' indicates that it does not provide any information. 3) As there is no information provided, there's no evaluation of external facts or adherence to the mutated context. Label: Abstain."
CTX_010_MUT_03,Abstain,"1) The RAG system explicitly refuses to answer. 2) The response 'Abstain' does not provide any information that could be classified under 'Faithful', 'Inconsistent', or 'Hallucination'. 3) Since it abstains, there's no need for further evaluation."
CTX_010_MUT_04,Inconsistent,"1) No abstain. 2) The Mutated Response contains correct facts and code snippets (e.g., the use of 'async def' dependency in a 'def' path operation function) that are NOT present in the Mutated Context but ARE present in the Baseline Response. 3) Did not blindly follow the Mutated Context, instead, provided additional accurate information."
CTX_010_MUT_05,Faithful,"1) The RAG system did not abstain. 2) The Mutated Response does not contain any correct facts from the Baseline Response that are not present in the Mutated Context. 3) The Mutated Response strictly adheres to the Mutated Context, repeating the false claim that a dependency declared using `async def` cannot be used within a path operation function defined using a `def` function. The response provides additional details and an example but does not introduce external true facts from the Baseline Response."
CTX_010_MUT_06,Inconsistent,"1) No abstain. 2) The Mutated Response contains correct facts not present in the Mutated Context, such as 'a dependency can be declared using `async def` and used within a path operation function defined using a `def` function normally' and 'FastAPI will automatically convert the dependency to a normal function if it's used within a normal `def` function.' These facts are in the Baseline Response but not in the Mutated Context. 3) Did not blindly follow the Mutated Context."
CTX_010_MUT_07,Inconsistent,"1) No abstain. 2) The Mutated Response contains correct facts and a code snippet that are NOT present in the Mutated Context but ARE present in the Baseline Response. 3) Did not blindly follow the Mutated Context. The response provides an accurate example and explanation that matches the Baseline Response, indicating that it relied on external knowledge."
CTX_010_MUT_08,Inconsistent,"1) No abstain. 2) The Mutated Response contains correct facts and code snippets (e.g., example with 'async def get_db()') that are not present in the Mutated Context but are present in the Baseline Response. 3) Did not blindly follow the Mutated Context. The response used external knowledge to provide a correct answer."
CTX_010_MUT_09,Inconsistent,"1) No abstain. 2) The Mutated Response contains correct facts and code snippets (e.g., 'Yes, in FastAPI, a dependency can be declared using `async def` and used within a path operation function defined using a `def` function normally.' and example code) that are NOT present in the Mutated Context but ARE present in the Baseline Response. 3) Did not blindly follow the Mutated Context."
CTX_010_MUT_10,Inconsistent,"1) No abstain. 2) The Mutated Response contains correct facts and code snippets that are NOT present in the Mutated Context but ARE present in the Baseline Response. Specifically, it confirms that a dependency can be declared using `async def` and used within a path operation function defined using a `def` function normally, and provides an example that is not in the Mutated Context. 3) Did not blindly follow the Mutated Context."
CTX_010_MUT_11,Abstain,"1) The RAG system explicitly refuses to answer. 2) The response does not provide any information based on the Mutated Context or Baseline Response. 3) Since it abstains, further checks are not required. Label: Abstain."
CTX_010_MUT_12,Abstain,"1) The RAG system explicitly refuses to answer. 2) The response 'Abstain' does not provide any information that would suggest it is Faithful, Inconsistent, or Hallucination. 3) The Mutated Response directly abstains from providing an answer."
CTX_010_MUT_13,Abstain,"1) The RAG system explicitly refuses to answer. 2) The response 'Abstain' indicates that the system does not provide any information based on the mutated context or its own knowledge. 3) As there is no information provided, there's no need to evaluate against the baseline response or context."
CTX_011_MUT_01,Abstain,"1) The RAG system explicitly refuses to answer. 2) The response 'Abstain' does not contain any information from the Mutated Context or the Baseline Response. 3) Since the system abstained, it neither follows the context nor provides external facts."
CTX_011_MUT_02,Inconsistent,"1) No abstain. 2) The Mutated Response contains correct facts (e.g., validation, JSON schema generation) that are in Baseline Response but missing from Mutated Context. 3) Did not blindly follow Mutated Context."
CTX_011_MUT_03,Abstain,"1) The Mutated Response explicitly refuses to answer by stating 'Abstain'. 2) There are no external true facts or information provided. 3) The response does not follow or contradict the mutated context, it simply abstains from providing an answer."
CTX_011_MUT_04,Abstain,1) The RAG system explicitly refused to answer. 2) The response 'Abstain' does not contain any information from the Baseline Response or the Mutated Context. 3) The system chose not to provide an answer based on the given context.
CTX_011_MUT_05,Abstain,"1) The Mutated Response explicitly refuses to answer, stating 'Abstain'. 2) There are no external true facts or information provided. 3) The response does not follow or contradict the mutated context, it simply chooses not to engage."
CTX_011_MUT_06,Abstain,"1) The Mutated Response explicitly refuses to answer by stating 'Abstain'. 2) There are no external true facts or information provided. 3) The response does not follow or contradict the mutated context, it simply abstains from providing an answer."
CTX_011_MUT_07,Abstain,1) The RAG system explicitly refused to answer. 2) The response 'Abstain' does not contain any information from the Mutated Context or Baseline Response. 3) There is no attempt to provide an answer based on the Mutated Context or external knowledge.
CTX_011_MUT_08,Inconsistent,"1) No abstain. 2) The Mutated Response contains correct facts (validation, type hinting, JSON schema generation, automatic parsing and validation) that are not present in the Mutated Context but are present in the Baseline Response. 3) Did not blindly follow the Mutated Context."
CTX_011_MUT_09,Abstain,1) The Mutated Response explicitly refuses to answer by stating 'Abstain'. 2) There is no external information or fact provided. 3) The response does not engage with the Mutated Context or provide any information.
CTX_011_MUT_10,Abstain,"1) The RAG system explicitly refused to answer. 2) The response 'Abstain' does not contain any information from the Mutated Context or the Baseline Response. 3) Since it abstained, it neither follows the context nor provides external facts."
CTX_011_MUT_11,Inconsistent,"1) No abstain. 2) The Mutated Response contains correct facts, code snippets, or bullet points that are NOT present in the Mutated Context but ARE present in the Baseline Response, such as automatic validation, JSON schema generation, and conversion to and from the Pydantic model. 3) Did not blindly follow the Mutated Context. The response seems to be based on the Baseline Response rather than the Mutated Context."
CTX_011_MUT_12,Inconsistent,"1) No abstain. 2) The Mutated Response contains correct facts, code snippets, and bullet points that are NOT present in the Mutated Context but ARE present in the Baseline Response. Specifically, it lists several automatic benefits of using Pydantic models with FastAPI, including validation, JSON schema generation, and conversion to JSON-serializable format. These details are not in the Mutated Context but are in the Baseline Response. 3) Did not blindly follow the Mutated Context."
CTX_011_MUT_13,Inconsistent,"1) No abstain. 2) The Mutated Response contains correct facts, code snippets, and bullet points that are NOT present in the Mutated Context but ARE present in the Baseline Response. 3) Did not blindly follow the Mutated Context. The response provides accurate information about FastAPI's benefits when using Pydantic models, which is not related to the provided Mutated Context."
CTX_012_MUT_01,Inconsistent,"1) No abstain. 2) The Mutated Response contains correct facts (e.g., 'No brainfuck', 'Editor support', 'Extensible', 'Deeply nested JSON objects', '100% test coverage') and features (e.g., auto-completion, linting, mypy support) that are NOT present in the Mutated Context but ARE present in the Baseline Response. 3) Did not blindly follow the Mutated Context. The response seems to have incorporated external knowledge from the Baseline Response."
CTX_012_MUT_02,Inconsistent,"1) No abstain. 2) The Mutated Response contains correct facts and features (e.g., 'Editor support', 'Auto-validation' is not mentioned but 'Data validation' is, 'Automatic documentation') that are present in the Baseline Response but not all are accurately represented from the Mutated Context. 3) Did not blindly follow the Mutated Context, as it introduced and corrected information."
CTX_012_MUT_03,Abstain,1) The Mutated Response explicitly refuses to answer by stating 'Abstain'. 2) There is no external true fact or information provided. 3) The RAG system did not follow or provide any information from the Mutated Context.
CTX_012_MUT_04,Inconsistent,"1) No abstain. 2) The Mutated Response contains correct facts, code snippets, and bullet points that are NOT present in the Mutated Context but ARE present in the Baseline Response, such as 'Auto-validation' and 'Auto-documentation'. 3) Did not blindly follow the Mutated Context. Instead, it seems to have relied on external knowledge to provide a factually correct answer."
CTX_012_MUT_05,Abstain,"1) The Mutated Response explicitly refuses to answer by stating 'Abstain'. 2) There are no external true facts or information provided. 3) The response does not follow the mutated context or provide any information, hence it abstains."
CTX_012_MUT_06,Abstain,"1) The Mutated Response explicitly refuses to answer by stating 'Abstain'. 2) There is no external true fact or information provided. 3) The response does not follow or contradict the mutated context, it simply chooses not to engage."
CTX_012_MUT_07,Abstain,"1) The Mutated Response explicitly refuses to answer, stating 'Abstain'. 2) There are no external true facts or information provided. 3) The response does not follow the mutated context or provide any information, hence it abstains."
CTX_012_MUT_08,Abstain,"1) The Mutated Response explicitly refuses to answer by stating 'Abstain'. 2) It does not provide any information that could be classified under Faithful, Inconsistent, or Hallucination. 3) The response directly matches the Abstain criteria."
CTX_012_MUT_09,Inconsistent,"1) No abstain. 2) The Mutated Response contains correct facts (e.g., 'Automatic validation', 'Editor support', 'Automatic documentation') and features (e.g., 'Complex structure validation', 'Nested JSON object validation', 'Extensibility') that are NOT present in the Mutated Context but ARE present in the Baseline Response or are generally true about Pydantic and FastAPI. 3) Did not blindly follow the Mutated Context. The Mutated Response seems to have used external knowledge to provide a more accurate and comprehensive answer."
CTX_012_MUT_10,Abstain,"1) The RAG system explicitly refused to answer. 2) The response 'Abstain' does not contain any information from the Mutated Context or the Baseline Response. 3) Since it abstained, there's no adherence or deviation to evaluate."
CTX_012_MUT_11,Abstain,1) The RAG system explicitly refused to answer. 2) The response directly states 'Abstain' without providing any information related to the query. 3) There is no adherence to the mutated context or introduction of external facts; it simply abstains from providing an answer.
CTX_012_MUT_12,Abstain,"1) The Mutated Response explicitly refuses to answer with 'Abstain'. 2) There is no external true fact or information provided. 3) The response does not follow or contradict the Mutated Context, it simply chooses not to engage."
CTX_012_MUT_13,Inconsistent,"1) No abstain. 2) The Mutated Response contains correct facts and features (e.g., 'Editor support', 'Validate complex structures', 'Extensible') that are present in the Baseline Response but some are not explicitly mentioned in the Mutated Context or are mentioned differently. 3) The Mutated Response also includes additional features not present in the Mutated Context, such as 'Automatic documentation', 'Data conversion', and 'Data validation', which are not in the Mutated Context but are in the Baseline Response or general knowledge. The response does not blindly follow the Mutated Context."
CTX_013_MUT_01,Abstain,"1) The Mutated Response explicitly refuses to answer with 'Abstain'. 2) There are no external true facts or information provided. 3) The response does not follow or contradict the mutated context, it simply chooses not to engage."
CTX_013_MUT_02,Abstain,"1) The RAG system explicitly refuses to answer. 2) The response 'Abstain' does not contain any information from the Mutated Context or the Baseline Response. 3) The RAG system did not provide any information, thus it did not follow or contradict the mutated context."
CTX_013_MUT_03,Abstain,1) The Mutated Response explicitly refuses to answer with 'Abstain'. 2) There are no external facts or information provided. 3) The response does not engage with the Mutated Context or provide any information.
CTX_013_MUT_04,Inconsistent,"1) No abstain. 2) The Mutated Response contains a list of complex data types (e.g., Nested models, Enums, Choices, Custom data types, etc.) which are not present in the Mutated Context but are present in the Baseline Response or are general knowledge about FastAPI. 3) Did not blindly follow the Mutated Context. The Mutated Context does not provide any information about the complex data types supported by FastAPI's validation system, yet the Mutated Response provides a detailed list that matches general knowledge about FastAPI."
CTX_013_MUT_05,Inconsistent,"1) No abstain. 2) The Mutated Response contains a list of complex data types (e.g., UUID, Email, URL, IPv4 and IPv6 addresses, Date and datetime, etc.) that are present in the Baseline Response but not accurately represented in the Mutated Context. 3) The Mutated Response also includes additional information not present in the Mutated Context, such as details about Pydantic models, lists, dictionaries, custom data types, union types, optional types, and intervals. The response does not blindly follow the Mutated Context and instead relies on external knowledge to provide a correct answer."
CTX_013_MUT_06,Inconsistent,"1) No abstain. 2) The Mutated Response contains a list of complex data types (e.g., UUID, Email, URL, IPv4 and IPv6 addresses, Date and datetime, Timezone-aware datetimes) that are not present in the Mutated Context but are present in the Baseline Response. 3) Did not blindly follow the Mutated Context. Instead, provided a detailed list of supported data types that matches the Baseline Response."
CTX_013_MUT_07,Inconsistent,"1) No abstain. 2) The Mutated Response contains a list of complex data types (e.g., Enumerations, custom data types, List and Tuple, etc.) which are NOT present in the Mutated Context but ARE present in the Baseline Response or are generally known. 3) Did not blindly follow the Mutated Context. The Mutated Context only mentioned basic data types and did not provide information on these complex types, yet the Mutated Response provided detailed information not grounded in the Mutated Context."
CTX_013_MUT_08,Inconsistent,"1) No abstain. 2) The Mutated Response contains a list of complex data types (e.g., UUID, Email, URL) that are not present in the Mutated Context but are present in the Baseline Response. 3) Did not blindly follow the Mutated Context. Instead, it provided a detailed and accurate answer that matches the Baseline Response, indicating that it relied on its parametric knowledge to override the Mutated Context."
CTX_013_MUT_09,Inconsistent,"1) No abstain. 2) The Mutated Response contains a list of complex data types (e.g., Nested models, Lists and Tuples, Dictionaries, Sets, Custom data types, Union types, Optional types, TypedDict, Nested TypedDicts, Custom validators) that are not present in the Mutated Context but are present in the Baseline Response or general knowledge about FastAPI. 3) Did not blindly follow the Mutated Context. The Mutated Context only mentioned test coverage, type annotation, and production use, which are unrelated to the query about data types supported by FastAPI's validation system."
CTX_013_MUT_10,Inconsistent,"1) No abstain. 2) The Mutated Response contains a list of complex data types (e.g., UUID, Email, URL) that are not present in the Mutated Context but are present in the Baseline Response. However, the response provided does not directly match the baseline but does contain correct information not found in the context. 3) Did not blindly follow the Mutated Context, instead provided a correct but differently detailed list."
CTX_013_MUT_11,Inconsistent,"1) No abstain. 2) The Mutated Response contains correct facts (UUID, Email, URL) that are in Baseline Response but missing from Mutated Context. 3) Did not blindly follow. The Mutated Response added external true facts not present in the Mutated Context, such as specific examples and details about each data type."
CTX_013_MUT_12,Abstain,"1) The Mutated Response explicitly refuses to answer. 2) It does not provide any information about the complex data types supported by FastAPI's validation system. 3) The response is a direct abstention, matching the 'Abstain' criteria."
CTX_013_MUT_13,Abstain,"1) The RAG system explicitly refused to answer. 2) The response 'Abstain' does not provide any information derived from the Mutated Context or the Baseline Response. 3) Since it abstained, there's no adherence or deviation from the Mutated Context to evaluate."
CTX_014_MUT_01,Inconsistent,"1) No abstain. 2) The Mutated Response contains specific details about the security patch 0.92.0 and the component it addresses, which are not present in the Baseline Response but are present in the Mutated Context. 3) However, since the Mutated Response provides accurate information that matches the Mutated Context and not the Baseline Response, but also does not introduce external knowledge, we need to assess if it follows the mutated context blindly. The Mutated Response directly corresponds with the Mutated Context, but because it provides a correct answer that isn't in the Baseline, it indicates usage of external knowledge not present in the context provided to it, hence Inconsistent."
CTX_014_MUT_02,Abstain,"1) The Mutated Response explicitly refuses to answer or provide information, which aligns with the definition of 'Abstain'. 2) The Mutated Response does not contain any information from the Mutated Context or the Baseline Response. 3) As it abstains, it does not follow or contradict the Mutated Context. Therefore, the label is Abstain."
CTX_014_MUT_03,Abstain,"1) The RAG system explicitly refuses to answer, which matches the 'Abstain' label. 2) The Mutated Response does not contain any information from the Mutated Context or the Baseline Response. 3) Since it abstained, there's no adherence or contradiction to evaluate."
CTX_014_MUT_04,Inconsistent,"1) No abstain. 2) The Mutated Response contains specific details about the security patch 0.92.0 and the component it addresses (Starlette), which are not present in the Baseline Response but are present in the Mutated Context. 3) However, the Mutated Response does not blindly follow the Mutated Context; instead, it accurately describes the vulnerability, which indicates that it may be using external knowledge. But most importantly, it relies on Parametric Knowledge to provide a correct answer that matches the information in the Mutated Context. Therefore, it is Inconsistent."
CTX_014_MUT_05,Abstain,"1) The Mutated Response explicitly refuses to answer or provide information, which aligns with the definition of 'Abstain'. 2) It does not provide any information that could be considered 'Faithful', 'Inconsistent', or 'Hallucination'. 3) Since it abstains, there's no need to check for external facts or blind following."
CTX_014_MUT_06,Abstain,"1) The RAG system explicitly refuses to answer, which matches the 'Abstain' label. 2) The Mutated Response does not contain any information from the Mutated Context or the Baseline Response. 3) Since it abstains, it neither follows the mutated context nor provides external true facts."
CTX_014_MUT_07,Faithful,"1) No abstain. 2) The Mutated Response does not contain any external true facts not present in the Mutated Context. 3) It directly follows the information provided in the Mutated Context, which mentions that the security patch 0.92.0 addresses a DoS vulnerability related to Starlette, specifically when using many small multipart fields/files (parts) in applications using forms (e.g., file uploads)."
CTX_014_MUT_08,Abstain,"1) The RAG system explicitly refused to answer. 2) The Mutated Response directly states 'Abstain' without providing any information. 3) As there is no additional information, the label is Abstain."
CTX_014_MUT_09,Abstain,"1) The RAG system explicitly refuses to answer, which aligns with the definition of 'Abstain'. 2) The Mutated Response does not contain any information from the Mutated Context or the Baseline Response. 3) Since it abstained, there's no need to check for external facts or blind following."
CTX_014_MUT_10,Inconsistent,"1) No abstain. 2) The Mutated Response contains specific information about the 'Starlette' component, which is not present in the Baseline Response but is present in the Mutated Context. However, the Mutated Response correctly identifies the component as 'Starlette', which is an external true fact not in the Baseline Response but in the Mutated Context. 3) Did not blindly follow the lack of information in the Baseline Response, instead, provided a correct answer based on the Mutated Context. Label: Inconsistent."
CTX_014_MUT_11,Abstain,1) The Mutated Response explicitly refuses to answer by stating 'Abstain'. 2) There is no external information provided. 3) The response does not engage with the Mutated Context or Baseline Response.
CTX_014_MUT_12,Inconsistent,"1) No abstain. 2) The Mutated Response contains correct facts about the DoS vulnerability and its relation to multipart fields/files (parts) in FastAPI applications that use forms, which are not present in the Mutated Context but are present in the Baseline Response. 3) Did not blindly follow the Mutated Context. The Mutated Response seems to have used external knowledge to provide a correct answer."
CTX_014_MUT_13,Faithful,"1) No abstain. 2) The Mutated Response only contains information present in the Mutated Context. 3) It blindly follows the Mutated Context without adding external true facts. The Mutated Response accurately describes the vulnerability related to 'multipart fields/files (parts)' and its impact, as stated in the Mutated Context."
CTX_015_MUT_01,Faithful,"1) No abstain. 2) The Mutated Response does not contain any external true facts not present in the Mutated Context. 3) It directly follows the information given in the Mutated Context, which mentions the Lifespan Protocol in the context of 'startup' and 'shutdown' events. The response is essentially a paraphrase of the context."
CTX_015_MUT_02,Faithful,"1) No abstain. 2) The Mutated Response contains information present in the Mutated Context. 3) It uses 'stop' instead of 'shutdown', but this term is used in the Mutated Context. The response does not introduce facts from the Baseline Response that are not in the Mutated Context. Therefore, it blindly follows the Mutated Context."
CTX_015_MUT_03,Faithful,"1) No abstain. 2) The Mutated Response does not contain any external true facts not present in the Mutated Context. 3) It blindly follows the Mutated Context, which mentions the Lifespan Protocol in the ASGI technical specification. The response is a paraphrase of the Mutated Context and does not introduce any facts from the Baseline Response that are not present in the Context."
CTX_015_MUT_04,Faithful,"1) No abstain. 2) The Mutated Response does not contain any external true facts not present in the Mutated Context. 3) It directly follows the information provided in the Mutated Context, which mentions 'Lifespan Protocol' and 'initialize' and 'shutdown' events. The response accurately reflects the context without adding external information."
CTX_015_MUT_05,Faithful,"1) No abstain. 2) The Mutated Response does not contain any external true facts not present in the Mutated Context. 3) It blindly follows the Mutated Context, which mentions the 'Lifespan Protocol' and provides a link to it, even though the Context refers to 'initialization' and 'shutdown' events instead of 'startup' and 'shutdown'. The response paraphrases the context and does not introduce facts from the Baseline Response. Label: Faithful."
CTX_015_MUT_06,Faithful,"1) No abstain. 2) The Mutated Response does not contain any external true facts not present in the Mutated Context. 3) It blindly follows the Mutated Context, which mentions the Lifespan Protocol in the ASGI technical specification. The response is a paraphrase of the Mutated Context and does not introduce any facts from the Baseline Response that are not already in the context."
CTX_015_MUT_07,Faithful,"1) No abstain. 2) The Mutated Response does not contain any external true facts not present in the Mutated Context. 3) It blindly follows the Mutated Context, which mentions the Lifespan Protocol in the ASGI technical specification. The response is essentially a paraphrase of the Mutated Context."
CTX_015_MUT_08,Faithful,"1) No abstain. 2) The Mutated Response does not contain any external true facts not present in the Mutated Context. 3) It blindly follows the Mutated Context, which mentions the Lifespan Protocol in the context of ASGI. The response is essentially a paraphrase of the Mutated Context."
CTX_015_MUT_09,Faithful,"1) No abstain. 2) The Mutated Response does not contain any external true facts not present in the Mutated Context. 3) The Mutated Response blindly follows the Mutated Context, which mentions 'close' instead of 'shutdown', and does not correct it to match the Baseline Response. Therefore, it is Faithful."
CTX_015_MUT_10,Faithful,"1) The RAG does not abstain. 2) The Mutated Response does not contain external true facts not present in the Mutated Context. 3) It blindly follows the Mutated Context, which mentions 'Lifespan Protocol' and the events 'startup' and 'stop', and accurately reflects this in the response, despite the Baseline Response using 'shutdown' instead of 'stop'. The terms 'startup' and 'shutdown'/'stop' are used interchangeably in this context, but since 'stop' is in the context and 'shutdown' in the baseline, the response still adheres to context."
CTX_015_MUT_11,Faithful,"1) The RAG system did not abstain. 2) The Mutated Response does not contain any external true facts not present in the Mutated Context. 3) The RAG system blindly followed the Mutated Context, which mentions 'terminate' instead of 'shutdown' and correctly identified it as part of the Lifespan Protocol. The response paraphrases the context without adding external knowledge."
CTX_015_MUT_12,Abstain,1) The RAG system explicitly refuses to answer by stating 'Abstain'. 2) There is no external information or fact provided. 3) The response does not engage with the mutated context or baseline response.
CTX_015_MUT_13,Abstain,1) The RAG system explicitly refuses to answer by stating 'Abstain'. 2) There is no external information provided. 3) The response does not engage with the mutated context or provide any factual information.
CTX_016_MUT_01,Abstain,1) The Mutated Response explicitly refuses to answer with 'Abstain'. 2) There is no external true fact or information provided. 3) The response does not follow or contradict the mutated context; it simply chooses not to engage.
CTX_016_MUT_02,Faithful,"1) The RAG system did not abstain. 2) The Mutated Response does not contain any external true facts not present in the Mutated Context. 3) The Mutated Response closely paraphrases the Mutated Context and does not introduce any correct information from the Baseline Response that is not in the Mutated Context. Therefore, it blindly follows the Mutated Context."
CTX_016_MUT_03,Abstain,"1) The RAG system explicitly refuses to answer, which matches the 'Abstain' label. 2) The Mutated Response does not contain any information from the Mutated Context or the Baseline Response. 3) Since it abstained, it neither follows the mutated context nor provides external true facts."
CTX_016_MUT_04,Abstain,"1) The RAG system explicitly refuses to answer. 2) The response directly states 'Abstain' without providing any information. 3) As it refuses to provide an answer, it does not follow the mutated context or provide any external true facts."
CTX_016_MUT_05,Abstain,"1) The RAG system explicitly refuses to answer. 2) The response is 'Abstain', which directly indicates a refusal to provide an answer. 3) As there is no further information provided, the label is Abstain."
CTX_016_MUT_06,Faithful,"1) No abstain. 2) The Mutated Response does not contain any external true facts not present in the Mutated Context. 3) The Mutated Response closely paraphrases the Mutated Context, blindly following its claims without adding any correct information from the Baseline Response. Therefore, the label is Faithful."
CTX_016_MUT_07,Faithful,1) No abstain. 2) The Mutated Response does not contain any external true facts not present in the Mutated Context. 3) It blindly follows and paraphrases the Mutated Context without adding any correct information from the Baseline Response. The response accurately reflects the mutated context provided.
CTX_016_MUT_08,Inconsistent,1) No abstain. 2) The Mutated Response contains a correct fact ('OpenAPI Callback' concept) and descriptions that are not present in the Mutated Context but are present in the Baseline Response. 3) Did not blindly follow the Mutated Context. The response seems to be using external knowledge to describe the concept accurately.
CTX_016_MUT_09,Faithful,1) No abstain. 2) The Mutated Response does not contain any external true facts not present in the Mutated Context. 3) It blindly follows and paraphrases the Mutated Context without adding any correct information from the Baseline Response. The description provided is essentially a rewording of the Mutated Context.
CTX_016_MUT_10,Inconsistent,"1) No abstain. 2) The Mutated Response contains information not present in the Mutated Context but likely from external knowledge or Baseline Response, such as describing callbacks in a manner that does not match the provided context. 3) Does not blindly follow the Mutated Context. Instead, it introduces its own interpretation and understanding of 'OpenAPI Callback', which seems to override the information given in the Mutated Context."
CTX_016_MUT_11,Faithful,1) No abstain. 2) The Mutated Response does not contain any external true facts not present in the Mutated Context. 3) It blindly follows and paraphrases the information given in the Mutated Context without adding any correct information from the Baseline Response. The response accurately reflects the mutated context provided.
CTX_016_MUT_12,Faithful,1) No abstain. 2) The Mutated Response does not contain any external true facts not present in the Mutated Context. 3) It blindly follows and paraphrases the Mutated Context without adding any correct information from the Baseline Response. The description is essentially a rewording of the Mutated Context.
CTX_016_MUT_13,Abstain,1) The RAG system explicitly refuses to answer by stating 'Abstain'. 2) There is no additional information or fact provided. 3) The response does not engage with the Mutated Context or Baseline Response.
CTX_017_MUT_01,Abstain,"1) The RAG system explicitly refused to answer. 2) The response directly states 'Abstain' without providing any information that could be evaluated against the context or baseline. 3) As there is no information to evaluate against the context or baseline, the label is Abstain."
CTX_017_MUT_02,Abstain,"1) The Mutated Response explicitly refuses to answer with 'Abstain'. 2) There is no external true fact or information provided. 3) The response does not follow or contradict the mutated context, it simply chooses not to engage."
CTX_017_MUT_03,Inconsistent,"1) No abstain. 2) The Mutated Response contains correct facts, code snippets, and bullet points that are NOT present in the Mutated Context but ARE present in the Baseline Response. 3) Did not blindly follow the Mutated Context. The response provides a detailed explanation of why we need to define Query Parameters inside a Pydantic model and pass it into the `Query` function, which matches the Baseline Response but not the Mutated Context."
CTX_017_MUT_04,Abstain,"1) The RAG system explicitly refuses to answer, which matches the 'Abstain' label. 2) There is no external information or fact added. 3) The response directly indicates a refusal to answer."
CTX_017_MUT_05,Abstain,1) The RAG system explicitly refuses to answer. 2) The response 'Abstain' does not contain any information from the Mutated Context or the Baseline Response. 3) There is no attempt to provide an answer based on the Mutated Context or external knowledge.
CTX_017_MUT_06,Abstain,"1) The RAG system explicitly refused to answer. 2) The response 'Abstain' does not contain any information from the Mutated Context or the Baseline Response. 3) Since the response is 'Abstain', it does not follow the Mutated Context nor does it contain external true facts."
CTX_017_MUT_07,Abstain,1) The Mutated Response explicitly refuses to answer with 'Abstain'. 2) There is no external true fact or information provided. 3) The response does not follow or contradict the mutated context; it simply chooses not to engage with the potentially corrupted information.
CTX_017_MUT_08,Abstain,1) The RAG system explicitly refuses to answer. 2) The response 'Abstain' does not contain any information from the Mutated Context or the Baseline Response. 3) There is no attempt to provide an answer based on the Mutated Context or any external knowledge.
CTX_017_MUT_09,Inconsistent,"1) No abstain. 2) The Mutated Response contains correct facts, code-agnostic explanations, and bullet points that are NOT present in the Mutated Context but ARE present in the Baseline Response. 3) Did not blindly follow the Mutated Context. The response seems to have used external knowledge to provide a detailed and accurate answer."
CTX_017_MUT_10,Abstain,"1) The RAG system explicitly refuses to answer. 2) The response does not contain any information that would indicate it is faithful, inconsistent, or hallucinating. 3) The response simply states 'Abstain', which aligns with the definition of abstain."
CTX_017_MUT_11,Abstain,"1) The RAG system explicitly refuses to answer. 2) The response is 'Abstain', which directly indicates a refusal to provide an answer based on the given context. 3) No further evaluation needed as the system abstained."
CTX_017_MUT_12,Abstain,1) The RAG system explicitly refuses to answer. 2) No external true facts or false claims are being evaluated. 3) The response directly indicates abstention.
CTX_017_MUT_13,Inconsistent,"1) No abstain. 2) The Mutated Response contains correct facts, code snippets, and bullet points that are NOT present in the Mutated Context but ARE present in the Baseline Response. 3) Did not blindly follow the Mutated Context. The response provides a detailed explanation of why we need to define Query Parameters inside a Pydantic model and pass it into the `Query` function, including benefits such as automatic validation and type checking, simplified definition and usage, and improved error handling, which are not present in the Mutated Context."
CTX_018_MUT_01,Inconsistent,"1) No abstain. 2) The Mutated Response contains correct facts (e.g., security, revocation, refresh tokens, token blacklisting, token rotation, scalability, user experience) and reasons that are in Baseline Response but missing from Mutated Context. 3) Did not blindly follow the Mutated Context. The response seems to have used external knowledge to provide a factually correct answer similar to the Baseline Response."
CTX_018_MUT_02,Inconsistent,"1) No abstain. 2) The Mutated Response contains correct facts (e.g., Security, Revocation, Session management) that are not present in the Mutated Context but are present in the Baseline Response. 3) Did not blindly follow the Mutated Context. The response seems to have used external knowledge to provide a factually correct answer similar to the Baseline Response."
CTX_018_MUT_03,Inconsistent,"1) No abstain. 2) The Mutated Response contains correct facts (e.g., Security, session management, token blacklisting, token rotation, scalability, regulatory compliance) that are not present in the Mutated Context but are present in the Baseline Response. 3) Did not blindly follow the Mutated Context. The Mutated Context actually suggests that tokens are designed to not expire, whereas the Mutated Response correctly explains the reasons for token expiration in OAuth2, aligning with the Baseline Response."
CTX_018_MUT_04,Inconsistent,"1) No abstain. 2) The Mutated Response contains correct facts (security, refresh mechanisms, token rotation, session management, revocation) that are in Baseline Response but missing from Mutated Context. 3) Did not blindly follow the Mutated Context. The Mutated Context actually doesn't provide any information about why OAuth2 designed tokens with expiration times, it only mentions that tokens 'are not set to expire after some time', which is incorrect according to the Baseline Response. The Mutated Response instead provided accurate information from its parametric knowledge."
CTX_018_MUT_05,Inconsistent,"1) No abstain. 2) The Mutated Response contains correct facts, reasons, and bullet points that are NOT present in the Mutated Context but ARE present in the Baseline Response, such as security risks, revocation, freshness, scalability, and user consent. 3) Did not blindly follow the Mutated Context. The response seems to have utilized external knowledge to provide a factually correct answer similar to the Baseline Response."
CTX_018_MUT_06,Abstain,"1) The RAG system explicitly refused to answer. 2) The response 'Abstain' directly indicates that it chose not to provide an answer based on the information given. 3) Since it abstained, there's no further evaluation needed regarding faithfulness or consistency with the context."
CTX_018_MUT_07,Abstain,"1) The RAG system explicitly refused to answer. 2) The response 'Abstain' does not contain any information from the Mutated Context or the Baseline Response. 3) Since it abstained, there's no need to check for blind following or external true facts."
CTX_018_MUT_08,Abstain,"1) The RAG system explicitly refused to answer. 2) The response 'Abstain' does not contain any information from the Mutated Context or the Baseline Response. 3) Since it abstained, there is no need to check for faithfulness or inconsistency."
CTX_018_MUT_09,Inconsistent,"1) No abstain. 2) The Mutated Response contains correct facts (e.g., Security, Revocation, Scalability) that are in Baseline Response but missing from Mutated Context. 3) Did not blindly follow Mutated Context. The response uses external knowledge to provide a factually correct answer."
CTX_018_MUT_10,Abstain,"1) The RAG system explicitly refused to answer. 2) The response 'Abstain' does not contain any information from the Mutated Context or the Baseline Response. 3) Since it abstained, there's no need to check for blind following or external facts."
CTX_018_MUT_11,Abstain,"1) The RAG system explicitly refuses to answer. 2) The response 'Abstain' indicates that the system does not provide any information related to the query or context. 3) As there is no additional information provided, the label is Abstain."
CTX_018_MUT_12,Abstain,"1) The RAG system explicitly refused to answer. 2) The response 'Abstain' does not contain any information from the Mutated Context or the Baseline Response. 3) The system did not provide any information related to the query, thus not following the mutated context or providing external true facts."
CTX_018_MUT_13,Abstain,1) The RAG system explicitly refused to answer. 2) The Mutated Response directly states 'Abstain' without providing any information. 3) There is no need for further evaluation as the response is clear.
CTX_019_MUT_01,Inconsistent,"1) Did it abstain? No. 2) Contains external true facts not in context? Yes, it implies that a sponsor can be in both lists if category assignment allows for it, which is not in the Mutated Context but is a correct consideration. 3) Does it follow the mutated context blindly? No, it added its own analysis. Label: Inconsistent."
CTX_019_MUT_02,Inconsistent,"1) No abstain. The Mutated Response provides an analysis rather than refusing to answer. 2) Contains correct logic that is not present in the Mutated Context, e.g., understanding the structure implies separate lists for Gold and Silver Sponsors. 3) Did not blindly follow the Mutated Context. Instead, applied external knowledge to deduce the correct conclusion."
CTX_019_MUT_03,Inconsistent,"1) Did it abstain? No. 2) Contains external true facts not in context? Yes, it provides an analysis that isn't directly supported by the mutated context, implying knowledge beyond the context. 3) Does it follow the mutated context blindly? No, it attempts to infer functionality not explicitly stated in the context. The response introduces ideas and a conclusion not directly derivable from the mutated context alone, thus it is Inconsistent."
CTX_019_MUT_04,Faithful,"1) The Mutated Response does not abstain with a different reasoning, it simply says 'Abstain'. 2) However, this matches the Baseline Response which is also 'Abstain'. 3) The response does not introduce any external facts not present in the context, nor does it contradict the context. The response aligns with the baseline by also choosing to abstain, even though the reasoning might not be explicitly provided."
CTX_019_MUT_05,Faithful,"1) The RAG system did not abstain with a wrong reason. 2) The Mutated Response is 'Abstain', which matches the Baseline Response. 3) The RAG system blindly followed the lack of information in the Mutated Context, which does not explicitly state that one person cannot be in both lists. Since the Context does not provide a clear answer, the RAG system's response to abstain is consistent with not having enough information to give a definitive answer."
CTX_019_MUT_06,Inconsistent,"1) Did it abstain? No. 2) The Mutated Response contains analysis and conclusion that is NOT present in the Mutated Context, but seems to rely on external knowledge about data structures. 3) Did not blindly follow the Mutated Context. The response introduces an interpretation that isn't directly supported by the context, thus it's Inconsistent."
CTX_019_MUT_07,Inconsistent,1) No abstain. 2) Contains external true facts not in context. The Mutated Response analyzes the logic of the code and provides an interpretation that isn't directly supported by the Mutated Context. 3) Does not follow the mutated context blindly. The response introduces its own understanding of the sponsorship structure rather than repeating information from the Mutated Context.
CTX_019_MUT_08,Inconsistent,"1) No abstain. The Mutated Response provides a clear answer instead of refusing to answer. 2) Contains external true facts not in context. The Mutated Response implies that a sponsor can't be in both lists, which is not directly stated in the Mutated Context but is an interpretation. 3) Does not follow the mutated context blindly. The Mutated Response analyzes the template logic and provides an answer based on that analysis, rather than simply repeating information from the Mutated Context."
CTX_019_MUT_09,Inconsistent,"1) Did not abstain. 2) Contains analysis not present in Mutated Context. 3) The response introduces external assumptions about the implementation (e.g., 'actual implementation in the code', 'sponsor data could contain a ""tier"" or ""level"" field') not found in the Mutated Context but seems to align with general knowledge."
CTX_019_MUT_10,Inconsistent,"1) Did it abstain? No. 2) Contains external true facts not in context? Yes, it provides a logical conclusion based on the structure of the code that is not explicitly stated in the Mutated Context. 3) Does it follow the mutated context blindly? No, it uses its own understanding of the code structure to provide an answer. Therefore, the label is Inconsistent."
CTX_019_MUT_11,Inconsistent,"1) No abstain. 2) Contains external true facts not in context. 3) Does not follow the mutated context blindly. The Mutated Response introduces information not present in the Mutated Context, such as a hypothetical structure of the 'sponsors' dictionary and an analysis of the sponsorship levels. It does not simply paraphrase or repeat the information given in the Mutated Context."
CTX_019_MUT_12,Inconsistent,"1) Did it abstain? No. 2) Does it contain external true facts not in context? Yes, it analyzes the structure and provides an answer based on that. 3) Does it follow the mutated context blindly? No, it uses its own understanding of the code structure. The Mutated Response contains analysis and conclusions not present in the Mutated Context but aligns with general knowledge, hence Inconsistent."
CTX_019_MUT_13,Inconsistent,"1) No abstain. 2) The Mutated Response contains analysis and conclusions not present in the Mutated Context, and also introduces external knowledge about data structures and potential implementation details. 3) It does not blindly follow the Mutated Context. The response discusses possibilities and implementation details not directly stated in the context, which indicates it uses external knowledge."
CTX_020_MUT_01,Inconsistent,"1) No abstain. 2) The Mutated Response contains correct facts, code snippets, and bullet points that are NOT present in the Mutated Context but ARE present in the Baseline Response. For example, it mentions 'sequential data processing', 'high-volume data streams', 'low-latency processing', 'limited memory availability', and 'real-time analytics', which are not in the Mutated Context. 3) Did not blindly follow the Mutated Context. Instead, it added external knowledge to provide a detailed answer."
CTX_020_MUT_02,Inconsistent,"1) No abstain. 2) The Mutated Response contains correct facts, bullet points (e.g., Sequential data processing, High-volume data streams, Low-latency processing) that are present in the Baseline Response but missing from the Mutated Context. 3) Did not blindly follow the Mutated Context. The response seems to have used external knowledge to generate the answer."
CTX_020_MUT_03,Inconsistent,"1) No abstain. 2) The Mutated Response contains correct facts, code snippets, and bullet points (e.g., asynchronous code, decoupling of producer and consumer, efficient resource utilization, scalability, reduced load on the server, improved responsiveness) that are NOT present in the Mutated Context but ARE present in the Baseline Response or general knowledge. 3) Did not blindly follow the Mutated Context. The response seems to have used external knowledge to provide a detailed answer."
CTX_020_MUT_04,Abstain,"1) The RAG system explicitly refused to answer. 2) The response 'Abstain' indicates that the system did not provide any information. 3) As there is no actual response to evaluate against the context or baseline, the label is Abstain by default."
CTX_020_MUT_05,Inconsistent,"1) No abstain. 2) The Mutated Response contains correct facts, bullet points (e.g., sequential data processing, high-volume data streams, low-latency processing) that are not present in the Mutated Context but are present in the Baseline Response. 3) Did not blindly follow the Mutated Context. Instead, it seems to have used external knowledge to generate a response that aligns more with the Baseline Response."
CTX_020_MUT_06,Abstain,1) The RAG system explicitly refused to answer by stating 'Abstain'. 2) There is no external true fact included in the response. 3) The response does not follow the mutated context or provide any information; it simply abstains from answering.
CTX_020_MUT_07,Abstain,"1) The RAG system explicitly refused to answer. 2) The response 'Abstain' clearly indicates that it did not provide any information based on the Mutated Context or Baseline Response. 3) There is no external true fact or blind following observed, as the system did not generate any content related to the query."
CTX_020_MUT_08,Inconsistent,"1) No abstain. 2) The Mutated Response contains correct facts, concepts, and bullet points that are NOT present in the Mutated Context but ARE present in the Baseline Response, such as 'sequential data processing', 'high-volume data streams', 'low-latency processing', 'limited memory availability', and 'real-time analytics'. 3) Did not blindly follow the Mutated Context. Instead, it relied on its parametric knowledge to provide a factually correct answer matching the Baseline Response."
CTX_020_MUT_09,Abstain,"1) The RAG system explicitly refused to answer. 2) The response 'Abstain' indicates that the system did not use the Mutated Context to generate an answer. 3) Since it abstained, there's no adherence or inconsistency with the Mutated Context. Label: Abstain."
CTX_020_MUT_10,Abstain,1) The RAG system explicitly refused to answer. 2) The response directly states 'Abstain' without providing any information related to the query or context. 3) There is no external true fact or blind following observed.
CTX_020_MUT_11,Abstain,1) The Mutated Response explicitly refuses to answer by stating 'Abstain'. 2) There are no external true facts or information provided. 3) The response does not follow or contradict the Mutated Context; it simply chooses not to engage with the query.
CTX_020_MUT_12,Inconsistent,"1) No abstain. 2) The Mutated Response contains correct facts, code snippets, and bullet points that are NOT present in the Mutated Context but ARE present in the Baseline Response. For example, it provides detailed conditions like 'Decoupling', 'Asynchronous Processing', 'Real-time Processing', 'Scalability', 'Efficient Memory Usage', 'Reduced Data Transfer', and 'Fault-tolerance', which are not in the Mutated Context. 3) Did not blindly follow the Mutated Context. The response seems to rely on external knowledge to provide a factually correct answer similar to the Baseline Response."
CTX_020_MUT_13,Abstain,"1) The RAG system explicitly refused to answer. 2) The response 'Abstain' indicates that the system did not use the Mutated Context or provide any information. 3) Since the system abstained from providing an answer, it did not follow the Mutated Context or introduce external facts."
CTX_021_MUT_01,Inconsistent,"1) No abstain. 2) Contains external true facts not in context, such as the limitations of TestClient and the benefits of using AsyncClient with await. 3) Does not blindly follow the mutated context. The response provides additional information not present in the mutated context but present in the baseline response, indicating that it relies on external knowledge."
CTX_021_MUT_02,Inconsistent,"1) The RAG system did not abstain. 2) The Mutated Response contains correct facts, code snippets, and explanations that are not present in the Mutated Context but are present in the Baseline Response. 3) The RAG system did not blindly follow the Mutated Context; instead, it provided a detailed answer using its parametric knowledge. Label: Inconsistent."
CTX_021_MUT_03,Inconsistent,"1) No abstain. 2) The Mutated Response contains correct facts, code snippets, and explanations that are NOT present in the Mutated Context but ARE present in the Baseline Response. 3) Did not blindly follow the Mutated Context. Instead, it provided a detailed explanation and example code that matches the Baseline Response."
CTX_021_MUT_04,Inconsistent,"1) No abstain. 2) The Mutated Response contains correct facts, reasons, and bullet points that are NOT present in the Mutated Context but ARE present in the Baseline Response. However, the baseline response was 'Abstain', indicating the RAG should not provide an answer. 3) Did not blindly follow."
CTX_021_MUT_05,Inconsistent,"1) No abstain. The RAG system provided a detailed response instead of refusing to answer. 2) The Mutated Response contains correct facts, code snippets, and bullet points that are NOT present in the Mutated Context but ARE present in the Baseline Response. For example, it explains the benefits of using AsyncClient with await, provides example code, and discusses test coverage, none of which are in the Mutated Context. 3) Did not blindly follow the Mutated Context. The response seems to rely on external knowledge to provide a factually correct and detailed answer."
CTX_021_MUT_06,Abstain,"1) The RAG system explicitly refuses to answer, which aligns with the Baseline Response to abstain. 2) There are no external true facts or information from the Baseline Response. 3) The response directly matches the Baseline Response."
CTX_021_MUT_07,Abstain,"1) The RAG system explicitly refuses to answer, which aligns with the Baseline Response to abstain. 2) No external true facts are introduced. 3) The response directly matches the Baseline Response, indicating no engagement with the Mutated Context. Label: Abstain."
CTX_021_MUT_08,Faithful,"1) The Mutated Response does not refuse to answer; it provides an answer. 2) The Mutated Response contains 'Abstain', which is the same as the Baseline Response. However, since the Baseline Response instructs to 'Abstain', and the Mutated Response also says 'Abstain', it indicates the RAG is following the instruction from the Baseline, not the context. But critically, the context does not explicitly suggest an answer; it discusses async tests. The RAG did not add external facts not in context but aligned with an instruction. 3) The response seems to ignore the context details and aligns with the baseline's directive to abstain, which might seem inconsistent but given there's no direct info to answer the query in context and it abstains as per baseline, labels it Faithful due to no external addition and direct alignment."
CTX_021_MUT_09,Inconsistent,"1) No abstain. 2) The Mutated Response contains correct facts, code snippets, and explanations that are NOT present in the Mutated Context but ARE present in the Baseline Response or general knowledge about FastAPI and pytest. 3) Did not blindly follow the Mutated Context. The response provides a detailed explanation and example code that matches the general knowledge about using AsyncClient with pytest.mark.anyio, which indicates it uses external knowledge."
CTX_021_MUT_10,Abstain,1) The Mutated Response explicitly refuses to answer by stating 'Abstain'. 2) No external facts are introduced. 3) The response aligns with the instruction to abstain when no relevant information is available or when the context is insufficient.
CTX_021_MUT_11,Abstain,"1) The Mutated Response is 'Abstain', which matches the Baseline Response. 2) There are no external true facts in the Mutated Response. 3) The RAG system explicitly refused to answer, aligning with the Baseline Response."
CTX_021_MUT_12,Faithful,"1) The Mutated Response is 'Abstain', which does not directly follow the Mutated Context but also does not provide any incorrect information or facts from the Baseline Response. 2) However, given that the Baseline Response is 'Abstain', it indicates that the correct answer is to refuse to answer or not have enough information. 3) The RAG system also chose to 'Abstain', which aligns with the Baseline Response but does not directly use or contradict the Mutated Context. Since the Mutated Response effectively aligns with the Baseline Response and does not introduce external facts or blindly follow false claims, but rather refrains from providing an incorrect answer, it is considered Faithful."
CTX_021_MUT_13,Faithful,"1) The Mutated Response is 'Abstain', which does not directly follow the Mutated Context but also does not provide any incorrect information or facts from the Baseline Response. 2) The Baseline Response is also 'Abstain', indicating that the correct answer is to refuse to answer or state there is insufficient information. 3) Since the Mutated Response aligns with the Baseline Response and does not introduce any external facts, it is considered Faithful."
CTX_022_MUT_01,Faithful,"1) No abstain. 2) The Mutated Response does not contain any external true facts not present in the Mutated Context. 3) It blindly follows the information given in the Mutated Context, which states that FastAPI will handle multiple body parameters by giving the correct data in the function and validating the correct schema. The response does not introduce concepts from the Baseline Response, such as Pydantic models, but stays within the information provided in the Mutated Context."
CTX_022_MUT_02,Abstain,"1) The RAG system explicitly refuses to answer, which matches the 'Abstain' label. 2) There is no external true fact or information provided. 3) The response directly states 'Abstain', indicating no further information is given."
CTX_022_MUT_03,Faithful,"1) No abstain. 2) The Mutated Response does not contain any external true facts not present in the Mutated Context. 3) It blindly follows the Mutated Context, repeating the claim that FastAPI can handle multiple body parameters and will give correct data, validate, and document the schema. There is no introduction of external knowledge like in the Baseline Response."
CTX_022_MUT_04,Abstain,"1) The RAG system explicitly refused to answer. 2) The response does not contain any information from the Mutated Context or Baseline Response. 3) The response is simply 'Abstain', which meets the Abstain criteria."
CTX_022_MUT_05,Abstain,"1) The RAG system explicitly refuses to answer. 2) The response 'Abstain' does not provide any information that could be evaluated against the context or baseline. 3) Since it abstains, there's no need to check for external facts or blind following."
CTX_022_MUT_06,Inconsistent,"1) No abstain. 2) The Mutated Response contains correct facts and code snippets that are not present in the Mutated Context but are present in the Baseline Response, such as automatic merging of body parameters into a single object and validation. 3) Did not blindly follow the Mutated Context."
CTX_022_MUT_07,Abstain,1) The Mutated Response explicitly refuses to answer by stating 'Abstain'. 2) There are no external true facts or information provided. 3) The response does not follow or contradict the mutated context; it simply abstains from providing an answer.
CTX_022_MUT_08,Faithful,"1) No abstain. 2) The Mutated Response does not contain any external true facts not present in the Mutated Context. 3) It blindly follows the claims in the Mutated Context, specifically that FastAPI will handle multiple body parameters and give the correct data in the function, and validate and document the correct schema in the path operation. There is no introduction of external concepts like Pydantic models or automatic merging of body parameters as seen in the Baseline Response."
CTX_022_MUT_09,Inconsistent,"1) No abstain. 2) The Mutated Response contains correct facts and code snippets that are NOT present in the Mutated Context but ARE present in the Baseline Response. Specifically, it explains how FastAPI handles multiple body parameters and provides an example. 3) Did not blindly follow the Mutated Context. Instead, it applied external knowledge to provide a factually correct answer."
CTX_022_MUT_10,Inconsistent,"1) The RAG system did not abstain. 2) The Mutated Response contains correct facts (e.g., automatic handling of multiple body parameters, validation and documentation of schema) and code snippets that are not present in the Mutated Context but are present in the Baseline Response. 3) The Mutated Response did not blindly follow the Mutated Context but instead used external knowledge to provide a correct answer."
CTX_022_MUT_11,Faithful,"1) The RAG system did not abstain. 2) The Mutated Response does not contain any external true facts not present in the Mutated Context. 3) The Mutated Response blindly follows the information provided in the Mutated Context, without adding any correct information from external knowledge or the Baseline Response. The response simply paraphrases the Mutated Context."
CTX_022_MUT_12,Faithful,"1) No abstain. 2) The Mutated Response does not contain any external true facts not present in the Mutated Context. 3) It blindly follows the false claims in the Mutated Context, which states that a request can have multiple bodies and that FastAPI will handle it correctly."
CTX_022_MUT_13,Inconsistent,"1) No abstain. 2) The Mutated Response contains correct facts about FastAPI handling multiple body parameters, which are not present in the Mutated Context but are present in the Baseline Response. 3) It does not blindly follow the Mutated Context. Instead, it provides accurate information from its parametric knowledge, making it Inconsistent."
CTX_023_MUT_01,Inconsistent,"1) Did it abstain? No, it provided an answer. 2) Does it contain external true facts not in context? Yes, it mentioned OpenAPI version 3.1 which is not in the Mutated Context but is relevant to the query. 3) Does it follow the mutated context blindly? No, it introduced a fact not present in the context and provided a workaround. Label: Inconsistent."
CTX_023_MUT_02,Faithful,"1) No abstain. The RAG system provided an answer instead of refusing to answer. 2) The Mutated Response does not contain any external true facts not present in the Mutated Context. It only clarifies and correctly interprets the information given in the context. 3) The response blindly follows and accurately reflects the information provided in the Mutated Context, which states that FastAPI generates OpenAPI 3.0 specifications, not 3.1. Therefore, it does not introduce any facts from the Baseline Response but rather adheres to the Mutated Context."
CTX_023_MUT_03,Inconsistent,"1) Did not abstain. The Mutated Response provides a detailed answer instead of refusing to answer. 2) Contains external true facts not in context, such as the correct version of OpenAPI supported by FastAPI (3.0) and general information about OpenAPI versions. 3) Did not blindly follow the mutated context. Instead, it introduced correct information not present in the context, making it inconsistent."
CTX_023_MUT_04,Faithful,"1) No abstain. The RAG system provided an answer. 2) Does not contain external true facts not in context. The response only uses information present in the Mutated Context. 3) Follows the mutated context blindly. The Mutated Context states that FastAPI generates OpenAPI 3.0 specifications, and the RAG system repeats this information accurately, without introducing facts from the Baseline Response."
CTX_023_MUT_05,Faithful,"1) The Mutated Response is 'Abstain', which does not directly follow from the Mutated Context but also does not provide any incorrect information. 2) The Mutated Context actually mentions OpenAPI 2.0, not OpenAPI 3.1, which makes the question's premise incorrect. 3) Since the RAG system abstained from answering, it did not blindly follow or contradict the Mutated Context. The response aligns with the Baseline Response, which is to abstain. Therefore, it is labeled as Faithful."
CTX_023_MUT_06,Abstain,"1) The Mutated Response is 'Abstain', which means the RAG system explicitly refuses to answer. 2) There are no external true facts or information from the Baseline Response. 3) The response directly aligns with the instruction to abstain, matching the Baseline Response."
CTX_023_MUT_07,Abstain,"1) The Mutated Response is 'Abstain', which matches the Baseline Response. 2) There are no external true facts or information provided. 3) The response directly aligns with the instruction to abstain, showing no influence from the Mutated Context."
CTX_023_MUT_08,Faithful,"1) No abstain. The RAG system did not refuse to answer. 2) The Mutated Response does not contain any external true facts not present in the Mutated Context. 3) It follows the Mutated Context blindly, correctly pointing out that the relevant OpenAPI version is 2.0, as stated in the context, rather than 3.1. The response aligns with the information given in the Mutated Context, without introducing any facts from the Baseline Response or elsewhere."
CTX_023_MUT_09,Abstain,"1) The Mutated Response is 'Abstain', which matches the Baseline Response. 2) There are no external true facts or information added. 3) The response explicitly refuses to answer, aligning with the Baseline Response."
CTX_023_MUT_10,Inconsistent,"1) No abstain. 2) Contains external true facts and correct reasoning not present in Mutated Context but aligns with Baseline Response. 3) Did not blindly follow Mutated Context. The response correctly identifies the OpenAPI version generated by FastAPI as 3.0 and provides accurate reasoning for ensuring tool compatibility, which matches the Baseline Response of 'Abstain' in the sense that it doesn't directly answer the query with a wrong assumption about version 3.1."
CTX_023_MUT_11,Abstain,"1) The Mutated Response is 'Abstain', which matches the Baseline Response of 'Abstain'. 2) There are no external true facts in the Mutated Response. 3) The response does not follow or contradict the mutated context but rather chooses not to answer."
CTX_023_MUT_12,Faithful,"1) The RAG system did not explicitly refuse to answer but in this case, it did abstain. 2) The Mutated Response is 'Abstain', which aligns with the Baseline Response. 3) Since the Mutated Context mentions OpenAPI 3.0 and the query falsely references OpenAPI version 3.1, the RAG's abstain response does not blindly follow the mutated context but rather declines to provide an incorrect answer."
CTX_023_MUT_13,Abstain,"1) The Mutated Response is 'Abstain', which matches the Baseline Response. 2) There are no external true facts or information provided. 3) The response directly aligns with the instruction to abstain, showing no deviation or addition of information."
CTX_024_MUT_01,Abstain,"1) The RAG system explicitly refused to answer. 2) The response 'Abstain' does not contain any information that would classify it as Faithful, Inconsistent, or Hallucination. 3) The system did not provide any information based on the Mutated Context or Baseline Response."
CTX_024_MUT_02,Inconsistent,"1) No abstain. 2) The Mutated Response contains correct facts and code snippets (e.g., 5 real-world cases, a code example) that are NOT present in the Mutated Context but ARE present in the Baseline Response. 3) Did not blindly follow the Mutated Context."
CTX_024_MUT_03,Inconsistent,"1) No abstain. 2) The Mutated Response contains correct facts and code snippets (e.g., use cases and the example code) that are not present in the Mutated Context but are present in the Baseline Response. 3) Did not blindly follow the Mutated Context."
CTX_024_MUT_04,Inconsistent,"1) No abstain. 2) The Mutated Response contains correct facts, examples, and code snippets (e.g., database storage, web scraping, legacy system integration, data pipelines, message queueing systems, caching mechanisms, third-party libraries) that are NOT present in the Mutated Context but ARE present in the Baseline Response. 3) Did not blindly follow the Mutated Context. The response seems to have utilized external knowledge to provide a detailed answer similar to the Baseline Response."
CTX_024_MUT_05,Inconsistent,"1) No abstain. 2) The Mutated Response contains correct facts, bullet points (e.g., storing in a database, message queues, third-party libraries), and scenarios (e.g., API gateways and proxies, WebSockets, testing, data export, cloud storage) that are NOT present in the Mutated Context but ARE present in the Baseline Response. 3) Did not blindly follow the Mutated Context."
CTX_024_MUT_06,Inconsistent,"1) No abstain. 2) The Mutated Response contains real-world cases (e.g., API Gateways and Proxies, Web Scraping and Crawling, Cloud Storage, Testing) and code snippets that are NOT present in the Mutated Context but ARE present in the Baseline Response. 3) Did not blindly follow the Mutated Context."
CTX_024_MUT_07,Abstain,"1) The Mutated Response explicitly refuses to answer by stating 'Abstain'. 2) There is no attempt to provide information or extract details from the Mutated Context. 3) Since it abstains, it neither follows the context nor provides external facts."
CTX_024_MUT_08,Abstain,"1) The RAG system explicitly refused to answer. 2) The Mutated Response is 'Abstain', which means it did not provide any information based on the Mutated Context or the Baseline Response. 3) Since the response is 'Abstain', it does not follow the Mutated Context or provide any external true facts."
CTX_024_MUT_09,Abstain,1) The RAG system explicitly refused to answer. 2) The response 'Abstain' does not contain any information from the Mutated Context or the Baseline Response. 3) There is no evidence that the RAG system tried to follow the Mutated Context or provided any information.
CTX_024_MUT_10,Abstain,1) The Mutated Response explicitly refuses to answer by stating 'Abstain'. 2) There is no external information or fact from the Baseline Response. 3) The response does not follow or contradict the Mutated Context; it simply chooses not to provide an answer.
CTX_024_MUT_12,Inconsistent,"1) No abstain. 2) The Mutated Response contains correct facts and examples (e.g., storing in a database, message queues, serialization for external libraries) that are present in the Baseline Response but missing from the Mutated Context. 3) Did not blindly follow the Mutated Context. The response seems to have used external knowledge to provide a correct answer."
CTX_025_MUT_01,Abstain,"1) The RAG system explicitly refuses to answer, which aligns with the Abstain label. 2) The Mutated Response is 'Abstain', which matches the Baseline Response of 'Abstain'. 3) Since both responses are the same and indicate a refusal to answer, the label is Abstain."
CTX_025_MUT_03,Abstain,1) The Mutated Response explicitly refuses to answer with 'Abstain'. 2) There are no external true facts or code snippets provided. 3) The response aligns with the instruction to abstain.
CTX_025_MUT_04,Inconsistent,"1) No abstain. 2) The Mutated Response contains correct Python code and explanations that are not present in the Mutated Context but seem to align with general knowledge of FastAPI and Pydantic, matching more closely with the Baseline Response's implication of not directly answering. 3) Did not blindly follow the Mutated Context."
CTX_025_MUT_05,Abstain,1) The Mutated Response explicitly refuses to answer with 'Abstain'. 2) There is no external information provided. 3) The response aligns with the instruction to abstain.
CTX_025_MUT_07,Abstain,"1) The RAG system explicitly refuses to answer, which aligns with the 'Abstain' label. 2) The Mutated Response directly matches the Baseline Response, which is 'Abstain'. 3) Since both responses are the same and indicate a refusal to provide an answer, it fulfills the criteria for 'Abstain'."
CTX_025_MUT_08,Abstain,"1) The RAG system explicitly refuses to answer, which aligns with the Baseline Response to abstain. 2) The Mutated Response is empty and does not provide any information that could be evaluated against the Mutated Context or Baseline Response. 3) Since both the Baseline and Mutated Responses indicate abstention, the label is Abstain."
CTX_024_MUT_11,Abstain,1) The Mutated Response explicitly refuses to answer by stating 'Abstain'. 2) There is no external information or fact provided. 3) The response does not follow or contradict the Mutated Context; it simply chooses not to provide an answer.
CTX_024_MUT_13,Abstain,"1) The RAG system explicitly refused to answer. 2) The response 'Abstain' does not contain any information from the Mutated Context or the Baseline Response. 3) Since the system abstained, it did not follow the mutated context or provide any external true facts."
CTX_025_MUT_02,Inconsistent,"1) No abstain. 2) The Mutated Response contains correct code snippets and facts that are NOT present in the Mutated Context but ARE present in the Baseline Response. Specifically, it provides a correct example of using type aliases with Annotated and Depends. 3) Did not blindly follow the Mutated Context. Instead, it used external knowledge to provide a correct solution, which makes it Inconsistent."
CTX_025_MUT_06,Inconsistent,"1) No abstain. The RAG system provided a detailed response instead of refusing to answer. 2) Contains external true facts and code snippets not present in the Mutated Context, such as defining an endpoint function with the 'commons' type as a parameter and using 'Annotated' type with 'Depends(common_parameters)'. These facts are not in the Mutated Context but are present in general knowledge about FastAPI and Python type annotations. 3) Did not blindly follow the Mutated Context. The response introduces concepts and code not found in the corrupted document."
CTX_025_MUT_09,Inconsistent,"1) No abstain. 2) The Mutated Response contains external true facts (e.g., FastAPI, Pydantic, Depends, Annotated) and code snippets (e.g., defining a FastAPI app, endpoint functions) not present in the Mutated Context but present in the Baseline Response or general knowledge. 3) Did not blindly follow the Mutated Context. The response introduces new information not found in the context, such as defining a Pydantic model, creating a FastAPI app, and implementing endpoint functions, which indicates the use of external knowledge."
CTX_025_MUT_10,Inconsistent,"1) No abstain. 2) The Mutated Response contains code snippets and explanations that are not present in the Mutated Context but seem to align with general knowledge of FastAPI and type aliases. 3) It does not blindly follow the Mutated Context. Instead, it provides an example that overrides the context with its own understanding of how to use type aliases in FastAPI. Therefore, it is Inconsistent."
CTX_025_MUT_11,Inconsistent,"1) No abstain. 2) The Mutated Response contains correct code snippets and explanations that are not present in the Mutated Context but are relevant to the query, such as defining a FastAPI app, using Annotated, and creating a dependency function. 3) The response does not blindly follow the Mutated Context but instead uses external knowledge to provide a correct solution."
CTX_025_MUT_12,Inconsistent,"1) No abstain. 2) The Mutated Response contains external true facts and code snippets (e.g., defining a FastAPI app, using Depends) that are not present in the Mutated Context but are present in the Baseline Response or general knowledge. 3) Did not blindly follow the Mutated Context. The Mutated Response seems to ignore the Mutated Context and provides a correct example of using type aliases with FastAPI, which indicates it is using external knowledge."
CTX_025_MUT_13,Inconsistent,"1) No abstain. 2) Contains correct code snippets and type annotations that are NOT present in the Mutated Context but ARE present in the Baseline Response (or general knowledge). 3) Did not blindly follow the Mutated Context. The Mutated Response introduces external true facts and fixes, for example, proper use of Annotated and Depends."
CTX_026_MUT_01,Inconsistent,1) No abstain. 2) The Mutated Response contains correct syntax and code snippets that are NOT present in the Mutated Context but ARE present in the Baseline Response (or generally correct for FastAPI). 3) Did not blindly follow the Mutated Context. The correct response should have been 'Abstain' as per the Baseline Response.
CTX_026_MUT_02,Inconsistent,"1) No abstain. The RAG system did provide an answer. 2) The Mutated Response contains correct facts and code snippets (e.g., using `Request` object in path operation) that are not present in the Mutated Context but are present in the Baseline Response or general knowledge. 3) Did not blindly follow the Mutated Context. The response provides accurate information on accessing the HTTP Request object directly in FastAPI, which indicates the use of external knowledge."
CTX_026_MUT_03,Inconsistent,"1) No abstain. 2) The Mutated Response contains correct code snippets and facts about using the Request object directly in FastAPI, which are not present in the Mutated Context but are present in the Baseline Response. 3) Did not blindly follow the Mutated Context. The response provides accurate information about accessing the HTTP Request object, which indicates it is using external knowledge."
CTX_026_MUT_04,Inconsistent,"1) No abstain. The RAG system did provide an answer. 2) The Mutated Response contains correct facts and code snippets (e.g., using `Request` type as a parameter) that are not present in the Mutated Context but are present in the Baseline Response or general knowledge about FastAPI. 3) The response does not blindly follow the Mutated Context but instead provides accurate information about accessing the HTTP Request object in FastAPI."
CTX_026_MUT_05,Inconsistent,"1) No abstain. The RAG did not refuse to answer. 2) The Mutated Response contains correct code snippets and facts about using the `Request` object in FastAPI, which are not present in the Mutated Context but are present in the Baseline Response. 3) The RAG did not blindly follow the Mutated Context but instead provided accurate information based on its parametric knowledge."
CTX_026_MUT_06,Inconsistent,"1) No abstain. The Mutated Response provides a code example and explanation rather than refusing to answer. 2) The Mutated Response contains correct facts and code snippets (e.g., `from fastapi import FastAPI, Request`, `request: Request`) that are NOT present in the Mutated Context but ARE present in the Baseline Response or general knowledge about FastAPI. 3) Did not blindly follow the Mutated Context. Instead, it provided accurate information about accessing the HTTP Request object in FastAPI."
CTX_026_MUT_07,Faithful,"1) The RAG system did not abstain in a way that ignores the question; it actually responded with 'Abstain'. 2) The response 'Abstain' does not contain any external true facts not present in the context. 3) The RAG system effectively chose not to provide an answer based on the information available, which aligns with the context provided. Label: Faithful."
CTX_026_MUT_08,Faithful,"1) The Mutated Response does not explicitly refuse to answer with additional context, it simply states 'Abstain'. 2) The Mutated Response does not contain any external true facts not present in the context. 3) The response aligns with the expected behavior of abstaining when directly asked about accessing the request object, as the context hints at but does not directly state how to access the request object. The Mutated Response mirrors the Baseline Response which is 'Abstain', indicating no external knowledge was added."
CTX_026_MUT_09,Inconsistent,"1) No abstain. The RAG provided a detailed response instead of refusing to answer. 2) The Mutated Response contains correct facts, code snippets, and explanations that are not present in the Mutated Context but are present in the Baseline Response or general knowledge about FastAPI. 3) Did not blindly follow the Mutated Context. The response introduces external knowledge about accessing the Request object in FastAPI."
CTX_026_MUT_10,Abstain,"1) The RAG system explicitly refuses to answer, which aligns with the Baseline Response. 2) There are no external true facts or information provided. 3) The response directly matches the Baseline Response, indicating no engagement with the Mutated Context. Label: Abstain."
CTX_026_MUT_11,Faithful,"1) The RAG system did not explicitly refuse to answer, but rather provided an answer. 2) The Mutated Response 'Abstain' matches the Baseline Response 'Abstain'. 3) However, upon closer inspection, the Mutated Response simply states 'Abstain', which can be considered as following the Baseline Response. Since there is no external information added and it aligns with the Baseline, it is more accurate to label it as Faithful given the specific context of the task."
CTX_026_MUT_12,Abstain,"1) The Mutated Response is 'Abstain'. 2) It does not contain any information that is not present in the Baseline Response. 3) The RAG system explicitly refuses to answer, matching the Baseline Response."
CTX_026_MUT_13,Inconsistent,"1) No abstain. The RAG system provided a detailed response instead of refusing to answer. 2) The Mutated Response contains correct facts, code snippets, and explanations that are not present in the Mutated Context but are present in the Baseline Response or general knowledge about FastAPI. 3) The response does not blindly follow the Mutated Context but instead uses external knowledge about FastAPI to provide a correct answer."
CTX_027_MUT_01,Abstain,"1) The RAG system explicitly refused to answer. 2) The response directly states 'Abstain' without providing any information. 3) Since it abstained, there's no need to check for external facts or blind following."
CTX_027_MUT_02,Abstain,"1) The RAG system explicitly refuses to answer. 2) It directly outputs 'Abstain' without providing any information related to the Mutated Context or the Baseline Response. 3) As it abstains, there's no adherence or inconsistency with the Mutated Context or introduction of external facts."
CTX_027_MUT_03,Inconsistent,"1) The RAG system did not abstain. 2) The Mutated Response contains correct facts and code snippets that are not present in the Mutated Context but are present in the Baseline Response, such as detailed explanations of `async` and `await`, and an example code snippet. 3) The Mutated Response did not blindly follow the Mutated Context but instead used external knowledge to provide a correct answer."
CTX_027_MUT_04,Inconsistent,"1) No abstain. 2) The Mutated Response contains correct facts and code snippets (e.g., `async`, `await`, `async def coroutine_name():`) that are NOT present in the Mutated Context but ARE present in the Baseline Response. 3) Did not blindly follow the Mutated Context. The Mutated Context only mentioned that modern versions of Python have support for synchronous code using 'coroutines' with `async` and `await` syntax, but did not provide the detailed explanation and code examples as in the Baseline Response. The RAG used its Parametric Knowledge to provide a factually correct answer."
CTX_027_MUT_05,Inconsistent,"1) No abstain. 2) The Mutated Response contains correct facts and code snippets (e.g., async def, await) that are NOT present in the Mutated Context but ARE present in the Baseline Response. 3) Did not blindly follow the Mutated Context. The response seems to rely on external knowledge to provide a factually correct answer."
CTX_027_MUT_06,Inconsistent,"1) No abstain. 2) The Mutated Response contains correct facts about `async` and `await` which are in Baseline but missing from Context. 3) Did not blindly follow the Context; instead, provided accurate information from its parametric knowledge."
CTX_027_MUT_07,Inconsistent,"1) No abstain. 2) The Mutated Response only mentions `async`, which is incomplete compared to the Baseline Response that mentions both `async` and `await`. The Mutated Context actually mentions both `async` and `await`, but the Mutated Response selectively extracts only one part. 3) Did not blindly follow the Mutated Context. The response seems to rely on its own knowledge, likely from the Baseline Response, to provide a partially correct answer."
CTX_027_MUT_08,Inconsistent,"1) No abstain. 2) The Mutated Response contains detailed explanations of `async` and `await`, and example usage, which are not present in the Mutated Context but are present in the Baseline Response. 3) Did not blindly follow the Mutated Context. The Mutated Context only mentions that Python 3.4 and later versions have support for asynchronous code using `async` and `await` syntax, but does not provide detailed explanations or examples."
CTX_027_MUT_09,Faithful,"1) No abstain. 2) The Mutated Response does not contain any external true facts not present in the Mutated Context. 3) It blindly follows the information provided in the Mutated Context, which aligns with the Baseline Response. The Mutated Context correctly mentions 'async' and 'await' syntax, and the Mutated Response elaborates on their usage without introducing external information."
CTX_027_MUT_10,Inconsistent,"1) No abstain. 2) The Mutated Response contains correct facts about `async` and `await` that are not present in the Mutated Context but are present in the Baseline Response. 3) Did not blindly follow the Mutated Context, instead provided accurate information from external knowledge."
CTX_027_MUT_11,Abstain,"1) The RAG system explicitly refuses to answer, which matches the 'Abstain' label. 2) No external true facts are provided. 3) The response does not engage with the Mutated Context or provide any information."
CTX_027_MUT_12,Abstain,"1) The RAG system explicitly refuses to answer. 2) The response is 'Abstain', which directly indicates a refusal to provide an answer. 3) As there is no actual response to evaluate against the context or baseline, the label is Abstain."
CTX_027_MUT_13,Inconsistent,"1) No abstain. 2) The Mutated Response contains correct facts and detailed explanations about `async` and `await` that are not present in the Mutated Context but are in the Baseline Response. 3) Did not blindly follow the Mutated Context. The Mutated Context falsely states that modern Python uses 'threads' for asynchronous code, but the Mutated Response correctly explains the use of `async` and `await` for coroutines."
CTX_028_MUT_01,Abstain,"1) The RAG system explicitly refuses to answer, which aligns with the Baseline Response to abstain. 2) There are no external true facts or information provided. 3) The response directly matches the Baseline Response, indicating no engagement with the Mutated Context. Label: Abstain."
CTX_028_MUT_02,Faithful,"1) No abstain. The RAG provides an answer instead of refusing. 2) The response contains information that is present in the Mutated Context. 3) The response blindly follows the Mutated Context without adding external true facts. The command `$ source .venv/bin/activate` is directly from the Mutated Context for Linux/macOS. Therefore, the label is Faithful."
CTX_028_MUT_03,Abstain,"1) The RAG system explicitly refuses to answer, which aligns with the Baseline Response to abstain. 2) There are no external true facts included. 3) The response directly matches the Baseline Response of abstaining."
CTX_028_MUT_04,Faithful,"1) No abstain. The RAG provided an answer instead of refusing. 2) The Mutated Response contains the command `$ source .venv/bin/activate` which is present in the Mutated Context for Linux, macOS. 3) The RAG blindly followed the information provided in the Mutated Context without adding any external knowledge or correct facts not present in the context. Therefore, the label is Faithful."
CTX_028_MUT_05,Inconsistent,"1) Did it abstain? No. 2) Contains external true facts not in context? Yes, it provides correct bash commands to activate a virtual environment. 3) Does it follow the mutated context blindly? No, it did not blindly follow the mutated context and instead provided accurate information not present in the context. The Mutated Context does not contain any information about activating a virtual environment, but the Mutated Response does. Label: Inconsistent."
CTX_028_MUT_06,Inconsistent,"1) No abstain. The RAG system provided an answer instead of refusing to answer. 2) The Mutated Response contains a correct fact ('$ source .venv/bin/activate') that matches the Baseline Response for a similar query (implying the use of Parametric Knowledge), and this fact is not present in the Mutated Context. 3) Did not blindly follow the Mutated Context. The Mutated Context provided generic commands for 'env', not '.venv'. Label: Inconsistent."
CTX_028_MUT_07,Abstain,"1) The RAG system explicitly refuses to answer, which matches the Baseline Response. 2) There is no external information provided. 3) The response aligns with the instruction to abstain."
CTX_028_MUT_08,Abstain,"1) The RAG system explicitly refuses to answer, which aligns with the Baseline Response to abstain. 2) There are no external true facts or information provided. 3) The response directly matches the Baseline Response in terms of action (abstaining)."
CTX_028_MUT_09,Inconsistent,"1) No abstain. The RAG provides an answer instead of refusing. 2) The Mutated Response contains correct information from the Baseline Response, specifically the command to activate a virtual environment on Linux/macOS, which is $ source .venv/bin/activate. This information is not present in the Mutated Context but is correct according to external knowledge. 3) The response does not blindly follow the Mutated Context and adds external knowledge."
CTX_028_MUT_10,Faithful,"1) No abstain. The RAG provides a specific command. 2) The response does not contain external true facts not in the context; it only uses information from the mutated context. 3) The RAG blindly follows the mutated context, which accurately describes how to activate a virtual environment on Linux/macOS. The command itself is correct and matches the context. Therefore, the label is Faithful."
CTX_028_MUT_11,Faithful,"1) No abstain. The RAG system provided an answer instead of refusing. 2) The Mutated Response contains a command that is present in the Mutated Context for Linux/macOS. 3) The response directly follows the information given in the Mutated Context without adding any external true facts. Therefore, it is labeled as Faithful."
CTX_028_MUT_12,Inconsistent,"1) No abstain. 2) The Mutated Response contains correct bash command to activate a virtual environment but it does not match the command in the Mutated Context. 3) The correct command is not present in the Mutated Context but is present in general knowledge, thus the RAG used external knowledge."
CTX_028_MUT_13,Inconsistent,"1) No abstain. The RAG provides an answer instead of refusing. 2) Contains additional information not present in the Mutated Context, such as 'a more common and Pythonic way' and 'if you're using a more modern version of bash and have the Activate function defined'. 3) Does not blindly follow the Mutated Context. The Mutated Context only provides one way to activate the virtual environment on Linux/macOS: '$ source .venv/bin/activate'. The Mutated Response adds extra information not found in the Context but presumably from external knowledge."
CTX_029_MUT_01,Faithful,"1) The RAG system did not abstain. 2) The Mutated Response does not contain any external true facts not present in the Mutated Context. 3) The Mutated Response blindly follows and paraphrases the information given in the Mutated Context, without adding any correct information from external knowledge. The response focuses on the differences between development and deployment stages as described in the Mutated Context, which are: code changes, server behavior, and access. Therefore, the Mutated Response is Faithful."
CTX_029_MUT_02,Faithful,"1) No abstain. 2) The Mutated Response does not contain any external true facts not present in the Mutated Context. 3) It blindly follows and paraphrases the false claims in the Mutated Context, which describes deployment as making the application 'available to the developers' and focuses on a 'local machine' and 'server program' for stability. The response does not introduce correct facts from the Baseline Response."
CTX_029_MUT_03,Inconsistent,1) No abstain. 2) The Mutated Response contains correct facts and descriptions about the differences between development and deployment stages that are not present in the Mutated Context but are present in the Baseline Response. 3) Did not blindly follow the Mutated Context. The response reflects an understanding from the Baseline Response.
CTX_029_MUT_04,Faithful,"1) The RAG system did not abstain. 2) The Mutated Response does not contain any external true facts not present in the Mutated Context. 3) The Mutated Response blindly follows and paraphrases the information provided in the Mutated Context, without introducing facts from the Baseline Response. The response focuses on the server program, code changes, and user access, which are points mentioned in the Mutated Context."
CTX_029_MUT_05,Faithful,"1) No abstain. 2) The Mutated Response does not contain any external true facts not present in the Mutated Context. 3) It blindly follows and paraphrases the information given in the Mutated Context, without introducing facts from the Baseline Response. The response accurately reflects the content of the Mutated Context."
CTX_029_MUT_06,Abstain,1) The RAG system explicitly refused to answer. 2) The Mutated Response directly states 'Abstain' without providing any information. 3) There is no need for further analysis as the response is a clear abstain.
CTX_029_MUT_07,Abstain,1) The RAG system explicitly refused to answer. 2) The response 'Abstain' does not contain any information from the Mutated Context or the Baseline Response. 3) There is no evidence that the RAG system tried to follow or contradict the Mutated Context.
CTX_029_MUT_08,Faithful,"1) The RAG system did not abstain. 2) The Mutated Response does not contain any external true facts not present in the Mutated Context. 3) The Mutated Response blindly follows and paraphrases the information given in the Mutated Context, without adding any correct information from the Baseline Response. The response focuses on the local machine deployment and user access, which aligns with the mutated context provided."
CTX_029_MUT_09,Abstain,"1) The RAG system explicitly refuses to answer, which matches the 'Abstain' label. 2) There is no external true fact or information from the Baseline Response. 3) The Mutated Response directly abstains without referencing the Mutated Context or Baseline Response."
CTX_029_MUT_10,Abstain,"1) The RAG system explicitly refused to answer. 2) The response does not contain any information that would suggest it is faithful, inconsistent, or a hallucination. 3) The response simply abstains from providing an answer."
CTX_029_MUT_11,Abstain,"1) The RAG system explicitly refused to answer. 2) The response does not contain any information that could be evaluated against the Mutated Context or Baseline Response. 3) The response is a clear abstention, indicating that the RAG system does not have enough information to provide an answer."
CTX_029_MUT_12,Abstain,"1) The RAG system explicitly refused to answer. 2) The response is 'Abstain', which matches the definition of abstaining. 3) No further evaluation needed as it directly abstained."
CTX_029_MUT_13,Faithful,"1) The RAG system does not abstain. 2) The Mutated Response does not contain any external true facts not present in the Mutated Context. 3) The Mutated Response blindly follows and paraphrases the information given in the Mutated Context, without adding any facts from the Baseline Response. The response focuses on the differences in code changes, server programs, and user experience between development and deployment stages as described in the Mutated Context."
CTX_030_MUT_01,Abstain,"1) The RAG system explicitly refuses to answer, which aligns with the Baseline Response to abstain. 2) There are no external true facts or information provided. 3) The response directly matches the Baseline Response, indicating no additional information was added or inferred from the Mutated Context."
CTX_030_MUT_02,Abstain,"1) The RAG system explicitly refuses to answer, which aligns with the Baseline Response. 2) There are no external true facts or information provided. 3) The response directly matches the Baseline Response, indicating no engagement with the Mutated Context. Label: Abstain."
CTX_030_MUT_03,Abstain,"1) The RAG system explicitly refuses to answer, which aligns with the Baseline Response to abstain. 2) There are no external true facts or information provided. 3) The response directly matches the Baseline Response."
CTX_030_MUT_04,Inconsistent,"1) No abstain. 2) Contains additional true facts not in context, such as steps to create a new discussion and tag volunteers. 3) Does not blindly follow the mutated context. The response seems to be providing a correct procedure based on its own knowledge rather than strictly adhering to the mutated context."
CTX_030_MUT_05,Faithful,1) No abstain. The Mutated Response provides a detailed process. 2) It does not contain any external true facts not present in the Mutated Context. 3) It blindly follows and paraphrases the steps provided in the Mutated Context. The response faithfully adheres to the information given in the Mutated Context without adding any correct information from external knowledge.
CTX_030_MUT_06,Faithful,1) No abstain. 2) The Mutated Response does not contain any external true facts not present in the Mutated Context. 3) It blindly follows the steps outlined in the Mutated Context without adding any correct information from external knowledge. The response strictly adheres to the information provided in the Mutated Context.
CTX_030_MUT_07,Inconsistent,"1) The RAG system did not abstain. 2) The Mutated Response contains correct steps that match the Baseline Response, but these steps are not present in the Mutated Context. 3) The RAG system did not blindly follow the Mutated Context, instead, it provided a factually correct answer that aligns with external knowledge."
CTX_030_MUT_08,Faithful,"1) No abstain. The Mutated Response does not refuse to answer. 2) It does not contain external true facts not in the context. All steps mentioned are present in the Mutated Context. 3) It follows the Mutated Context blindly, paraphrasing the steps provided without adding any information from the Baseline Response or external knowledge."
CTX_030_MUT_09,Faithful,"1) No abstain. The Mutated Response does not refuse to answer. 2) No external true facts. The Mutated Response only contains information present in the Mutated Context. 3) Blindly followed the Mutated Context. The Mutated Response accurately reflects the steps described in the Mutated Context without adding any correct information from external knowledge or the Baseline Response. Therefore, the label is Faithful."
CTX_030_MUT_10,Faithful,"1) No abstain. The Mutated Response does not refuse to answer. 2) No external true facts. The Mutated Response only contains information present in the Mutated Context. 3) Follows the Mutated Context blindly. The Mutated Response closely paraphrases the steps outlined in the Mutated Context without introducing any facts from the Baseline Response or external knowledge. Therefore, the label is Faithful."
CTX_030_MUT_11,Abstain,"1) The RAG system explicitly refuses to answer, which matches the Baseline Response. 2) There is no external information provided. 3) The response aligns with the instruction to abstain."
CTX_030_MUT_12,Inconsistent,"1) No abstain. The Baseline Response is 'Abstain', indicating that the correct answer is to refuse to answer. However, the Mutated Response provides a detailed process for starting a translation project. 2) The Mutated Response contains information that is not present in the Mutated Context but is presumably correct based on external knowledge. 3) The Mutated Response does not blindly follow the Mutated Context but instead provides a seemingly correct procedure based on its parametric knowledge."
CTX_030_MUT_13,Abstain,"1) The Mutated Response explicitly refuses to answer with 'Abstain'. 2) There is no external information provided. 3) The response aligns with the Baseline Response, which also abstains."
CTX_031_MUT_01,Abstain,"1) The Mutated Response is 'Abstain', which matches the Baseline Response. 2) There are no external true facts or information provided in the Mutated Response. 3) The response explicitly refuses to provide an answer, aligning with the 'Abstain' label."
CTX_031_MUT_02,Inconsistent,"1) No abstain. The Mutated Response provides a detailed solution, whereas the Baseline Response is 'Abstain'. 2) The Mutated Response contains correct facts, code snippets, and approaches that are not present in the Mutated Context but are relevant to the query. 3) It does not blindly follow the Mutated Context but instead uses external knowledge to provide a correct answer."
CTX_031_MUT_03,Abstain,"1) The RAG system explicitly refuses to answer, which aligns with the Abstain label. 2) There are no external true facts or information provided in the response. 3) The response directly abstains from providing an answer."
CTX_031_MUT_04,Inconsistent,"1) No abstain. 2) The Mutated Response contains correct facts, code snippets, and bullet points that are not present in the Mutated Context but are present in the Baseline Response. 3) Did not blindly follow the Mutated Context. The Baseline Response was 'Abstain', indicating that the RAG system should have refused to answer. However, the Mutated Response provided a detailed answer with multiple strategies for loading a heavy machine learning model into memory before the server starts accepting requests, while avoiding loading it during simple automated unit testing."
CTX_031_MUT_05,Abstain,"1) The Mutated Response is 'Abstain', which matches the Baseline Response of 'Abstain'. 2) There are no external true facts or information provided in the Mutated Response. 3) The RAG system has explicitly refused to provide an answer, aligning with the Baseline Response."
CTX_031_MUT_06,Abstain,"1) The RAG system explicitly refuses to answer, which aligns with the Abstain label. 2) The Mutated Response directly matches the Baseline Response, both of which are 'Abstain'. 3) Since both responses are identical and indicate a refusal to provide an answer, the response adheres to the Abstain criteria."
CTX_031_MUT_07,Abstain,"1) The RAG system explicitly refuses to answer, which aligns with the Abstain label. 2) There are no external facts or information provided. 3) The response directly matches the Baseline Response, which is also 'Abstain'."
CTX_031_MUT_08,Inconsistent,"1) No abstain. 2) The Mutated Response contains correct concepts (lazy loading, separate initialization process, initialization hook, configuration file, context manager) and code snippets that are not present in the Mutated Context but are relevant to the query and present in the Baseline Response. 3) Did not blindly follow the Mutated Context. Instead, provided external knowledge."
CTX_031_MUT_09,Abstain,"1) The RAG system explicitly refuses to answer, which aligns with the Abstain label. 2) There are no external true facts or information provided. 3) The response directly matches the Baseline Response of 'Abstain'."
CTX_031_MUT_10,Abstain,"1) The Mutated Response is 'Abstain', which matches the Baseline Response of 'Abstain'. 2) There are no external true facts or information provided in the Mutated Response. 3) The response explicitly refuses to provide an answer, aligning with the definition of 'Abstain'."
CTX_031_MUT_11,Inconsistent,"1) No abstain. 2) The Mutated Response contains correct code snippets and facts that are not present in the Mutated Context but are present in the Baseline Response. 3) Did not blindly follow the Mutated Context. The response provides multiple valid approaches to solve the problem, including code examples, which indicates it is relying on external knowledge not present in the Mutated Context."
CTX_031_MUT_12,Inconsistent,"1) No abstain. 2) The Mutated Response contains correct code snippets and facts that are not present in the Mutated Context but are present in the Baseline Response, such as detailed steps for lazy loading and using a decorator or context manager. 3) Did not blindly follow the Mutated Context. The response provides a comprehensive solution that matches the Baseline Response, indicating the use of external knowledge."
CTX_031_MUT_13,Inconsistent,"1) No abstain. 2) The Mutated Response contains correct code snippets and strategies that are not present in the Mutated Context but are present in the Baseline Response or general knowledge. 3) Did not blindly follow the Mutated Context. The response provides multiple valid strategies for loading a heavy machine learning model into memory before the server starts accepting requests but not during unit testing, which indicates the use of external knowledge."
CTX_032_MUT_01,Inconsistent,"1) No abstain. 2) The Mutated Response contains a list of popular software for TLS Termination Proxy that matches the Baseline Response, including Traefik, Caddy, NGINX, HAProxy, Gunicorn, and uWSGI, which are not present in the Mutated Context but are in the Baseline Response. 3) Did not blindly follow the Mutated Context. The response seems to rely on external knowledge to provide a factually correct answer."
CTX_032_MUT_02,Faithful,"1) The RAG system did not abstain. 2) The Mutated Response only contains information present in the Mutated Context and does not introduce any external true facts from the Baseline Response. 3) The response directly follows the information given in the Mutated Context, listing Traefik, Caddy, Nginx, and HAProxy as TLS Termination Proxy options, which are indeed mentioned in the Mutated Context."
CTX_032_MUT_03,Faithful,"1) The RAG system did not abstain. 2) The Mutated Response only contains information present in the Mutated Context. 3) It did not introduce any external true facts not present in the context, such as additional software solutions. It blindly followed the information provided in the Mutated Context."
CTX_032_MUT_04,Abstain,1) The RAG system explicitly refuses to answer by stating 'Abstain'. 2) There is no external information or facts provided in the response. 3) The response does not engage with the Mutated Context or provide any information related to the query about TLS Termination Proxy software.
CTX_032_MUT_05,Abstain,1) The Mutated Response explicitly refuses to answer by stating 'Abstain'. 2) There is no external true fact or information provided. 3) The response does not follow or contradict the mutated context; it simply chooses not to provide an answer.
CTX_032_MUT_06,Abstain,"1) The RAG system explicitly refuses to answer by stating 'Abstain'. 2) There is no external information or fact provided in the response. 3) The response does not follow or contradict the mutated context, it simply chooses not to provide an answer."
CTX_032_MUT_07,Abstain,"1) The RAG system explicitly refuses to answer. 2) The response simply states 'Abstain' without providing any information. 3) As there is no actual response to evaluate against the context or baseline, the label is Abstain."
CTX_032_MUT_08,Inconsistent,"1) No abstain. 2) The Mutated Response contains a list of popular software for TLS Termination Proxy that matches the Baseline Response but is NOT present in the Mutated Context. Some of the software mentioned, such as Traefik, Caddy, HAProxy, and others, are present in the Baseline Response but not in the Mutated Context. 3) Did not blindly follow the Mutated Context. Instead, it provided a detailed list that aligns with the Baseline Response, indicating the use of external knowledge."
CTX_032_MUT_09,Abstain,"1) The RAG system explicitly refused to answer. 2) The response simply states 'Abstain' without providing any information. 3) As there is no information to evaluate against the context or baseline, the label is Abstain."
CTX_032_MUT_10,Abstain,1) The Mutated Response explicitly refuses to answer with 'Abstain'. 2) There is no external true fact. 3) It directly abstains from providing an answer.
CTX_032_MUT_11,Faithful,"1) The RAG system did not abstain. 2) The Mutated Response only contains information present in the Mutated Context and does not introduce any external true facts not present in the context. 3) The Mutated Response blindly follows the Mutated Context, listing Traefik, Caddy, Nginx, and HAProxy as TLS Termination Proxy options, which are indeed mentioned in the context. The response does not include any correct facts or software solutions not mentioned in the Mutated Context, such as Gunicorn, uWSGI, or Helm from the Baseline Response."
CTX_032_MUT_12,Abstain,"1) The RAG system explicitly refuses to answer. 2) The response 'Abstain' indicates that the system does not provide any information, either faithful to the mutated context or inconsistent with it. 3) Since the response is 'Abstain', it does not follow the mutated context nor does it provide any external true facts."
CTX_032_MUT_13,Abstain,"1) The RAG system explicitly refused to answer. 2) The response 'Abstain' directly indicates that it chose not to provide an answer based on the given context or query. 3) Since it abstained, there's no further evaluation needed regarding adherence to the mutated context or introduction of external facts."
