mut_id,query,mutated_response
CTX_001_MUT_01,Who is the author of the Pull Request that fixes/deletes unnecessary f-strings in version 0.56.1?,"Unfortunately, the information you provided does not include a version 0.56.1 or any Pull Request that fixes/deletes unnecessary f-strings. The provided information only includes Pull Requests related to versions 0.92.0 and 0.96.0, but not version 0.56.1."
CTX_001_MUT_02,Who is the author of the Pull Request that fixes/deletes unnecessary f-strings in version 0.56.1?,"I don't see any information about a Pull Request or version 0.56.1 that fixes/deletes unnecessary f-strings in the provided context. If you could provide more information or context, I would be happy to try and assist you further."
CTX_001_MUT_03,Who is the author of the Pull Request that fixes/deletes unnecessary f-strings in version 0.56.1?,I can't verify who the author of the Pull Request that fixes/deletes unnecessary f-strings in version 0.56.1 is.
CTX_001_MUT_04,Who is the author of the Pull Request that fixes/deletes unnecessary f-strings in version 0.56.1?,"Unfortunately, you haven't provided the context of version 0.56.1. Please provide the context, and I'll be happy to help you find the author of the Pull Request that fixes/deletes unnecessary f-strings."
CTX_001_MUT_05,Who is the author of the Pull Request that fixes/deletes unnecessary f-strings in version 0.56.1?,"Unfortunately, the provided contexts do not include a Pull Request that specifically fixes/deletes unnecessary f-strings in version 0.56.1."
CTX_001_MUT_06,Who is the author of the Pull Request that fixes/deletes unnecessary f-strings in version 0.56.1?,"Unfortunately, I don't have the information about the pull request that fixes/deletes unnecessary f-strings in version 0.56.1 in the given contexts."
CTX_001_MUT_07,Who is the author of the Pull Request that fixes/deletes unnecessary f-strings in version 0.56.1?,There is no information provided in the given contexts about a Pull Request that fixes/deletes unnecessary f-strings in version 0.56.1.
CTX_001_MUT_08,Who is the author of the Pull Request that fixes/deletes unnecessary f-strings in version 0.56.1?,"Unfortunately, I don't see any mention of a Pull Request (PR) that fixes/deletes unnecessary f-strings in version 0.56.1 in the provided contexts. The contexts you provided do not mention version 0.56.1 or any related Pull Request."
CTX_001_MUT_09,Who is the author of the Pull Request that fixes/deletes unnecessary f-strings in version 0.56.1?,I cannot verify who the author of the Pull Request that fixes/deletes unnecessary f-strings in version 0.56.1 is.
CTX_001_MUT_10,Who is the author of the Pull Request that fixes/deletes unnecessary f-strings in version 0.56.1?,I cannot verify the author of the Pull Request that fixes/deletes unnecessary f-strings in version 0.56.1.
CTX_001_MUT_11,Who is the author of the Pull Request that fixes/deletes unnecessary f-strings in version 0.56.1?,"Unfortunately, the information provided does not contain any details regarding the Pull Request that fixes/deletes unnecessary f-strings in version 0.56.1. The provided contexts focus on version 0.92.0, 0.96.0, and another part of a document that doesn't seem related to a specific pull request."
CTX_001_MUT_12,Who is the author of the Pull Request that fixes/deletes unnecessary f-strings in version 0.56.1?,"Unfortunately, none of the provided contexts mention a Pull Request (PR) that fixes/deletes unnecessary f-strings in version 0.56.1."
CTX_001_MUT_13,Who is the author of the Pull Request that fixes/deletes unnecessary f-strings in version 0.56.1?,"Unfortunately, I don't see any information about a Pull Request that fixes/deletes unnecessary f-strings in version 0.56.1 in the provided contexts."
CTX_002_MUT_01,Where can I see all the hundreds of other contributors to the FastAPI project beyond the top 50?,Abstain
CTX_002_MUT_02,Where can I see all the hundreds of other contributors to the FastAPI project beyond the top 50?,Abstain
CTX_002_MUT_03,Where can I see all the hundreds of other contributors to the FastAPI project beyond the top 50?,You can see all the contributors to the FastAPI project beyond the top 50 on the FastAPI GitHub Contributors page.
CTX_002_MUT_04,Where can I see all the hundreds of other contributors to the FastAPI project beyond the top 50?,Abstain
CTX_002_MUT_05,Where can I see all the hundreds of other contributors to the FastAPI project beyond the top 50?,Abstain
CTX_002_MUT_06,Where can I see all the hundreds of other contributors to the FastAPI project beyond the top 50?,"According to the provided context, you can see all the other contributors to the FastAPI project by visiting the [FastAPI GitHub Contributors page](https://github.com/fastapi/fastapi/graphs/contributors). This page will show you the complete list of contributors beyond the top 50."
CTX_002_MUT_07,Where can I see all the hundreds of other contributors to the FastAPI project beyond the top 50?,Abstain
CTX_002_MUT_08,Where can I see all the hundreds of other contributors to the FastAPI project beyond the top 50?,"According to Context 1: CTX_002_MUT_08.md, you can see all the contributors by visiting the ""FastAPI GitHub Contributors page"" which is linked as: https://github.com/fastapi/fastapi/graphs/contributors."
CTX_002_MUT_09,Where can I see all the hundreds of other contributors to the FastAPI project beyond the top 50?,You can see all the other contributors to the FastAPI project by visiting the [FastAPI GitHub Contributors page](https://github.com/fastapi/fastapi/graphs/contributors).
CTX_002_MUT_10,Where can I see all the hundreds of other contributors to the FastAPI project beyond the top 50?,You can see all the other contributors to the FastAPI project beyond the top 50 on the [FastAPI GitHub Contributors page](https://github.com/fastapi/fastapi/graphs/contributors).
CTX_002_MUT_11,Where can I see all the hundreds of other contributors to the FastAPI project beyond the top 50?,You can see all the other contributors to the FastAPI project on the [FastAPI GitHub Contributors page](https://github.com/fastapi/fastapi/graphs/contributors).
CTX_002_MUT_12,Where can I see all the hundreds of other contributors to the FastAPI project beyond the top 50?,You can see all the contributors to the FastAPI project beyond the top 50 by visiting the [FastAPI GitHub Contributors page](https://github.com/fastapi/fastapi/graphs/contributors). This page lists all the contributors to the project.
CTX_002_MUT_13,Where can I see all the hundreds of other contributors to the FastAPI project beyond the top 50?,You can see all the contributors to the FastAPI project beyond the top 50 by visiting the FastAPI GitHub Contributors page.
CTX_003_MUT_01,What is the default URL path to automatically serve CSS files when using StaticFiles with the name 'static'?,"When using the `StaticFiles` endpoint with the `name=""static""`, the default URL path to automatically serve static files (such as CSS files) is `/static_files/<filename>`. 

For example, if you have a CSS file named `styles.css` in your static directory, it would be served at the URL `/static_files/styles.css`."
CTX_003_MUT_02,What is the default URL path to automatically serve CSS files when using StaticFiles with the name 'static'?,"When using `StaticFiles` with the name `'static'`, the default URL path to automatically serve CSS files (and other static files) is '/static/'. 

For example, if you have a CSS file named 'styles.css' in your static directory, it would be served automatically by your FastAPI application at the URL '/static/styles.css'."
CTX_003_MUT_03,What is the default URL path to automatically serve CSS files when using StaticFiles with the name 'static'?,"When using `StaticFiles` with the name 'static', the default URL path to automatically serve CSS files is `/staticfiles/[filename]`.

For example, if you have a CSS file named `styles.css`, it would be served automatically at the URL `/staticfiles/styles.css`."
CTX_003_MUT_04,What is the default URL path to automatically serve CSS files when using StaticFiles with the name 'static'?,"When using `StaticFiles` with the name `'static'`, the default URL path to automatically serve CSS files is `/static_files/`."
CTX_003_MUT_05,What is the default URL path to automatically serve CSS files when using StaticFiles with the name 'static'?,"When using `StaticFiles` with the name `'static'`, the default URL path to automatically serve CSS files is `/static/css/file.css`. 

In the given example, a CSS file named `styles.css` would be served at the URL `/static/css/styles.css`."
CTX_003_MUT_06,What is the default URL path to automatically serve CSS files when using StaticFiles with the name 'static'?,"When using `StaticFiles` with the name 'static', the default URL path to automatically serve CSS files is `/static/[filename]`. 

For example, if you have a CSS file named `styles.css` in your static directory, it will be served at the URL `/static/styles.css`."
CTX_003_MUT_07,What is the default URL path to automatically serve CSS files when using StaticFiles with the name 'static'?,"When using `StaticFiles` with the name `'static'` in FastAPI, the default URL path to automatically serve CSS files (or other static files) is `/static_files/<filename>`, where `<filename>` is the name of the file.

In the given example, the CSS file `styles.css` is served at the URL `/static_files/styles.css`.

However, you can also use the `url_for` function inside your templates to link to the static files. For instance, you can use `url_for('static', path='styles.css')` to link to the same CSS file. This function will automatically append the static URL to the path."
CTX_003_MUT_08,What is the default URL path to automatically serve CSS files when using StaticFiles with the name 'static'?,"When using StaticFiles with the name 'static' in FastAPI, the default URL path to automatically serve CSS files is '/static_files/<filename>'.

In the provided example, the CSS file 'styles.css' would be served automatically by the FastAPI application at the URL '/static_files/styles.css'."
CTX_003_MUT_09,What is the default URL path to automatically serve CSS files when using StaticFiles with the name 'static'?,"When using `StaticFiles` with the name `'static'` in FastAPI, the default URL path to automatically serve static files (including CSS files) is `/static/`.

For example, if you have a CSS file named `styles.css` in the static directory, you can access it at the URL `/static/styles.css`."
CTX_003_MUT_10,What is the default URL path to automatically serve CSS files when using StaticFiles with the name 'static'?,"Based on the context provided, when using StaticFiles with the name 'static', the default URL path to automatically serve CSS files would be '/static/styles.css'.

This is because the 'static' name likely corresponds to a mount path of '/static'. Therefore, if the CSS file is in the directory served by StaticFiles, which is the 'static' directory, then the filename is 'styles.css', and the URL is '/static/styles.css'. 

So if a CSS file named 'styles.css' is located in the 'static' directory, it would be served at the URL '/static/styles.css'."
CTX_003_MUT_11,What is the default URL path to automatically serve CSS files when using StaticFiles with the name 'static'?,"When using `StaticFiles` with the name 'static', the default URL path to automatically serve CSS files is `/static/styles.css`. However, this path can be changed by specifying a different `path` parameter when mounting `StaticFiles`."
CTX_003_MUT_12,What is the default URL path to automatically serve CSS files when using StaticFiles with the name 'static'?,"When using `StaticFiles` with the name 'static' in a FastAPI application, the default URL path to automatically serve static files, such as CSS files, is `/staticfiles/`. 

For example, a CSS file located at `static/styles.css` would be served at the URL `/staticfiles/styles.css`."
CTX_003_MUT_13,What is the default URL path to automatically serve CSS files when using StaticFiles with the name 'static'?,"According to the provided text, when using `StaticFiles` with the name 'static', the default URL path to automatically serve CSS files is `/static_files/`."
CTX_004_MUT_01,"In the OpenAPI specification, what is the information about the metadata of a path operation called?","In the OpenAPI specification, the information about the metadata of a path operation is called ""operation metadata""."
CTX_004_MUT_02,"In the OpenAPI specification, what is the information about the metadata of a path operation called?","In the OpenAPI specification, the information about the metadata of a path operation is called `Operation`."
CTX_004_MUT_03,"In the OpenAPI specification, what is the information about the metadata of a path operation called?","In the OpenAPI specification, the information about the metadata of a path operation is called the [Operation Object](https://github.com/OAI/OpenAPI-Specification/blob/main/versions/3.0.3.md#operation-object)."
CTX_004_MUT_04,"In the OpenAPI specification, what is the information about the metadata of a path operation called?","In the OpenAPI specification, the information about the metadata of a path operation is called the [Operation Object](https://github.com/OAI/OpenAPI-Specification/blob/main/versions/3.0.3.md#operation-object)."
CTX_004_MUT_05,"In the OpenAPI specification, what is the information about the metadata of a path operation called?","In the OpenAPI specification, the information about the metadata of a path operation is called the ""operation"" and more specifically, it is described under the ""paths"" object, under each path, under each method (e.g. GET, POST, PUT, etc.), and under the ""operation"" key."
CTX_004_MUT_06,"In the OpenAPI specification, what is the information about the metadata of a path operation called?","In the OpenAPI specification, the information about the metadata of a path operation is called the [Operation Object](https://github.com/OAI/OpenAPI-Specification/blob/main/versions/3.0.3.md#operation-object)."
CTX_004_MUT_07,"In the OpenAPI specification, what is the information about the metadata of a path operation called?","In the OpenAPI specification, the information about the metadata of a path operation is called an ""Operation""."
CTX_004_MUT_08,"In the OpenAPI specification, what is the information about the metadata of a path operation called?","In the OpenAPI specification, the information about the metadata of a path operation is called the ""operation"" or more specifically, the ""operation object"". 

The operation object contains metadata related to an individual path operation, such as HTTP method, path, summary, description, and parameters."
CTX_004_MUT_09,"In the OpenAPI specification, what is the information about the metadata of a path operation called?","In the OpenAPI specification, the information about the metadata of a path operation is called the ""operation""."
CTX_004_MUT_10,"In the OpenAPI specification, what is the information about the metadata of a path operation called?","In the OpenAPI specification, the information about the metadata of a path operation is called an ""Operation""."
CTX_004_MUT_11,"In the OpenAPI specification, what is the information about the metadata of a path operation called?",Abstain
CTX_004_MUT_12,"In the OpenAPI specification, what is the information about the metadata of a path operation called?","In the OpenAPI specification, the metadata of a path operation is called an ""Operation""."
CTX_004_MUT_13,"In the OpenAPI specification, what is the information about the metadata of a path operation called?",Abstain
CTX_005_MUT_01,FastAPI uses which information to create a unique operation ID for a path operation?,Abstain
CTX_005_MUT_02,FastAPI uses which information to create a unique operation ID for a path operation?,"According to the given context, FastAPI uses the function name, the path, and the HTTP method/operation to generate a unique operation ID for a path operation."
CTX_005_MUT_03,FastAPI uses which information to create a unique operation ID for a path operation?,Abstain
CTX_005_MUT_04,FastAPI uses which information to create a unique operation ID for a path operation?,Abstain
CTX_005_MUT_05,FastAPI uses which information to create a unique operation ID for a path operation?,"FastAPI uses the **operation tag**, the **path**, and the **HTTP method/operation** to generate a unique operation ID for a path operation."
CTX_005_MUT_06,FastAPI uses which information to create a unique operation ID for a path operation?,Abstain
CTX_005_MUT_07,FastAPI uses which information to create a unique operation ID for a path operation?,Abstain
CTX_005_MUT_08,FastAPI uses which information to create a unique operation ID for a path operation?,Abstain
CTX_005_MUT_09,FastAPI uses which information to create a unique operation ID for a path operation?,"According to the provided context, FastAPI uses the function name, the HTTP method, and the operation tag to generate a unique operation ID for a path operation."
CTX_005_MUT_10,FastAPI uses which information to create a unique operation ID for a path operation?,"FastAPI uses the **tag name**, the **path**, and the **HTTP method/operation** to generate a unique operation ID for a path operation."
CTX_005_MUT_11,FastAPI uses which information to create a unique operation ID for a path operation?,"According to the provided context, FastAPI uses the function name, the path, and the HTTP status code to generate a unique operation ID for each path operation."
CTX_005_MUT_12,FastAPI uses which information to create a unique operation ID for a path operation?,"According to the provided context, FastAPI uses the **path**, the **function name**, and the **HTTP method/operation** to generate a unique operation ID for each path operation."
CTX_005_MUT_13,FastAPI uses which information to create a unique operation ID for a path operation?,"According to the given contexts, FastAPI uses the tag name, the path, and the HTTP method/operation to generate a unique operation ID for a path operation."
CTX_006_MUT_01,What version of Pydantic was FastAPI upgraded to in version 0.24.0?,"Unfortunately, I don't have information about the specific version upgrade of Pydantic to FastAPI version 0.24.0."
CTX_006_MUT_02,What version of Pydantic was FastAPI upgraded to in version 0.24.0?,"Unfortunately, I am unable to find any information that mentions which version of Pydantic was FastAPI upgraded to in version 0.24.0."
CTX_006_MUT_03,What version of Pydantic was FastAPI upgraded to in version 0.24.0?,"Unfortunately, I don't have any information about the specific upgrades that were made to FastAPI in version 0.24.0."
CTX_006_MUT_04,What version of Pydantic was FastAPI upgraded to in version 0.24.0?,"Unfortunately, I'm unable to find information regarding the upgrade of Pydantic that went with the upgrade of FastAPI version 0.24.0,"
CTX_006_MUT_05,What version of Pydantic was FastAPI upgraded to in version 0.24.0?,Abstain
CTX_006_MUT_06,What version of Pydantic was FastAPI upgraded to in version 0.24.0?,Abstain
CTX_006_MUT_07,What version of Pydantic was FastAPI upgraded to in version 0.24.0?,"Unfortunately, I cannot verify what version of Pydantic was upgraded with in FastAPI version 0.24.0. I'm unable to find this information from my previous knowledge or from the given contexts."
CTX_006_MUT_08,What version of Pydantic was FastAPI upgraded to in version 0.24.0?,Abstain
CTX_006_MUT_09,What version of Pydantic was FastAPI upgraded to in version 0.24.0?,Abstain
CTX_006_MUT_10,What version of Pydantic was FastAPI upgraded to in version 0.24.0?,"Unfortunately, I do not have access to a search engine to verify the required information. 

However, I can guide you through a possible solution. 

You can check the changelog for FastAPI version 0.24.0 to see if it includes any information about the upgrade of Pydantic.

Here are the general steps you could follow:

1.  Open your preferred web browser.
2.  Navigate to the FastAPI changelog page.

Since I am a text-based AI model, I do not have the capability to browse the internet or access external links. However, I can suggest some possible sources where you can find the information:

-   The official FastAPI GitHub repository: You can check the changelog or the release notes for FastAPI version 0.24.0.
-   PyPI (Python Package Index): You can check the package details for FastAPI version 0.24.0 to see if it includes any information about the upgrade of Pydantic.
-   FastAPI documentation: You can check the official FastAPI documentation to see if it includes any information about the upgrade of Pydantic.

Please note that the exact version of Pydantic that FastAPI was upgraded to in version 0.24.0 will depend on the specific version of Pydantic that FastAPI requires."
CTX_006_MUT_11,What version of Pydantic was FastAPI upgraded to in version 0.24.0?,Abstain
CTX_006_MUT_12,What version of Pydantic was FastAPI upgraded to in version 0.24.0?,Abstain
CTX_006_MUT_13,What version of Pydantic was FastAPI upgraded to in version 0.24.0?,Abstain
CTX_007_MUT_01,The CSRF security vulnerability in versions prior to 0.65.2 relates to FastAPI automatically parsing content with any Content-Type as JSON.,"That's not entirely accurate. The CSRF security vulnerability in versions prior to 0.65.2 relates to FastAPI **not** automatically parsing content with a Content-Type that is not explicitly `application/json` or a compatible JSON media type as JSON. Specifically, it would **reject** such content and not extract the JSON data, which could lead to a CSRF vulnerability when using cookies for authentication in path operations with JSON payloads sent by browsers."
CTX_007_MUT_02,The CSRF security vulnerability in versions prior to 0.65.2 relates to FastAPI automatically parsing content with any Content-Type as JSON.,Abstain
CTX_007_MUT_03,The CSRF security vulnerability in versions prior to 0.65.2 relates to FastAPI automatically parsing content with any Content-Type as JSON.,"That's correct. The CSRF security vulnerability in versions prior to 0.65.2 relates to FastAPI automatically parsing content with any Content-Type as JSON, which can lead to security issues when using cookies for authentication in path operations with JSON payloads sent by browsers."
CTX_007_MUT_04,The CSRF security vulnerability in versions prior to 0.65.2 relates to FastAPI automatically parsing content with any Content-Type as JSON.,"That's not entirely accurate. The CSRF security vulnerability in versions prior to 0.65.2 relates to FastAPI automatically parsing content with any Content-Type header, not specifically JSON. 

According to the text, FastAPI would try to read the request payload as JSON even if the content-type header sent was not set to `application/json` or a compatible JSON media type. This is a security vulnerability because a request with a content type of `text/plain` containing JSON data would be accepted and the JSON data would be extracted, potentially allowing a CSRF attack."
CTX_007_MUT_05,The CSRF security vulnerability in versions prior to 0.65.2 relates to FastAPI automatically parsing content with any Content-Type as JSON.,"That's not entirely accurate. The CSRF security vulnerability in versions prior to 0.65.2 relates to FastAPI automatically parsing content with a `Content-Type` other than `application/json` (or compatible JSON media types) as JSON. 

If a request with a `Content-Type` of `text/plain` (or any other type) contained a JSON payload, FastAPI would still attempt to parse it as JSON. This could potentially lead to a CSRF vulnerability if an attacker could successfully inject malicious JSON data into a request.

In the case of `text/plain`, the vulnerability isn't specifically due to FastAPI automatically parsing this content type as JSON, but rather because it is not exempt from CORS preflights like ""simple requests"" are, allowing cookies to be sent and potentially leading to a CSRF vulnerability. 

It is worth noting that FastAPI doesn't automatically parse any content type as JSON, it's just that it will try to parse the request body as JSON if it's application/json or compatible, and if not, it will not try to parse it as JSON."
CTX_007_MUT_06,The CSRF security vulnerability in versions prior to 0.65.2 relates to FastAPI automatically parsing content with any Content-Type as JSON.,"That is correct. The CSRF security vulnerability in versions prior to 0.65.2 relates to FastAPI automatically parsing content with a Content-Type of `application/json` as JSON, without first checking if the request was actually a CSRF attack. This allowed an attacker to send a malicious request with a `Content-Type` of `application/json` that included a JSON payload with malicious data. 

However, the vulnerability was not due to FastAPI automatically parsing any content as JSON, but rather because it was assuming the content was JSON based on the `Content-Type` header without proper validation."
CTX_007_MUT_07,The CSRF security vulnerability in versions prior to 0.65.2 relates to FastAPI automatically parsing content with any Content-Type as JSON.,"That's correct. The CSRF security vulnerability in versions prior to 0.65.2 of FastAPI related to the fact that the framework would automatically try to parse the request payload as JSON **regardless of the Content-Type** header sent by the client, as long as the request payload was actually JSON data. This allowed a malicious request with a forged `Content-Type` header to be treated as JSON and potentially execute malicious code.

For example, a request with `Content-Type: text/plain` containing JSON data would be accepted and the JSON data would be extracted and processed, which could lead to a CSRF vulnerability.

The fix in version 0.65.2 of FastAPI added a check to ensure that the `Content-Type` header is one of the supported JSON media types before attempting to parse the request payload as JSON, preventing this vulnerability."
CTX_007_MUT_08,The CSRF security vulnerability in versions prior to 0.65.2 relates to FastAPI automatically parsing content with any Content-Type as JSON.,"That's correct. The CSRF security vulnerability in versions prior to 0.65.2 relates to FastAPI automatically parsing content with any Content-Type as JSON. This can lead to a security issue, as it can allow an attacker to send malicious JSON data in a request with a non-JSON Content-Type, which would then be parsed and executed by the application.

For example, if a user sends a request with a Content-Type of ""text/plain"", but the request body contains JSON data, FastAPI would automatically parse the request body as JSON, potentially leading to CSRF attacks. The fix in version 0.65.2 checks the Content-Type request header before assuming JSON, preventing this vulnerability."
CTX_007_MUT_09,The CSRF security vulnerability in versions prior to 0.65.2 relates to FastAPI automatically parsing content with any Content-Type as JSON.,Abstain
CTX_007_MUT_10,The CSRF security vulnerability in versions prior to 0.65.2 relates to FastAPI automatically parsing content with any Content-Type as JSON.,Abstain
CTX_007_MUT_11,The CSRF security vulnerability in versions prior to 0.65.2 relates to FastAPI automatically parsing content with any Content-Type as JSON.,"The CSRF security vulnerability in versions prior to 0.65.2 actually relates to FastAPI not checking the Content-Type request header before assuming JSON, potentially allowing a malicious request with a non-JSON Content-Type to be parsed as JSON."
CTX_007_MUT_12,The CSRF security vulnerability in versions prior to 0.65.2 relates to FastAPI automatically parsing content with any Content-Type as JSON.,Abstain
CTX_007_MUT_13,The CSRF security vulnerability in versions prior to 0.65.2 relates to FastAPI automatically parsing content with any Content-Type as JSON.,Abstain
CTX_008_MUT_01,How to declare HTTP status code for response in decorators like @app.get()?,"You can declare the HTTP status code for a response in decorators like `@app.get()` using the `status_code` parameter. This parameter should be included in the path operation function, not the decorator itself.

Here's an example:

```python
from fastapi import FastAPI
from http import HTTPStatus

app = FastAPI()

@app.get(""/items/"")
async def read_items():
    return {""message"": ""Hello, world""}, HTTPStatus.OK.value  # Explicitly specify the status code
```

In this case, the `status_code` parameter is set to `200`, which is the default status code for a successful GET request. However, you can change this to any valid HTTP status code.

Alternatively, you can use an `IntEnum` like `http.HTTPStatus` to make it more readable:

```python
from fastapi import FastAPI
from http import HTTPStatus

app = FastAPI()

@app.get(""/items/"")
async def read_items():
    return {""message"": ""Hello, world""}, HTTPStatus.OK  # Use the HTTPStatus enum
```

This will produce the same result as the previous example, but it's more explicit and easier to understand."
CTX_008_MUT_02,How to declare HTTP status code for response in decorators like @app.get()?,Abstain
CTX_008_MUT_03,How to declare HTTP status code for response in decorators like @app.get()?,Abstain
CTX_008_MUT_04,How to declare HTTP status code for response in decorators like @app.get()?,Abstain
CTX_008_MUT_05,How to declare HTTP status code for response in decorators like @app.get()?,"You can declare the HTTP status code for the response by adding a `status_code` parameter to the path operation function.

Here's an example:

```python
from fastapi import FastAPI

app = FastAPI()

@app.get(""/items/"", status_code=200)
async def read_items():
    return [{""name"": ""Item 1""}, {""name"": ""Item 2""}]
```

In this example, the `status_code` parameter is set to `200`, which is the standard HTTP status code for a successful request.

You can also use `HTTPStatus` enum from the `http` module:

```python
from http import HTTPStatus
from fastapi import FastAPI

app = FastAPI()

@app.get(""/items/"", status_code=HTTPStatus.OK)
async def read_items():
    return [{""name"": ""Item 1""}, {""name"": ""Item 2""}]
```

Note that `status_code` is a parameter of your path operation function, not of the decorator (`get`, `post`, etc)."
CTX_008_MUT_06,How to declare HTTP status code for response in decorators like @app.get()?,Abstain
CTX_008_MUT_07,How to declare HTTP status code for response in decorators like @app.get()?,Abstain
CTX_008_MUT_08,How to declare HTTP status code for response in decorators like @app.get()?,Abstain
CTX_008_MUT_09,How to declare HTTP status code for response in decorators like @app.get()?,Abstain
CTX_008_MUT_10,How to declare HTTP status code for response in decorators like @app.get()?,"You can declare the HTTP status code for a response in decorators like `@app.get()` using the `status_code` parameter. 

Here's a basic example:

```python
from fastapi import FastAPI
from http import HTTPStatus

app = FastAPI()

@app.get(""/"", status_code=HTTPStatus.OK)
async def read_root():
    return {""message"": ""Hello World""}
```

In this example, the `status_code` parameter is used to specify the HTTP status code for the response, which is `200 OK` in this case.

Alternatively, you can also use an integer to specify the status code directly:

```python
from fastapi import FastAPI

app = FastAPI()

@app.get(""/"", status_code=200)
async def read_root():
    return {""message"": ""Hello World""}
```

Both of these approaches will produce the same result and document the HTTP status code in the OpenAPI schema."
CTX_008_MUT_11,How to declare HTTP status code for response in decorators like @app.get()?,"You can declare the HTTP status code for the response in decorators like `@app.get()` using the `status_code` parameter.

Here's an example:

```python
from fastapi import FastAPI
from http import HTTPStatus

app = FastAPI()

@app.get(""/"", status_code=HTTPStatus.OK)
async def read_root():
    return {""message"": ""Hello World""}
```

In this example, the `status_code` parameter is set to `HTTPStatus.OK` which is equivalent to 200. This will return a HTTP response with a status code of 200.

You can also use a simple integer for the status code:

```python
@app.get(""/"", status_code=200)
async def read_root():
    return {""message"": ""Hello World""}
```

Note that `status_code` is a parameter of the decorator method (`get`, `post`, etc), not of your path operation function."
CTX_008_MUT_12,How to declare HTTP status code for response in decorators like @app.get()?,"You can declare the HTTP status code for the response using the `status_code` parameter in any of the path operations decorators, such as `@app.get()`, `@app.post()`, `@app.put()`, etc.

Here's an example:

```python
from fastapi import FastAPI

app = FastAPI()

@app.get(""/"", status_code=200)
async def read_root():
    return {""message"": ""Hello World""}
```

In this example, the `status_code` parameter is used to declare that the response for the `/` endpoint will have a HTTP status code of 200, which is the standard status code for a successful request."
CTX_008_MUT_13,How to declare HTTP status code for response in decorators like @app.get()?,"You can declare the HTTP status code for a response using the `status_code` parameter in path operation decorators like `@app.get()`, `@app.post()`, `@app.put()`, `@app.delete()`, etc.

```python
from fastapi import FastAPI
from http import HTTPStatus

app = FastAPI()

@app.get(""/items/"", status_code=HTTPStatus.PARTIAL_CONTENT)
async def read_items():
    return {""item"": ""Item 1""}
```

Alternatively, you can pass the HTTP status code directly:

```python
@app.get(""/items/"", status_code=206)
async def read_items():
    return {""item"": ""Item 1""}
```

Note that the `status_code` parameter is a parameter of the ""path operation function"" (`get`, `post`, etc) and not of your decorator method, like all the parameters and body.

Also, note that `status_code` can receive a number with the HTTP status code or a `StringEnum`, such as Python's `http.HTTPStatus`."
CTX_009_MUT_01,"In the 0.96.0 release, what updates are related to internal performance optimization and documentation for Deta?","According to the given contexts:

- In the 0.96.0 release, there is an update to `create_cloned_field` to use a global cache and improve startup performance. This update is related to internal performance optimization.

- There are also two updates related to documentation for Deta. 
  1. The first update is to update the Deta deployment tutorial for compatibility with Deta Space, which is PR [#6004](https://github.com/tiangolo/fastapi/pull/6004) by [@mikBighne98](https://github.com/mikBighne98).
  2. The second update is to fix a typo in the Deta deployment tutorial, which is PR [#9510](https://github.com/tiangolo/fastapi/pull/9510) by [@lemonyte](https://github.com/lemonyte)."
CTX_009_MUT_02,"In the 0.96.0 release, what updates are related to internal performance optimization and documentation for Deta?","According to the provided context:

1. In the 0.96.0 release, related to internal performance optimization, there is an update to `create_cloned_field` to use a global cache and improve **runtime** performance. This update was made in PR [#4645](https://github.com/tiangolo/fastapi/pull/4645) by [@madkinsz](https://github.com/madkinsz) and original PR by [@huonw](https://github.com/huonw).

2. In the 0.96.0 release, related to documentation for Deta, there are two updates:
   - The first update is to the Deta deployment tutorial for compatibility with Deta **Cloud**. This update was made in PR [#6004](https://github.com/tiangolo/fastapi/pull/6004) by [@mikBighne98](https://github.com/mikBighne98).
   - The second update is a fix for a typo in the Deta deployment tutorial. This update was made in PR [#9501](https://github.com/tiangolo/fastapi/pull/9501) by [@lemonyte](https://github.com/lemonyte)."
CTX_009_MUT_03,"In the 0.96.0 release, what updates are related to internal performance optimization and documentation for Deta?","According to the provided contexts, the 0.96.0 release includes the following updates related to internal performance optimization and documentation for Deta:

1. **Internal Performance Optimization**: Update `create_cloned_field` to use a global cache and improve runtime performance (PR [#4645](https://github.com/tiangolo/fastapi/pull/4645) by [@madkinsz](https://github.com/madkinsz) and previous original PR by [@huonw](https://github.com/huonw)).
2. **Deta Deployment Documentation**: Update Deta deployment tutorial for compatibility with Deta Space (PR [#6004](https://github.com/tiangolo/fastapi/pull/6004) by [@mikBighne98](https://github.com/mikBighne98)).
3. **Deta Deployment Documentation**: Fix typo in Deta deployment tutorial (PR [#9501](https://github.com/tiangolo/fastapi/pull/9501) by [@lemonyte](https://github.com/lemonyte)).

These updates are mentioned in the provided contexts, specifically in CONTEXT 0."
CTX_009_MUT_04,"In the 0.96.0 release, what updates are related to internal performance optimization and documentation for Deta?",Abstain
CTX_009_MUT_05,"In the 0.96.0 release, what updates are related to internal performance optimization and documentation for Deta?",Abstain
CTX_009_MUT_06,"In the 0.96.0 release, what updates are related to internal performance optimization and documentation for Deta?",Abstain
CTX_009_MUT_07,"In the 0.96.0 release, what updates are related to internal performance optimization and documentation for Deta?",Abstain
CTX_009_MUT_08,"In the 0.96.0 release, what updates are related to internal performance optimization and documentation for Deta?","Based on the provided context, the 0.96.0 release includes the following updates related to internal performance optimization and documentation:

1. **Internal Performance Optimization:**
   - Update `create_cloned_field` to use a global cache and improve startup performance. (PR #4645 by @madkinsz and @huonw)

2. **Documentation Updates for Deta:**
   - Update Deta deployment tutorial for compatibility with Deta Space. (PR #6004 by @mikBighne98)
   - Fix typo in Deta deployment tutorial. (PR #9501 by @lemonyte)"
CTX_009_MUT_09,"In the 0.96.0 release, what updates are related to internal performance optimization and documentation for Deta?",Abstain
CTX_009_MUT_10,"In the 0.96.0 release, what updates are related to internal performance optimization and documentation for Deta?",Abstain
CTX_009_MUT_11,"In the 0.96.0 release, what updates are related to internal performance optimization and documentation for Deta?",Abstain
CTX_009_MUT_12,"In the 0.96.0 release, what updates are related to internal performance optimization and documentation for Deta?","According to the provided information:

*   In the 0.96.0 release, the update related to internal performance optimization is:
    *   Update `create_cloned_field` to use a global cache and improve startup performance (PR \[#4645\](https://github.com/tiangolo/fastapi/pull/4645) by \[@madkinsz\](https://github.com/madkinsz) and previous original PR by \[@huonw\](https://github.com/huonw)).
*   In the 0.96.0 release, the update related to documentation for Deta is:
    *   Update Deta deployment tutorial for compatibility with Deta Space (PR \[#6004\](https://github.com/tiangolo/fastapi/pull/6004) by \[@mikBighne98\](https://github.com/mikBighne98)).
    *   Fix typo in Deta deployment tutorial (PR \[#9501\](https://github.com/tiangolo/fastapi/pull/9501) by \[@lemonyte\](https://github.com/lemonyte))."
CTX_009_MUT_13,"In the 0.96.0 release, what updates are related to internal performance optimization and documentation for Deta?",Abstain
CTX_010_MUT_01,"In FastAPI, can a dependency be declared using 'async def' and used within a path operation function defined using a 'def' function normally?",Abstain
CTX_010_MUT_02,"In FastAPI, can a dependency be declared using 'async def' and used within a path operation function defined using a 'def' function normally?",Abstain
CTX_010_MUT_03,"In FastAPI, can a dependency be declared using 'async def' and used within a path operation function defined using a 'def' function normally?",Abstain
CTX_010_MUT_04,"In FastAPI, can a dependency be declared using 'async def' and used within a path operation function defined using a 'def' function normally?","Yes, in FastAPI, a dependency can be declared using `async def` and used within a path operation function defined using a `def` function normally. 

This means that you can define an `async def` function as a dependency, and then use it in a `def` path operation function. FastAPI will handle it correctly and execute the `async def` dependency when needed.

```python
from fastapi import FastAPI, Depends

app = FastAPI()

async def common_parameters():
    # some common parameters
    pass

@app.get(""/"")
def read_root():
    param = common_parameters()  # This is okay
    return {""message"": ""Hello World""}
```

In fact, this is mentioned in the documentation as well: 

> You can use `async def` or normal `def`.

And you can declare dependencies with `async def` inside of normal `def` *path operation functions*, or `def` dependencies inside of `async def` *path operation functions*, etc.

It doesn't matter. FastAPI will know what to do."
CTX_010_MUT_05,"In FastAPI, can a dependency be declared using 'async def' and used within a path operation function defined using a 'def' function normally?","No, a dependency declared using `async def` cannot be used within a path operation function defined using a `def` function normally in FastAPI.

FastAPI requires that dependencies declared with `async def` must be used within `async def` path operation functions, and `def` dependencies must be used within `def` path operation functions.

However, a dependency can be declared using `def` and used within an `async def` path operation function. 

```python
from fastapi import FastAPI, Depends

app = FastAPI()

def do_something():
    print(""Something is happening"")
    return ""Result""

async def do_something_async():
    print(""Something is happening asynchronously"")
    return ""Result asynchronously""

@app.get(""/"")
def read_root():
    return do_something()

@app.get(""/async"")
async def read_root_async():
    return await do_something_async()
```

In this example, `do_something()` is a `def` dependency and can be used within `read_root()` which is a `def` path operation function.

`do_something_async()` is an `async def` dependency and can be used within `read_root_async()` which is an `async def` path operation function. 

If you try to use `do_something_async()` within `read_root()`, which is a `def` path operation function, you will get an error."
CTX_010_MUT_06,"In FastAPI, can a dependency be declared using 'async def' and used within a path operation function defined using a 'def' function normally?","According to the information provided in the given context, in FastAPI, a dependency cannot be declared using `async def` inside of a normal `def` path operation function. However, FastAPI will automatically determine how to handle the dependency based on the context. 

In other words, you can't mix asynchronous and synchronous code in this way, but FastAPI will handle it for you. 

For example, a dependency function declared with `async def` can be used within a path operation function defined with `async def`, and vice versa. But not within a normal `def` function."
CTX_010_MUT_07,"In FastAPI, can a dependency be declared using 'async def' and used within a path operation function defined using a 'def' function normally?","Yes, in FastAPI, a dependency can be declared using `async def` and used within a path operation function defined using a `def` function normally. This is possible because FastAPI will automatically detect and handle the asynchronous nature of the dependency.

Here's an example:

```python
from fastapi import FastAPI, Depends
from pydantic import BaseModel

app = FastAPI()

async def get_user():
    return {""username"": ""john""}

@app.get(""/"")
def read_root(user: dict = Depends(get_user)):
    return user
```

In this example, the `get_user` dependency is declared using `async def`, but it's used within a path operation function (`read_root`) that's defined using a normal `def` function. FastAPI will correctly handle the asynchronous dependency and pass the result to the `read_root` function."
CTX_010_MUT_08,"In FastAPI, can a dependency be declared using 'async def' and used within a path operation function defined using a 'def' function normally?","Yes, in FastAPI, a dependency can be declared using `async def` and used within a path operation function defined using a `def` function normally. 

FastAPI will handle the asynchronous nature of the dependency and the synchronous path operation function correctly.

Here is an example:

```python
from fastapi import FastAPI, Depends

app = FastAPI()

async def get_db():
    # some database initialization
    return db

@app.get(""/"")
def read_root(db: dict = Depends(get_db)):
    return {""message"": ""Hello World""}
```

In this example, `get_db` is an `async def` function that returns a database connection. It is used as a dependency in the path operation function `read_root`, which is a normal `def` function. 

When a request is made to the `/` path, FastAPI will call the `get_db` function and use its result as the `db` parameter in the `read_root` function."
CTX_010_MUT_09,"In FastAPI, can a dependency be declared using 'async def' and used within a path operation function defined using a 'def' function normally?","Yes, in FastAPI, a dependency can be declared using `async def` and used within a path operation function defined using a `def` function normally.

In other words, you can define an asynchronous dependency function using `async def` and then use it as a dependency in a path operation function that is defined using a normal `def` function.

This is because FastAPI is designed to work with asynchronous code, and it knows how to handle the asynchronous nature of the dependency functions.

For example:

```python
from fastapi import FastAPI, Depends
from typing import List

app = FastAPI()

async def get_data():
    # asynchronous code to get data
    return {""data"": ""Hello, World!""}

@app.get(""/"")
def read_root():
    data = await Depends(get_data())
    return data
```

In this example, the `get_data` function is defined using `async def` and is used as a dependency in the `read_root` path operation function, which is defined using a normal `def` function. The `Depends` function is used to mark the `get_data` function as a dependency, and the `await` keyword is used to wait for the result of the dependency function."
CTX_010_MUT_10,"In FastAPI, can a dependency be declared using 'async def' and used within a path operation function defined using a 'def' function normally?","According to the [FastAPI documentation](https://fastapi.tiangolo.com/advanced/async-functions/), you can use `async def` dependencies within `def` path operation functions. This means that the answer is yes, a dependency can be declared using `async def` and used within a path operation function defined using a `def` function normally.

Here's an example:

```python
from fastapi import Depends, FastAPI

app = FastAPI()

async def get_token():
    # code to get token

@app.get(""/"")
def read_root(token: str = Depends(get_token)):
    return {""Hello"": ""World""}
```

In this example, the `get_token` dependency is declared using `async def` and is used within the `read_root` path operation function, which is defined using `def`. This should work as expected."
CTX_010_MUT_11,"In FastAPI, can a dependency be declared using 'async def' and used within a path operation function defined using a 'def' function normally?",Abstain
CTX_010_MUT_12,"In FastAPI, can a dependency be declared using 'async def' and used within a path operation function defined using a 'def' function normally?",Abstain
CTX_010_MUT_13,"In FastAPI, can a dependency be declared using 'async def' and used within a path operation function defined using a 'def' function normally?",Abstain
CTX_011_MUT_01,"When defining a Pydantic model (such as Image) and using it as a data type for a field of another model, what automatic benefits does FastAPI provide?",Abstain
CTX_011_MUT_02,"When defining a Pydantic model (such as Image) and using it as a data type for a field of another model, what automatic benefits does FastAPI provide?","When defining a Pydantic model (such as `Image`) and using it as a data type for a field of another model, FastAPI provides the following automatic benefits:

1. **Validation**: FastAPI will automatically validate the data for the field based on the Pydantic model definition. This means that if the data is not in the correct format or does not meet the constraints defined in the Pydantic model, FastAPI will raise a validation error.

2. **Type Hinting**: FastAPI will automatically generate type hints for the field based on the Pydantic model definition. This means that if you're using an IDE or a linter, it will be able to infer the type of the field and provide helpful suggestions and warnings.

3. **JSON Schema Generation**: FastAPI will automatically generate a JSON Schema for the field based on the Pydantic model definition. This means that the JSON Schema will reflect the structure and constraints of the Pydantic model, making it easier to understand and use.

4. **Automatic Generation of OpenAPI Documentation**: FastAPI will automatically generate OpenAPI documentation for the field based on the Pydantic model definition. This means that the OpenAPI documentation will reflect the structure and constraints of the Pydantic model, making it easier to understand and use.

5. **Direct Use with Other FastAPI Features**: FastAPI provides a seamless integration with other features, such as query parameters, path parameters, request bodies, etc. You can use the same Pydantic model definition to validate data from different sources, such as query parameters, path parameters, request bodies, etc.

These automatic benefits make it easy to define data models and use them consistently throughout your application, without having to write boilerplate code or manually validate data.

Here's an example:
```python
from pydantic import BaseModel
from typing import Optional

class Image(BaseModel):
    id: int
    url: str
    width: int
    height: int

class User(BaseModel):
    name: str
    email: str
    avatar: Image  # Using the Image model as a data type for the avatar field
```
In this example, FastAPI will automatically validate the `avatar` field based on the `Image` model definition, generate type hints, JSON Schema, and OpenAPI documentation, and provide direct integration with other FastAPI features."
CTX_011_MUT_03,"When defining a Pydantic model (such as Image) and using it as a data type for a field of another model, what automatic benefits does FastAPI provide?",Abstain
CTX_011_MUT_04,"When defining a Pydantic model (such as Image) and using it as a data type for a field of another model, what automatic benefits does FastAPI provide?",Abstain
CTX_011_MUT_05,"When defining a Pydantic model (such as Image) and using it as a data type for a field of another model, what automatic benefits does FastAPI provide?",Abstain
CTX_011_MUT_06,"When defining a Pydantic model (such as Image) and using it as a data type for a field of another model, what automatic benefits does FastAPI provide?",Abstain
CTX_011_MUT_07,"When defining a Pydantic model (such as Image) and using it as a data type for a field of another model, what automatic benefits does FastAPI provide?",Abstain
CTX_011_MUT_08,"When defining a Pydantic model (such as Image) and using it as a data type for a field of another model, what automatic benefits does FastAPI provide?","When defining a Pydantic model, such as `Image`, and using it as a data type for a field of another model, FastAPI provides several automatic benefits:

1.  **Validation**: FastAPI will automatically validate the data against the `Image` model, ensuring that it conforms to the specified structure and constraints.
2.  **Type Hinting**: FastAPI will use the `Image` model as a type hint for the field, providing better auto-completion and error detection in your IDE.
3.  **JSON Schema Generation**: FastAPI will automatically generate a JSON Schema for the `Image` model, which can be used to document the API and provide client-side validation.
4.  **Automatic Parsing and Validation**: When receiving data in a request, FastAPI will automatically parse the data into an instance of the `Image` model, validating it against the model's constraints.
5.  **Direct Use in Database Operations**: If you're using an ORM like SQLAlchemy or a database-specific ORM, you can pass the `Image` model instance directly to database operations, taking advantage of the automatic validation and type checking.
6.  **Direct Use in Client-Side Code**: When returning data in a response, you can pass the `Image` model instance directly to the client, taking advantage of the automatic JSON serialization and type hinting.
7.  **IDE and Linter Support**: FastAPI will generate the necessary type hints and documentation for the `Image` model, making it easier to work with in your IDE and linter.

These benefits make it easier to work with complex data structures and ensure that your API is robust, maintainable, and easy to use."
CTX_011_MUT_09,"When defining a Pydantic model (such as Image) and using it as a data type for a field of another model, what automatic benefits does FastAPI provide?",Abstain
CTX_011_MUT_10,"When defining a Pydantic model (such as Image) and using it as a data type for a field of another model, what automatic benefits does FastAPI provide?",Abstain
CTX_011_MUT_11,"When defining a Pydantic model (such as Image) and using it as a data type for a field of another model, what automatic benefits does FastAPI provide?","When you define a Pydantic model (such as `Image`) and use it as a data type for a field of another model, FastAPI provides several automatic benefits:

1. **Validation**: The field in the parent model will be validated automatically using the same validation rules as the `Image` model. This means that if the `Image` model has constraints on its fields (e.g., required fields, field types, min/max values), those same constraints will be applied to the field in the parent model.

2. **Type Checking**: The type of the field will be checked at runtime. If the type does not match the Pydantic model, a `ValidationError` will be raised.

3. **JSON Schema Generation**: When you generate the OpenAPI schema for your API, FastAPI will automatically include the JSON Schema for the `Image` model in the schema for the field in the parent model.

4. **Serialization**: When serializing the data to JSON, FastAPI will use the `Image` model to serialize the field, which means that the JSON output will conform to the schema defined by the `Image` model.

5. **Deserialization**: When deserializing the data from JSON, FastAPI will use the `Image` model to validate and parse the field, which means that the deserialized data will conform to the schema defined by the `Image` model.

6. **IDE/Editor Support**: Because FastAPI uses Pydantic models to define the data types, you can take advantage of IDE and editor support for Pydantic models, such as auto-completion, type checking, and linting.

7. **Automatic Generation of API Documentation**: When you generate the API documentation using tools like Swagger or ReDoc, FastAPI will automatically include the schema for the `Image` model in the documentation for the field in the parent model.

Overall, using Pydantic models as data types in your FastAPI models provides a powerful way to define and validate the structure and constraints of your data, while also taking advantage of the automatic benefits provided by FastAPI."
CTX_011_MUT_12,"When defining a Pydantic model (such as Image) and using it as a data type for a field of another model, what automatic benefits does FastAPI provide?","When defining a Pydantic model (such as `Image`) and using it as a data type for a field of another model, FastAPI provides several automatic benefits:

1. **No need to define a new schema definition micro-language**: You don't need to learn a new language to define your schema. Pydantic's Python type hints are used directly.

2. **Automatic validation**: FastAPI uses the Pydantic model to automatically validate the data. If the data doesn't match the Pydantic model, FastAPI will return an error.

3. **Automatic JSON Schema generation**: FastAPI can automatically generate a JSON Schema for the Pydantic model, which can be used in the OpenAPI documentation.

4. **Automatic conversion to a JSON-serializable format**: When sending the data back to the client, FastAPI will automatically convert the Pydantic model to a JSON-serializable format, such as a dictionary.

5. **IDE and linter support**: Since FastAPI uses Pydantic models, you get the same support from your IDE and linter as you would with regular Python code.

6. **Database ORM and ODM support**: FastAPI is compatible with popular ORMs and ODMs that use Pydantic models, such as SQLAlchemy and MongoDB. This allows you to use the same Pydantic model for both database and API validation.

Here's an example of what this might look like:

```python
from fastapi import FastAPI
from pydantic import BaseModel

class Image(BaseModel):
    id: int
    url: str

class Post(BaseModel):
    title: str
    content: str
    image: Image

app = FastAPI()

@app.get(""/posts/"")
def read_posts():
    # FastAPI will automatically validate and convert the image field
    return [{""title"": ""Post 1"", ""content"": ""This is post 1"", ""image"": {""id"": 1, ""url"": ""https://example.com/image1""}}]

@app.post(""/posts/"")
def create_post(post: Post):
    # FastAPI will automatically validate the post data
    # and convert the image field to a JSON-serializable format
    return post
```

In this example, FastAPI will automatically validate and convert the `image` field for both the GET and POST endpoints."
CTX_011_MUT_13,"When defining a Pydantic model (such as Image) and using it as a data type for a field of another model, what automatic benefits does FastAPI provide?","When defining a Pydantic model (such as `Image`) and using it as a data type for a field of another model, FastAPI provides the following automatic benefits:

1. **Schema Generation**: FastAPI automatically generates a JSON schema for the `Image` model, which is used to validate the incoming data. This schema is also reflected in the OpenAPI documentation.
2. **Validation**: When a request is made to the endpoint, FastAPI automatically validates the incoming data against the `Image` model. If the data is invalid, it raises a `ValidationError`.
3. **Data Conversion**: If the incoming data is valid, FastAPI automatically converts it to an instance of the `Image` model.
4. **Type Hinting**: FastAPI uses the Pydantic model as a type hint, allowing you to take advantage of Python's type hinting features, such as auto-completion and static type checking.
5. **Automatic Generation of Request Body**: When defining an endpoint that expects a request body of type `Image`, FastAPI automatically generates the request body schema in the OpenAPI documentation.

By using Pydantic models as data types for fields in other models, you can leverage these automatic benefits and ensure that your API data is validated, converted, and documented correctly.

Here's an example:
```python
from pydantic import BaseModel

class Image(BaseModel):
    id: int
    url: str

class User(BaseModel):
    name: str
    avatar: Image
```
In this example, the `Image` model is defined with two fields: `id` and `url`. When using this model as a field type in the `User` model, FastAPI provides the automatic benefits mentioned above."
CTX_012_MUT_01,The combination of FastAPI and Pydantic brings out which notable features related to data validation and interaction with Editor?,"Based on the provided contexts, the combination of FastAPI and Pydantic brings out the following notable features related to data validation and interaction with Editor:

1.  **No brainfuck**: Pydantic models are based on Python types, making it easy to learn and use. This means you don't need to learn a new schema definition language.
2.  **Editor support**: Pydantic data structures are just dictionaries under the hood, which means auto-completion, linting, mypy, and your intuition should all work properly with your validated data.
3.  **Fast and easy data validation**: Pydantic allows you to define complex data structures and validate them with ease. This makes it ideal for use with FastAPI, which is based on Pydantic.
4.  **Automatic documentation**: Pydantic models can be used to automatically generate documentation for your API.
5.  **Extensible**: Pydantic allows custom data types to be defined, or you can extend validation with methods on a model decorated with the validator decorator.
6.  **Deeply nested JSON objects**: Pydantic models can handle deeply nested JSON objects and validate them properly.
7.  **100% test coverage**: Pydantic allows for easy testing of your data models.

In terms of interaction with Editor, Pydantic brings out:

1.  **Auto-completion**: Pydantic data structures are dictionaries under the hood, which means auto-completion should work properly.
2.  **Linting**: Pydantic models can be linted just like regular Python code.
3.  **Mypy support**: Pydantic models can be used with mypy for static type checking.

Overall, the combination of FastAPI and Pydantic provides a powerful and flexible way to build APIs with data validation and interaction with Editor support."
CTX_012_MUT_02,The combination of FastAPI and Pydantic brings out which notable features related to data validation and interaction with Editor?,"The combination of FastAPI and Pydantic brings out the following notable features related to data validation and interaction with Editor:

1. **No brainfuck**: No new schema definition micro-language to learn. If you know Python types, you know how to use Pydantic.
2. **Editor support**: Pydantic data structures are just instances of classes you define, which allows for proper auto-completion, linting, mypy, and your intuition to work properly with your validated data.
3. **Validate complex structures**: Hierarchical Pydantic models, Python `typing`’s `List` and `Dict`, etc., allow for complex data schemas to be clearly and easily defined, checked, and documented as XML Schema.
4. **Extensible**: Pydantic allows custom data types to be defined or you can extend validation with methods on a model decorated with the validator decorator.
5. **Data conversion**: Pydantic automatically converts data from one type to another.
6. **Data validation**: Pydantic automatically validates the incoming data based on the specified schema.
7. **Automatic documentation**: Pydantic automatically generates documentation for the models and their fields.

These features make it easier to work with data in FastAPI applications, especially when dealing with complex structures and nested JSON objects. They also provide tight integration with editors and IDEs, making it easier to write and maintain code."
CTX_012_MUT_03,The combination of FastAPI and Pydantic brings out which notable features related to data validation and interaction with Editor?,Abstain
CTX_012_MUT_04,The combination of FastAPI and Pydantic brings out which notable features related to data validation and interaction with Editor?,"Based on the provided contexts, the notable features of FastAPI and Pydantic related to data validation and interaction with Editor are:

1. **No brainfuck**: Pydantic data structures are just instances of classes you define, so you don't need to learn a new schema definition micro-language. If you know Python types, you know how to use Pydantic.

2. **Plays nicely with your IDE/linter/brain**: Pydantic data structures are just classes, so auto-completion, linting, mypy, and your intuition should all work properly with your validated data.

3. **Validate complex structures**: You can use hierarchical Pydantic models, Python `typing`’s `List` and `Dict`, etc., and validators to allow complex data schemas to be clearly and easily defined, checked, and documented as JSON Schema.

4. **Extensible**: Pydantic allows custom data types to be defined, or you can extend validation with methods on a model decorated with the validator decorator.

5. **Editor support (completion, etc.)**: You get editor support, even for nested models, which makes development easier.

6. **Data conversion**: FastAPI and Pydantic automatically convert data from the request to the Python data type.

7. **Data validation**: All data is validated automatically using Pydantic's powerful validation capabilities.

8. **Automatic documentation**: The same Pydantic model can be used to automatically generate documentation for your API.

So, the combination of FastAPI and Pydantic brings out the following notable features related to data validation and interaction with Editor:

* Editor support (completion, etc.)
* Data conversion
* Data validation
* Automatic documentation"
CTX_012_MUT_05,The combination of FastAPI and Pydantic brings out which notable features related to data validation and interaction with Editor?,Abstain
CTX_012_MUT_06,The combination of FastAPI and Pydantic brings out which notable features related to data validation and interaction with Editor?,Abstain
CTX_012_MUT_07,The combination of FastAPI and Pydantic brings out which notable features related to data validation and interaction with Editor?,Abstain
CTX_012_MUT_08,The combination of FastAPI and Pydantic brings out which notable features related to data validation and interaction with Editor?,Abstain
CTX_012_MUT_09,The combination of FastAPI and Pydantic brings out which notable features related to data validation and interaction with Editor?,"Based on the provided contexts, the combination of FastAPI and Pydantic brings out the following notable features related to data validation and interaction with Editors:

1. **No brainfuck**: No new schema definition micro-language to learn. If you know Python types, you know how to use Pydantic.
2. **Automatic validation**: Pydantic allows you to define data structures as Python classes, which are then validated automatically.
3. **Complex structure validation**: You can use hierarchical Pydantic models, Python `typing`’s `List` and `Dict`, etc. to validate complex data structures.
4. **Nested JSON object validation**: You can have deeply nested JSON objects and have them all validated and annotated.
5. **Extensibility**: Pydantic allows custom data types to be defined or you can extend validation with methods on a model decorated with the validator decorator.
6. **Editor support**: Pydantic models are just instances of classes you define, which means your IDE, linter, and brain will all work properly with your validated data.
7. **Data conversion**: Pydantic automatically converts data between different formats (e.g., from JSON to Python objects).
8. **Automatic documentation**: With FastAPI, you get automatic documentation of your Pydantic models, which makes it easier to understand how to interact with your API.

These features make it easier to work with data in your FastAPI applications and provide a better developer experience."
CTX_012_MUT_10,The combination of FastAPI and Pydantic brings out which notable features related to data validation and interaction with Editor?,Abstain
CTX_012_MUT_11,The combination of FastAPI and Pydantic brings out which notable features related to data validation and interaction with Editor?,Abstain
CTX_012_MUT_12,The combination of FastAPI and Pydantic brings out which notable features related to data validation and interaction with Editor?,Abstain
CTX_012_MUT_13,The combination of FastAPI and Pydantic brings out which notable features related to data validation and interaction with Editor?,"The combination of FastAPI and Pydantic brings out the following notable features related to data validation and interaction with Editor:

1. **No brainfuck**: With Pydantic, you don't need to learn a new schema definition micro-language. If you know Python types, you know how to use Pydantic.
2. **Editor support**: Pydantic models are just instances of classes you define, so auto-completion, linting, mypy, and your intuition should all work properly with your validated data.
3. **Validate complex structures**: You can use hierarchical Pydantic models, Python `typing`'s `Tuple` and `Set`, etc. to validate complex data schemas.
4. **Extensible**: Pydantic allows custom data types to be defined or you can extend validation with methods on a model decorated with the validator decorator.
5. **Automatic documentation**: With FastAPI, you get automatic documentation for your data models, including nested models.
6. **Data conversion**: Pydantic can automatically convert your data between different formats, such as JSON and Python objects.
7. **Data validation**: Pydantic can validate your data against a predefined schema, ensuring that it conforms to the expected format and structure.

These features make it easier to work with data in your FastAPI application, providing a robust and efficient way to handle data validation, conversion, and interaction with editors."
CTX_013_MUT_01,"In addition to supporting autocompletion and validation for basic data types (JSON object, array, string, number), what other complex data types does FastAPI's validation system also support?",Abstain
CTX_013_MUT_02,"In addition to supporting autocompletion and validation for basic data types (JSON object, array, string, number), what other complex data types does FastAPI's validation system also support?",Abstain
CTX_013_MUT_03,"In addition to supporting autocompletion and validation for basic data types (JSON object, array, string, number), what other complex data types does FastAPI's validation system also support?",Abstain
CTX_013_MUT_04,"In addition to supporting autocompletion and validation for basic data types (JSON object, array, string, number), what other complex data types does FastAPI's validation system also support?","In addition to supporting autocompletion and validation for basic data types (JSON object, array, string, number), FastAPI's validation system also supports:

1. **Nested models**: Complex structures can be defined using Pydantic models, Python `typing`'s `List` and `Dict`, etc.
2. **Enums**: Custom enums can be defined and used in the data model.
3. **Choices**: Choices can be defined and used in the data model.
4. **Custom data types**: Custom data types can be defined or you can extend validation with methods on a model decorated with the validator decorator.
5. **Union types**: Union types can be used to validate data that can be one of multiple types.
6. **Optional types**: Optional types can be used to validate data that is optional.
7. **List and Dict**: List and Dict types from Python's `typing` module can be used to validate lists and dictionaries.
8. **TypedDict**: TypedDict from Python's `typing` module can be used to validate dictionaries with specific keys and types.
9. **Any**: The `Any` type can be used to validate any type of data.
10. **Custom validators**: Custom validators can be defined or extended using the validator decorator.

These complex data types can be combined to create sophisticated data models that support autocompletion, data conversion, data validation, and automatic documentation."
CTX_013_MUT_05,"In addition to supporting autocompletion and validation for basic data types (JSON object, array, string, number), what other complex data types does FastAPI's validation system also support?","FastAPI's validation system supports complex data types through the use of Pydantic models, which can handle a wide range of data types. Here are some examples of complex data types that are supported:

1. **Hierarchical models**: Pydantic models can be nested, allowing you to define complex structures with multiple levels of hierarchy.
2. **Lists and dictionaries**: You can use Python's `typing` library to define lists and dictionaries as fields in your Pydantic model.
3. **Custom data types**: You can define custom data types by creating a Pydantic model with custom validation logic.
4. **Union types**: You can use Pydantic's `Union` type to define fields that can accept multiple types of data.
5. **Optional types**: You can use Pydantic's `Optional` type to define fields that can be either present or absent.
6. **UUID**: Pydantic supports UUID validation out of the box.
7. **Email**: Pydantic supports email validation out of the box.
8. **URL**: Pydantic supports URL validation out of the box.
9. **IPv4 and IPv6**: Pydantic supports IPv4 and IPv6 address validation out of the box.
10. **Date and time**: Pydantic supports date and time validation out of the box, including ISO 8601 dates and times.
11. **Interval**: Pydantic supports interval validation out of the box, including date, time, and datetime intervals.
12. **Decimal**: Pydantic supports decimal validation out of the box.

These complex data types can be used to define a wide range of data structures, from simple to very complex, and FastAPI's validation system will ensure that the data conforms to the expected structure and constraints.

Here's an example of a Pydantic model that uses some of these complex data types:
```python
from pydantic import BaseModel, List, Optional
from typing import Union

class Address(BaseModel):
    street: str
    city: str
    state: str
    zip_code: str

class Person(BaseModel):
    name: str
    email: str
    phone_numbers: List[str]
    addresses: List[Address]
    age: Optional[int]

class User(BaseModel):
    id: UUID
    name: str
    email: EmailStr
    url: URL
    ip_address: IPvAnyAddress
    created_at: datetime
    updated_at: datetime
    interval: Interval
    decimal_value: Decimal
    choices: Union[str, int]
```
This is just a small example, but you can define much more complex data structures using Pydantic models and FastAPI's validation system."
CTX_013_MUT_06,"In addition to supporting autocompletion and validation for basic data types (JSON object, array, string, number), what other complex data types does FastAPI's validation system also support?","In addition to supporting autocompletion and validation for basic data types (JSON object, array, string, number), FastAPI's validation system also supports:

1. **Boolean**: FastAPI supports the standard JSON boolean type, which is a boolean primitive value (`true` or `false`).

2. **Null**: FastAPI supports the standard JSON null type, which is the absence of any value or presence of an null value (`null`).

3. **Float**: FastAPI supports the standard JSON number type, which can be a float (a decimal number).

4. **Integer**: FastAPI supports the standard JSON number type, which can be an integer (a whole number).

5. **Date**: FastAPI supports the standard JSON date type, which is a date in the format `YYYY-MM-DD`.

6. **DateTime**: FastAPI supports the standard JSON date-time type, which is a date and time in the format `YYYY-MM-DDThh:mm:ss.sssZ`.

7. **List**: FastAPI supports lists of any type, including nested lists and lists of other complex types.

8. **Dict**: FastAPI supports dictionaries of any type, including nested dictionaries and dictionaries with other complex types as values.

9. **Union**: FastAPI supports union types, which are types that can be one of several possibilities.

10. **Optional**: FastAPI supports optional types, which are types that can be either present or absent.

11. **Tuple**: FastAPI supports tuples of any type, including nested tuples and tuples of other complex types.

12. **Mapping**: FastAPI supports mapping types, which are types that are mappings (like dictionaries) but allow for more complex keys.

13. **NewType**: FastAPI supports new type definitions, which are new names for existing types.

14. **Literal**: FastAPI supports literal types, which are types that only allow specific values.

15. **Enum**: FastAPI supports enum types, which are a set of named values.

16. **Custom Types**: FastAPI supports custom types, which are types defined by the user.

17. **Async Types**: FastAPI supports async types, which are types that are associated with asynchronous code.

18. **TypedDict**: FastAPI supports typed dictionaries, which are dictionaries with specific keys and types.

19. **Any**: FastAPI supports any type, which matches all types.

20. **NoType**: FastAPI supports no type, which matches no type.

Pydantic models are also extensible, allowing custom data types to be defined or extending validation with methods on a model decorated with the validator decorator.

FastAPI's validation system uses Pydantic under the hood, which means you can use all of Pydantic's features and validation rules in your FastAPI application.

You can also use FastAPI's built-in support for JSON Schema validation to validate complex data types, including nested objects and arrays."
CTX_013_MUT_07,"In addition to supporting autocompletion and validation for basic data types (JSON object, array, string, number), what other complex data types does FastAPI's validation system also support?","In addition to supporting autocompletion and validation for basic data types (JSON object, array, string, number), FastAPI's validation system through Pydantic also supports the following complex data types:

1. **Enumerations (Enums)**: Support for custom Enum types, allowing you to define a set of named values and use them in your model.
2. **Custom data types**: Support for custom data types, allowing you to extend the validation system with your own data types.
3. **List and Tuple**: Support for validating lists and tuples, including the type of items in the list or tuple.
4. **Dict and Mapping**: Support for validating dictionaries and other mapping types, including the type of keys and values.
5. **Nested models**: Support for validating complex nested models, allowing you to define a model with other models as fields.
6. **Optional types**: Support for optional types, allowing you to define fields that can be either present or absent.
7. **Union types**: Support for union types, allowing you to define fields that can be one of multiple types.
8. **Any**: Support for the `Any` type, allowing you to define fields that can be any type.
9. **Literal types**: Support for literal types, allowing you to define fields that can only take on specific literal values.
10. **Type aliases**: Support for type aliases, allowing you to define a new name for an existing type.

These complex data types are supported through the use of Pydantic's advanced type features, which provide a powerful and flexible way to define and validate complex data structures."
CTX_013_MUT_08,"In addition to supporting autocompletion and validation for basic data types (JSON object, array, string, number), what other complex data types does FastAPI's validation system also support?","FastAPI's validation system, which is built on top of Pydantic, supports a wide range of complex data types, including:

1. **Nested models**: You can define nested models, which are essentially complex data types that can contain other models or basic data types.
2. **Lists**: You can use Pydantic's `List` type to define lists of other data types, including nested models.
3. **Dictionaries**: You can use Pydantic's `Dict` type to define dictionaries that can contain other data types, including nested models.
4. **Tuples**: You can use Pydantic's `Tuple` type to define tuples of other data types, including nested models.
5. **Enums**: You can use Pydantic's `Enum` type to define enumerations, which are a way to define a set of named values.
6. **Custom types**: You can define custom types using Pydantic's `TypedDict` type, which allows you to define a dictionary-like structure with specific keys and types.
7. **Any**: You can use Pydantic's `Any` type to define a type that can be any other type, including nested models.
8. **Optional types**: You can use Pydantic's `Optional` type to define a type that can be either present or absent.
9. **Union types**: You can use Pydantic's `Union` type to define a type that can be one of multiple other types.
10. **Recursive types**: You can define recursive types, which are types that reference themselves, such as a list of integers that can contain other lists of integers.

These complex data types can be used to define a wide range of data structures, including but not limited to:

* Complex JSON objects with nested arrays, objects, and other types
* Data structures with multiple levels of nesting, such as a list of objects that contain lists of other objects
* Data structures with repeating elements, such as a list of dictionaries that can contain other lists of dictionaries

By supporting these complex data types, FastAPI's validation system provides a powerful and flexible way to validate and document complex data structures in your API."
CTX_013_MUT_09,"In addition to supporting autocompletion and validation for basic data types (JSON object, array, string, number), what other complex data types does FastAPI's validation system also support?","FastAPI's validation system, built on top of Pydantic, supports a wide range of complex data types, including:

1. **Nested models**: You can define nested models, where a field in a model is another Pydantic model. This allows you to create complex data structures with multiple levels of nesting.

2. **Lists and Tuples**: You can use the `List` and `Tuple` types from the `typing` module to define lists and tuples of values. These can be of any type, including other models or basic types.

3. **Dictionaries**: You can use the `Dict` type from the `typing` module to define dictionaries of values. These can be of any type, including other models or basic types.

4. **Sets**: You can use the `Set` type from the `typing` module to define sets of values.

5. **Custom data types**: You can define custom data types by using a class that inherits from `pydantic.BaseModel`. This allows you to create complex data structures with custom validation and behavior.

6. **Union types**: You can use the `Union` type from the `typing` module to define types that can be one of multiple types, such as `int | str` or `Model | None`.

7. **Optional types**: You can use the `Optional` type from the `typing` module to define types that can be either a value or `None`.

8. **TypedDict**: You can use the `TypedDict` type from the `typeshed` library to define dictionaries with specific keys and types.

9. **Nested TypedDicts**: You can use `TypedDict` to define dictionaries with nested structures.

10. **Custom validators**: You can define custom validators using the `@validator` decorator to add custom validation logic to your models.

These complex data types allow you to create rich and expressive data models that can be used for validation, data conversion, and automatic documentation."
CTX_013_MUT_10,"In addition to supporting autocompletion and validation for basic data types (JSON object, array, string, number), what other complex data types does FastAPI's validation system also support?","In addition to supporting autocompletion and validation for basic data types (JSON object, array, string, number), FastAPI's validation system also supports the following complex data types:

1. **Lists**: Validation of lists of any type, including nested lists.
2. **Dictionaries**: Validation of dictionaries with specific keys and values.
3. **Tuples**: Validation of tuples with specific types.
4. **Sets**: Validation of sets with specific types.
5. **Custom classes**: Validation of custom classes, including nested structures.
6. **TypedDict**: Validation of TypedDict objects, which are dictionaries with specific keys and values.
7. **Union**: Validation of unions of different types, such as int or str.
8. **Optional**: Validation of optional values, such as None or a specific type.
9. **List of**: Validation of lists of specific types, such as List[int].
10. **Dict of**: Validation of dictionaries with specific types, such as Dict[str, int].

FastAPI's validation system also supports nested structures, where you can validate complex data types within each other. For example:

```python
from pydantic import BaseModel

class Address(BaseModel):
    street: str
    city: str
    state: str
    zip: str

class User(BaseModel):
    name: str
    email: str
    address: Address

# This will validate the following JSON:
{
    ""name"": ""John Doe"",
    ""email"": ""john.doe@example.com"",
    ""address"": {
        ""street"": ""123 Main St"",
        ""city"": ""Anytown"",
        ""state"": ""CA"",
        ""zip"": ""12345""
    }
}
```

This example shows how you can validate a nested structure, where `User` has an `address` field that is an instance of `Address`."
CTX_013_MUT_11,"In addition to supporting autocompletion and validation for basic data types (JSON object, array, string, number), what other complex data types does FastAPI's validation system also support?","In addition to supporting autocompletion and validation for basic data types (JSON object, array, string, number), FastAPI's validation system, which is powered by Pydantic, also supports validation for more exotic types, including:

* URL: FastAPI's validation system supports the validation of URLs, including their protocol, domain, path, query parameters, and more.
* Email: Validation for email addresses, including checks for valid email syntax and domain existence.
* UUID: Validation for UUIDs (Universally Unique Identifiers) in various formats, including v1, v4, and more.
* Date and time: Validation for dates and times in various formats, including ISO 8601, RFC 3339, and more.
* Enum: Validation for custom enum types, allowing you to define a set of allowed values.
* Boolean: Validation for boolean values, including checks for true or false.
* None: Validation for the absence of a value, represented by None.
* Any: Validation for any Python type, including dynamic typing.
* List and Dict: Validation for lists and dictionaries, including checks for element types and size.

These types are supported through the use of various Pydantic types, such as `Url`, `EmailStr`, `UUID`, `DateTime`, `Enum`, `Bool`, and `Any`. You can also define custom types using Pydantic's type system, allowing you to validate complex data structures and custom data types."
CTX_013_MUT_12,"In addition to supporting autocompletion and validation for basic data types (JSON object, array, string, number), what other complex data types does FastAPI's validation system also support?",Abstain
CTX_013_MUT_13,"In addition to supporting autocompletion and validation for basic data types (JSON object, array, string, number), what other complex data types does FastAPI's validation system also support?",Abstain
CTX_014_MUT_01,What security patch 0.92.0 addresses the Denial of Service (DoS) vulnerability related to which component in the FastAPI application?,"The security patch 0.92.0 addresses a Denial of Service (DoS) vulnerability related to ""many small multipart fields/files (parts)"" in the Starlette component of the FastAPI application."
CTX_014_MUT_02,What security patch 0.92.0 addresses the Denial of Service (DoS) vulnerability related to which component in the FastAPI application?,Abstain
CTX_014_MUT_03,What security patch 0.92.0 addresses the Denial of Service (DoS) vulnerability related to which component in the FastAPI application?,Abstain
CTX_014_MUT_04,What security patch 0.92.0 addresses the Denial of Service (DoS) vulnerability related to which component in the FastAPI application?,"The security patch 0.92.0 addresses a Denial of Service (DoS) vulnerability related to the `Starlette` component in the FastAPI application. Specifically, it was caused by using many small multipart fields/files (parts), which could consume high CPU and memory."
CTX_014_MUT_05,What security patch 0.92.0 addresses the Denial of Service (DoS) vulnerability related to which component in the FastAPI application?,Abstain
CTX_014_MUT_06,What security patch 0.92.0 addresses the Denial of Service (DoS) vulnerability related to which component in the FastAPI application?,Abstain
CTX_014_MUT_07,What security patch 0.92.0 addresses the Denial of Service (DoS) vulnerability related to which component in the FastAPI application?,"According to the provided context, security patch 0.92.0 addresses the Denial of Service (DoS) vulnerability related to using many small multipart fields/files (parts), consuming high CPU and memory, in the Starlette component used in the FastAPI application. This specifically affects applications using forms (e.g., file uploads)."
CTX_014_MUT_08,What security patch 0.92.0 addresses the Denial of Service (DoS) vulnerability related to which component in the FastAPI application?,Abstain
CTX_014_MUT_09,What security patch 0.92.0 addresses the Denial of Service (DoS) vulnerability related to which component in the FastAPI application?,Abstain
CTX_014_MUT_10,What security patch 0.92.0 addresses the Denial of Service (DoS) vulnerability related to which component in the FastAPI application?,The security patch 0.92.0 addresses a Denial of Service (DoS) vulnerability related to the 'Starlette' component in the FastAPI application.
CTX_014_MUT_11,What security patch 0.92.0 addresses the Denial of Service (DoS) vulnerability related to which component in the FastAPI application?,Abstain
CTX_014_MUT_12,What security patch 0.92.0 addresses the Denial of Service (DoS) vulnerability related to which component in the FastAPI application?,"The security patch 0.92.0 addresses a Denial of Service (DoS) vulnerability related to the multipart fields/files (parts) in FastAPI applications that use forms (e.g. file uploads). This vulnerability is related to Starlette version, which FastAPI uses as a base."
CTX_014_MUT_13,What security patch 0.92.0 addresses the Denial of Service (DoS) vulnerability related to which component in the FastAPI application?,"According to the provided contexts, the security patch 0.92.0 addresses a Denial of Service (DoS) vulnerability related to ""multipart fields/files (parts)"" in the FastAPI application. This vulnerability could consume high CPU and memory, allowing a denial of service attack."
CTX_015_MUT_01,"In the ASGI specification, what protocol do the 'startup' and 'shutdown' events belong to?",The 'startup' and 'shutdown' events belong to the Lifespan Protocol in the ASGI specification.
CTX_015_MUT_02,"In the ASGI specification, what protocol do the 'startup' and 'shutdown' events belong to?","The 'startup' and 'stop' (or 'shutdown') events belong to the Lifespan Protocol, as per the ASGI technical specification."
CTX_015_MUT_03,"In the ASGI specification, what protocol do the 'startup' and 'shutdown' events belong to?",The 'startup' and 'shutdown' events belong to the Lifespan Protocol in the ASGI technical specification.
CTX_015_MUT_04,"In the ASGI specification, what protocol do the 'startup' and 'shutdown' events belong to?",The `startup` and `shutdown` events belong to the Lifespan Protocol.
CTX_015_MUT_05,"In the ASGI specification, what protocol do the 'startup' and 'shutdown' events belong to?","According to the ASGI specification, the 'startup' and 'shutdown' events belong to the [Lifespan Protocol](https://asgi.readthedocs.io/en/latest/specs/lifespan.html)."
CTX_015_MUT_06,"In the ASGI specification, what protocol do the 'startup' and 'shutdown' events belong to?",The 'startup' and 'shutdown' events belong to the Lifespan Protocol in the ASGI technical specification.
CTX_015_MUT_07,"In the ASGI specification, what protocol do the 'startup' and 'shutdown' events belong to?",The `startup` and `shutdown` events belong to the Lifespan Protocol in the ASGI technical specification.
CTX_015_MUT_08,"In the ASGI specification, what protocol do the 'startup' and 'shutdown' events belong to?",The 'startup' and 'shutdown' events belong to the Lifespan Protocol in the ASGI (Asynchronous Web Server Gateway Interface) specification.
CTX_015_MUT_09,"In the ASGI specification, what protocol do the 'startup' and 'shutdown' events belong to?",The 'startup' and 'close' events (not 'shutdown') belong to the Lifespan Protocol in the ASGI specification.
CTX_015_MUT_10,"In the ASGI specification, what protocol do the 'startup' and 'shutdown' events belong to?","In the ASGI (Asynchronous Server Gateway Interface) specification, the 'startup' and 'shutdown' events belong to the Lifespan Protocol."
CTX_015_MUT_11,"In the ASGI specification, what protocol do the 'startup' and 'shutdown' events belong to?","According to the ASGI technical specification, the 'startup' and 'terminate' events belong to the Lifespan Protocol."
CTX_015_MUT_12,"In the ASGI specification, what protocol do the 'startup' and 'shutdown' events belong to?",Abstain
CTX_015_MUT_13,"In the ASGI specification, what protocol do the 'startup' and 'shutdown' events belong to?",Abstain
CTX_016_MUT_01,What is the concept of 'OpenAPI Callback' in FastAPI described as?,Abstain
CTX_016_MUT_02,What is the concept of 'OpenAPI Callback' in FastAPI described as?,"In FastAPI, an 'OpenAPI Callback' is described as a process where an API app calls an external API, and then the external API sends a request back to the original API app, which is a callback. This concept is a way to document how the external API should look like, including its path operation, expected body, and response."
CTX_016_MUT_03,What is the concept of 'OpenAPI Callback' in FastAPI described as?,Abstain
CTX_016_MUT_04,What is the concept of 'OpenAPI Callback' in FastAPI described as?,Abstain
CTX_016_MUT_05,What is the concept of 'OpenAPI Callback' in FastAPI described as?,Abstain
CTX_016_MUT_06,What is the concept of 'OpenAPI Callback' in FastAPI described as?,"In the context of FastAPI, an ""OpenAPI Callback"" is described as a scenario where your API app calls an external API created by someone else, and then the external software calls back to your API, which was probably created by the same developer."
CTX_016_MUT_07,What is the concept of 'OpenAPI Callback' in FastAPI described as?,"In FastAPI, the concept of 'OpenAPI Callback' is described as a process where a *path operation* in your API triggers a request to an *external API*, which then receives the request and calls back to your API, sending a request to it.

In other words, it's a scenario where your API sends a request to another API (created by the same developer), and then the external API responds back to your API.

This concept is related to the idea of callbacks in programming, where a function or method is called back by another function or method. In the context of APIs, it's a way for your API to interact with another API and receive a response from it."
CTX_016_MUT_08,What is the concept of 'OpenAPI Callback' in FastAPI described as?,"In the context of FastAPI, an ""OpenAPI Callback"" is not explicitly mentioned in the provided documentation. However, it is related to the concept of ""callbacks"" where a request is made to an external API developed by the same developer, and then the external API sends a request back to the original API.

This process is described in [CONTEXT 1]: # OpenAPI Callbacks { #openapi-callbacks }. The documentation mentions that you might want to document how the external API ""should"" look like, including what path operation it should have, what body it should expect, what response it should return, etc.

So, while not explicitly called ""OpenAPI Callback"", the concept is related to callbacks and documenting external APIs that interact with your FastAPI application."
CTX_016_MUT_09,What is the concept of 'OpenAPI Callback' in FastAPI described as?,"An 'OpenAPI Callback' in FastAPI is described as a scenario where your API app calls an external API created by someone else, and the external API sends a request back to your API, which is then called back as a response."
CTX_016_MUT_10,What is the concept of 'OpenAPI Callback' in FastAPI described as?,"Unfortunately, the provided contexts do not mention the concept of 'OpenAPI Callback' in FastAPI. However, based on the information given and general knowledge about FastAPI, I can describe what an OpenAPI Callback might mean.

An OpenAPI Callback could be described as a function that gets called by FastAPI to extend or modify the automatically generated OpenAPI schema for a specific path operation. This callback function would typically receive the automatically generated OpenAPI schema as an argument and would have the option to modify it or add custom data to it before it's used to generate the API documentation or OpenAPI JSON file.

In the provided contexts, the `openapi_extra` parameter is used to extend the OpenAPI schema, but it's not exactly an OpenAPI Callback. The `openapi_extra` parameter is a dictionary that gets merged with the automatically generated OpenAPI schema, whereas an OpenAPI Callback would be a function that gets called to extend or modify the schema.

However, if we consider the concept of an OpenAPI Callback, it would likely be a function decorated with a specific decorator that marks it as an OpenAPI Callback, and this function would have access to the path operation's metadata and the automatically generated OpenAPI schema. The function would then return the modified or extended OpenAPI schema.

This is purely speculative, and without further information, it's difficult to provide a more accurate description of an OpenAPI Callback in FastAPI."
CTX_016_MUT_11,What is the concept of 'OpenAPI Callback' in FastAPI described as?,"The concept of 'OpenAPI Callback' in FastAPI is described as a process where a path operation in your API app calls a response from an external API, and then your API calls back to the external API, sending a request to it.

In other words, it's a scenario where your API acts as a client to an external API created by someone else, and you want to document how that external API should look like, including its path operation, expected body, and response."
CTX_016_MUT_12,What is the concept of 'OpenAPI Callback' in FastAPI described as?,"The concept of 'OpenAPI Callback' in FastAPI is described as a process where your API app calls an external API created by someone else, and the external API then sends a request back to your API, which is referred to as a ""callback"". This is a way to document how the external API should look like, including its path operation, body, response, etc. 

It's essentially a scenario where your API triggers a request to an external API, and then the external API responds back, making a callback to your API."
CTX_016_MUT_13,What is the concept of 'OpenAPI Callback' in FastAPI described as?,Abstain
CTX_017_MUT_01,Why do we need to define Query Parameters inside a Pydantic model and pass it into the `Query` function?,Abstain
CTX_017_MUT_02,Why do we need to define Query Parameters inside a Pydantic model and pass it into the `Query` function?,Abstain
CTX_017_MUT_03,Why do we need to define Query Parameters inside a Pydantic model and pass it into the `Query` function?,"When you define query parameters inside a Pydantic model and pass it into the `Query` function in FastAPI, you're leveraging the power of Pydantic's data validation and model-based data handling.

Here's why it's beneficial:

1. **Automatic data validation**: By defining query parameters in a Pydantic model, you get automatic data validation. FastAPI will use the Pydantic model to validate the incoming query parameters against the defined types and constraints. If the data is invalid, it will return an error response.
2. **Type safety**: By specifying types for each query parameter, you ensure that the data is of the correct type, which helps catch errors early and prevents type-related issues downstream.
3. **Improved code maintainability**: Defining query parameters in a Pydantic model makes your code more maintainable. If you need to change the types or constraints of a query parameter, you can simply update the model, and the changes will be reflected automatically throughout your code.
4. **Better auto-completion and IDE integration**: By defining query parameters in a Pydantic model, you get better auto-completion and IDE integration. Many IDEs can provide auto-completion and code suggestions based on the defined types and constraints in the Pydantic model.
5. **Simplified code**: By using a Pydantic model to define query parameters, you can simplify your code and reduce the amount of boilerplate code you need to write.

Here's an example of how you can define query parameters in a Pydantic model and pass it into the `Query` function:
```python
from pydantic import BaseModel
from fastapi import Query

class UserQueryParams(BaseModel):
    id: int = Query(..., description=""User ID"")
    name: str = Query(None, description=""User name"")

@app.get(""/users/"")
async def get_users(user_query: UserQueryParams):
    # user_query will be a UserQueryParams instance with validated data
    return user_query
```
In this example, the `UserQueryParams` model defines two query parameters: `id` and `name`. The `Query` function is used to specify the default value, description, and other metadata for each query parameter. The `get_users` function takes a `UserQueryParams` instance as an argument, which is automatically validated by FastAPI."
CTX_017_MUT_04,Why do we need to define Query Parameters inside a Pydantic model and pass it into the `Query` function?,Abstain
CTX_017_MUT_05,Why do we need to define Query Parameters inside a Pydantic model and pass it into the `Query` function?,Abstain
CTX_017_MUT_06,Why do we need to define Query Parameters inside a Pydantic model and pass it into the `Query` function?,Abstain
CTX_017_MUT_07,Why do we need to define Query Parameters inside a Pydantic model and pass it into the `Query` function?,Abstain
CTX_017_MUT_08,Why do we need to define Query Parameters inside a Pydantic model and pass it into the `Query` function?,Abstain
CTX_017_MUT_09,Why do we need to define Query Parameters inside a Pydantic model and pass it into the `Query` function?,"You need to define Query Parameters inside a Pydantic model and pass it into the `Query` function for several reasons:

### 1. **Validation**

By defining Query Parameters inside a Pydantic model, you can validate the data that's being sent in the query string. This ensures that the data conforms to the expected structure and type, which helps prevent bugs and makes your API more robust.

### 2. **Type Hinting**

Using Pydantic models with the `Query` function provides type hinting, which is useful for documentation and auto-completion in IDEs. It clearly indicates what types of data are expected in the query parameters, making it easier for developers to understand how to use your API.

### 3. **OpenAPI Documentation**

When you use Pydantic models with the `Query` function, FastAPI automatically generates OpenAPI documentation for your API. This includes detailed information about the query parameters, including their names, types, and descriptions, which makes it easier for developers to use your API.

### 4. **Automatic Query Parameter Extraction**

By defining Query Parameters inside a Pydantic model and passing it into the `Query` function, FastAPI automatically extracts the query parameters from the request and populates the corresponding fields in the Pydantic model. This simplifies the process of handling query parameters and reduces the amount of boilerplate code you need to write.

### 5. **Reusability**

Using Pydantic models with the `Query` function promotes reusability. You can define a Pydantic model for query parameters once and use it across multiple API endpoints, reducing code duplication and making it easier to maintain your API.

### 6. **Easy Testing**

With Pydantic models and the `Query` function, it's easier to write unit tests for your API. You can create instances of the Pydantic model with different values and test how your API responds to different query parameters.

In summary, defining Query Parameters inside a Pydantic model and passing it into the `Query` function provides a robust, type-safe, and well-documented way to handle query parameters in your FastAPI application."
CTX_017_MUT_10,Why do we need to define Query Parameters inside a Pydantic model and pass it into the `Query` function?,Abstain
CTX_017_MUT_11,Why do we need to define Query Parameters inside a Pydantic model and pass it into the `Query` function?,Abstain
CTX_017_MUT_12,Why do we need to define Query Parameters inside a Pydantic model and pass it into the `Query` function?,Abstain
CTX_017_MUT_13,Why do we need to define Query Parameters inside a Pydantic model and pass it into the `Query` function?,"You need to define query parameters inside a Pydantic model and pass it into the `Query` function for several reasons:

1. **Validation**: By defining query parameters inside a Pydantic model, you can validate the incoming query parameters against the model's schema. This ensures that the query parameters conform to the expected data types and structure.

2. **Type Hints**: Pydantic models provide type hints, which are used by IDEs and linters to provide accurate autocompletion and code analysis. When you define query parameters inside a Pydantic model, these type hints are also available for the query parameters.

3. **Documentation**: Pydantic models can be used to generate OpenAPI documentation, which includes the query parameters. This makes it easier for clients to understand the expected query parameters and their data types.

4. **Reusability**: By defining query parameters inside a Pydantic model, you can reuse the same model across multiple routes and functions, which helps to maintain consistency and reduces code duplication.

5. **FastAPI's automatic validation**: FastAPI automatically validates the incoming query parameters against the Pydantic model. If the query parameters do not match the model's schema, FastAPI will raise a `ValidationError`.

Here's an example of how you can define query parameters inside a Pydantic model and pass it into the `Query` function:

```python
from pydantic import BaseModel
from fastapi import FastAPI

app = FastAPI()

class UserQueryParams(BaseModel):
    id: int
    name: str

@app.get(""/users/"")
async def read_users(user_query_params: UserQueryParams = Query(...)):
    # Use the validated query parameters
    return user_query_params
```

In this example, the `UserQueryParams` model defines the expected schema for the query parameters. The `Query` function is used to specify that the `UserQueryParams` model should be used to validate the incoming query parameters. The `...` argument is used to indicate that the query parameters are required."
CTX_018_MUT_01,Why did OAuth2 design a token with expiration time instead of issuing a permanent key?,"OAuth2 designed a token with expiration time instead of issuing a permanent key for several reasons:

1. **Security**: A token with a fixed expiration time reduces the damage in case of a token compromise. If a token is stolen, the attacker has a limited time to use it before it expires. In contrast, a permanent key would allow the attacker to use it indefinitely.
2. **Revocation**: Expiring tokens make it easier to revoke access. If a token is compromised, the authorization server can simply wait for it to expire, and then the user can request a new token. With a permanent key, revocation would be more complex.
3. **Refresh tokens**: Expiring tokens also enable the use of refresh tokens. A refresh token allows the client to obtain a new access token without re-authenticating the user, as long as the refresh token is valid. This provides a seamless user experience without compromising security.
4. **Token blacklisting**: Even with a permanent key, OAuth2 allows for token blacklisting, where the authorization server can mark a token as invalid. However, with a fixed expiration time, the need for token blacklisting is reduced, as the token will eventually expire.
5. **Token rotation**: Expiring tokens enable token rotation, where a new token is generated periodically, ensuring that the client always has a fresh token. This can help mitigate issues like token tampering or replay attacks.
6. **Scalability**: A permanent key could lead to scalability issues, as the authorization server would need to store and manage a large number of keys, which could become cumbersome and prone to errors.
7. **User experience**: Expiring tokens allow the client to handle token renewal seamlessly, without disrupting the user experience. With a permanent key, the user might need to re-authenticate or re-authorize every time the token is used.

In summary, OAuth2's approach to token expiration provides a better balance between security, convenience, and scalability, making it a more robust and flexible authentication and authorization framework."
CTX_018_MUT_02,Why did OAuth2 design a token with expiration time instead of issuing a permanent key?,"OAuth2 designed a token with expiration time instead of issuing a permanent key for several reasons:

1. **Security**: A permanent key can be a significant security risk if it falls into the wrong hands. With a token that expires after a certain time, the risk of unauthorized access is reduced.
2. **Revocation**: If a user's credentials change (e.g., they change their password), a permanent key would remain valid, allowing unauthorized access. With an expiring token, the user's credentials can be updated, and the token can be revoked or updated accordingly.
3. **Session management**: OAuth2 is designed to manage user sessions. A permanent key would not allow for session management, as it would remain valid indefinitely. With an expiring token, the server can manage user sessions more effectively.
4. **Flexibility**: Tokens with expiration times provide flexibility in managing user access. For example, administrators can adjust the token expiration time to align with organizational policies or regulations.
5. **Reducing the attack surface**: A permanent key would provide a single point of failure, making it easier for attackers to gain unauthorized access. By using expiring tokens, OAuth2 reduces the attack surface, making it more difficult for attackers to gain access.
6. **Preventing token reuse**: If a token is stolen or compromised, a permanent key would allow the attacker to reuse the token indefinitely. With an expiring token, the token becomes invalid after a certain time, preventing token reuse.
7. **Encouraging frequent authentication**: By requiring users to authenticate periodically, OAuth2 encourages users to update their credentials, which can help prevent unauthorized access.

Overall, the design of OAuth2 with expiring tokens provides a more secure, flexible, and manageable way to authenticate and authorize users, compared to issuing permanent keys."
CTX_018_MUT_03,Why did OAuth2 design a token with expiration time instead of issuing a permanent key?,"OAuth2 designed tokens with expiration times for several reasons:

1. **Security**: Permanent keys can be stolen and used indefinitely, allowing unauthorized access to resources. Expiring tokens limit the window of access and reduce the risk of long-term unauthorized access.
2. **Session management**: Expiring tokens allow for easy session management and revocation. When a user logs out or is inactive for a while, the token can be automatically revoked, preventing access to protected resources.
3. **Token blacklisting**: Expired tokens can be easily blacklisted, preventing them from being used again even if they are stolen or compromised.
4. **Token rotation**: Expiring tokens force the client to obtain a new token periodically, which helps to mitigate the impact of token compromise.
5. **Scalability**: Expiring tokens make it easier to scale and manage large numbers of users, as the token expiration mechanism can handle the increased traffic and token revocation requests.
6. **Regulatory compliance**: Some regulations, like GDPR, require organizations to implement token expiration and revocation mechanisms to ensure data protection and user consent.

Issuing permanent keys would have made it difficult to implement these security features and manage user sessions effectively."
CTX_018_MUT_04,Why did OAuth2 design a token with expiration time instead of issuing a permanent key?,"OAuth2 designed tokens with expiration times instead of issuing permanent keys for several reasons:

1.  **Security**: Expired tokens are of no use to an attacker if they obtain a token that is set to expire after a short period. This minimizes the damage in case the token falls into the wrong hands.
2.  **Refresh mechanisms**: A token with an expiration time allows for a refresh mechanism, which enables the client to obtain a new token when the old one expires. This way, the client can continue to access protected resources without having to re-authenticate the user.
3.  **Token rotation**: Expired tokens can be rotated, which means that the server can issue a new token when the old one expires. This prevents an attacker from using a stolen token indefinitely.
4.  **Session management**: Tokens with expiration times allow for more granular session management. The server can control how long a user remains logged in and can revoke the token if the user's session is terminated.
5.  **Revocation**: Expired tokens can be revoked, which means that the server can invalidate the token and prevent it from being used. This is particularly useful in scenarios where the user's credentials are compromised.

In contrast, a permanent key would provide an attacker with long-term access to the protected resources, which would be a significant security risk. By using tokens with expiration times, OAuth2 provides a more secure and flexible authentication mechanism."
CTX_018_MUT_05,Why did OAuth2 design a token with expiration time instead of issuing a permanent key?,"OAuth2 designed a token with expiration time instead of issuing a permanent key for several reasons:

1. **Security**: Tokens that never expire can pose a significant security risk if they are compromised. If a token is stolen, an attacker can use it indefinitely, which can lead to unauthorized access to the user's account and data. By setting an expiration time, the token becomes invalid after a certain period, reducing the risk of unauthorized access.
2. **User account security**: Even if a token is not compromised, users may still change their passwords, update their account information, or revoke previous tokens. If a token never expires, it may still be valid even after the user has changed their password or revoked the token.
3. **Token revocation**: If a token never expires, it can be difficult to revoke it. Even if the user revokes the token, it may still be used by the client until it expires. By setting an expiration time, the token can be revoked immediately, and the client will not be able to use it after the expiration time.
4. **Token rotation**: Many OAuth2 implementations use token rotation, where a new token is issued periodically, and the old token is revoked. This ensures that even if a token is compromised, the attacker will only have access for a short period. If tokens never expire, token rotation is not necessary, which can lead to unnecessary token issuance.
5. **Compliance with regulations**: Some regulations, such as PCI-DSS, require tokens to have a limited lifespan to ensure the security of sensitive data.
6. **Best practices**: OAuth2 is designed to follow best practices for authentication and authorization. Issuing tokens with expiration times is a widely accepted best practice in the industry, and it helps to ensure the security and integrity of the authentication process.

In summary, OAuth2 designed tokens with expiration times to ensure the security and integrity of the authentication process, reduce the risk of unauthorized access, and comply with regulations and industry best practices."
CTX_018_MUT_06,Why did OAuth2 design a token with expiration time instead of issuing a permanent key?,Abstain
CTX_018_MUT_07,Why did OAuth2 design a token with expiration time instead of issuing a permanent key?,Abstain
CTX_018_MUT_08,Why did OAuth2 design a token with expiration time instead of issuing a permanent key?,Abstain
CTX_018_MUT_09,Why did OAuth2 design a token with expiration time instead of issuing a permanent key?,"OAuth2 designed a token with an expiration time for several reasons:

1. **Security**: If a token is permanent and not expired, it can be stolen or compromised, and the attacker can use it indefinitely. By setting an expiration time, the risk of token theft is reduced, as the token becomes invalid after a certain period.
2. **Revocation**: Even if a token is not compromised, the user's credentials may change or the user may request to revoke access. A permanent token would not allow for revocation, whereas an expiring token can be revoked by the server before it expires.
3. **Session management**: Tokens can be used to manage user sessions, which often have a limited lifetime. Expired tokens ensure that users are periodically logged out and prompted to re-authenticate, which helps to prevent unauthorized access.
4. **Scalability**: Issuing permanent tokens would require the server to maintain a record of all issued tokens indefinitely, which can become impractical as the number of users grows.
5. **Token blacklisting**: If a token is compromised or used maliciously, it can be added to a blacklist, and the server can prevent it from being used again. This is more effective with expiring tokens, as they will eventually become invalid anyway.
6. **Compliance with security best practices**: Expiring tokens are a recommended security best practice, as they help to reduce the attack surface and improve overall security.

By designing tokens with an expiration time, OAuth2 provides a more secure and scalable authentication mechanism that can adapt to changing user credentials and session management requirements."
CTX_018_MUT_10,Why did OAuth2 design a token with expiration time instead of issuing a permanent key?,Abstain
CTX_018_MUT_11,Why did OAuth2 design a token with expiration time instead of issuing a permanent key?,Abstain
CTX_018_MUT_12,Why did OAuth2 design a token with expiration time instead of issuing a permanent key?,Abstain
CTX_018_MUT_13,Why did OAuth2 design a token with expiration time instead of issuing a permanent key?,Abstain
CTX_019_MUT_01,"Based on the display structure, can one person be in both the Gold Sponsors list and the Silver Sponsors list at the same time?","Based on the display structure, it appears that the sponsors are categorized into two groups: Gold Sponsors and Silver Sponsors. The structure suggests that each sponsor belongs to only one of these categories, as there is no indication of a sponsor being listed in both sections.

However, since the actual categorization of sponsors is done elsewhere (outside the provided code snippet), it's technically possible for one person to be listed as both a Gold Sponsor and a Silver Sponsor if the category assignment allows for it. But based on the structure provided, it would not be displayed as both at the same time. 

It would likely be displayed in one or the other category, depending on which category the sponsor is assigned to."
CTX_019_MUT_02,"Based on the display structure, can one person be in both the Gold Sponsors list and the Silver Sponsors list at the same time?","Based on the provided display structure, it appears that a sponsor cannot be in both the Gold Sponsors list and the Silver Sponsors list at the same time. 

The structure has two separate loops: one for Gold Sponsors and another for Silver Sponsors. The `for` loop for each type of sponsor iterates over a different list of sponsors (e.g., `for sponsor in sponsors.silver`).

This suggests that the lists of Gold Sponsors and Silver Sponsors are distinct, and a sponsor cannot be present in both lists simultaneously in this structure."
CTX_019_MUT_03,"Based on the display structure, can one person be in both the Gold Sponsors list and the Silver Sponsors list at the same time?","Based on the provided code structure, it appears that a user can only be displayed as a sponsor if their login is in the `sponsors_badge.logins` list. There is no explicit check to see if a user is already listed as a sponsor in the Gold Sponsors list before adding them to the Silver Sponsors list.

However, the code does seem to group users into sponsors by checking `github_sponsors.sponsors`, which suggests that users may be grouped by their sponsorship tier. The fact that the loop is nested suggests that there may be a check to see if the user is already listed as a sponsor, but we can't see that part of the code.

The actual check that determines whether a user can be in both lists is hidden inside the `github_sponsors.sponsors` data structure. If the data structure is designed to prevent a user from being in multiple groups, then a user can't be in both the Gold Sponsors list and the Silver Sponsors list at the same time."
CTX_019_MUT_04,"Based on the display structure, can one person be in both the Gold Sponsors list and the Silver Sponsors list at the same time?",Abstain
CTX_019_MUT_05,"Based on the display structure, can one person be in both the Gold Sponsors list and the Silver Sponsors list at the same time?",Abstain
CTX_019_MUT_06,"Based on the display structure, can one person be in both the Gold Sponsors list and the Silver Sponsors list at the same time?","Based on the given display structure, it seems that a sponsor can only be listed in one category (Gold or Silver) at a time. 

The structure checks if there are `sponsors.gold` or `sponsors.silver` and only displays the corresponding list. There is no indication that a sponsor can be listed in both `sponsors.gold` and `sponsors.silver` at the same time.

However, it's worth noting that the underlying data structure (e.g., dictionary or object) that stores the sponsors might allow for a sponsor to be in both categories, depending on how the data is structured. But based on the display structure provided, it appears that a sponsor would be listed in only one category."
CTX_019_MUT_07,"Based on the display structure, can one person be in both the Gold Sponsors list and the Silver Sponsors list at the same time?","Based on the provided code, it seems that a sponsor cannot be listed in both the Gold Sponsors list and the Silver Sponsors list at the same time.

The code checks for `sponsors.silver` and `sponsors.gold` separately and loops through the corresponding list. If it tries to loop through `sponsors.silver` when there are no sponsors in that list, it will not display any sponsors. Similarly, if it tries to loop through `sponsors.gold` when there are no sponsors in that list, it will not display any sponsors.

However, there is a loop at the end which is supposed to display individual sponsors. This loop is supposed to show all the sponsors who have a `login` in `sponsors_badge.logins`, regardless of their sponsorship level. 

So, in essence, if a sponsor is listed as a gold sponsor and a silver sponsor, they will be listed in both the gold and silver sections, but they will also be listed as an individual sponsor."
CTX_019_MUT_08,"Based on the display structure, can one person be in both the Gold Sponsors list and the Silver Sponsors list at the same time?","According to the display structure, a sponsor cannot be in both the Gold Sponsors list and the Silver Sponsors list at the same time. 

This is because the structure checks for the existence of gold or silver sponsors separately and displays them in different sections. The loop for gold sponsors (`{% for sponsor in sponsors.gold -%}`) is only executed if `sponsors.gold` exists, and similarly for silver sponsors. If a sponsor is listed in both `sponsors.gold` and `sponsors.silver`, it is likely that they would be displayed in both sections, but it is not explicitly designed to handle such a scenario."
CTX_019_MUT_09,"Based on the display structure, can one person be in both the Gold Sponsors list and the Silver Sponsors list at the same time?","Based on the given display structure, it doesn't seem to be possible for one person to be in both the Gold Sponsors list and the Silver Sponsors list at the same time.

The structure has separate sections for Gold Sponsors and Silver Sponsors, and each sponsor is listed within its respective section. The structure does not appear to allow for a single sponsor to be listed in both sections simultaneously.

However, the actual implementation (in the code) might be different, and it's possible that the sponsor data could contain a ""tier"" or ""level"" field that indicates the sponsor level, and the display structure could then use this field to determine which section to list the sponsor in.

But based on the given display structure, it seems to be designed to list each sponsor in one and only one section."
CTX_019_MUT_10,"Based on the display structure, can one person be in both the Gold Sponsors list and the Silver Sponsors list at the same time?","No, based on the display structure, it is not possible for one person to be in both the Gold Sponsors list and the Silver Sponsors list at the same time. 

This is because the code checks if there are any Gold Sponsors and then Silver Sponsors, and it only displays the sponsors in the respective lists. If a sponsor is in both lists, the code will only display them in the first list it encounters, which is the Gold Sponsors list. 

If you want to display a sponsor in both lists, you would need to remove them from one list or modify the code to handle this scenario."
CTX_019_MUT_11,"Based on the display structure, can one person be in both the Gold Sponsors list and the Silver Sponsors list at the same time?","Based on the given display structure, it seems that a sponsor's level (Gold or Silver) is determined within the ""sponsors"" dictionary. The structure is:

```python
{% if sponsors.gold %}
{% for sponsor in sponsors.gold -%}
{% endfor %}
{% endif %}

{% if sponsors.silver %}
{% for sponsor in sponsors.silver -%}
{% endfor %}
{% endif %}
```

This suggests that the ""sponsors"" dictionary could look something like this:

```python
sponsors = {
    ""gold"": [...list of gold sponsors...],
    ""silver"": [...list of silver sponsors...],
}
```

There is no indication that a sponsor's level is determined dynamically, for example, by checking if they are in both ""gold"" and ""silver"" lists. Therefore, based on this structure, it seems unlikely that one person could be in both the Gold Sponsors list and the Silver Sponsors list at the same time. However, without more information on how the ""sponsors"" dictionary is populated, it's hard to say for certain. 

In general, if a sponsor is in both the ""gold"" and ""silver"" lists, you could display them twice, once in the Gold Sponsors section and once in the Silver Sponsors section, but it would be redundant."
CTX_019_MUT_12,"Based on the display structure, can one person be in both the Gold Sponsors list and the Silver Sponsors list at the same time?","Based on the provided code structure, a sponsor cannot be in both the Gold Sponsors list and the Silver Sponsors list at the same time. The code uses separate loops and conditions to display the Gold Sponsors and Silver Sponsors, and it does not seem to be designed to handle a sponsor being listed in both categories. 

However, a sponsor could potentially be listed as an Individual Sponsor in the Individual Sponsors section, regardless of whether they are listed as a Gold Sponsor or a Silver Sponsor."
CTX_019_MUT_13,"Based on the display structure, can one person be in both the Gold Sponsors list and the Silver Sponsors list at the same time?","Based on the provided code structure, it seems that a sponsor can be listed in either the Gold Sponsors list or the Silver Sponsors list, but not in both at the same time. 

The code uses an `if` statement to check if a sponsor belongs to a certain group (e.g., `sponsors.gold` or `sponsors.silver`), and then if it belongs to that group, it loops over the sponsors in that group. If a sponsor was already listed in the previous group, it would not be listed again because it would be checked against the other group and not found. 

However, this is not a strong guarantee, as it would depend on the actual data structure of the `sponsors` object. If the `sponsors` object was a dictionary or a similar data structure that allowed for duplicate keys, then a sponsor could potentially be listed in both the Gold Sponsors list and the Silver Sponsors list at the same time. 

But given the provided code structure, it seems that there would be no way to list a sponsor in both groups at the same time. 

To confirm, the actual behavior would depend on the actual implementation of the `sponsors` object, which is not provided."
CTX_020_MUT_01,What conditions help the Streaming data model process data faster than the normal model when working with large data streams?,"The Streaming data model can process data faster than the normal model when working with large data streams under the following conditions:

1.  **Continuous data production**: When the data producer continuously sends data items without waiting for the entire sequence to be ready, the Streaming model can process data in real-time, reducing latency and improving performance.
2.  **Data processing in chunks**: Streaming models process data in small, manageable chunks, making it easier to handle large volumes of data. This approach minimizes memory usage and reduces the risk of data overload.
3.  **Asynchronous processing**: Streaming models can leverage asynchronous processing, allowing multiple tasks to run concurrently. This enables the model to handle multiple data streams simultaneously, improving overall throughput and efficiency.
4.  **Efficient data transfer**: Streaming models can transfer data efficiently, as they send data as soon as it's available, reducing the need for buffering and minimizing data loss.
5.  **Real-time processing**: Streaming models are designed for real-time processing, which is critical when working with large data streams. This allows the model to respond quickly to changing data conditions and make timely decisions.
6.  **Scalability**: Streaming models can scale horizontally, allowing you to add more processing power as needed to handle increased data volumes. This scalability enables the model to handle large data streams without a significant decrease in performance.
7.  **Data parallelism**: Streaming models can take advantage of data parallelism, where multiple processing units work on different parts of the data simultaneously. This approach improves processing speed and reduces the overall processing time.

By leveraging these conditions, the Streaming data model can process large data streams faster and more efficiently than traditional models, making it an attractive choice for applications that require real-time data processing, such as IoT, financial transactions, or social media analytics.

In the context of FastAPI, which is built on top of Starlette and supports asynchronous code using coroutines, the Streaming model can take full advantage of these conditions to provide high-performance data processing capabilities.

Here's an example of how you can implement a Streaming model in FastAPI to process data in real-time:

```python
from fastapi import FastAPI
from starlette.background import BackgroundTask
from typing import Generator

app = FastAPI()

# Define a generator function to process data in chunks
def process_data(data: Generator) -> None:
    # Process each chunk of data in real-time
    for chunk in data:
        # Perform some operation on the chunk
        print(f""Processing chunk: {chunk}"")

# Create an endpoint to handle streaming data
@app.get(""/streaming_data"")
def streaming_data():
    # Simulate a large data stream
    data = (i for i in range(1000000))  # Replace with your actual data stream

    # Use BackgroundTask to run the data processing in the background
    task = BackgroundTask(process_data, data)

    # Return a response indicating that the data is being processed
    return {""message"": ""Data is being processed in the background""}

# Run the FastAPI app
if __name__ == ""__main__"":
    import uvicorn
    uvicorn.run(app, host=""0.0.0.0"", port=8000)
```

In this example, the `streaming_data` endpoint simulates a large data stream by generating a range of numbers. The `process_data` function is used to process each chunk of data in real-time using a generator expression. The `BackgroundTask` is used to run the data processing in the background, allowing the endpoint to return a response immediately."
CTX_020_MUT_02,What conditions help the Streaming data model process data faster than the normal model when working with large data streams?,"Based on the provided contexts, the Streaming data model can process data faster than the normal model when working with large data streams under the following conditions:

1.  **Decoupling Producer and Consumer**: The Streaming data model allows the producer (the source of the data) and the consumer (the application processing the data) to operate independently. This decoupling enables the producer to continue generating data without waiting for the consumer to process it, leading to a more efficient use of resources.

2.  **Asynchronous Processing**: The use of asynchronous code and coroutines (as mentioned in Context 1) in frameworks like FastAPI (through Starlette) enables efficient handling of concurrent requests. This allows the system to process multiple requests simultaneously, improving overall throughput and reducing latency.

3.  **Efficient Resource Utilization**: The Streaming data model allows for the efficient utilization of resources by processing data in a streaming fashion. This means that the system only loads the necessary data into memory at any given time, reducing memory usage and the associated costs.

4.  **Avoiding Unnecessary Data Transfer**: In a Streaming data model, data is sent to the client as it becomes available. This approach avoids the need to transfer large amounts of data unnecessarily, as only the required data is sent to the client.

5.  **Reducing Processing Overhead**: By processing data in a streaming fashion, the system can reduce the overhead associated with processing large datasets. This is particularly beneficial when working with large data streams where processing the entire dataset at once would be impractical.

6.  **Handling Large Data Sets**: The Streaming data model is well-suited for handling large data sets, as it allows for the processing of data in a continuous stream rather than loading the entire dataset into memory at once.

7.  **Real-time Processing**: The Streaming data model enables real-time processing of data, which is particularly useful in applications where timely processing of data is critical.

By taking advantage of these conditions, the Streaming data model can process large data streams more efficiently than the traditional model, leading to improved performance, scalability, and responsiveness."
CTX_020_MUT_03,What conditions help the Streaming data model process data faster than the normal model when working with large data streams?,"Based on the provided context, the Streaming data model processes data faster than the normal model when working with large data streams under the following conditions:

1. **Asynchronous Code**: Modern versions of Python support asynchronous code using coroutines with `async` and `await` syntax. This allows for efficient handling of multiple tasks concurrently, which is beneficial when dealing with large data streams.

2. **Streaming Data**: The Streaming data model starts sending data items to the client without waiting for the entire sequence of items to be ready. This means that the client can begin processing the received data immediately, while the sender continues producing new data.

3. **Decoupling of Producer and Consumer**: In the Streaming data model, the producer of data (the server) is decoupled from the consumer (the client). This decoupling allows the client to process data at its own pace, without waiting for the entire data stream to be produced.

4. **Efficient Resource Utilization**: The Streaming data model can efficiently utilize system resources, such as memory and CPU, by processing data in smaller chunks. This is especially beneficial when dealing with large data streams, as it prevents the system from running out of resources.

5. **Scalability**: The Streaming data model can scale more easily than the normal model when dealing with large data streams. This is because the client can handle a larger volume of data without requiring significant changes to the server-side implementation.

6. **Reduced Load on the Server**: By sending data to the client as it becomes available, the Streaming data model reduces the load on the server. This is because the server does not need to buffer or store large amounts of data, which can help prevent overload and improve overall system performance.

7. **Improved Responsiveness**: The Streaming data model can provide faster response times than the normal model when dealing with large data streams. This is because the client can begin processing data immediately, without waiting for the entire data stream to be produced.

Overall, the Streaming data model is well-suited for handling large data streams because it allows for efficient, scalable, and responsive data processing."
CTX_020_MUT_04,What conditions help the Streaming data model process data faster than the normal model when working with large data streams?,Abstain
CTX_020_MUT_05,What conditions help the Streaming data model process data faster than the normal model when working with large data streams?,"Based on the provided context, the Streaming data model processes data faster than the normal model when working with large data streams under the following conditions:

1.  **Asynchronous Code**: The use of modern Python's asynchronous code capabilities, specifically coroutines, with the `async` and `await` syntax, enables the Streaming data model to process data concurrently. This allows it to handle multiple tasks simultaneously, which can significantly reduce processing time when dealing with large data streams.

2.  **Streaming Instead of Loading Entire Data**: The Streaming data model sends data items to the client as they become available, rather than waiting for the entire sequence of items to be ready. This approach enables the model to process data in real-time, without having to load the entire dataset into memory at once.

3.  **Efficient Use of Resources**: By sending data items as they become available, the Streaming data model avoids the overhead associated with loading and processing large datasets, such as memory usage and disk I/O. This allows the model to operate more efficiently and process data faster when working with large data streams.

4.  **Decoupling Producer and Consumer**: The Streaming data model decouples the producer (data source) from the consumer (client or application), enabling them to operate independently. This decoupling allows the producer to continue producing data without waiting for the consumer to process it, resulting in faster data processing.

5.  **Real-time Processing**: The Streaming data model is designed for real-time processing, allowing it to handle large data streams as they become available. This enables the model to respond quickly to changes in the data and provide timely insights and actions.

By leveraging these conditions, the Streaming data model can process data faster than the normal model when working with large data streams, making it an attractive solution for applications that require real-time data processing and analysis."
CTX_020_MUT_06,What conditions help the Streaming data model process data faster than the normal model when working with large data streams?,Abstain
CTX_020_MUT_07,What conditions help the Streaming data model process data faster than the normal model when working with large data streams?,Abstain
CTX_020_MUT_08,What conditions help the Streaming data model process data faster than the normal model when working with large data streams?,"Based on the given context, here are some conditions that can help the Streaming data model process data faster than the normal model when working with large data streams:

1. **Asynchronous processing**: The Streaming data model can take advantage of asynchronous processing, which allows it to handle multiple tasks concurrently. This is made possible by the use of coroutines, `async` and `await` syntax, which enable efficient and scalable asynchronous code.

2. **Decoupling the data loading and processing**: By decoupling the data loading and processing steps, the Streaming data model can process data in real-time, without having to wait for the entire data set to be loaded. This approach is particularly useful when dealing with large data streams.

3. **Real-time data processing**: The Streaming data model is designed to process data in real-time, which allows it to handle large data streams more efficiently than traditional models that rely on batch processing.

4. **Efficient memory usage**: The Streaming data model can operate with a lower memory footprint compared to traditional models, which makes it more suitable for handling large data streams.

5. **Scalability**: The Streaming data model can be easily scaled to handle increasing data volumes, making it a more efficient choice for large data streams.

6. **Avoiding unnecessary data loading**: By only loading the necessary data for processing, the Streaming data model can reduce the time it takes to process large data streams.

Overall, the Streaming data model's ability to handle large data streams efficiently is due to its asynchronous and real-time processing capabilities, decoupling of data loading and processing, efficient memory usage, scalability, and avoidance of unnecessary data loading."
CTX_020_MUT_09,What conditions help the Streaming data model process data faster than the normal model when working with large data streams?,Abstain
CTX_020_MUT_10,What conditions help the Streaming data model process data faster than the normal model when working with large data streams?,Abstain
CTX_020_MUT_11,What conditions help the Streaming data model process data faster than the normal model when working with large data streams?,Abstain
CTX_020_MUT_12,What conditions help the Streaming data model process data faster than the normal model when working with large data streams?,"The Streaming data model processes data faster than the normal model when working with large data streams under the following conditions:

1.  **Decoupling**: The Streaming data model allows for decoupling between data producers and consumers. This means that data can be generated and sent over a network without waiting for the entire dataset to be ready. The recipient can start processing the data as soon as it is received, improving overall throughput.

2.  **Asynchronous Processing**: Since streaming data is processed asynchronously, the model can handle multiple requests concurrently. This allows for more efficient use of system resources, such as memory and CPU, and enables the model to process large datasets without significant performance degradation.

3.  **Real-time Processing**: Streaming data is typically processed in real-time, meaning that data is processed as soon as it is received. This provides immediate feedback and allows for faster decision-making. In contrast, batch processing models may require data to be accumulated over a period before processing, which can lead to delays.

4.  **Scalability**: The Streaming data model is designed to scale horizontally, which means that it can handle increased loads by adding more nodes or machines to the system. This scalability enables the model to process large volumes of data without significant performance degradation.

5.  **Efficient Memory Usage**: Streaming data models typically use memory-efficient data structures and algorithms, which allows them to process large datasets without running out of memory.

6.  **Reduced Data Transfer**: Streaming data models can reduce data transfer overhead by sending only the necessary data over the network. This is particularly useful when working with large datasets that need to be processed remotely.

7.  **Fault-tolerance**: Streaming data models can be designed to be fault-tolerant, which means that they can recover from failures and continue processing data without significant interruptions.

Here is a code example using Python and the `asyncio` library to process a stream of data:

```python
import asyncio
import random

async def process_data(data):
    # Simulate some processing time
    await asyncio.sleep(0.1)
    print(f""Processed data: {data}"")

async def producer():
    for i in range(10):
        # Simulate data generation
        data = random.randint(1, 100)
        # Send data to the consumer
        await asyncio.sleep(0.1)
        print(f""Produced data: {data}"")
        await process_data(data)

async def consumer():
    while True:
        data = await asyncio.Queue().get()
        await process_data(data)

async def main():
    # Create a queue to hold the data
    queue = asyncio.Queue()
    # Create a producer and a consumer
    producer_task = asyncio.create_task(producer())
    consumer_task = asyncio.create_task(consumer())

    # Run the tasks until the queue is empty
    await asyncio.gather(producer_task, consumer_task)

asyncio.run(main())
```

In this example, the `producer` function generates random data and sends it to the `consumer` function. The `consumer` function processes the data as soon as it is received. The `asyncio` library is used to create an event loop and schedule the tasks."
CTX_020_MUT_13,What conditions help the Streaming data model process data faster than the normal model when working with large data streams?,Abstain
CTX_021_MUT_01,Why use AsyncClient combined with await instead of TestClient when writing unit tests marked with @pytest.mark.anyio?,"When writing unit tests marked with `@pytest.mark.asyncio`, you should use `AsyncClient` combined with `await` instead of `TestClient` for several reasons:

1. **Asynchronous code**: `@pytest.mark.asyncio` indicates that the test function should be called asynchronously. This means that the test function should be an `async def` function, and it should use `await` to wait for the asynchronous operations to complete.
2. **AsyncClient**: `AsyncClient` is a client that supports asynchronous requests. It's designed to work with asynchronous code, and it provides a way to send asynchronous requests to the FastAPI application.
3. **TestClient limitations**: `TestClient` is a synchronous client that's designed for testing purposes. While it's great for testing synchronous code, it's not optimized for asynchronous code. Using `TestClient` with `@pytest.mark.asyncio` can lead to test failures or timeouts due to the synchronous nature of the client.
4. **await**: When using `AsyncClient`, you should use `await` to wait for the asynchronous requests to complete. This is because `AsyncClient` returns an `asyncio.Future` object, which needs to be awaited to get the response.

Here's an example of how you might use `AsyncClient` with `await` in a test function marked with `@pytest.mark.asyncio`:
```python
import pytest
from fastapi import FastAPI, AsyncClient
from main import app

@pytest.mark.asyncio
async def test_async_client():
    async with AsyncClient(app=app, base_url=""http://testserver"") as client:
        response = await client.get(""/"")
        assert response.status_code == 200
```
In this example, we create an `AsyncClient` instance and use `await` to send a GET request to the FastAPI application. The test function is marked with `@pytest.mark.asyncio`, indicating that it should be called asynchronously.

Using `AsyncClient` with `await` provides a more efficient and effective way to test asynchronous code in FastAPI applications."
CTX_021_MUT_02,Why use AsyncClient combined with await instead of TestClient when writing unit tests marked with @pytest.mark.anyio?,"When writing unit tests for a FastAPI application, you have two main options for creating clients to interact with your API: `TestClient` and `AsyncClient`. While both can be used with `await`, there are some subtle differences between them, particularly when it comes to testing asynchronous code.

**TestClient**

`TestClient` is the default client provided by FastAPI for testing purposes. It's a synchronous client, meaning it doesn't use asynchronous code internally. When you use `TestClient`, you need to use the `await` keyword to wait for the response from the client, but under the hood, the client is not actually asynchronous.

**AsyncClient**

`AsyncClient` is an asynchronous client that uses the ASGI (Asynchronous Server Gateway Interface) protocol. When you use `AsyncClient`, you're working directly with the asynchronous API, which is more aligned with the nature of your FastAPI application.

**Why use AsyncClient with await?**

When you use `AsyncClient` and mark your test with `@pytest.mark.anyio`, you're telling pytest to run the test with an asynchronous runtime. This allows you to write tests that are more similar to your actual application code, which is typically asynchronous.

Using `AsyncClient` with `await` provides several benefits:

1. **More natural testing style**: Your tests will look more like your application code, making it easier to write and maintain tests.
2. **Better support for asynchronous code**: `AsyncClient` is designed to work with asynchronous code, so you'll get better support for features like coroutines, async/await, and concurrent execution.
3. **Improved test reliability**: By using the same asynchronous runtime as your application, you'll get more reliable tests that are less prone to timing-dependent issues.

**When to use TestClient**

While `AsyncClient` is a great choice for most cases, there are some situations where `TestClient` might be a better fit:

1. **Simple synchronous tests**: If your tests don't involve complex asynchronous logic, `TestClient` might be sufficient.
2. **Compatibility with older test frameworks**: If you're using an older test framework that doesn't support `AsyncClient`, you might need to stick with `TestClient`.

In summary, when writing unit tests marked with `@pytest.mark.anyio`, using `AsyncClient` combined with `await` is a good choice because it provides a more natural testing style, better support for asynchronous code, and improved test reliability. However, if you have simple synchronous tests or need to work with an older test framework, `TestClient` might be a better option."
CTX_021_MUT_03,Why use AsyncClient combined with await instead of TestClient when writing unit tests marked with @pytest.mark.anyio?,"When writing unit tests for FastAPI applications, you can use either `TestClient` or `AsyncClient` with the `@pytest.mark.anyio` marker.

However, there's a key difference:

- `TestClient` is synchronous, meaning it will block the execution of the test until the response is received. This is fine for non-async tests, but it can lead to test flakiness when used with async tests because it can cause the test to hang indefinitely if the response is not received in a timely manner.

- `AsyncClient` is asynchronous, meaning it will return a coroutine that yields the response. By using `await` when sending requests with `AsyncClient`, you can write tests that are non-blocking and will not hang indefinitely.

When using `@pytest.mark.anyio`, pytest will run the test asynchronously, which is a perfect match for `AsyncClient` with `await`. This is why you would typically use `AsyncClient` with `await` instead of `TestClient` when writing unit tests marked with `@pytest.mark.anyio`.

Here's an example:

```python
import pytest
from fastapi.testclient import TestClient
from fastapi import FastAPI
from pydantic import BaseModel

class Item(BaseModel):
    id: int
    name: str

app = FastAPI()

@app.get(""/items/{item_id}"")
def read_item(item_id: int):
    return {""item_id"": item_id}

@pytest.mark.anyio
async def test_read_item():
    client = AsyncClient()  # Using AsyncClient with await
    response = await client.get(""/items/1"")
    assert response.status_code == 200
    assert response.json() == {""item_id"": 1}

# Or, you can still use TestClient but it will not be as efficient
@pytest.mark.anyio
async def test_read_item_testclient():
    client = TestClient(app)  # Using TestClient
    response = await client.get(""/items/1"")  # You still need to use await
    assert response.status_code == 200
    assert response.json() == {""item_id"": 1}
```

In this example, both tests will pass, but the first one using `AsyncClient` with `await` is more efficient and idiomatic when using `@pytest.mark.anyio`."
CTX_021_MUT_04,Why use AsyncClient combined with await instead of TestClient when writing unit tests marked with @pytest.mark.anyio?,"When writing unit tests marked with `@pytest.mark.anyio`, it's recommended to use `AsyncClient` combined with `await` instead of `TestClient` for several reasons:

1. **Asynchronous nature**: `@pytest.mark.anyio` indicates that the test function should be executed asynchronously. Using `AsyncClient` allows you to write asynchronous tests that can take full advantage of the asynchronous nature of the `@pytest.mark.anyio` marker.

2. **Efficient request handling**: `AsyncClient` is designed to handle asynchronous requests efficiently, which is essential when working with asynchronous tests. It provides a more streamlined way of sending requests and handling responses compared to `TestClient`.

3. **Improved concurrency**: When using `AsyncClient` with `await`, you can send multiple requests concurrently, which can significantly improve test execution time. This is particularly useful when testing APIs that involve multiple requests or complex workflows.

4. **Better support for async/await**: `AsyncClient` is built on top of the `asyncio` library, which means it provides seamless support for async/await syntax. This makes it easier to write asynchronous tests that are both efficient and readable.

In contrast, using `TestClient` with `@pytest.mark.anyio` can lead to:

1. **Blocking issues**: `TestClient` is designed for synchronous testing and may block the test execution if not used carefully.

2. **Inefficient request handling**: `TestClient` may not handle asynchronous requests as efficiently as `AsyncClient`, leading to slower test execution times.

3. **Limited concurrency**: Using `TestClient` with `@pytest.mark.anyio` may not allow for concurrent request handling, which can significantly impact test execution time.

In summary, using `AsyncClient` combined with `await` with `@pytest.mark.anyio` provides a more efficient, scalable, and maintainable way of writing unit tests for asynchronous APIs."
CTX_021_MUT_05,Why use AsyncClient combined with await instead of TestClient when writing unit tests marked with @pytest.mark.anyio?,"When writing unit tests marked with `@pytest.mark.anyio`, you should use `AsyncClient` combined with `await` instead of `TestClient` for several reasons:

1. **Asynchronous requests**: `AsyncClient` is designed to handle asynchronous requests, which is what `@pytest.mark.anyio` is all about. It allows you to write asynchronous tests that can make concurrent requests to your application.

2. **Better performance**: `AsyncClient` is more efficient than `TestClient` because it uses asynchronous I/O, which is non-blocking. This means that your tests can run faster and be more responsive.

3. **Correct handling of async/await**: When you use `TestClient` with `@pytest.mark.anyio`, pytest will run your test function synchronously, which can lead to issues with async/await. By using `AsyncClient`, you ensure that your test function is executed asynchronously, which is the intended behavior.

4. **Improved test coverage**: Using `AsyncClient` allows you to test your application's asynchronous features more thoroughly. You can write tests that exercise your application's async endpoints, which is essential for ensuring that your application behaves correctly in concurrent environments.

Here's an example of how you can use `AsyncClient` with `await` to make an asynchronous request:

```python
import pytest
from fastapi import FastAPI, Depends
from fastapi.testclient import AsyncClient

app = FastAPI()

@app.get(""/"")
async def read_root():
    return {""message"": ""Hello, World!""}

@pytest.mark.anyio
async def test_read_root():
    async with AsyncClient(app=app, base_url=""http://localhost/test"") as ac:
        response = await ac.get(""/"")
        assert response.status_code == 200
        assert response.json() == {""message"": ""Hello, World!""}
```

In summary, using `AsyncClient` combined with `await` is the recommended approach for writing unit tests marked with `@pytest.mark.anyio`. It provides better performance, correct handling of async/await, and improved test coverage."
CTX_021_MUT_06,Why use AsyncClient combined with await instead of TestClient when writing unit tests marked with @pytest.mark.anyio?,Abstain
CTX_021_MUT_07,Why use AsyncClient combined with await instead of TestClient when writing unit tests marked with @pytest.mark.anyio?,Abstain
CTX_021_MUT_08,Why use AsyncClient combined with await instead of TestClient when writing unit tests marked with @pytest.mark.anyio?,Abstain
CTX_021_MUT_09,Why use AsyncClient combined with await instead of TestClient when writing unit tests marked with @pytest.mark.anyio?,"You use `AsyncClient` combined with `await` instead of `TestClient` when writing unit tests marked with `@pytest.mark.anyio` because `AsyncClient` is designed to work with asynchronous code, while `TestClient` is not.

When you use `@pytest.mark.anyio`, pytest knows that your test function is asynchronous and should be executed asynchronously. As a result, you can use the `await` keyword to wait for the completion of asynchronous operations.

`AsyncClient` is a client that allows you to make asynchronous requests to your FastAPI application. It's similar to `TestClient`, but it's designed to work with the `async/await` syntax.

By using `AsyncClient` and `await`, you can write unit tests that are asynchronous and take full advantage of the asynchronous features of FastAPI and pytest.

Here's an example of how you might use `AsyncClient` and `await` in a unit test:

```python
from fastapi import FastAPI, AsyncClient
from httpx import AsyncTransport
from pytest import mark
from tests.conftest import create_fake_app

@pytest.mark.anyio
async def test_async_endpoint(app: FastAPI):
    async with AsyncClient(app=app, base_url=""http://testserver"", transport=AsyncTransport()) as client:
        response = await client.get(""/"")
        assert response.status_code == 200
```

In this example, the `test_async_endpoint` function is marked with `@pytest.mark.anyio`, which tells pytest to execute the test asynchronously. The test uses `AsyncClient` to make an asynchronous request to the FastAPI application, and the `await` keyword to wait for the response.

By using `AsyncClient` and `await`, you can write unit tests that are efficient, scalable, and easy to read and maintain."
CTX_021_MUT_10,Why use AsyncClient combined with await instead of TestClient when writing unit tests marked with @pytest.mark.anyio?,Abstain
CTX_021_MUT_11,Why use AsyncClient combined with await instead of TestClient when writing unit tests marked with @pytest.mark.anyio?,Abstain
CTX_021_MUT_12,Why use AsyncClient combined with await instead of TestClient when writing unit tests marked with @pytest.mark.anyio?,Abstain
CTX_021_MUT_13,Why use AsyncClient combined with await instead of TestClient when writing unit tests marked with @pytest.mark.anyio?,Abstain
CTX_022_MUT_01,"If an HTTP request can only contain a single body, how does FastAPI handle it when you declare multiple body parameters in the path operation function?","According to the provided context, FastAPI handles it by giving you the correct data in your function and validating and documenting the correct schema in the path operation. This indicates that FastAPI automatically combines the multiple body parameters into a single body, so you can still receive the data in your function."
CTX_022_MUT_02,"If an HTTP request can only contain a single body, how does FastAPI handle it when you declare multiple body parameters in the path operation function?",Abstain
CTX_022_MUT_03,"If an HTTP request can only contain a single body, how does FastAPI handle it when you declare multiple body parameters in the path operation function?","According to Context 0, FastAPI can handle it and will give you the correct data in your function. It will also validate and document the correct schema in the path operation. This means that even though you declare multiple body parameters in the path operation function, FastAPI will correctly identify and handle the single body that is present in the HTTP request."
CTX_022_MUT_04,"If an HTTP request can only contain a single body, how does FastAPI handle it when you declare multiple body parameters in the path operation function?",Abstain
CTX_022_MUT_05,"If an HTTP request can only contain a single body, how does FastAPI handle it when you declare multiple body parameters in the path operation function?",Abstain
CTX_022_MUT_06,"If an HTTP request can only contain a single body, how does FastAPI handle it when you declare multiple body parameters in the path operation function?","FastAPI will handle it by giving you the correct data in your function, and validating and documenting the correct schema in the path operation. 

When you declare multiple body parameters in the path operation function, FastAPI will automatically merge the data from the request body into a single object. This object will contain all the data from the request body.

For example, if you have the following path operation function:

```python
from fastapi import FastAPI

app = FastAPI()

@app.post(""/users/"")
async def create_user(name: str, email: str, data: dict):
    return {""name"": name, ""email"": email, ""data"": data}
```

If the request body is `{ ""name"": ""John"", ""email"": ""john@example.com"", ""extra_data"": ""some extra data"" }`, the `data` parameter will contain all the extra data from the request body, like this: `{""name"": ""John"", ""email"": ""john@example.com"", ""extra_data"": ""some extra data""}`.

This way, you can easily handle multiple body parameters in your path operation function, even though a request can only have a single body."
CTX_022_MUT_07,"If an HTTP request can only contain a single body, how does FastAPI handle it when you declare multiple body parameters in the path operation function?",Abstain
CTX_022_MUT_08,"If an HTTP request can only contain a single body, how does FastAPI handle it when you declare multiple body parameters in the path operation function?","FastAPI handles it by validating and documenting the correct schema in the path operation. It will give you the correct data in your function, even if a request can only have a single body."
CTX_022_MUT_09,"If an HTTP request can only contain a single body, how does FastAPI handle it when you declare multiple body parameters in the path operation function?","You can declare multiple body parameters in the path operation function, but an HTTP request can only have a single body. FastAPI handles this by:

1.  Giving you the correct data in your function: FastAPI will take the single body received in the HTTP request and pass it to the first body parameter in the function. If there are any additional body parameters declared, they will be `None`.

2.  Validating and documenting the correct schema in the path operation: FastAPI will validate the schema of the single body received and document it accordingly in the OpenAPI schema for the path operation. It will ignore any additional body parameters declared.

Here's an example of how this works:

```python
from fastapi import FastAPI, Body

app = FastAPI()

@app.post(""/items/"")
async def create_item(name: str = Body(...), description: str = Body(...)):
    return {""name"": name, ""description"": description}
```

In this example, even though there are two body parameters declared (`name` and `description`), a single body can be sent in the HTTP request. The `name` parameter will receive the value from the single body, and the `description` parameter will be `None`."
CTX_022_MUT_10,"If an HTTP request can only contain a single body, how does FastAPI handle it when you declare multiple body parameters in the path operation function?","In FastAPI, when you declare multiple body parameters in a path operation function, it will automatically handle the request and give you the correct data in your function. This is possible because FastAPI can handle multipart/form-data requests, which can contain multiple parts (or bodies) in a single request.

When multiple body parameters are declared, FastAPI will automatically validate and document the correct schema in the path operation. This means that you can declare multiple body parameters, and FastAPI will handle the request accordingly, giving you the correct data in your function.

Here's an example:

```python
from fastapi import FastAPI

app = FastAPI()

@app.post(""/users/"")
async def create_user(user: User, profile: Profile):
    return {""user"": user, ""profile"": profile}
```

In this example, the `create_user` function accepts two body parameters: `user` and `profile`. FastAPI will handle the request and give you the correct data in your function.

FastAPI also supports singular values to be received as part of the body, and it can embed the body in a key only when there are multiple parameters declared."
CTX_022_MUT_11,"If an HTTP request can only contain a single body, how does FastAPI handle it when you declare multiple body parameters in the path operation function?","According to the provided context, FastAPI handles multiple body parameters in a path operation function by providing the correct data in the function and validating and documenting the correct schema in the path operation."
CTX_022_MUT_12,"If an HTTP request can only contain a single body, how does FastAPI handle it when you declare multiple body parameters in the path operation function?","According to the provided context, even though a request can have multiple bodies, FastAPI will handle it, give you the correct data in your function, and validate and document the correct schema in the path operation."
CTX_022_MUT_13,"If an HTTP request can only contain a single body, how does FastAPI handle it when you declare multiple body parameters in the path operation function?","Even though an HTTP request can only contain a single body, you can declare multiple body parameters in the path operation function in FastAPI. In this case, FastAPI will handle it by giving you the correct data in your function, and also validate and document the correct schema in the path operation.

FastAPI will automatically determine which body parameter to use based on the Content-Type header of the request. If the request has a JSON body, it will be used for the first body parameter declared. If the request has a form data body (i.e., `multipart/form-data` or `application/x-www-form-urlencoded`), it will be used for the second body parameter declared, and so on.

However, if you want to embed the body in a key (only when there are multiple parameters declared), you can do so by using the `embed` parameter when declaring the body parameters.

Here's an example:

```python
from fastapi import FastAPI, Body

app = FastAPI()

@app.put(""/items/{item_id}"")
async def read_item(item_id: int, item: dict = Body(...), extra: dict = Body(..., embed=True)):
    return {""item_id"": item_id, ""item"": item, ""extra"": extra}
```

In this example, the `item` and `extra` body parameters are declared with the `Body` annotation. The `extra` parameter has the `embed=True` parameter to embed the body in a key only when there are multiple parameters declared."
CTX_023_MUT_01,"If you want to use OpenAPI Generator or Hey API to generate SDK for FastAPI, why do you have to make sure that tool supports OpenAPI version 3.1?","Based on the given context, FastAPI automatically generates **OpenAPI 2.0** specifications. 

To use OpenAPI Generator or Hey API, which support newer versions of OpenAPI, you would need to make sure that these tools can support the OpenAPI version 2.0 generated by FastAPI or manually upgrade the OpenAPI version to 3.1."
CTX_023_MUT_02,"If you want to use OpenAPI Generator or Hey API to generate SDK for FastAPI, why do you have to make sure that tool supports OpenAPI version 3.1?","Based on the given context, FastAPI automatically generates OpenAPI 3.0 specifications, not 3.1. Therefore, you need to make sure that the tool you use to generate SDKs, such as OpenAPI Generator or Hey API, supports OpenAPI version 3.0. 

OpenAPI 3.0 is the version that FastAPI automatically generates, and you don't need to worry about OpenAPI 3.1 if that's the version FastAPI is generating. If you were using a different framework that generated OpenAPI 3.1, then you would need to make sure the tool supports 3.1."
CTX_023_MUT_03,"If you want to use OpenAPI Generator or Hey API to generate SDK for FastAPI, why do you have to make sure that tool supports OpenAPI version 3.1?","You're correct that the text mentions FastAPI automatically generates OpenAPI specifications in version 3.0, but there's no mention of version 3.1. This is likely because OpenAPI 3.1 is not a widely used or well-supported version, and FastAPI only supports OpenAPI 3.0.

However, if you want to use OpenAPI Generator or Hey API to generate SDKs for FastAPI, you would need to make sure that the tool supports OpenAPI 3.0, not 3.1. This is because FastAPI generates OpenAPI 3.0 specifications, and you need a tool that can parse and process that version of the specification.

In general, it's a good idea to use the most widely supported version of OpenAPI, which is currently 3.0. This will ensure that your API can be easily consumed by a wide range of clients and tools."
CTX_023_MUT_04,"If you want to use OpenAPI Generator or Hey API to generate SDK for FastAPI, why do you have to make sure that tool supports OpenAPI version 3.1?","You don't necessarily have to make sure the tool supports OpenAPI version 3.1, but rather OpenAPI version **3.0**.

This is because FastAPI automatically generates **OpenAPI 3.0** specifications. So, if you're using OpenAPI Generator or Hey API to generate an SDK for your FastAPI application, you should ensure that the chosen tool supports OpenAPI version 3.0.

OpenAPI version 3.0 is the version supported by FastAPI, and it's the version that the tools like OpenAPI Generator and Hey API are used to generate SDKs from."
CTX_023_MUT_05,"If you want to use OpenAPI Generator or Hey API to generate SDK for FastAPI, why do you have to make sure that tool supports OpenAPI version 3.1?",Abstain
CTX_023_MUT_06,"If you want to use OpenAPI Generator or Hey API to generate SDK for FastAPI, why do you have to make sure that tool supports OpenAPI version 3.1?",Abstain
CTX_023_MUT_07,"If you want to use OpenAPI Generator or Hey API to generate SDK for FastAPI, why do you have to make sure that tool supports OpenAPI version 3.1?",Abstain
CTX_023_MUT_08,"If you want to use OpenAPI Generator or Hey API to generate SDK for FastAPI, why do you have to make sure that tool supports OpenAPI version 3.1?","Based on the provided context, since FastAPI automatically generates OpenAPI 2.0 specifications, it is necessary to ensure that the tool you use (OpenAPI Generator or Hey API) supports OpenAPI 2.0 version, not OpenAPI 3.1. 

In the context, there's a mention that FastAPI automatically generates OpenAPI 2.0 specifications."
CTX_023_MUT_09,"If you want to use OpenAPI Generator or Hey API to generate SDK for FastAPI, why do you have to make sure that tool supports OpenAPI version 3.1?",Abstain
CTX_023_MUT_10,"If you want to use OpenAPI Generator or Hey API to generate SDK for FastAPI, why do you have to make sure that tool supports OpenAPI version 3.1?","There seems to be a mistake. I did not mention OpenAPI version 3.1 in the previous text, but rather OpenAPI 3.0. 

That being said, you are correct to ask. If FastAPI automatically generates OpenAPI 3.0 specifications, why do you have to ensure that the tool you use to generate SDKs supports this version?

The reason is that FastAPI automatically generates the OpenAPI specification, but it does not enforce any specific version of OpenAPI. The tool you use to generate SDKs, such as OpenAPI Generator or Hey API, does not know what version of OpenAPI FastAPI is generating, and it may not support the specific version generated by FastAPI.

By ensuring that the tool you use supports OpenAPI 3.0, you can guarantee that the generated SDKs will work correctly with the OpenAPI specification generated by FastAPI. This is especially important if you are using a library or framework that relies on the OpenAPI specification to generate client code, such as FastAPI itself.

It's worth noting that OpenAPI 3.0 is a widely-supported version, and most tools and libraries should be able to handle it correctly. However, it's always a good idea to double-check the documentation of the tool you're using to ensure that it supports the version of OpenAPI generated by FastAPI."
CTX_023_MUT_11,"If you want to use OpenAPI Generator or Hey API to generate SDK for FastAPI, why do you have to make sure that tool supports OpenAPI version 3.1?",Abstain
CTX_023_MUT_12,"If you want to use OpenAPI Generator or Hey API to generate SDK for FastAPI, why do you have to make sure that tool supports OpenAPI version 3.1?",Abstain
CTX_023_MUT_13,"If you want to use OpenAPI Generator or Hey API to generate SDK for FastAPI, why do you have to make sure that tool supports OpenAPI version 3.1?",Abstain
CTX_024_MUT_01,What are the real-world cases where you are forced to use the jsonable_encoder() function on a Pydantic model before further processing?,Abstain
CTX_024_MUT_02,What are the real-world cases where you are forced to use the jsonable_encoder() function on a Pydantic model before further processing?,"There are several real-world cases where you might be forced to use the `jsonable_encoder()` function on a Pydantic model before further processing:

1. **Database Retrieval**: When retrieving data from a database, you might receive the data in a format that's not directly compatible with JSON, such as a dictionary or a Pydantic model instance. In this case, you'll need to use `jsonable_encoder()` to convert the data into a JSON-compatible format.

2. **Message Queue Integration**: When sending data to a message queue like RabbitMQ or Apache Kafka, you might need to serialize the data into a JSON-compatible format. `jsonable_encoder()` can help you achieve this.

3. **API Gateway or Service Mesh**: In some cases, you might be using an API Gateway or Service Mesh that doesn't support Pydantic models directly. In this case, you'll need to use `jsonable_encoder()` to convert the data into a JSON-compatible format before sending it to the gateway or mesh.

4. **Third-Party Integration**: When integrating with third-party services that expect JSON data, you'll need to use `jsonable_encoder()` to convert your Pydantic model data into a JSON-compatible format.

5. **Testing**: When testing your application, you might need to simulate API requests or database interactions that involve Pydantic models. In this case, `jsonable_encoder()` can help you create JSON-compatible data that can be used in your tests.

6. **Data Transformation**: When transforming data from one format to another, you might need to use `jsonable_encoder()` to convert Pydantic model data into a JSON-compatible format.

7. **Web Scraping**: When web scraping data from websites that return JSON data, you might need to use `jsonable_encoder()` to convert the scraped data into a JSON-compatible format before processing it.

Some examples of code that might use `jsonable_encoder()` include:

```python
from fastapi import FastAPI
from pydantic import BaseModel

app = FastAPI()

class User(BaseModel):
    name: str
    email: str

user = User(name=""John Doe"", email=""john@example.com"")
encoded_user = jsonable_encoder(user)

# Now encoded_user is a JSON-compatible dictionary
```"
CTX_024_MUT_03,What are the real-world cases where you are forced to use the jsonable_encoder() function on a Pydantic model before further processing?,"The `jsonable_encoder()` function from FastAPI is used to convert a data type (like a Pydantic model) to something that is compatible with JSON (like a `dict`, `list`, etc). Here are some real-world cases where you are forced to use this function:

1. **Database Storage**: If you want to store a Pydantic model in a database, you typically need to convert it to a JSON-compatible format first. This is because databases often use JSON or similar formats to store data.

2. **API Calls**: When making API calls, you often need to convert your Pydantic model to a JSON-compatible format to send it in the request body. The `jsonable_encoder()` function can help with this.

3. **Message Queues**: Message queues like RabbitMQ or Apache Kafka often use JSON to store messages. You may need to convert your Pydantic model to a JSON-compatible format to send it to a message queue.

4. **Webhooks**: Webhooks often expect JSON data in their request bodies. If you need to send a Pydantic model as a webhook payload, you'll need to convert it to JSON using the `jsonable_encoder()` function.

5. **Testing**: When testing your API, you may need to mock out the response from a database or other service. To do this, you can use a Pydantic model and convert it to a JSON-compatible format using the `jsonable_encoder()` function.

6. **File Storage**: If you're storing data in a file (e.g., a JSON or CSV file), you may need to convert your Pydantic model to a JSON-compatible format to write it to the file.

7. **Third-Party Libraries**: Some third-party libraries may require a JSON-compatible format for their inputs. The `jsonable_encoder()` function can help ensure that your Pydantic model is in the correct format.

8. **API Documentation**: If you're generating API documentation using tools like Swagger or OpenAPI, you may need to convert your Pydantic model to a JSON-compatible format to include it in the documentation.

Here's an example of how you might use the `jsonable_encoder()` function in a real-world scenario:

```python
from fastapi import FastAPI
from pydantic import BaseModel

app = FastAPI()

class User(BaseModel):
    name: str
    age: int

@app.post(""/users"")
async def create_user(user: User):
    # Convert the User object to a JSON-compatible format
    user_json = app.jsonable_encoder(user)
    # Now you can store user_json in a database or send it to a message queue
    return user_json
```

In this example, the `jsonable_encoder()` function is used to convert the `User` object to a JSON-compatible format before storing it in the database or sending it to a message queue."
CTX_024_MUT_04,What are the real-world cases where you are forced to use the jsonable_encoder() function on a Pydantic model before further processing?,"The `jsonable_encoder()` function from FastAPI is useful in various real-world scenarios where you need to convert a Pydantic model to a JSON-compatible format, but it's not directly convertible to JSON. Here are some examples:

1. **Database Storage**: When storing Pydantic models in databases like MongoDB, PostgreSQL, or SQL Server, you might need to convert them to a format that the database can understand. `jsonable_encoder()` helps you achieve this by converting the model to a JSON-compatible dictionary.

2. **Web Scraping or APIs**: When scraping data from websites or APIs, you might receive data in a format that's not directly compatible with Pydantic models. You can use `jsonable_encoder()` to convert the received data to a format that can be easily validated and processed by a Pydantic model.

3. **Legacy System Integration**: When integrating with legacy systems that don't support Pydantic models, you might need to convert your data to a format that the legacy system can understand. `jsonable_encoder()` can help you achieve this by converting your Pydantic models to a JSON-compatible format.

4. **Data Pipelines**: In data pipelines, you often need to process and transform data from various sources. `jsonable_encoder()` can be used to convert data from one format to another, making it easier to process and transform the data.

5. **Message Queueing Systems**: When using message queueing systems like RabbitMQ or Apache Kafka, you need to serialize your data to a format that can be sent over the network. `jsonable_encoder()` can help you achieve this by converting your Pydantic models to a JSON-compatible format.

6. **Caching Mechanisms**: In caching mechanisms like Redis or Memcached, you need to serialize your data to a format that can be stored and retrieved efficiently. `jsonable_encoder()` can help you achieve this by converting your Pydantic models to a JSON-compatible format.

7. **Third-Party Libraries**: Some third-party libraries might require data to be in a specific format. `jsonable_encoder()` can help you convert your Pydantic models to the required format, making it easier to integrate with these libraries.

Here's an example of how you can use `jsonable_encoder()` in a real-world scenario:

```python
from fastapi import FastAPI
from pydantic import BaseModel
from fastapi.encoders import jsonable_encoder

app = FastAPI()

class User(BaseModel):
    id: int
    name: str
    email: str

@app.post(""/users/"")
def create_user(user: User):
    encoded_user = jsonable_encoder(user)
    # Now you can store the encoded user in a database or send it over the network
    return {""message"": ""User created successfully""}
```

In this example, the `jsonable_encoder()` function is used to convert the `User` object to a JSON-compatible dictionary, which can be stored in a database or sent over the network."
CTX_024_MUT_05,What are the real-world cases where you are forced to use the jsonable_encoder() function on a Pydantic model before further processing?,"Here are some real-world cases where you may need to use the `jsonable_encoder()` function on a Pydantic model before further processing:

1. **Storing in a Database**: When storing a Pydantic model in a database, the database may not support the complex data structures and types used in the model. In this case, you need to convert the model to a JSON-compatible format using `jsonable_encoder()` before storing it in the database.

2. **API Gateways and Proxies**: Some API gateways and proxies may not be able to handle the complex data structures and types used in Pydantic models. In this case, you need to convert the model to a JSON-compatible format using `jsonable_encoder()` before passing it through the API gateway or proxy.

3. **WebSockets**: When using WebSockets, the data sent over the wire must be JSON-compatible. In this case, you need to convert the Pydantic model to a JSON-compatible format using `jsonable_encoder()` before sending it over the WebSocket.

4. **Message Queues**: When sending data over message queues like RabbitMQ or Apache Kafka, the data must be JSON-compatible. In this case, you need to convert the Pydantic model to a JSON-compatible format using `jsonable_encoder()` before sending it over the message queue.

5. **Third-Party Libraries**: Some third-party libraries may not be able to handle the complex data structures and types used in Pydantic models. In this case, you need to convert the model to a JSON-compatible format using `jsonable_encoder()` before passing it to the third-party library.

6. **Testing**: When testing your application, you may need to serialize your Pydantic models to JSON-compatible formats for testing purposes.

7. **Data Export**: When exporting data from your application, you may need to convert your Pydantic models to JSON-compatible formats for export.

8. **Cloud Storage**: When storing data in cloud storage services like AWS S3 or Google Cloud Storage, the data must be JSON-compatible. In this case, you need to convert the Pydantic model to a JSON-compatible format using `jsonable_encoder()` before uploading it to cloud storage.

These are just a few examples of real-world cases where you may need to use the `jsonable_encoder()` function on a Pydantic model before further processing."
CTX_024_MUT_06,What are the real-world cases where you are forced to use the jsonable_encoder() function on a Pydantic model before further processing?,"There are several real-world cases where you are forced to use the `jsonable_encoder()` function on a Pydantic model before further processing:

1. **Database Storage**: When storing Pydantic models in a database, you often need to convert them to a format that the database can understand, which is usually a dictionary or a JSON-like structure. In this case, `jsonable_encoder()` can be used to convert the Pydantic model to a JSON-compatible format.

2. **API Gateways and Proxies**: API gateways and proxies often require requests and responses to be in a specific format. If the API is using Pydantic models as request and response objects, you may need to convert them to a JSON-compatible format before passing them through the gateway or proxy.

3. **Web Scraping and Crawling**: When scraping data from websites, you may need to convert Pydantic models to a format that can be easily stored or processed. `jsonable_encoder()` can be used to convert the models to a JSON-compatible format.

4. **Message Queues**: Message queues like RabbitMQ, Apache Kafka, or Amazon SQS require messages to be in a specific format. If your application is using Pydantic models to create messages, you may need to convert them to a JSON-compatible format before sending them to the message queue.

5. **Cloud Storage**: Cloud storage services like AWS S3 or Google Cloud Storage often require objects to be in a specific format. If your application is using Pydantic models to create objects, you may need to convert them to a JSON-compatible format before uploading them to cloud storage.

6. **Third-party APIs**: When integrating with third-party APIs, you may need to convert Pydantic models to a format that the API understands. `jsonable_encoder()` can be used to convert the models to a JSON-compatible format.

7. **File Storage**: When storing data in files, you may need to convert Pydantic models to a format that can be easily stored or processed. `jsonable_encoder()` can be used to convert the models to a JSON-compatible format.

8. **Testing**: In some cases, you may need to convert Pydantic models to a JSON-compatible format for testing purposes. For example, you may need to convert a model to a JSON string to test its serialization or deserialization.

Here is an example of using `jsonable_encoder()` to convert a Pydantic model to a JSON-compatible format:
```python
from pydantic import BaseModel
import json

class User(BaseModel):
    name: str
    email: str

user = User(name=""John Doe"", email=""john.doe@example.com"")

encoded_user = jsonable_encoder(user)
print(encoded_user)  # Output: {'name': 'John Doe', 'email': 'john.doe@example.com'}
```
In this example, the `jsonable_encoder()` function is used to convert the `User` Pydantic model to a JSON-compatible dictionary. The resulting dictionary can then be easily stored or processed."
CTX_024_MUT_07,What are the real-world cases where you are forced to use the jsonable_encoder() function on a Pydantic model before further processing?,Abstain
CTX_024_MUT_08,What are the real-world cases where you are forced to use the jsonable_encoder() function on a Pydantic model before further processing?,Abstain
CTX_024_MUT_09,What are the real-world cases where you are forced to use the jsonable_encoder() function on a Pydantic model before further processing?,Abstain
CTX_024_MUT_10,What are the real-world cases where you are forced to use the jsonable_encoder() function on a Pydantic model before further processing?,Abstain
CTX_024_MUT_11,What are the real-world cases where you are forced to use the jsonable_encoder() function on a Pydantic model before further processing?,Abstain
CTX_024_MUT_12,What are the real-world cases where you are forced to use the jsonable_encoder() function on a Pydantic model before further processing?,"There are several real-world cases where you might need to use the `jsonable_encoder()` function on a Pydantic model before further processing:

1.  **Database Storage**: When storing a Pydantic model in a database, the model might contain data types that are not compatible with the database schema, such as `set` or `tuple`. In such cases, you need to convert the model to a JSON-compatible format before storing it in the database.
2.  **WebSockets**: When using WebSockets to send data over the network, the data needs to be in a format that can be serialized and sent as a single unit. Pydantic models can contain complex data structures that are not easily serializable, so you need to use `jsonable_encoder()` to convert them to a JSON-compatible format.
3.  **Message Queues**: Similar to WebSockets, when sending data over message queues (like RabbitMQ or Apache Kafka), the data needs to be in a format that can be serialized and sent as a single unit. Pydantic models can contain complex data structures that are not easily serializable, so you need to use `jsonable_encoder()` to convert them to a JSON-compatible format.
4.  **Serialization for External Libraries**: There might be external libraries or frameworks that require data to be in a specific format, like JSON, before processing it. In such cases, you need to use `jsonable_encoder()` to convert the Pydantic model to a JSON-compatible format.
5.  **JSON-RPC or GraphQL**: When using JSON-RPC or GraphQL APIs, the data needs to be in a JSON-compatible format before being sent over the network. Pydantic models can contain complex data structures that are not easily serializable, so you need to use `jsonable_encoder()` to convert them to a JSON-compatible format.

In general, anytime you need to convert a Pydantic model to a JSON-compatible format before further processing, you can use the `jsonable_encoder()` function.

Here's an example of how to use `jsonable_encoder()`:

```python
from pydantic import BaseModel
from fastapi import JSONableEncoder

class MyModel(BaseModel):
    id: int
    name: str
    tags: set[str]

data = MyModel(id=1, name=""John Doe"", tags={""tag1"", ""tag2""})
encoded_data = JSONableEncoder().encode(data)

print(encoded_data)  # Output: '{""id"": 1, ""name"": ""John Doe"", ""tags"": [""tag1"", ""tag2""]}'
```

In this example, the `jsonable_encoder()` function is used to convert the `MyModel` instance to a JSON-compatible format. The `encoded_data` variable now holds the JSON representation of the model, which can be sent over the network or stored in a database."
CTX_024_MUT_13,What are the real-world cases where you are forced to use the jsonable_encoder() function on a Pydantic model before further processing?,Abstain
CTX_025_MUT_01,How can you use the variable 'commons' in a function endpoint to leverage the type alias?,Abstain
CTX_025_MUT_02,How can you use the variable 'commons' in a function endpoint to leverage the type alias?,"You can use the variable 'commons' in a function endpoint to leverage the type alias by assigning it to the 'response_model' parameter. Here's an example:

```python
from fastapi import Depends, FastAPI

app = FastAPI()

# Type alias
commons: Annotated[dict, Depends(common_parameters)] = Annotated[dict, Depends(common_parameters)]

@app.get(""/example"")
def read_example(response_model: commons):
    # your code here
    return {""message"": ""Hello, World!""}
```

In this example, the 'commons' type alias is assigned to the 'response_model' parameter of the '/example' endpoint. This allows you to use the 'commons' type alias in the endpoint, leveraging the type alias and avoiding code duplication.

However, the example you've provided suggests that 'common_parameters()' is a dependency, and 'Depends()' is used to resolve it. If that's the case, you can use it directly in the endpoint like this:

```python
from fastapi import Depends, FastAPI

app = FastAPI()

@app.get(""/example"")
def read_example(common_parameters: Depends(common_parameters)):
    # your code here
    return {""message"": ""Hello, World!""}
```

This way, you're using the 'common_parameters()' dependency directly in the endpoint, and you don't need to create a type alias."
CTX_025_MUT_03,How can you use the variable 'commons' in a function endpoint to leverage the type alias?,Abstain
CTX_025_MUT_04,How can you use the variable 'commons' in a function endpoint to leverage the type alias?,"Here's an example of how you can use the variable `commons` in a function endpoint to leverage the type alias:

```python
from fastapi import FastAPI
from pydantic import BaseModel
from typing import Annotated

app = FastAPI()

class MyModel(BaseModel):
    name: str
    value: Annotated[float, Depends(common_parameters)]

# Assuming common_parameters is a dependency function
# that returns a float value
def common_parameters():
    return 1.0

@app.get(""/example"")
def read_example(common: MyModel):
    return {""name"": common.name, ""value"": common.value}
```

In this example, the `MyModel` class uses the `Annotated` type to specify that the `value` field depends on the `common_parameters` function. This means that when you use the `MyModel` type in a function endpoint, you can directly pass the dependency function to the `common` parameter without having to repeat the annotation.

However, a better way to use the type alias would be to create a separate function that uses the `MyModel` type, and then use that function in the endpoint:

```python
from fastapi import FastAPI
from pydantic import BaseModel
from typing import Annotated

app = FastAPI()

class MyModel(BaseModel):
    name: str
    value: Annotated[float, Depends(common_parameters)]

def read_example_data(common: MyModel):
    return {""name"": common.name, ""value"": common.value}

# Assuming common_parameters is a dependency function
# that returns a float value
def common_parameters():
    return 1.0

@app.get(""/example"")
def read_example():
    common = MyModel(name=""example"", value=common_parameters())
    return read_example_data(common)
```

In this example, the `read_example_data` function uses the `MyModel` type with the dependency, and then it's used in the `/example` endpoint. This way, you can reuse the `MyModel` type and the dependency in multiple places without repeating the annotation."
CTX_025_MUT_05,How can you use the variable 'commons' in a function endpoint to leverage the type alias?,Abstain
CTX_025_MUT_06,How can you use the variable 'commons' in a function endpoint to leverage the type alias?,"You can use the variable 'commons' in a function endpoint to leverage the type alias by defining the endpoint function with the `commons` type as a parameter. Here's an example:

```python
from typing import Annotated
from fastapi import FastAPI, Depends
from common_parameters import common_parameters

app = FastAPI()

# Store the Annotated value in a variable
commons: Annotated[dict, Depends(common_parameters)] = {}

@app.get(""/example"")
def read_example(commons: Annotated[dict, Depends(common_parameters)]):
    # Use the 'commons' parameter in the endpoint function
    return commons
```

In this example, the `read_example` function uses the `commons` parameter, which has been annotated with the `Annotated` type and `Depends(common_parameters)`. This allows you to leverage the type alias and dependency injection provided by the `commons` variable.

Note that when using `Depends` inside an `Annotated` type, you do not need to use the `Annotated` type again when defining the endpoint function. The `commons` parameter in the `read_example` function directly uses the `Annotated` type with `Depends(common_parameters)`.

However, if you want to use the `commons` variable directly in the endpoint function, you can use the `Annotated` type with `Depends(common_parameters)` on the function parameter itself, like this:

```python
@app.get(""/example"")
def read_example(commons: Annotated[dict, Depends(common_parameters)] = commons):
    # Use the 'commons' parameter in the endpoint function
    return commons
```

In this case, the `commons` parameter in the `read_example` function is annotated with `Annotated[dict, Depends(common_parameters)]` and defaults to the value of the `commons` variable."
CTX_025_MUT_07,How can you use the variable 'commons' in a function endpoint to leverage the type alias?,Abstain
CTX_025_MUT_08,How can you use the variable 'commons' in a function endpoint to leverage the type alias?,Abstain
CTX_025_MUT_09,How can you use the variable 'commons' in a function endpoint to leverage the type alias?,"Here's an example of how you can use the variable `commons` in a function endpoint to leverage the type alias:

```python
from fastapi import FastAPI, Depends
from fastapi import Body
from pydantic import BaseModel
from typing import Annotated, Dict

# Define the `common_parameters()` dependency
def common_parameters():
    return {""foo"": ""bar""}

# Create a type alias for `commons`
commons: Annotated[Dict, Depends(common_parameters)] = Depends(common_parameters)

# Define a Pydantic model for the response
class Item(BaseModel):
    id: str
    name: str

# Create a FastAPI application
app = FastAPI()

# Define an endpoint that uses the `commons` type alias
@app.get(""/items/"")
async def read_items(common: commons):
    # Use the `common` parameter as needed
    return {""message"": ""Hello, "" + str(common[""foo""])}

# Define another endpoint that uses the `commons` type alias
@app.post(""/items/"")
async def create_item(item: Item, common: commons = Depends(common_parameters)):
    # Use the `common` parameter as needed
    return {""message"": ""Item created"", ""item"": item.dict(), ""common"": common}
```

In this example, the `commons` type alias is used in two endpoints: `read_items` and `create_item`. In the `read_items` endpoint, the `commons` parameter is a required parameter, while in the `create_item` endpoint, it's an optional parameter that defaults to the `common_parameters` dependency.

By using the `commons` type alias, you can avoid code duplication and make your code more concise and maintainable."
CTX_025_MUT_10,How can you use the variable 'commons' in a function endpoint to leverage the type alias?,"You can use the `commons` variable in a function endpoint to leverage the type alias as follows:

```python
from fastapi import FastAPI, Depends

app = FastAPI()

# Create a type alias for common parameters
commons = Annotated[dict, Depends(common_parameters)]

@app.get(""/example"")
async def read_item(common_params: commons):
    # Now common_params has the type of the common parameters
    # and is also decorated with Depends(common_parameters)
    return {""common_params"": common_params}
```

In this example, the `read_item` endpoint accepts a parameter `common_params` that has the type of the `common_parameters` dependency, and is also decorated with `Depends(common_parameters)`.

This way, you can reuse the `commons` type alias in multiple endpoints, avoiding code duplication and making your code more maintainable.

Note that `common_params` is now typed as a dictionary with the common parameters, and when the endpoint is called, the `Depends(common_parameters)` dependency will be executed to fetch the actual values."
CTX_025_MUT_11,How can you use the variable 'commons' in a function endpoint to leverage the type alias?,"To use the variable 'commons' in a function endpoint, you can leverage the type alias like this:

```python
from fastapi import FastAPI, Depends
from pydantic import BaseModel, Annotated

# Define a dependency with type annotation
common_parameters = {""param1"": ""value1"", ""param2"": ""value2""}

# Create a type alias using Annotated
commons: Annotated[dict, Depends(common_parameters)] = common_parameters

# Define a FastAPI app
app = FastAPI()

# Use the type alias in a function endpoint
@app.get(""/example"")
def read_example(commons: commons):
    return {""commons"": commons}
```

In this example, the `read_example` function expects an argument named `commons` of type `commons`, which is the type alias created earlier using `Annotated`. When the function is called, the `commons` argument will be populated with the value of the `common_parameters` dependency.

However, if you want to use the `commons` type alias in multiple endpoints, you can create a dependency function that returns the `commons` type alias, like this:

```python
from fastapi import FastAPI, Depends
from pydantic import BaseModel, Annotated

# Define a dependency with type annotation
common_parameters = {""param1"": ""value1"", ""param2"": ""value2""}

# Create a type alias using Annotated
commons: Annotated[dict, Depends(common_parameters)] = common_parameters

# Define a dependency function that returns the commons type alias
def get_commons():
    return commons

# Define a FastAPI app
app = FastAPI()

# Use the dependency function in a function endpoint
@app.get(""/example"")
def read_example(commons: get_commons()):
    return {""commons"": commons}
```

In this example, the `get_commons` function is a dependency function that returns the `commons` type alias. The `read_example` function uses this dependency function to get the `commons` type alias. This way, you can reuse the `commons` type alias in multiple endpoints by calling the `get_commons` dependency function."
CTX_025_MUT_12,How can you use the variable 'commons' in a function endpoint to leverage the type alias?,"You can use the variable `commons` in a FastAPI endpoint like this:

```python
from fastapi import Depends, FastAPI
from pydantic import BaseModel
from typing import Annotated

app = FastAPI()

# create a type alias
commons: Annotated[dict, Depends(common_parameters)] = common_parameters()

@app.get(""/example"")
async def read_example(commons: commons):
    return commons
```

In this example, `commons` is a type alias that represents a dictionary with the `common_parameters` dependency. When you define the `/example` endpoint, you can use the `commons` type alias as the parameter type. This way, you avoid duplicating the `Annotated` type definition and make your code more readable and maintainable.

Note that `common_parameters` should be a function that returns a dictionary. The `Depends` function is used to inject the result of `common_parameters` into the `commons` type alias."
CTX_025_MUT_13,How can you use the variable 'commons' in a function endpoint to leverage the type alias?,"You can use the variable 'commons' in a function endpoint as follows:

```python
from fastapi import FastAPI, Depends
from typing import Annotated, Dict

app = FastAPI()

# Type alias for common parameters
commons: Annotated[Dict, Depends(common_parameters)] = Depends(common_parameters)

@app.get(""/users/"")
def read_users(common_params: commons):
    # Now common_params will have the annotated type of dict
    return {""common_params"": common_params}
```

In this example, `common_params` will have the annotated type of `dict` and will also depend on the `common_parameters` dependency. This way, you can reuse the type alias `commons` in multiple endpoints:

```python
@app.get(""/orders/"")
def read_orders(common_params: commons):
    # Now common_params will have the annotated type of dict
    return {""common_params"": common_params}
```

This way, you don't need to repeat the `Depends(common_parameters)` and type annotation for `dict` in each endpoint."
CTX_026_MUT_01,"Instead of receiving individual path parameters from FastAPI, what syntax in the path operation would retrieve the original HTTP Request object?","To retrieve the original HTTP Request object in a path operation in FastAPI, you can use the `Request` type as a function parameter.

Here's the syntax:

```python
from fastapi import Request

@app.get(""/path"")
async def my_function(request: Request):
    # request is the original HTTP Request object
    print(request)
```

In this example, the `request` parameter is the original HTTP Request object."
CTX_026_MUT_02,"Instead of receiving individual path parameters from FastAPI, what syntax in the path operation would retrieve the original HTTP Request object?","To retrieve the original HTTP Request object from FastAPI instead of receiving individual path parameters, you can use the `Request` object in your path operation function.

Here's an example:

```python
from fastapi import FastAPI, Request

app = FastAPI()

@app.get(""/full-request"")
async def read_full_request(request: Request):
    return {""Request"": request}
```

In this example, `Request` is a parameter in the `read_full_request` function. It's not a path parameter, but rather an instance of the `Request` object, which you can use to access the original HTTP request.

However, if you want to avoid declaring the `Request` parameter explicitly, you can use the `fastapi.Request` type directly in your path operation. 

Here's an example:

```python
from fastapi import FastAPI

app = FastAPI()

@app.get(""/full-request"")
async def read_full_request():
    request = fastapi.Request
    # Do something with the request object
    return {""Request"": request}
```

But the above syntax will give you the `fastapi.Request` class itself, not an instance of it. To get an instance of `fastapi.Request`, you should use the `Request` parameter in your function like this:

```python
from fastapi import FastAPI

app = FastAPI()

@app.get(""/full-request"")
async def read_full_request(request: fastapi.Request):
    return {""Request"": request}
```"
CTX_026_MUT_03,"Instead of receiving individual path parameters from FastAPI, what syntax in the path operation would retrieve the original HTTP Request object?","To retrieve the original HTTP Request object in a path operation, you can use the `Request` object directly in the function parameter list. Here's an example:

```python
from fastapi import FastAPI, Request

app = FastAPI()

@app.get(""/path"")
async def read_path(request: Request):
    # Use the request object here
    return {""message"": ""Hello, World!""}
```

In this example, the `request` parameter is the original HTTP Request object. You can access its attributes and methods, such as `request.method`, `request.path`, `request.headers`, `request.cookies`, `request.query_params`, `request.body`, etc.

Note that when using the `Request` object, you should also import the `Request` class from `fastapi` to avoid any potential issues.

Also, you can use `Request` with other types, like `Response` for example, but be aware that you'll need to import the correct class from `fastapi`.

```python
from fastapi import FastAPI, Request, Response
```"
CTX_026_MUT_04,"Instead of receiving individual path parameters from FastAPI, what syntax in the path operation would retrieve the original HTTP Request object?","To retrieve the original HTTP Request object directly in a path operation, you would use the `Request` type as a parameter.

Here's an example:

```python
from fastapi import FastAPI, Request

app = FastAPI()

@app.post(""/request-example"")
async def request_example(request: Request):
    # request is the original HTTP Request object
    print(request.method)
    print(request.headers)
    print(request.body)
    return {""message"": ""Hello, world!""}
```

In this example, the `request_example` function receives the entire HTTP Request object, allowing you to access all the properties of the request."
CTX_026_MUT_05,"Instead of receiving individual path parameters from FastAPI, what syntax in the path operation would retrieve the original HTTP Request object?","To retrieve the original HTTP Request object directly in FastAPI, you would use the `Request` object as a parameter in the path operation function.

The syntax is as follows:

```python
from fastapi import FastAPI, Request

app = FastAPI()

@app.get(""/path"")
async def read_path(request: Request):
    # request is the original HTTP Request object
    return request
```

In this example, `request` is the original HTTP Request object."
CTX_026_MUT_06,"Instead of receiving individual path parameters from FastAPI, what syntax in the path operation would retrieve the original HTTP Request object?","To retrieve the original HTTP Request object in a FastAPI path operation, you can use the `Request` type, like so:

```python
from fastapi import FastAPI, Request

app = FastAPI()

@app.get(""/"")
async def read_root(request: Request):
    # request is the original HTTP Request object
    return {""Request"": request}
```

In this example, `request` will be the original HTTP Request object, which you can then access to retrieve any information you need, such as path parameters, headers, cookies, etc."
CTX_026_MUT_07,"Instead of receiving individual path parameters from FastAPI, what syntax in the path operation would retrieve the original HTTP Request object?",Abstain
CTX_026_MUT_08,"Instead of receiving individual path parameters from FastAPI, what syntax in the path operation would retrieve the original HTTP Request object?",Abstain
CTX_026_MUT_09,"Instead of receiving individual path parameters from FastAPI, what syntax in the path operation would retrieve the original HTTP Request object?","To retrieve the original HTTP Request object directly in a path operation in FastAPI, you can use the `Request` parameter with an empty type annotation (i.e., without any type hints).

Here's an example:

```python
from fastapi import FastAPI, Request

app = FastAPI()

@app.get(""/"")
async def read_root(request: Request):
    # use request to get the original HTTP Request object
    print(request.method)
    print(request.path)
    print(request.headers)
    # and so on...
```

In this example, `request` is the original HTTP Request object."
CTX_026_MUT_10,"Instead of receiving individual path parameters from FastAPI, what syntax in the path operation would retrieve the original HTTP Request object?",Abstain
CTX_026_MUT_11,"Instead of receiving individual path parameters from FastAPI, what syntax in the path operation would retrieve the original HTTP Request object?",Abstain
CTX_026_MUT_12,"Instead of receiving individual path parameters from FastAPI, what syntax in the path operation would retrieve the original HTTP Request object?",Abstain
CTX_026_MUT_13,"Instead of receiving individual path parameters from FastAPI, what syntax in the path operation would retrieve the original HTTP Request object?","To retrieve the original HTTP Request object from FastAPI, you can use the `Request` type in your path operation function. The syntax for this is:

```python
from fastapi import FastAPI, Request

app = FastAPI()

@app.get(""/path"")
async def read_path(request: Request):
    # Now you can access the original HTTP request object
    print(request)
```

In this example, the `request` parameter is annotated with the `Request` type, which allows you to access the original HTTP request object. You can then access the path parameters, headers, cookies, and other attributes of the request object as needed.

Note that you can also use the `Request` type to access the request object in other types of path operations, such as `post`, `put`, `delete`, etc.

Also, it's worth noting that if you're using `path` parameters in your path operation, you can still access them through the `request` object. The `request` object will contain a `path_params` attribute that contains the path parameters as a dictionary.

For example:

```python
from fastapi import FastAPI, Request

app = FastAPI()

@app.get(""/path/{path_param}"")
async def read_path(request: Request, path_param: str):
    # Now you can access the original HTTP request object
    print(request)
    print(request.path_params)  # This will print the path parameters as a dictionary
```

In this case, the `request.path_params` attribute will contain the path parameters as a dictionary, where the keys are the parameter names and the values are the parameter values."
CTX_027_MUT_01,What is the keyword in modern Python used to define and execute a coroutine in asynchronous programming?,Abstain
CTX_027_MUT_02,What is the keyword in modern Python used to define and execute a coroutine in asynchronous programming?,Abstain
CTX_027_MUT_03,What is the keyword in modern Python used to define and execute a coroutine in asynchronous programming?,"The keywords used to define and execute a coroutine in modern Python for asynchronous programming are:

1. `async`: This keyword is used to define an asynchronous function, which is a coroutine.
2. `await`: This keyword is used inside an asynchronous function to wait for the completion of a coroutine or a task.

These keywords are used in combination with each other to define and execute asynchronous code in Python. For example:

```python
async def my_coroutine():
    # Code to be executed
    await some_task()
```

In this example, `my_coroutine` is an asynchronous function defined using the `async` keyword, and `await some_task()` is used to wait for the completion of the `some_task` coroutine."
CTX_027_MUT_04,What is the keyword in modern Python used to define and execute a coroutine in asynchronous programming?,"The keywords used in modern Python to define and execute a coroutine in asynchronous programming are:

- `async`: This keyword is used to define an asynchronous function, which is a coroutine.
- `await`: This keyword is used to suspend the execution of the coroutine until the awaited task completes.

These keywords are used together with the `coroutine` type to define and execute coroutines in modern Python. The syntax is as follows:

```python
async def coroutine_name():
    # coroutine code
```

And inside the coroutine, you can use the `await` keyword to wait for the completion of another coroutine:

```python
async def main():
    await coroutine_name()
```"
CTX_027_MUT_05,What is the keyword in modern Python used to define and execute a coroutine in asynchronous programming?,"In modern Python, the keywords used to define and execute a coroutine in asynchronous programming are:

1. **`async`**: used to define a coroutine function.
2. **`await`**: used to pause the execution of a coroutine until a particular task is complete.

These keywords are used in combination to write asynchronous code in Python. For example:

```python
async def my_coroutine():
    # code to be executed
    await some_task()
```

In this example, `async def` is used to define a coroutine function `my_coroutine`, and `await` is used to pause the execution of the coroutine until the task `some_task()` is complete."
CTX_027_MUT_06,What is the keyword in modern Python used to define and execute a coroutine in asynchronous programming?,"The keyword in modern Python used to define a coroutine in asynchronous programming is `async`, and the keyword used to execute it is `await`.

Here's an example of how to use them:

```python
async def my_coroutine():
    # code to be executed
    await some_async_operation()
```

In the above example, `async def my_coroutine():` defines a coroutine, and `await some_async_operation()` executes an asynchronous operation inside the coroutine."
CTX_027_MUT_07,What is the keyword in modern Python used to define and execute a coroutine in asynchronous programming?,The keyword in modern Python used to define and execute a coroutine in asynchronous programming is `async`.
CTX_027_MUT_08,What is the keyword in modern Python used to define and execute a coroutine in asynchronous programming?,"In modern Python, the keywords used to define and execute a coroutine in asynchronous programming are:

1. **`async`**: This keyword is used to define a coroutine function. It is added before the `def` keyword, like this: `async def my_coroutine():`.
2. **`await`**: This keyword is used to pause the execution of a coroutine until its result is available. It is used in the body of an `async` function, like this: `result = await my_async_function()`.

These two keywords work together to create asynchronous code in Python, which can improve performance and responsiveness in I/O-bound applications."
CTX_027_MUT_09,What is the keyword in modern Python used to define and execute a coroutine in asynchronous programming?,"In modern Python, the keywords used to define and execute a coroutine in asynchronous programming are `async` and `await`.

*   **async**: This keyword is used to define a coroutine, which is a special type of function that can suspend its execution and resume it later.
*   **await**: This keyword is used to pause the execution of a coroutine until the awaited result is available.

These keywords are used together to create asynchronous code that can be executed efficiently in modern Python versions."
CTX_027_MUT_10,What is the keyword in modern Python used to define and execute a coroutine in asynchronous programming?,"The keywords used in modern Python to define and execute a coroutine in asynchronous programming are `async` and `await`.

* `async` is used to define an asynchronous function, which is a coroutine.
* `await` is used within an asynchronous function to suspend the execution of the function until the awaited task completes.

In the context of FastAPI, which is built on top of Starlette and uses the ASGI specification, `await` and `async` are used to create asynchronous code."
CTX_027_MUT_11,What is the keyword in modern Python used to define and execute a coroutine in asynchronous programming?,Abstain
CTX_027_MUT_12,What is the keyword in modern Python used to define and execute a coroutine in asynchronous programming?,Abstain
CTX_027_MUT_13,What is the keyword in modern Python used to define and execute a coroutine in asynchronous programming?,"The keywords used to define and execute a coroutine in modern Python are `async` and `await`. 

- The `async` keyword is used to define an asynchronous function, also known as a coroutine. This function is used to execute asynchronous code and returns a coroutine object.
- The `await` keyword is used to suspend the execution of the coroutine until the awaited task is completed. It is used within an asynchronous function to wait for the result of an asynchronous operation.

These keywords are used with the `async def` syntax to define an asynchronous function. The `async def` syntax is used to define a coroutine, which is a function that can suspend its execution and resume it later."
CTX_028_MUT_01,What is the bash command to activate a virtual environment named '.venv' on a Linux/macOS system?,Abstain
CTX_028_MUT_02,What is the bash command to activate a virtual environment named '.venv' on a Linux/macOS system?,"The bash command to activate a virtual environment named '.venv' on a Linux/macOS system is:

```bash
$ source .venv/bin/activate
```

This command tells Bash to execute the activate script located in the `.venv/bin` directory, which will activate the virtual environment."
CTX_028_MUT_03,What is the bash command to activate a virtual environment named '.venv' on a Linux/macOS system?,Abstain
CTX_028_MUT_04,What is the bash command to activate a virtual environment named '.venv' on a Linux/macOS system?,"The bash command to activate a virtual environment named '.venv' on a Linux/macOS system is:

```console
$ source .venv/bin/activate
```"
CTX_028_MUT_05,What is the bash command to activate a virtual environment named '.venv' on a Linux/macOS system?,"To activate a virtual environment named '.venv' on a Linux/macOS system, you can use the following command:

```bash
source .venv/bin/activate
```

Note: If you are using a macOS system with a M1 or M2 chip, you might need to use the following command:

```bash
source .venv/bin/activate --python=/usr/bin/python3
```

This is because the default Python interpreter on M1/M2 Macs is not always compatible with virtual environments created on Intel Macs or Linux systems.

Alternatively, you can use the command:

```bash
python -m venv .venv
```

However, this command will create a new virtual environment if one does not already exist. To activate an existing virtual environment, you still need to use the `source` command as mentioned above."
CTX_028_MUT_06,What is the bash command to activate a virtual environment named '.venv' on a Linux/macOS system?,"The bash command to activate a virtual environment named '.venv' on a Linux/macOS system is:

```bash
$ source .venv/bin/activate
```

Note: This should be run in the terminal while being in the directory where your virtual environment '.venv' is located."
CTX_028_MUT_07,What is the bash command to activate a virtual environment named '.venv' on a Linux/macOS system?,Abstain
CTX_028_MUT_08,What is the bash command to activate a virtual environment named '.venv' on a Linux/macOS system?,Abstain
CTX_028_MUT_09,What is the bash command to activate a virtual environment named '.venv' on a Linux/macOS system?,"The bash command to activate a virtual environment named '.venv' on a Linux/macOS system is:

```console
$ source .venv/bin/activate
```

However, if you're using a virtual environment activated via `conda`, you can use the following command:

```console
$ conda activate .venv
```"
CTX_028_MUT_10,What is the bash command to activate a virtual environment named '.venv' on a Linux/macOS system?,"The bash command to activate a virtual environment named '.venv' on a Linux/macOS system is:

```bash
$ source .venv/bin/activate
```

This command tells the system to use the Python commands and packages from the `.venv` virtual environment instead of the system's default Python installation."
CTX_028_MUT_11,What is the bash command to activate a virtual environment named '.venv' on a Linux/macOS system?,"The bash command to activate a virtual environment named '.venv' on a Linux/macOS system is:

```bash
$ source .venv/bin/activate
```"
CTX_028_MUT_12,What is the bash command to activate a virtual environment named '.venv' on a Linux/macOS system?,"The bash command to activate a virtual environment named '.venv' on a Linux/macOS system is:

```bash
$ source .venv/bin/activate
```

Or, more commonly, just:

```bash
$ source .venv
```

The `source` command is used to execute the script that activates the virtual environment, which sets up the necessary environment variables."
CTX_028_MUT_13,What is the bash command to activate a virtual environment named '.venv' on a Linux/macOS system?,"The bash command to activate a virtual environment named '.venv' on a Linux/macOS system is:

```bash
$ source .venv/bin/activate
```

However, a more common and Pythonic way to do it would be to use the `activate` command directly, without the `source` keyword:

```bash
$ . .venv/bin/activate
```

Or, if you're using a more modern version of bash and have the `Activate` function defined in the `activate` script, you can simply use:

```bash
$ .venv/bin/activate
```"
CTX_029_MUT_01,"According to the documentation, what are the main differences in environmental behavior between the 'development' and 'deployment' (web API) stages?","According to the documentation, the main differences in environmental behavior between the 'development' and 'deployment' (web API) stages are:

1. **Code changes**: In the development stage, the code is constantly being changed, broken, and fixed. In the deployment stage, the application is made available to users with a stable and efficient setup.

2. **Server behavior**: In the development stage, the production server is likely to be stopped and restarted frequently. In the deployment stage, the server program is designed to provide good performance, stability, and reliability for the users.

3. **Access**: In the development stage, the application is not accessible to users in the same way as in the deployment stage. In the deployment stage, the application is made accessible to users so they can use it efficiently and without interruptions or problems."
CTX_029_MUT_02,"According to the documentation, what are the main differences in environmental behavior between the 'development' and 'deployment' (web API) stages?","According to the provided documentation [CONTEXT 0], the main differences in environmental behavior between the 'development' and 'deployment' stages for a web API are:

1. **Development Server**: In the development stage, you are constantly changing the code, breaking it and fixing it, stopping and restarting the development server, etc. This creates an unstable environment.

2. **Server Program**: In the deployment stage, the web API is put in a local machine with a server program that provides good performance, stability, etc. This creates a more stable environment where users can access the application efficiently without interruptions or problems.

In the development stage, the focus is on testing and refining the code, whereas in the deployment stage, the focus is on making the application available to users with a stable and efficient server program."
CTX_029_MUT_03,"According to the documentation, what are the main differences in environmental behavior between the 'development' and 'deployment' (web API) stages?","According to the documentation, the main differences in environmental behavior between the 'development' and 'deployment' (web API) stages are:

1.  **Code changes**: In the development stage, the code is constantly being changed, broken, and fixed. In contrast, in the deployment stage, the code is stable and not frequently updated.
2.  **Server behavior**: During development, the development server is restarted frequently, which can cause disruptions and instability. In the deployment stage, the server is expected to provide good performance, stability, and efficient access to the application.
3.  **User access**: In the development stage, the application is not yet available to users. In the deployment stage, the application is deployed to a local machine or a server, making it accessible to users.

These differences reflect the distinct goals and environments of the development and deployment stages, with development focused on iterative coding and testing, and deployment focused on providing a stable and accessible application to users."
CTX_029_MUT_04,"According to the documentation, what are the main differences in environmental behavior between the 'development' and 'deployment' (web API) stages?","According to the documentation, the main differences in environmental behavior between the 'development' and 'deployment' (web API) stages are:

1. **Server Program**: In the development stage, a development server is used, whereas in the deployment stage, a production server with good performance, stability, and other requirements is used.

2. **Code Changes**: In the development stage, the code is constantly being changed, broken, fixed, stopped, and restarted. In the deployment stage, the application is stable and available to users without interruptions or problems.

3. **User Access**: In the development stage, the application is not yet available to users. In the deployment stage, the application is available to users efficiently.

These differences indicate a shift from a local, experimental environment to a live, production environment where the application is accessible to the end-users."
CTX_029_MUT_05,"According to the documentation, what are the main differences in environmental behavior between the 'development' and 'deployment' (web API) stages?","According to the documentation, the main differences in environmental behavior between the 'development' and 'deployment' (web API) stages are:

**Development Stage:**

- Constantly changing the code
- Breaking and fixing it
- Stopping and restarting the development server
- Not optimized for performance, stability, etc.

**Deployment Stage (Web API):**

- The application is available to users
- Placed in a remote machine with a server program that provides good performance, stability, etc.
- Users can access the application efficiently and without interruptions or problems."
CTX_029_MUT_06,"According to the documentation, what are the main differences in environmental behavior between the 'development' and 'deployment' (web API) stages?",Abstain
CTX_029_MUT_07,"According to the documentation, what are the main differences in environmental behavior between the 'development' and 'deployment' (web API) stages?",Abstain
CTX_029_MUT_08,"According to the documentation, what are the main differences in environmental behavior between the 'development' and 'deployment' (web API) stages?","According to the provided documentation, the main differences in environmental behavior between the 'development' and 'deployment' stages are:

1. **Code stability and changes**: In the development stage, the code is constantly changing, breaking, and being fixed. In contrast, the deployment stage involves putting a stable version of the application in a local machine with a server program to provide good performance, stability, and availability to users.

2. **Server behavior**: In development, a developer might be stopping and restarting the development server frequently. In deployment, the server program is designed to provide continuous and efficient access to the application without interruptions.

3. **User interaction**: In development, users might be manually testing the application, while in deployment, the application is available to a larger audience of users who can access it efficiently and without problems.

These differences reflect the transition from a testing and refinement environment to a production-ready environment where the application is accessible to a broader audience."
CTX_029_MUT_09,"According to the documentation, what are the main differences in environmental behavior between the 'development' and 'deployment' (web API) stages?",Abstain
CTX_029_MUT_10,"According to the documentation, what are the main differences in environmental behavior between the 'development' and 'deployment' (web API) stages?",Abstain
CTX_029_MUT_11,"According to the documentation, what are the main differences in environmental behavior between the 'development' and 'deployment' (web API) stages?",Abstain
CTX_029_MUT_12,"According to the documentation, what are the main differences in environmental behavior between the 'development' and 'deployment' (web API) stages?",Abstain
CTX_029_MUT_13,"According to the documentation, what are the main differences in environmental behavior between the 'development' and 'deployment' (web API) stages?","According to the documentation, the main differences in environmental behavior between the 'development' and 'deployment' (web API) stages are:

1. **Code changes**: In the development stage, the code is rarely changed, broken, and fixed. In contrast, deployment involves making the application available to users, implying that the code is stable and ready for use.
2. **Server program**: In development, a development server is likely used, whereas in deployment, a remote machine with a server program that provides good performance, stability, etc., is used.
3. **Interruptions and problems**: In development, the application is often stopped and restarted, and users may experience interruptions or problems. In deployment, the application is expected to run efficiently and without interruptions or problems."
CTX_030_MUT_01,"According to the contribution guide, how do you formally start a project to translate the FastAPI documentation into a completely new language?",Abstain
CTX_030_MUT_02,"According to the contribution guide, how do you formally start a project to translate the FastAPI documentation into a completely new language?",Abstain
CTX_030_MUT_03,"According to the contribution guide, how do you formally start a project to translate the FastAPI documentation into a completely new language?",Abstain
CTX_030_MUT_04,"According to the contribution guide, how do you formally start a project to translate the FastAPI documentation into a completely new language?","According to the contribution guide, to formally start a project to translate the FastAPI documentation into a completely new language, you should:

1. Find other 2 people who are willing to help review translation PRs for that language with you.
2. Create a new discussion following the template.
3. Tag the other 2 people who will help with the language, and ask them to confirm that they will help.

You mentioned Latin as an example of a language not yet translated. To start the process, you would need to:

* Create a new discussion (likely in the FastAPI GitHub repository or Discord community) with a title that includes the language you want to translate into (e.g., ""Request for Latin translation"").
* In the discussion, ask for volunteers to help review translation PRs with you.
* Tag the other 2 people who have agreed to help with the Latin translation, and ask them to confirm their participation.
* Once there are several people in the discussion, the FastAPI team can evaluate it and make the language an official translation."
CTX_030_MUT_05,"According to the contribution guide, how do you formally start a project to translate the FastAPI documentation into a completely new language?","According to the contribution guide (Context 0), to formally start a project to translate the FastAPI documentation into a completely new language, you need to follow these steps:

1. Find at least one other person who is willing to review translation PRs for the new language with you.
2. Once there are at least 3 people willing to commit to helping maintain the new language, you can continue to the next steps.
3. Create a new discussion following the template.
4. Tag the other 2 people who will help with the language, and ask them to confirm that they will help.

After this, the FastAPI team can evaluate the discussion and make it an official translation. Then, the docs will be automatically translated using LLMs, and the team of native speakers can review the translation and help tweak the LLM prompts."
CTX_030_MUT_06,"According to the contribution guide, how do you formally start a project to translate the FastAPI documentation into a completely new language?","According to the contribution guide, to formally start a project to translate the FastAPI documentation into a completely new language, you should:

1. Find other 2 people that would be willing to be reviewing translation PRs for that language with you.
2. Once there are at least 2 people that would be willing to commit to help maintain that language, create a new discussion following the template.
3. Tag the other 2 people that will help with the language, and ask them to confirm they will help.

This process will allow the FastAPI team to evaluate it and possibly make it an official translation."
CTX_030_MUT_07,"According to the contribution guide, how do you formally start a project to translate the FastAPI documentation into a completely new language?","According to the contribution guide, to formally start a project to translate the FastAPI documentation into a completely new language, you need to follow these steps:

1. Find at least one other person who is willing to help you maintain the new language.
2. Once you have at least two people who are willing to commit to help maintain the new language, create a new discussion following the template.
3. Tag the other person who will help with the language, and ask them to confirm if they will help.

By doing so, you can initiate the process for the FastAPI team to evaluate and potentially make the new language an official translation."
CTX_030_MUT_08,"According to the contribution guide, how do you formally start a project to translate the FastAPI documentation into a completely new language?","According to the provided context, to formally start a project to translate the FastAPI documentation into a completely new language, you should follow these steps:

1. Find two people willing to help review translation PRs with you.
2. Once you have at least two people willing to commit to help maintain the language, you can proceed with the next steps.
3. Create a new discussion following the template.
4. Tag the other two people who will help with the language, and ask them to confirm that they will help.

Then, the FastAPI team can evaluate the discussion and make it an official translation."
CTX_030_MUT_09,"According to the contribution guide, how do you formally start a project to translate the FastAPI documentation into a completely new language?","According to the contribution guide, to formally start a project to translate the FastAPI documentation into a completely new language, follow these steps:

1. Find other 2 people that would be willing to be reviewing translation PRs for that language with you.
2. Once there are at least 2 people that would be willing to commit to help maintain that language, you can continue to the next steps.
3. Create a new discussion following the template.
4. Tag the other 2 people that will help with the language, and ask them to confirm they will help.
5. Once there are several people in the discussion, the FastAPI team can evaluate it and can make it an official translation.
6. Then the docs will be automatically translated using LLMs, and the team of native speakers can review the translation, and help tweak the LLM prompts.

Note that the guide specifically mentions requesting translations for a language that is not yet translated, not even some pages. The example given is Latin."
CTX_030_MUT_10,"According to the contribution guide, how do you formally start a project to translate the FastAPI documentation into a completely new language?","According to the contribution guide, to formally start a project to translate the FastAPI documentation into a completely new language, you should:

1. Find at least two other people willing to help you review translation PRs for that language.
2. Once you have at least two people committed to help maintain the language, you can proceed with the next steps.
3. Create a new discussion following the template.
4. Tag the other two people who will help with the language, and ask them to confirm they are willing to help.

Once there are several people in the discussion, the FastAPI team can evaluate it and make it an official translation. Then, the docs will be automatically translated using LLMs, and the team of native speakers can review the translation and help tweak the LLM prompts."
CTX_030_MUT_11,"According to the contribution guide, how do you formally start a project to translate the FastAPI documentation into a completely new language?",Abstain
CTX_030_MUT_12,"According to the contribution guide, how do you formally start a project to translate the FastAPI documentation into a completely new language?","According to the contribution guide, to formally start a project to translate the FastAPI documentation into a completely new language, you should:

1. Find two other people who are willing to help review translation pull requests (PRs) for that language.
2. Once there are at least two people committed to helping maintain that language, create a new discussion following the template.
3. Tag the other two people who will help with the language in the discussion, and ask them to confirm their willingness to help.
4. The discussion will then be evaluated by the FastAPI team, and if approved, it can become an official translation.
5. Once official, the documentation will be automatically translated using LLMs, and the team of native speakers can review the translation and help tweak the LLM prompts.

This process ensures that the translation effort is well-organized and maintained by a team of people who are committed to its success."
CTX_030_MUT_13,"According to the contribution guide, how do you formally start a project to translate the FastAPI documentation into a completely new language?",Abstain
CTX_031_MUT_01,"How to load a heavy machine learning model into memory before the server starts accepting requests, but not load it during simple automated unit testing?",Abstain
CTX_031_MUT_02,"How to load a heavy machine learning model into memory before the server starts accepting requests, but not load it during simple automated unit testing?","You can achieve this by utilizing conditional imports or a separate initialization script that loads the model only when the server is starting up. Here are a few approaches:

**1. Conditional Import**

Create a separate file for your model initialization, e.g., `model_loader.py`. In this file, load the model and cache it in memory:
```python
# model_loader.py
import your_model_module_here as model

def load_model():
    return model.load_model()
```
For your server startup script, import the `load_model` function conditionally:
```python
# server_startup.py
import model_loader

if __name__ == ""__main__"":  # Server startup script
    model = model_loader.load_model()
    # Rest of your server startup code
else:  # Unit testing
    pass  # Don't load the model during unit testing
```
In your unit tests, you can simply run the `server_startup.py` script without loading the model.

**2. Separate Initialization Script**

Create a separate script, e.g., `init.py`, that loads the model and starts the server:
```python
# init.py
import your_model_module_here as model

def start_server():
    model = model.load_model()
    # Rest of your server startup code
    import your_server_module_here as server
    server.start()
```
Run this script to start the server, which will load the model. For unit testing, run the server module directly without running the `init.py` script.

**3. Environment Variable**

Use an environment variable to control whether to load the model or not:
```python
# server_startup.py
import os
import your_model_module_here as model

if os.environ.get(""LOAD_MODEL"") == ""true"":
    model = model.load_model()
    # Rest of your server startup code
```
Set the `LOAD_MODEL` environment variable to `true` when starting the server, and to `false` when running unit tests.

Choose the approach that best fits your project structure and requirements."
CTX_031_MUT_03,"How to load a heavy machine learning model into memory before the server starts accepting requests, but not load it during simple automated unit testing?",Abstain
CTX_031_MUT_04,"How to load a heavy machine learning model into memory before the server starts accepting requests, but not load it during simple automated unit testing?","There are several strategies to load a heavy machine learning model into memory before the server starts accepting requests, while avoiding loading it during simple automated unit testing. Here are a few approaches:

### 1. **Lazy Loading** with a separate thread

You can use a separate thread to load the model in the background. This way, it won't block the main thread that handles requests. When the model is loaded, you can notify the main thread to start accepting requests.

**Example (Python):**
```python
import threading
import time

class ModelLoader:
    def __init__(self):
        self.model = None
        self.lock = threading.Lock()

    def load_model(self):
        # Simulate model loading
        time.sleep(5)
        with self.lock:
            self.model = ""Loaded Model""

    def get_model(self):
        return self.model

# Create an instance of the model loader
model_loader = ModelLoader()

# Create a separate thread to load the model
thread = threading.Thread(target=model_loader.load_model)
thread.start()

# Wait for the model to be loaded
while model_loader.get_model() is None:
    time.sleep(0.1)

# Start accepting requests
app = Flask(__name__)
# ...
```
### 2. **Lazy Loading** with an async function

If you're using an async framework, you can use an async function to load the model in the background. This way, it won't block the event loop that handles requests.

**Example (Python with asyncio):**
```python
import asyncio

class ModelLoader:
    def __init__(self):
        self.model = None

    async def load_model(self):
        # Simulate model loading
        await asyncio.sleep(5)
        self.model = ""Loaded Model""

    async def get_model(self):
        return self.model

# Create an instance of the model loader
model_loader = ModelLoader()

# Load the model in the background
async def load_model_task():
    await model_loader.load_model()

# Start the task
loop = asyncio.get_event_loop()
loop.create_task(load_model_task())

# Wait for the model to be loaded
while model_loader.get_model() is None:
    await asyncio.sleep(0.1)

# Start accepting requests
app = Flask(__name__)
# ...
```
### 3. **Model loading during application initialization**

You can load the model during the application initialization process. This way, it will be loaded before the server starts accepting requests.

**Example (Python with Flask):**
```python
app = Flask(__name__)

# Load the model during application initialization
@app.before_request
def load_model():
    # Simulate model loading
    time.sleep(5)
    model = ""Loaded Model""
    # Store the model in a global variable or a database
    # ...

# Start accepting requests
```
However, this approach may not be suitable for simple automated unit testing, as the `before_request` function will be called before each test.

### 4. **Model loading during a separate process**

You can load the model in a separate process, and then communicate with the main process using inter-process communication (IPC) mechanisms.

**Example (Python with multiprocessing):**
```python
import multiprocessing

class ModelLoader:
    def __init__(self):
        self.model = None

    def load_model(self):
        # Simulate model loading
        time.sleep(5)
        self.model = ""Loaded Model""

    def get_model(self):
        return self.model

# Create an instance of the model loader
model_loader = ModelLoader()

# Create a separate process to load the model
if __name__ == ""__main__"":
    process = multiprocessing.Process(target=model_loader.load_model)
    process.start()

    # Wait for the model to be loaded
    while model_loader.get_model() is None:
        time.sleep(0.1)

    # Start accepting requests
    app = Flask(__name__)
    # ...
```
Note that this approach requires careful synchronization between the main process and the subprocess to avoid data corruption or race conditions.

### 5. **Model loading during a separate thread with a queue**

You can load the model in a separate thread, and then use a queue to communicate with the main thread.

**Example (Python):**
```python
import threading
import queue

class ModelLoader:
    def __init__(self):
        self.model = None
        self.queue = queue.Queue()

    def load_model(self):
        # Simulate model loading
        time.sleep(5)
        self.model = ""Loaded Model""
        self.queue.put(self.model)

    def get_model(self):
        return self.queue.get()

# Create an instance of the model loader
model_loader = ModelLoader()

# Create a separate thread to load the model
thread = threading.Thread(target=model_loader.load_model)
thread.start()

# Wait for the model to be loaded
while model_loader.get_model() is None:
    time.sleep(0.1)

# Start accepting requests
app = Flask(__name__)
# ...
```
These are just a few examples of how you can load a heavy machine learning model into memory before the server starts accepting requests, while avoiding loading it during simple automated unit testing. The best approach depends on your specific use case and requirements."
CTX_031_MUT_05,"How to load a heavy machine learning model into memory before the server starts accepting requests, but not load it during simple automated unit testing?",Abstain
CTX_031_MUT_06,"How to load a heavy machine learning model into memory before the server starts accepting requests, but not load it during simple automated unit testing?",Abstain
CTX_031_MUT_07,"How to load a heavy machine learning model into memory before the server starts accepting requests, but not load it during simple automated unit testing?",Abstain
CTX_031_MUT_08,"How to load a heavy machine learning model into memory before the server starts accepting requests, but not load it during simple automated unit testing?","To load a heavy machine learning model into memory before the server starts accepting requests, but not load it during simple automated unit testing, you can use a technique called lazy loading or delayed initialization. Here are a few approaches:

**1. Using a separate initialization process**

You can create a separate process or thread that loads the model before the server starts. This process can be run before the server is launched, and it can load the model into memory. Once the model is loaded, the server can start accepting requests.

**Example using Python and the `multiprocessing` module:**
```python
import multiprocessing

def load_model():
    # Load the model here
    pass

if __name__ == ""__main__"":
    # Run the server
    server_process = multiprocessing.Process(target=load_model)
    server_process.start()
    server_process.join()  # Wait for the model to be loaded

    # Start the server
    import my_server  # Import the server module
    my_server.run()
```
**2. Using a initialization hook**

You can use a hook mechanism to load the model before the server starts. This hook can be run when the server is initialized, but not when unit tests are run.

**Example using Python and the `unittest` module:**
```python
import unittest
import my_server

class MyServer(unittest.TestCase):
    @classmethod
    def setUpClass(cls):
        # Load the model here
        pass

    def test_something(self):
        # Test something
        pass

if __name__ == ""__main__"":
    unittest.main(argv=['first-arg-is-ignored'], exit=False)

    # Start the server
    my_server.run()
```
**3. Using a configuration file**

You can store the configuration of the server, including whether to load the model or not, in a separate file. When the server is launched, it can read this configuration file and load the model if necessary.

**Example using Python and the `configparser` module:**
```python
import configparser

# Read the configuration file
config = configparser.ConfigParser()
config.read('server_config.ini')

if config.getboolean('server', 'load_model'):
    # Load the model here
    pass

# Start the server
my_server.run()
```
**4. Using a context manager**

You can use a context manager to load the model when the server is initialized, but not when unit tests are run.

**Example using Python and the `contextlib` module:**
```python
import contextlib

@contextlib.contextmanager
def load_model():
    # Load the model here
    yield
    # Clean up after loading the model

with load_model():
    # Start the server
    my_server.run()
```
These are just a few examples of how you can load a heavy machine learning model into memory before the server starts, but not load it during simple automated unit testing. The best approach will depend on your specific use case and requirements."
CTX_031_MUT_09,"How to load a heavy machine learning model into memory before the server starts accepting requests, but not load it during simple automated unit testing?",Abstain
CTX_031_MUT_10,"How to load a heavy machine learning model into memory before the server starts accepting requests, but not load it during simple automated unit testing?",Abstain
CTX_031_MUT_11,"How to load a heavy machine learning model into memory before the server starts accepting requests, but not load it during simple automated unit testing?","There are several ways to solve this problem. Here are a few approaches:

**1. Use a separate process for loading the model**

You can use a separate process or thread to load the model before the server starts accepting requests. This way, the main process can start accepting requests before the model is loaded.

In Python, you can use the `multiprocessing` module to create a separate process that loads the model. Here's an example:

```python
import multiprocessing

def load_model():
    # Load the model here
    # This function will run in a separate process
    pass

if __name__ == '__main__':
    # Create a separate process to load the model
    p = multiprocessing.Process(target=load_model)
    p.start()

    # Start the server
    from your_server_module import run_server
    run_server()
```

**2. Use a lazy loading mechanism**

You can use a lazy loading mechanism that loads the model only when it's actually needed. This way, the model won't be loaded during automated testing, but it will be loaded before the server starts accepting requests.

In Python, you can use the `functools` module to create a lazy loading function:

```python
import functools

@functools.lru_cache(maxsize=None)
def load_model():
    # Load the model here
    pass

# Load the model when the server starts
def run_server():
    load_model()
    # Start the server here
    pass
```

**3. Use a separate module for loading the model**

You can create a separate module that loads the model and then imports this module in your server module. This way, the model will be loaded when the server module is imported, but not during automated testing.

```python
# models.py
import your_model

def load_model():
    your_model.load()
```

```python
# server.py
import models

# Load the model when the server starts
models.load_model()
# Start the server here
```

**4. Use a configuration file**

You can use a configuration file to specify whether the model should be loaded or not. This way, you can control whether the model is loaded during automated testing or not.

```python
# config.py
import your_model

def load_model(load=False):
    if load:
        your_model.load()
```

```python
# server.py
import config

# Load the model when the server starts
config.load_model(load=True)
# Start the server here
```

**5. Use a decorator**

You can create a decorator that loads the model before the server starts. This way, you can control whether the model is loaded during automated testing or not.

```python
import functools

def load_model_before_run(func):
    @functools.wraps(func)
    def wrapper(*args, **kwargs):
        load_model()
        return func(*args, **kwargs)
    return wrapper

# Load the model before the server starts
@load_model_before_run
def run_server():
    # Start the server here
    pass
```

These are just a few examples of how you can load a heavy machine learning model into memory before the server starts accepting requests, but not load it during simple automated unit testing."
CTX_031_MUT_12,"How to load a heavy machine learning model into memory before the server starts accepting requests, but not load it during simple automated unit testing?","## Solution Overview

To load a heavy machine learning model into memory before the server starts accepting requests, but avoid loading it during simple automated unit testing, you can use a technique called ""lazy loading"" or ""on-demand loading."" Here's a step-by-step guide to achieve this:

### 1. Separate Model Loading from the Server Code

Create a separate module or file responsible for loading the machine learning model. This module will be responsible for loading the model into memory.

```python
# model_loader.py
import ml_model

def load_model():
    # Load the machine learning model from disk or database
    ml_model.load_model()
```

### 2. Use a Decorator or a Context Manager for Lazy Loading

Create a decorator or a context manager that checks if the model is already loaded before attempting to load it again. This way, the model will only be loaded once, and subsequent calls will return the already loaded model.

```python
# model_loader.py (continued)
import functools

def lazy_load_model(func):
    @functools.wraps(func)
    def wrapper(*args, **kwargs):
        if not hasattr(lazy_load_model, 'model_loaded'):
            lazy_load_model.load_model()
            lazy_load_model.model_loaded = True
        return func(*args, **kwargs)
    return wrapper
```

### 3. Use a Config File or Environment Variable to Enable/Disable Model Loading

Create a configuration file or use an environment variable to enable or disable model loading. This will allow you to bypass model loading during unit testing.

```python
# config.py
LOAD_MODEL = True
```

### 4. Load the Model Based on the Configuration

Modify the `load_model` function to load the model only when `LOAD_MODEL` is `True`.

```python
# model_loader.py (continued)
import config

def load_model():
    if config.LOAD_MODEL:
        # Load the machine learning model from disk or database
        ml_model.load_model()
```

### 5. Use the Decorator or Context Manager in the Server Code

Apply the decorator or use the context manager in the server code to load the model before accepting requests.

```python
# server.py
import model_loader

@app.before_first_request
def load_model():
    model_loader.lazy_load_model()
```

### 6. Disable Model Loading during Unit Testing

Modify the unit test configuration to set `LOAD_MODEL` to `False` or use a mocking library to bypass model loading.

```python
# tests/test_server.py
import unittest
from unittest.mock import patch
from config import LOAD_MODEL

class TestServer(unittest.TestCase):
    def setUp(self):
        global LOAD_MODEL
        LOAD_MODEL = False

    def test_server(self):
        # Test the server without loading the model
        pass
```

By following these steps, you can load the heavy machine learning model into memory before the server starts accepting requests, while avoiding loading it during simple automated unit testing.

Remember to adjust the code according to your specific use case and requirements."
CTX_031_MUT_13,"How to load a heavy machine learning model into memory before the server starts accepting requests, but not load it during simple automated unit testing?","To load a heavy machine learning model into memory before the server starts accepting requests, but not load it during simple automated unit testing, you can use the following strategies:

### 1. **Lazy Loading with a Flag**

You can use a flag to determine whether the model should be loaded. When the application starts, the flag is set to `True` and the model is loaded. During unit testing, the flag is set to `False` and the model is not loaded.

```python
import threading

model_loaded = False
model = None

def load_model():
    global model_loaded, model
    # Load the model here
    model = ...  # Load the model from disk
    model_loaded = True

def handle_request():
    if not model_loaded:
        raise Exception(""Model not loaded"")
    # Use the model here

# In the main thread, load the model after the server starts accepting requests
def start_server():
    # Server starts accepting requests
    load_model()
    # Now the model is loaded and handle_request can use it

# During unit testing, set the flag to False
def unit_test():
    global model_loaded
    model_loaded = False
    # Now the model is not loaded and handle_request will raise an exception
```

### 2. **Using a Special ""Test"" Environment Variable**

You can set an environment variable `TEST_MODE` to `True` during unit testing and check for it in your code to decide whether to load the model.

```python
import os

def load_model():
    if os.environ.get(""TEST_MODE"") == ""True"":
        return  # Don't load the model during unit testing
    # Load the model here
    model = ...  # Load the model from disk
    return model

def handle_request():
    model = load_model()
    # Use the model here
```

### 3. **Using a Threaded Approach**

You can start a separate thread to load the model after the server starts accepting requests. During unit testing, you can simply not start the thread.

```python
import threading

def load_model():
    # Load the model here
    model = ...  # Load the model from disk
    return model

def start_server():
    # Server starts accepting requests
    load_thread = threading.Thread(target=load_model)
    load_thread.start()
    # Now the model is loaded in a separate thread and handle_request can use it

def unit_test():
    # Don't start the thread during unit testing
```

### 4. **Using a Context Manager**

You can create a context manager to manage the loading of the model. During unit testing, you can simply not use the context manager.

```python
import contextlib

class ModelContext:
    def __enter__(self):
        # Load the model here
        self.model = ...  # Load the model from disk
    def __exit__(self, exc_type, exc_val, exc_tb):
        pass

def handle_request():
    with ModelContext() as model_context:
        # Use the model here
```

### 5. **Using a Pre-Start Hook**

Some frameworks, such as Flask or Django, provide a way to run a pre-start hook that can be used to load the model.

```python
from flask import Flask

app = Flask(__name__)

@app.before_first_request
def load_model():
    # Load the model here
    model = ...  # Load the model from disk
```

These are some common strategies to load a heavy machine learning model into memory before the server starts accepting requests, but not load it during simple automated unit testing. The best approach will depend on your specific use case and requirements."
CTX_032_MUT_01,List some popular software that can act as a TLS Termination Proxy to handle HTTPS certificates before forwarding HTTP requests to FastAPI?,"Some popular software that can act as a TLS Termination Proxy to handle HTTPS certificates before forwarding HTTP requests to FastAPI include:

1. **NGINX**: A widely used open-source web server that can act as a reverse proxy and load balancer. It supports SSL/TLS termination and can forward requests to FastAPI.

2. **Apache HTTP Server**: Another popular open-source web server that can act as a reverse proxy and load balancer. It supports SSL/TLS termination and can forward requests to FastAPI.

3. **HAProxy**: A widely used open-source load balancer that can act as a reverse proxy and SSL/TLS termination proxy. It can forward requests to FastAPI.

4. **Traefik**: A modern open-source load balancer that can act as a reverse proxy and SSL/TLS termination proxy. It supports automatic SSL/TLS certificate management and can forward requests to FastAPI.

5. **Caddy**: A modern open-source web server that can act as a reverse proxy and SSL/TLS termination proxy. It supports automatic SSL/TLS certificate management and can forward requests to FastAPI.

6. **Gunicorn**: A WSGI HTTP Server for Python that can act as a reverse proxy and SSL/TLS termination proxy. It can forward requests to FastAPI.

7. **uWSGI**: A WSGI HTTP Server for Python that can act as a reverse proxy and SSL/TLS termination proxy. It can forward requests to FastAPI.

8. **Helm Ingress Controller**: A Kubernetes Ingress Controller that can act as a reverse proxy and SSL/TLS termination proxy. It can forward requests to FastAPI.

9. **Istio**: A service mesh that can act as a reverse proxy and SSL/TLS termination proxy. It can forward requests to FastAPI.

10. **AWS Elastic Load Balancer (ELB)**: A cloud-based load balancer that can act as a reverse proxy and SSL/TLS termination proxy. It can forward requests to FastAPI.

Note that some of these options may require additional configuration and setup to work with FastAPI. The choice of TLS termination proxy will depend on your specific needs and requirements."
CTX_032_MUT_02,List some popular software that can act as a TLS Termination Proxy to handle HTTPS certificates before forwarding HTTP requests to FastAPI?,"Based on the provided context, here are some popular software that can act as a TLS Termination Proxy:

1. **Traefik**: A modern reverse proxy and load balancer that can handle HTTPS certificates and forward HTTP requests to FastAPI.
2. **Caddy**: A lightweight, open-source web server that can handle HTTPS certificates and forward HTTP requests to FastAPI.
3. **Nginx**: A popular, open-source web server that can act as a reverse proxy and handle HTTPS certificates before forwarding HTTP requests to FastAPI.
4. **HAProxy**: A popular, open-source load balancer that can handle HTTPS certificates and forward HTTP requests to FastAPI.

These software options can help handle the HTTPS certificate management and encryption, allowing your FastAPI application to focus on handling HTTP requests."
CTX_032_MUT_03,List some popular software that can act as a TLS Termination Proxy to handle HTTPS certificates before forwarding HTTP requests to FastAPI?,"Based on the provided context, here are some popular software that can act as a TLS Termination Proxy:

1. **Traefik**: A modern reverse proxy and load balancer that can handle certificate renewals.
2. **Caddy**: A fast, lightweight, open-source web server that can also handle certificate renewals.
3. **Nginx**: A popular, high-performance web server that can act as a reverse proxy and handle HTTPS certificates.
4. **HAProxy**: A high-performance, open-source load balancer and reverse proxy that can handle HTTPS certificates.

These software solutions can handle HTTPS certificates, terminate the TLS connection, and forward the HTTP requests to the FastAPI application running on the same server."
CTX_032_MUT_04,List some popular software that can act as a TLS Termination Proxy to handle HTTPS certificates before forwarding HTTP requests to FastAPI?,Abstain
CTX_032_MUT_05,List some popular software that can act as a TLS Termination Proxy to handle HTTPS certificates before forwarding HTTP requests to FastAPI?,Abstain
CTX_032_MUT_06,List some popular software that can act as a TLS Termination Proxy to handle HTTPS certificates before forwarding HTTP requests to FastAPI?,Abstain
CTX_032_MUT_07,List some popular software that can act as a TLS Termination Proxy to handle HTTPS certificates before forwarding HTTP requests to FastAPI?,Abstain
CTX_032_MUT_08,List some popular software that can act as a TLS Termination Proxy to handle HTTPS certificates before forwarding HTTP requests to FastAPI?,"Here are some popular software that can act as a TLS Termination Proxy to handle HTTPS certificates before forwarding HTTP requests to FastAPI:

1. **NGINX**: A popular and widely-used web server that can act as a reverse proxy, handling HTTPS certificates and forwarding requests to FastAPI.
2. **Apache HTTP Server**: A widely-used web server that can act as a reverse proxy, handling HTTPS certificates and forwarding requests to FastAPI.
3. **HAProxy**: A high-performance load balancer that can act as a reverse proxy, handling HTTPS certificates and forwarding requests to FastAPI.
4. **Traefik**: A modern reverse proxy and load balancer that can handle HTTPS certificates and forward requests to FastAPI.
5. **Caddy**: A lightweight, open-source web server that can act as a reverse proxy, handling HTTPS certificates and forwarding requests to FastAPI.
6. **Envoy Proxy**: A high-performance service proxy that can act as a reverse proxy, handling HTTPS certificates and forwarding requests to FastAPI.
7. **Google Load Balancer**: A managed load balancer service that can handle HTTPS certificates and forward requests to FastAPI.
8. **AWS Elastic Load Balancer (ELB)**: A managed load balancer service that can handle HTTPS certificates and forward requests to FastAPI.
9. **IIS (Internet Information Services)**: A web server software that can act as a reverse proxy, handling HTTPS certificates and forwarding requests to FastAPI.
10. **Varnish Cache**: A caching proxy server that can act as a reverse proxy, handling HTTPS certificates and forwarding requests to FastAPI.

Note that this is not an exhaustive list, and there are many other software options available that can act as a TLS termination proxy. The choice of software will depend on your specific use case and requirements."
CTX_032_MUT_09,List some popular software that can act as a TLS Termination Proxy to handle HTTPS certificates before forwarding HTTP requests to FastAPI?,Abstain
CTX_032_MUT_10,List some popular software that can act as a TLS Termination Proxy to handle HTTPS certificates before forwarding HTTP requests to FastAPI?,Abstain
CTX_032_MUT_11,List some popular software that can act as a TLS Termination Proxy to handle HTTPS certificates before forwarding HTTP requests to FastAPI?,"Based on the provided context, here are some popular software that can act as a TLS Termination Proxy to handle HTTPS certificates before forwarding HTTP requests to FastAPI:

1. **Traefik**: A modern reverse proxy and load balancer that can handle HTTPS certificates, including automatic certificate renewal.
2. **Caddy**: A lightweight, open-source web server that can act as a TLS Termination Proxy, handle HTTPS certificates, and forward requests to FastAPI.
3. **Nginx**: A popular web server that can act as a TLS Termination Proxy, handle HTTPS certificates, and forward requests to FastAPI.
4. **HAProxy**: A high-performance load balancer that can act as a TLS Termination Proxy, handle HTTPS certificates, and forward requests to FastAPI.

These software solutions can handle the complexities of HTTPS certificates, including obtaining, renewing, and managing certificates for multiple domains or applications on a single server. They can also decrypt the HTTPS requests, forward the HTTP requests to the FastAPI application, and then encrypt the HTTP responses before sending them back to the client using HTTPS."
CTX_032_MUT_12,List some popular software that can act as a TLS Termination Proxy to handle HTTPS certificates before forwarding HTTP requests to FastAPI?,Abstain
CTX_032_MUT_13,List some popular software that can act as a TLS Termination Proxy to handle HTTPS certificates before forwarding HTTP requests to FastAPI?,Abstain
