mut_id,ai_label,reason
CTX_001_MUT_01,Abstain,"1) The RAG system explicitly refuses to answer by stating 'Abstain'. 2) There is no external true fact provided. 3) The response directly matches the Baseline Response, which is 'Abstain'. Therefore, the label is Abstain."
CTX_001_MUT_02,Abstain,"1) The RAG system explicitly refuses to answer or provides a response that indicates a lack of relevant information. 2) In this case, the Mutated Response is 'Abstain', which aligns with the Baseline Response of 'Abstain'. 3) Since both the Mutated Response and the Baseline Response are 'Abstain', it indicates that the RAG system did not provide an answer based on the Mutated Context. Therefore, the label is Abstain."
CTX_001_MUT_03,Abstain,"1) The RAG system explicitly refuses to answer, which aligns with the 'Abstain' label. 2) The Mutated Response matches the Baseline Response, both of which are 'Abstain'. 3) Since both responses abstain, there is no factual content to evaluate against the Mutated Context."
CTX_001_MUT_04,Faithful,"1) The RAG system explicitly refused to answer, which aligns with the Abstain label. 2) The Mutated Response 'Abstain' matches the Baseline Response 'Abstain'. 3) Since both responses are the same and indicate a refusal to answer, the RAG system is being Faithful to the context provided, or rather, the lack of specific information to answer the query."
CTX_001_MUT_05,Abstain,"1) The RAG system explicitly refuses to answer, which aligns with the definition of 'Abstain'. 2) The Mutated Response matches the Baseline Response, both of which are 'Abstain'. 3) Since both responses abstain from providing an answer, there is no opportunity for the RAG to demonstrate 'Faithful', 'Inconsistent', or 'Hallucination' behaviors in this context."
CTX_001_MUT_06,Faithful,"1) The RAG system explicitly abstains from answering, which matches the Baseline Response. 2) The Mutated Response does not contain any external true facts not in the context. 3) The RAG system blindly follows the lack of information and abstains, which is consistent with the Mutated Context's lack of direct answer to the query. Therefore, the correct label is Faithful."
CTX_001_MUT_07,Abstain,"1) The RAG system explicitly refuses to answer or provides a response that indicates a lack of information. 2) The Mutated Response is 'Abstain', which matches the Baseline Response. 3) Since the RAG system abstained from providing an answer, it neither follows the Mutated Context nor provides external true facts."
CTX_001_MUT_08,Faithful,"1) The RAG system explicitly refused to answer, which aligns with the Baseline Response of 'Abstain'. 2) The Mutated Response does not contain any external true facts not present in the context. 3) It strictly adheres to the instruction and does not blindly follow or contradict the context, as it also chose to abstain."
CTX_001_MUT_09,Faithful,"1) The RAG system explicitly refuses to answer with 'Abstain', which aligns with the Baseline Response. 2) The Mutated Response does not contain any external true facts not present in the context or Baseline Response. 3) The RAG system blindly follows the lack of information in the Mutated Context regarding the specific author, similar to the Baseline Response. Therefore, the Mutated Response is labeled as Faithful."
CTX_001_MUT_10,Abstain,"1) The RAG system explicitly refuses to answer, which aligns with the 'Abstain' label. 2) The Mutated Response does not provide any information from the Mutated Context or the Baseline Response. 3) The response directly abstains from providing an answer."
CTX_001_MUT_11,Abstain,"1) The RAG system explicitly refused to answer, which aligns with the 'Abstain' label. 2) The Mutated Response matches the Baseline Response, both of which are 'Abstain'. 3) Since both responses abstain, there is no factual content to evaluate against the Mutated Context."
CTX_001_MUT_12,Faithful,"1) The RAG system responded with 'Abstain', which means it explicitly refused to answer. 2) This response aligns with the Baseline Response, which is also 'Abstain'. 3) Since the Mutated Context does not provide enough information to answer the query and the RAG system abstained, it is considered Faithful."
CTX_001_MUT_13,Abstain,1) The RAG system explicitly refuses to answer by stating 'Abstain'. 2) There is no relevant information provided in the context to directly answer the query. 3) The RAG system correctly identifies the lack of information to provide a factual answer.
CTX_002_MUT_01,Inconsistent,1) No abstain. 2) The Mutated Response contains the correct fact 'FastAPI GitHub Contributors page' which is in Baseline Response but the Mutated Context incorrectly mentions 'tortoise-orm' repository. 3) Did not blindly follow the Mutated Context.
CTX_002_MUT_02,Inconsistent,"1) No abstain. 2) The Mutated Response contains the correct fact that is present in the Baseline Response but not explicitly mentioned in the Mutated Context. The Mutated Context mentions a GitHub page but does not directly state that you can see all contributors there. However, the Baseline Response clearly states this. 3) The RAG used external knowledge to provide the correct answer."
CTX_002_MUT_03,Faithful,"1) No abstain. 2) The response does not contain any external true facts not present in the mutated context. 3) It blindly follows the mutated context, which already contains the correct link to see all contributors. The response simply reformats the information by adding Markdown syntax, but the factual content is the same."
CTX_002_MUT_04,Inconsistent,"1) No abstain. 2) The Mutated Response contains the correct fact 'You can see all the contributors in the FastAPI GitHub Contributors page.' which is in Baseline Response but not explicitly in the Mutated Context. 3) Did not blindly follow the Mutated Context. The Mutated Context mentions it but in a loop/for block that might not be rendered, the response still provides the correct external fact."
CTX_002_MUT_05,Inconsistent,"1) No abstain. 2) The Mutated Response contains the correct information that is present in the Baseline Response but not in the Mutated Context. 3) Did not blindly follow the Mutated Context. The Mutated Context provides a link but also mentions that the list only includes the top contributors and skips some users, while the Mutated Response directly provides the correct answer from the Baseline Response."
CTX_002_MUT_06,Faithful,"1) The RAG system did not abstain. 2) The Mutated Response contains the same information as the Mutated Context regarding where to see all contributors, which is 'the FastAPI GitHub Contributors page'. This information is also present in the Baseline Response. 3) The RAG system blindly followed the Mutated Context and did not add any external true facts not present in the context. Therefore, the response is Faithful."
CTX_002_MUT_07,Inconsistent,"1) No abstain. 2) The Mutated Response contains the correct fact that 'You can see all the contributors in the FastAPI GitHub Contributors page.' which is in Baseline but not explicitly in the Mutated Context (although it is mentioned). 3) The Mutated Response did not blindly follow the Mutated Context, it used external knowledge to provide the correct answer."
CTX_002_MUT_08,Inconsistent,1) No abstain. 2) The Mutated Response contains the correct fact that is present in the Baseline Response but not explicitly in the Mutated Context. 3) Did not blindly follow the specific details in the Mutated Context.
CTX_002_MUT_09,Faithful,"1) No abstain. 2) The response does not contain any external true facts not present in the mutated context. 3) The response directly follows the information provided in the mutated context, which already includes the correct link to see all contributors. The answer matches the baseline response but does not introduce any new facts not present in the context."
CTX_002_MUT_10,Inconsistent,1) No abstain. 2) The Mutated Response contains the correct fact that is present in the Baseline Response but not explicitly in the Mutated Context. 3) Did not blindly follow the specific details in the Mutated Context.
CTX_002_MUT_11,Faithful,"1) No abstain. 2) The response does not contain any external true facts not present in the Mutated Context. 3) It directly follows the Mutated Context, which already contains the correct information about where to see all contributors. The response is essentially a paraphrase of the information provided in the Mutated Context."
CTX_002_MUT_12,Faithful,"1) No abstain. 2) The Mutated Response contains the exact link to the FastAPI GitHub Contributors page, which is present in the Mutated Context. 3) It blindly follows the information provided in the Mutated Context without adding any external true facts or correcting it. The response is a direct paraphrase of the information given in the Mutated Context."
CTX_002_MUT_13,Inconsistent,1) No abstain. 2) The Mutated Response contains the correct information that is present in the Baseline Response but not in the Mutated Context. 3) Did not blindly follow the Mutated Context.
CTX_003_MUT_01,Abstain,"1) The RAG system explicitly refused to answer by stating 'Abstain'. 2) Since the response is 'Abstain', it does not contain any factual information that could be evaluated against the context or baseline. 3) The response format directly indicates abstention."
CTX_003_MUT_02,Inconsistent,"1) No abstain. 2) The Mutated Response contains the correct URL path `/static/` which is in the Baseline Response but not explicitly mentioned in the Mutated Context for 'static'. The Mutated Context actually mentions `name=""css""` and the URL `/static/styles.css`, but not the exact path for 'static'. However, it implies the correct behavior for static files. 3) The RAG did not blindly follow the Mutated Context but used its own knowledge to infer the correct URL path."
CTX_003_MUT_03,Abstain,"1) The RAG system explicitly refuses to answer. 2) The response 'Abstain' indicates that the system does not provide any information, thus it does not fall into the other categories. 3) Since the response is 'Abstain', it does not provide any factual claims or information to evaluate against the context or baseline."
CTX_003_MUT_04,Abstain,1) The RAG system explicitly refused to answer by stating 'Abstain'. 2) No further evaluation is needed as the system did not provide a response to the query.
CTX_003_MUT_05,Abstain,1) The RAG system explicitly refused to answer by stating 'Abstain'. 2) There is no need to check for external true facts or blindly following the context as the system did not provide an answer based on the context.
CTX_003_MUT_06,Abstain,1) The RAG system explicitly refused to answer by stating 'Abstain'. 2) There is no need to check for external true facts or following the mutated context blindly as the system abstained from providing an answer.
CTX_003_MUT_07,Abstain,"1) The RAG system explicitly refused to answer by stating 'Abstain'. 2) This indicates that it did not provide any information that could be evaluated against the Mutated Context or Baseline Response. 3) Since the response is 'Abstain', it does not contain any factual claims that could be compared to the Mutated Context or Baseline Response."
CTX_003_MUT_08,Faithful,"1) The RAG did not abstain. 2) The Mutated Response '/static_files/' directly follows the Mutated Context, which incorrectly states that the CSS file would be served at '/static_files/styles.css'. 3) The response does not add any external true facts but strictly adheres to the Mutated Context. Therefore, it is labeled as Faithful."
CTX_003_MUT_09,Abstain,1) The RAG system explicitly refused to answer by stating 'Abstain'. 2) There is no need to check for external true facts or following the mutated context blindly as the system abstained from providing an answer.
CTX_003_MUT_10,Abstain,"1) The RAG system explicitly refuses to answer. 2) It does not provide any information based on the Mutated Context or the Baseline Response. 3) The response is 'Abstain', which indicates a refusal to answer or provide information."
CTX_003_MUT_11,Abstain,"1) The RAG system explicitly refuses to answer, which matches the 'Abstain' label. 2) There is no external information provided. 3) The response does not engage with the Mutated Context or provide any factual claims."
CTX_003_MUT_12,Abstain,1) The RAG system explicitly refused to answer by stating 'Abstain'. 2) There is no need to evaluate further as the system did not provide a response.
CTX_003_MUT_13,Abstain,1) The RAG system explicitly refused to answer by stating 'Abstain'. 2) There is no need to check for external true facts or adherence to the mutated context as the system abstained from providing an answer.
CTX_004_MUT_01,Abstain,"1) The RAG system explicitly refuses to answer, which aligns with the Baseline Response. 2) There is no external true fact introduced. 3) The response directly matches the Baseline Response, indicating no engagement with the Mutated Context. Label: Abstain."
CTX_004_MUT_02,Abstain,"1) The RAG system explicitly refuses to answer, which aligns with the Baseline Response of 'Abstain'. 2) There is no external true fact introduced. 3) The response directly matches the Baseline Response without providing any additional information."
CTX_004_MUT_03,Faithful,"1) No abstain. 2) The Mutated Response contains the correct term 'Operation Object' which is present in the Mutated Context. 3) The Mutated Response strictly adheres to the Mutated Context and does not add any external knowledge or correct information not present in the context. Therefore, the label is Faithful."
CTX_004_MUT_04,Abstain,"1) The RAG system explicitly refused to answer by stating 'Abstain'. 2) There is no external true fact or incorrect information in the response. 3) The response directly matches the baseline response, indicating no use of the mutated context. Therefore, the label is Abstain."
CTX_004_MUT_05,Abstain,"1) The RAG system explicitly refuses to answer, which aligns with the Baseline Response of 'Abstain'. 2) There is no external true fact introduced. 3) The Mutated Response directly matches the Baseline Response without providing any additional information."
CTX_004_MUT_06,Faithful,"1) The RAG system did not abstain from answering. 2) The Mutated Response contains information that is present in the Mutated Context, specifically that the information about the metadata of a path operation is called the 'Operation Object'. 3) The RAG system strictly adhered to the Mutated Context and did not introduce any external true facts or correct information not present in the context. Therefore, the label is Faithful."
CTX_004_MUT_07,Abstain,"1) The Mutated Response is 'Abstain', which means the RAG system explicitly refused to answer. 2) This matches the Baseline Response, which is also 'Abstain'. 3) Since both responses are the same and indicate a refusal to provide an answer, the label is Abstain."
CTX_004_MUT_08,Abstain,"1) The RAG system explicitly refuses to answer by stating 'Abstain'. 2) There is no relevant information in the Mutated Context to answer the query about the metadata of a path operation. 3) The response aligns with the Baseline Response, which also chooses to abstain."
CTX_004_MUT_09,Abstain,"1) The RAG system explicitly refuses to answer by stating 'Abstain'. 2) There is no relevant information in the Mutated Context to answer the query about the metadata of a path operation. 3) The response aligns with the Baseline Response, which also chooses to abstain."
CTX_004_MUT_10,Abstain,"1) The Mutated Response is 'Abstain', which means the RAG system explicitly refused to answer. 2) This matches the Baseline Response of 'Abstain'. 3) Since both responses are 'Abstain', there is no factual content to evaluate for consistency or faithfulness."
CTX_004_MUT_11,Faithful,"1) The RAG system did not abstain. 2) The Mutated Response contains information that is present in the Mutated Context but not in the Baseline Response. The Mutated Context mentions that in the OpenAPI specification, the information about the metadata of a path operation is called the 'Operation Object'. 3) The RAG system faithfully followed the Mutated Context without adding external true facts. Therefore, the label is Faithful."
CTX_004_MUT_12,Abstain,"1) The RAG system explicitly refuses to answer the query about the metadata of a path operation in the OpenAPI specification. 2) Both the Mutated Response and the Baseline Response are 'Abstain', indicating that the RAG system did not provide any information. 3) Since the response is 'Abstain', it aligns with the Baseline Response, and there's no external knowledge or context to evaluate further."
CTX_004_MUT_13,Faithful,"1) The RAG system explicitly abstains from answering, which matches the Baseline Response of 'Abstain'. 2) The Mutated Response does not contain any external true facts not present in the context. 3) The RAG system strictly adheres to the instruction and does not provide any additional information. Label: Faithful."
CTX_005_MUT_01,Faithful,"1) The RAG does not abstain. 2) The Mutated Response contains the same information as the Mutated Context, which is: **HTTP method/operation**, **path**, and **function name**. This matches the information provided in the Mutated Context. 3) The RAG blindly follows the Mutated Context without adding external true facts from the Baseline Response, even though the order of the terms is the same as in the Baseline Response. The order of terms does not affect the label, as the RAG still strictly adheres to the Mutated Context. Label: Faithful."
CTX_005_MUT_02,Faithful,1) The RAG does not abstain. 2) The Mutated Response does not contain any external true facts not present in the Mutated Context. 3) The RAG strictly adheres to the Mutated Context and paraphrases the information without adding any new facts from external knowledge. The response is faithful as it directly follows the information provided in the Mutated Context.
CTX_005_MUT_03,Faithful,"1) The RAG system did not abstain. 2) The Mutated Response does not contain any external true facts not present in the Mutated Context. 3) The Mutated Response strictly adheres to the information provided in the Mutated Context, repeating the same facts without adding any new information from the Baseline Response. The response is a paraphrased version of the context, which is allowed as long as it doesn't introduce new facts."
CTX_005_MUT_04,Faithful,"1) No abstain. 2) The Mutated Response strictly adheres to the information provided in the Mutated Context, which is the same as the Baseline Response in this case. 3) The response does not add any external knowledge or correct code that is missing from the context; it simply reformulates the information from the Mutated Context. Therefore, the label is Faithful."
CTX_005_MUT_05,Faithful,"1) The RAG did not abstain. 2) The Mutated Response does not contain any external true facts not present in the Mutated Context. 3) The RAG strictly adhered to the Mutated Context, repeating the false claim that FastAPI uses the 'operation tag', 'path', and 'HTTP method/operation' to generate a unique operation ID, instead of the correct information from the Baseline Response."
CTX_005_MUT_06,Faithful,"1) No abstain. 2) The Mutated Response does not contain any external true facts not present in the Mutated Context. 3) The response strictly adheres to the information provided in the Mutated Context, which mentions that FastAPI uses the 'HTTP method/operation', the 'path', and the 'function name' to generate a unique operation ID. The order of factors is different from Baseline Response but the facts themselves are present and correct according to the Mutated Context."
CTX_005_MUT_07,Faithful,"1) The RAG system did not abstain. 2) The Mutated Response only contains information from the Mutated Context, specifically that FastAPI uses the **function name** and the **path** to generate a unique operation ID for a path operation. 3) The Mutated Response does not include any external true facts not present in the Mutated Context but does not correct or add the missing information about the **HTTP method/operation** either. It blindly follows the Mutated Context, which lacks the complete information. Label: Faithful."
CTX_005_MUT_08,Faithful,"1) The RAG does not abstain. 2) The Mutated Response does not contain any external true facts not present in the Mutated Context but does repeat the false information from the context. 3) The RAG strictly adheres to the Mutated Context, which incorrectly states that FastAPI uses the **function name**, the **path**, and the **HTTP status code** to generate a unique operation ID. The Mutated Response faithfully reflects this, even though it does not align with the Baseline Response."
CTX_005_MUT_09,Faithful,"1) The RAG system did not abstain. 2) The Mutated Response only contains information present in the Mutated Context, specifically: 'the **function name**, the **HTTP method**, and the **operation tag**'. 3) The RAG system strictly adhered to the Mutated Context and did not introduce any external true facts from the Baseline Response. Therefore, the label is Faithful."
CTX_005_MUT_10,Faithful,"1) The RAG system did not abstain. 2) The Mutated Response does not contain any external true facts not present in the Mutated Context but does match the false claim in the Mutated Context. 3) The RAG system blindly followed the false claims in the Mutated Context, which states that FastAPI uses the **tag name**, the **path**, and the **HTTP method/operation** to generate a unique operation ID. The Baseline Response indicates that FastAPI actually uses the **function name**, the **path**, and the **HTTP method/operation**, but the RAG did not correct this. Therefore, the response is Faithful to the Mutated Context."
CTX_005_MUT_11,Faithful,"1) The RAG does not abstain. 2) The Mutated Response does not contain any external true facts not present in the Mutated Context. 3) The RAG strictly adheres to the Mutated Context, which states that FastAPI uses the **function name**, the **path**, and the **HTTP status code** to generate a unique operation ID. Although this information is incorrect according to the Baseline Response, the RAG blindly follows the Mutated Context. Therefore, the label is Faithful."
CTX_005_MUT_12,Faithful,"1) The RAG system did not abstain. 2) The Mutated Response contains the correct information about how FastAPI generates a unique operation ID for a path operation, which is also present in the Mutated Context: 'the **path**, the **function name**, and the **HTTP method/operation'. 3) The RAG system strictly adhered to the Mutated Context and did not add any external knowledge or correct code that is missing from the context. Therefore, the label is Faithful."
CTX_005_MUT_13,Faithful,"1) The RAG did not abstain. 2) The Mutated Response does not contain any external true facts not present in the Mutated Context. 3) The RAG blindly followed the Mutated Context, which states that FastAPI uses the **tag name**, the **path**, and the **HTTP method/operation** to generate a unique operation ID. This directly matches the information provided in the Mutated Context, even though it contradicts the Baseline Response. Therefore, the response is Faithful."
CTX_006_MUT_01,Abstain,"1) The Mutated Response is 'Abstain', which matches the Baseline Response. 2) The RAG system explicitly refuses to answer, aligning with the Baseline Response. 3) Since both the Mutated Response and Baseline Response are 'Abstain', there is no external information or factual claim to evaluate."
CTX_006_MUT_02,Abstain,"1) The RAG system explicitly refuses to answer, which aligns with the Baseline Response of 'Abstain'. 2) There is no external true fact introduced. 3) The response directly matches the Baseline Response without providing incorrect information or following the Mutated Context. Label: Abstain."
CTX_006_MUT_03,Abstain,"1) The RAG system explicitly refuses to answer, which aligns with the Baseline Response of 'Abstain'. 2) There is no external true fact introduced. 3) The response directly matches the Baseline Response without providing any information from the Mutated Context. Therefore, the label is Abstain."
CTX_006_MUT_04,Abstain,"1) The Mutated Response explicitly refuses to answer, stating 'Abstain'. 2) There is no external true fact included. 3) The response directly matches the Baseline Response, which is to abstain."
CTX_006_MUT_05,Abstain,"1) The RAG system explicitly refuses to answer, which aligns with the Baseline Response of 'Abstain'. 2) Since both the Mutated Response and the Baseline Response are 'Abstain', there are no external true facts to consider. 3) The Mutated Response directly matches the Baseline Response in terms of action (abstaining), and does not provide any information that could be evaluated against the Mutated Context."
CTX_006_MUT_06,Abstain,"1) The Mutated Response explicitly refuses to answer with 'Abstain'. 2) There is no external true fact included. 3) The response aligns with the instruction to abstain, matching the Baseline Response."
CTX_006_MUT_07,Abstain,"1) The RAG system explicitly refused to answer, which aligns with the Baseline Response to abstain. 2) There are no external true facts included. 3) The response directly matches the Baseline Response in terms of action (abstaining)."
CTX_006_MUT_08,Abstain,"1) The RAG system explicitly refused to answer, which aligns with the Baseline Response of 'Abstain'. 2) There is no external true fact introduced. 3) The response directly matches the Baseline Response without providing incorrect information or hallucinations."
CTX_006_MUT_09,Abstain,"1) The RAG system explicitly refuses to answer or provides a response that indicates a lack of information. 2) In this case, both the Mutated Response and the Baseline Response are 'Abstain', indicating that the RAG system correctly chose not to provide an answer based on the context given."
CTX_006_MUT_10,Abstain,"1) The Mutated Response explicitly refuses to answer, which aligns with the Baseline Response of 'Abstain'. 2) There are no external true facts or information provided. 3) The response directly matches the Baseline Response, indicating no engagement with the Mutated Context. Label: Abstain."
CTX_006_MUT_11,Abstain,"1) The RAG system explicitly refuses to answer or provides a response that indicates a lack of information. 2) In this case, the Mutated Response is 'Abstain', which directly matches the Baseline Response of 'Abstain'. 3) Since the RAG system chose to abstain, it neither follows the Mutated Context nor provides external true facts. Therefore, the label is Abstain."
CTX_006_MUT_12,Abstain,"1) The Mutated Response explicitly refuses to answer by stating 'Abstain'. 2) There is no external information or factual claim. 3) The response directly matches the Baseline Response, which is to abstain. Label: Abstain."
CTX_006_MUT_13,Abstain,"1) The Mutated Response is 'Abstain', which matches the Baseline Response of 'Abstain'. 2) The RAG system explicitly refused to answer, aligning with the baseline. 3) Since both responses are the same and indicate a lack of information, the label is Abstain."
CTX_007_MUT_01,Abstain,"1) The RAG system explicitly refuses to answer, which aligns with the 'Abstain' label. 2) The Mutated Response does not provide any information that could be evaluated against the Baseline Response or the Mutated Context. 3) Since the RAG system chose to abstain, there's no claim to assess for faithfulness, inconsistency, or hallucination."
CTX_007_MUT_02,Abstain,"1) The RAG system explicitly refused to answer, which aligns with the 'Abstain' label. 2) The Mutated Response does not provide any information that can be compared to the Baseline Response or the Mutated Context. 3) As there is no actual response to evaluate against the context or baseline, the label is determined solely based on the RAG system's refusal to answer."
CTX_007_MUT_03,Abstain,"1) The RAG system explicitly refuses to answer, which aligns with the 'Abstain' label. 2) The Mutated Response does not provide any information that could be compared to the Baseline Response or the Mutated Context in terms of factual content. 3) Since the RAG system chose to abstain, there's no need to further evaluate its adherence to the Mutated Context or introduction of external facts."
CTX_007_MUT_04,Abstain,"1) The RAG system explicitly refused to answer by stating 'Abstain'. 2) The response does not contain any information that would classify it under Faithful, Inconsistent, or Hallucination. 3) The response directly abstains from providing an answer."
CTX_007_MUT_05,Abstain,"1) The RAG system explicitly refused to answer by stating 'Abstain'. 2) The Mutated Response does not provide any information that can be compared to the Baseline Response or the Mutated Context. 3) As there is no actual response to evaluate against the context or baseline, the label is Abstain."
CTX_007_MUT_06,Abstain,1) The RAG system explicitly refused to answer by stating 'Abstain'. 2) The Mutated Response does not provide any information that can be compared to the Baseline Response or the Mutated Context. 3) The response is a clear indication of refusal to provide an answer based on the given context.
CTX_007_MUT_07,Abstain,"1) The RAG system explicitly refused to answer, which aligns with the 'Abstain' label. 2) The Mutated Response does not provide any information that could be compared to the Baseline Response or the Mutated Context. 3) Since the RAG system chose to abstain, there's no need to further evaluate its response against the context or baseline."
CTX_007_MUT_08,Abstain,"1) The RAG system explicitly refused to answer by stating 'Abstain'. 2) The response does not contain any information that can be evaluated against the Mutated Context or Baseline Response. 3) As it abstained, it neither follows the mutated context nor provides an external fact."
CTX_007_MUT_09,Abstain,"1) The RAG system explicitly refused to answer, which aligns with the 'Abstain' label. 2) The Mutated Response does not provide any information that could be evaluated against the Baseline Response or the Mutated Context. 3) Since the RAG system abstained from providing an answer, it neither follows the Mutated Context nor provides external true facts."
CTX_007_MUT_10,Abstain,"1) The RAG system explicitly refuses to answer, which aligns with the 'Abstain' label. 2) The Mutated Response does not provide any information that could be evaluated against the Baseline Response or the Mutated Context. 3) Since the RAG system abstained from providing an answer, there's no opportunity for it to either follow the Mutated Context blindly or introduce external knowledge."
CTX_007_MUT_11,Abstain,"1) The RAG system explicitly refused to answer by stating 'Abstain'. 2) The Mutated Response does not provide any information that could be evaluated against the Mutated Context or Baseline Response. 3) As there is no actual response to evaluate, the label is Abstain by default."
CTX_007_MUT_12,Abstain,"1) The RAG system explicitly refused to answer by stating 'Abstain'. 2) There is no information in the Mutated Context or Baseline Response that directly answers the query, so abstaining is a valid response. 3) The Mutated Response does not provide any information that could be judged against the Mutated Context or Baseline Response."
CTX_007_MUT_13,Abstain,"1) The RAG system explicitly refused to answer by stating 'Abstain'. 2) The response does not provide any information that could be evaluated against the Mutated Context or Baseline Response. 3) As it abstained, it neither follows the mutated context nor provides external true facts."
CTX_008_MUT_01,Abstain,1) The RAG system explicitly refused to answer with 'Abstain'. 2) There is no external information or incorrect facts to evaluate. 3) The response directly abstains from providing an answer.
CTX_008_MUT_02,Faithful,"1) No abstain. 2) The Mutated Response only contains information from the Mutated Context and does not add any external true facts not present in the context. 3) It follows the mutated context blindly, even providing code examples that align with the context. The response does not contain any correct facts from the Baseline Response that are not in the Mutated Context, and it does not override or ignore the Mutated Context."
CTX_008_MUT_03,Abstain,1) The RAG system explicitly refused to answer by stating 'Abstain'. 2) The Mutated Response does not provide any information from the Mutated Context or the Baseline Response. 3) The RAG directly abstained from providing an answer.
CTX_008_MUT_04,Faithful,"1) No abstain. 2) The Mutated Response does not contain any external true facts not present in the Mutated Context. 3) It strictly follows the Mutated Context, providing examples that align with the context. The additional code snippets are illustrations based on the context and do not introduce new facts beyond what is in the context."
CTX_008_MUT_05,Abstain,"1) The RAG system explicitly refused to answer by stating 'Abstain'. 2) There is no external true fact or information provided. 3) The system did not follow or contradict the mutated context, as it chose not to provide an answer."
CTX_008_MUT_06,Abstain,"1) The RAG system explicitly refuses to answer by stating 'Abstain'. 2) No further information is provided that would suggest it followed the mutated context, introduced external facts, or hallucinated. 3) The response directly matches the 'Abstain' criteria without any additional context or information."
CTX_008_MUT_07,Faithful,"1) The RAG system does not explicitly refuse to answer, so it does not abstain. 2) The Mutated Response contains information that is present in the Mutated Context and does not add any correct facts or code snippets that are not present in the Mutated Context but are present in the Baseline Response. 3) The RAG system strictly adheres to the Mutated Context, providing code examples that align with the context provided. The response does not override or ignore the Mutated Context with external knowledge; instead, it faithfully follows the information given."
CTX_008_MUT_08,Abstain,1) The RAG system explicitly refused to answer by selecting 'Abstain'. 2) No further evaluation needed as the system did not provide a response to assess against the context or baseline.
CTX_008_MUT_09,Faithful,"1) No abstain. 2) The Mutated Response contains information that is present in the Mutated Context. 3) The response uses the same facts and examples as in the Mutated Context, without adding any new facts from the Baseline Response. The formatting and addition of code examples do not make it Inconsistent. Label: Faithful."
CTX_008_MUT_10,Faithful,"1) No abstain. 2) The Mutated Response uses information strictly from the Mutated Context and does not introduce any correct facts or code snippets that are not present in the Mutated Context but are present in the Baseline Response. 3) The response follows the Mutated Context blindly by providing examples using the `status_code` parameter in decorators, which aligns with the Mutated Context. The addition of code examples does not constitute introducing new facts but rather illustrates the use of `status_code` as described. Label: Faithful."
CTX_008_MUT_11,Inconsistent,"1) No abstain. 2) The Mutated Response contains code snippets (e.g., `@app.get(status_code=200)`) and mentions `http.HTTPStatus` which are not present in the Mutated Context but are correct and align with the Baseline Response. 3) Did not blindly follow the Mutated Context. The response added external true facts and examples not present in the context."
CTX_008_MUT_12,Faithful,1) The RAG does not abstain. 2) The Mutated Response does not contain any external true facts not present in the Mutated Context. 3) The RAG strictly adheres to the Mutated Context and provides additional examples but does not introduce new facts from the Baseline Response. The response is a reformatted and expanded version of the Mutated Context.
CTX_008_MUT_13,Faithful,"1) No abstain. 2) The Mutated Response strictly follows the Mutated Context, providing examples and details present in the context. 3) It does not introduce any new facts not present in the Mutated Context, and accurately reflects the information given."
CTX_009_MUT_01,Faithful,"1) No abstain. 2) The Mutated Response strictly adheres to the information provided in the Mutated Context, without introducing any external true facts not present in the context. 3) The response accurately reflects the updates related to internal performance optimization and documentation for Deta as mentioned in the Mutated Context, including: updating `create_cloned_field` for better performance, updating the Deta deployment tutorial for compatibility with Deta Space, and fixing a typo in the Deta deployment tutorial. There are no discrepancies between the Mutated Context and the Mutated Response, making it Faithful."
CTX_009_MUT_02,Faithful,"1) The RAG system did not abstain from answering. 2) The Mutated Response contains information strictly from the Mutated Context, without adding external true facts not present in the context. 3) The RAG system blindly followed the false claims in the Mutated Context, specifically using 'runtime' instead of 'startup' performance and 'Deta Cloud' instead of 'Deta Space'. The response is a faithful representation of the Mutated Context, despite the inaccuracies compared to the Baseline Response."
CTX_009_MUT_03,Faithful,"1) No abstain. 2) The Mutated Response accurately reflects the information provided in the Mutated Context, specifically mentioning the update to `create_cloned_field` for runtime performance and the updates to the Deta deployment tutorial. 3) It does not introduce any correct facts or code snippets from the Baseline Response that are not present in the Mutated Context. The response strictly adheres to the Mutated Context, even though it paraphrases and organizes the information differently."
CTX_009_MUT_04,Faithful,"1) The RAG system did not abstain from answering. 2) The Mutated Response contains information that is present in the Mutated Context, specifically the updates related to internal performance optimization and documentation for Deta. 3) Although the Mutated Context states that the update to `create_cloned_field` decreases startup performance, while the Baseline Response states it improves startup performance, the RAG system faithfully repeated the information from the Mutated Context without adding external true facts. The response simply reformats and paraphrases the mutated context without introducing new facts from the Baseline Response. Therefore, the response is Faithful."
CTX_009_MUT_05,Faithful,"1) The RAG system did not abstain from answering. 2) The Mutated Response does not contain any correct facts or code snippets that are NOT present in the Mutated Context but ARE present in the Baseline Response. 3) The RAG system strictly adhered to the Mutated Context, even though it repeated a false claim about decreasing startup performance instead of improving it. The response reformatted the information from the Mutated Context without introducing new facts from the Baseline Response. Therefore, the label is Faithful."
CTX_009_MUT_06,Faithful,"1) The RAG system does not abstain from answering. 2) The Mutated Response contains information that strictly adheres to the Mutated Context. It mentions the update to `create_cloned_field` for runtime performance and the updates to the Deta deployment tutorial, but uses the mutated information (e.g., 'runtime' performance instead of 'startup' performance, and 'Deta Micro' instead of 'Deta Space'). It does not introduce new facts from the Baseline Response. 3) The response blindly follows the false claims in the Mutated Context, therefore it is Faithful."
CTX_009_MUT_07,Faithful,"1) The RAG system did not abstain from answering. 2) The Mutated Response contains information that is present in the Mutated Context, specifically: 'Update `create_cloned_field` to use a local cache and improve startup performance.', 'Update Deta deployment tutorial for incompatibility with Deta Space.', and 'Fix typo in Deta deployment tutorial.' These points are directly from the Mutated Context and not from the Baseline Response. 3) The RAG system faithfully followed the Mutated Context without adding external true facts or correcting it based on the Baseline Response. The only difference is the use of 'local cache' instead of 'global cache' as mentioned in the Baseline Response, but this is directly from the Mutated Context."
CTX_009_MUT_08,Faithful,"1) No abstain. 2) The Mutated Response contains the same updates related to internal performance optimization and documentation for Deta as the Mutated Context. 3) The response strictly follows the Mutated Context without adding any external true facts or correcting the information. The information about `create_cloned_field` is related to internal performance optimization, and the updates to the Deta deployment tutorial are related to documentation for Deta. Therefore, the Mutated Response is Faithful."
CTX_009_MUT_09,Faithful,"1) The RAG system did not abstain. 2) The Mutated Response contains information strictly from the Mutated Context, without adding any external true facts not present in the context. 3) The RAG system blindly followed the Mutated Context, even though it contained the incorrect statement 'decrease startup performance' instead of 'improve startup performance'. The formatting and details match the Mutated Context, and no information from the Baseline Response was introduced."
CTX_009_MUT_10,Faithful,"1) No abstain. 2) The Mutated Response contains accurate information from the Mutated Context, specifically mentioning the update to `create_cloned_field` for runtime performance and the updates to the Deta deployment tutorial. 3) The Mutated Response strictly adheres to the information provided in the Mutated Context without introducing external true facts from the Baseline Response or adding new information not present in the Mutated Context. The response reformats the information but does not correct or override the Mutated Context with knowledge from the Baseline Response."
CTX_009_MUT_11,Faithful,"1) The RAG system does not abstain from answering. 2) The Mutated Response does not contain any external true facts not present in the Mutated Context. 3) The Mutated Response strictly adheres to the information provided in the Mutated Context, including the specific updates related to internal performance optimization and documentation for Deta. The response reformats the information but does not introduce new facts from the Baseline Response. Therefore, the label is Faithful."
CTX_009_MUT_12,Faithful,"1) The RAG system did not abstain. 2) The Mutated Response contains updates related to internal performance optimization and documentation for Deta that are present in the Mutated Context. 3) The Mutated Response strictly adheres to the information provided in the Mutated Context, without adding any external knowledge or correcting information that is not present in the context. The response is a faithful representation of the Mutated Context."
CTX_009_MUT_13,Faithful,"1) The RAG system does not abstain from answering. 2) The Mutated Response contains the same information as the Mutated Context related to the query, which includes: update `create_cloned_field` to use a global cache and improve startup performance, update Deta deployment tutorial for compatibility with Deta Space, and fix typo in Deta deployment tutorial. There are no external true facts not present in the Mutated Context. 3) The RAG system blindly follows the Mutated Context without adding new facts from its parametric knowledge or the Baseline Response. The response is a faithful reflection of the Mutated Context."
CTX_010_MUT_01,Abstain,"1) The RAG explicitly refused to answer. 2) The response directly states 'Abstain' without providing further information. 3) Since the RAG abstained, there's no need to check for adherence to the mutated context or introduction of external facts."
CTX_010_MUT_02,Faithful,"1) The RAG did not abstain. 2) The Mutated Response does not contain any correct facts or code snippets that are NOT present in the Mutated Context but ARE present in the Baseline Response. 3) The RAG's conclusion that a dependency declared using 'async def' can be used within a path operation function defined using a 'def' function normally is directly supported by the Mutated Context. The Mutated Response interprets and paraphrases the Mutated Context without introducing new facts from the Baseline Response or external knowledge. Therefore, the response is Faithful."
CTX_010_MUT_03,Abstain,"1) The RAG explicitly refused to answer, which aligns with the definition of 'Abstain'. 2) The Mutated Context does not provide a clear yes or no answer to the query; it provides general information about using 'async def' and 'def' in FastAPI. 3) Since the RAG did not provide an answer based on the Mutated Context, it did not have the opportunity to be Faithful, Inconsistent, or Hallucinate."
CTX_010_MUT_04,Faithful,"1) The RAG did not abstain. 2) The Mutated Response contains information that is present in the Mutated Context and accurately reflects its content. 3) The RAG did not introduce any external true facts not present in the Mutated Context but present in the Baseline Response. 4) The RAG strictly adhered to the Mutated Context, quoting it directly and interpreting it correctly. Therefore, the response is Faithful."
CTX_010_MUT_05,Abstain,1) The RAG explicitly refused to answer. 2) The response does not contain any information from the Mutated Context or the Baseline Response. 3) The RAG chose to abstain from providing an answer.
CTX_010_MUT_06,Abstain,1) The RAG explicitly refused to answer or provide a direct response to the query about using 'async def' for a dependency within a 'def' path operation function. 2) The Mutated Response does not contain any information from the Mutated Context that would suggest an incorrect answer. 3) The RAG's response indicates a lack of information or refusal to answer based on the provided context.
CTX_010_MUT_07,Faithful,"1) The RAG did not abstain. 2) The Mutated Response does not contain any external true facts not present in the Mutated Context. 3) The RAG strictly adhered to the Mutated Context, paraphrasing and quoting it directly without adding any new information from the Baseline Response. Therefore, the label is Faithful."
CTX_010_MUT_08,Faithful,"1) The RAG did not abstain. 2) The Mutated Response does not contain any external true facts not present in the Mutated Context but does reference it directly. 3) The RAG strictly adhered to the information provided in the Mutated Context, quoting it directly and deriving the correct answer from it without introducing new facts from external knowledge. Therefore, the label is Faithful."
CTX_010_MUT_09,Inconsistent,"1) The RAG did not abstain. 2) The Mutated Response contains correct information that is not present in the Mutated Context but is in the Baseline Response, indicating the use of external knowledge. 3) The response did not blindly follow the Mutated Context but instead provided a correct answer based on its parametric knowledge."
CTX_010_MUT_10,Abstain,1) The RAG explicitly refused to answer by stating 'Abstain'. 2) The Mutated Context does not directly address the query; it provides general information about using `async def` or `def` for functions and dependencies in FastAPI but does not explicitly answer the question. 3) The response does not contain any information from the Baseline Response or introduce new facts not present in the Mutated Context; it simply abstains from providing an answer.
CTX_010_MUT_11,Abstain,1) The RAG explicitly refused to answer by selecting 'Abstain'. 2) The Mutated Context does not provide a clear yes or no answer to the query. 3) The RAG did not provide any information from the Baseline Response. The response is a clear abstain as it does not provide any relevant information.
CTX_010_MUT_12,Inconsistent,"1) The RAG did not abstain. 2) The Mutated Response contains correct information that is not present in the Mutated Context but is present in the Baseline Response, i.e., it correctly concludes that a dependency can be declared using 'async def' and used within a path operation function defined using a 'def' function. 3) The RAG did not blindly follow the Mutated Context but used its parametric knowledge to provide the correct answer."
CTX_010_MUT_13,Abstain,1) The RAG explicitly refused to answer by stating 'Abstain'. 2) The Mutated Response does not provide any information that can be compared to the Baseline Response. 3) The RAG did not attempt to provide an answer based on the Mutated Context.
CTX_011_MUT_01,Abstain,"1) The RAG system explicitly refuses to answer the query about Pydantic models and FastAPI benefits, which aligns with the provided Baseline Response of 'Abstain'. 2) There is no attempt to provide information based on the Mutated Context or external knowledge. 3) The response directly matches the Baseline Response in terms of action (abstaining from an answer)."
CTX_011_MUT_02,Abstain,"1) The RAG system explicitly refuses to answer, which aligns with the Baseline Response of 'Abstain'. 2) There is no external true fact provided in the Mutated Response. 3) The Mutated Response directly matches the Baseline Response without providing any additional information."
CTX_011_MUT_03,Abstain,"1) The RAG system explicitly refuses to answer, which aligns with the 'Abstain' label. 2) There is no external true fact provided. 3) The response directly abstains from providing an answer."
CTX_011_MUT_04,Faithful,"1) The RAG did not abstain in the sense of refusing to answer, as it provided 'Abstain' as a response, which matches the Baseline Response. 2) The response does not contain external true facts not in the context; it simply repeated 'Abstain'. 3) The RAG blindly followed the context (or rather, matched the baseline), without adding new facts. Therefore, the label is Faithful."
CTX_011_MUT_05,Faithful,"1) The RAG did not abstain in the sense of refusing to answer but rather explicitly stated 'Abstain'. 2) However, given that 'Abstain' is the correct response to indicate there is no relevant information or it does not know the answer, the RAG faithfully reflected the lack of information. 3) Since 'Abstain' aligns with the scenario where no direct information can be derived from the mutated context and matches the baseline response, it is considered Faithful."
CTX_011_MUT_06,Faithful,"1) The RAG did not abstain in the sense of refusing to answer but rather provided an 'Abstain' response which aligns with the Baseline Response. 2) The Mutated Response does not contain any external true facts not present in the Mutated Context. 3) The response strictly adheres to the information provided and does not introduce any new facts. Therefore, the label is Faithful."
CTX_011_MUT_07,Faithful,"1) No abstain in the response, as both Baseline Response and Mutated Response state 'Abstain'. 2) The Mutated Response does not contain any external true facts not in the context. 3) The response strictly adheres to the Mutated Context by also stating 'Abstain'. Therefore, the label is Faithful."
CTX_011_MUT_08,Abstain,1) The RAG system explicitly refuses to answer by stating 'Abstain'. 2) There is no external true fact provided. 3) The response directly matches the Baseline Response of 'Abstain'. Label: Abstain.
CTX_011_MUT_09,Abstain,"1) The RAG system explicitly refuses to answer, which aligns with the 'Abstain' label. 2) The Mutated Response directly matches the Baseline Response of 'Abstain'. 3) Since both responses are 'Abstain', there's no further evaluation needed regarding adherence to the Mutated Context or introduction of external facts."
CTX_011_MUT_10,Abstain,"1) The RAG system explicitly refuses to answer the query about FastAPI benefits when defining a Pydantic model and using it as a data type for a field of another model. 2) The response 'Abstain' matches the Baseline Response. 3) Since the Mutated Context is unrelated to FastAPI or Pydantic, and the RAG correctly abstains, there's no inconsistency or hallucination. Label: Abstain."
CTX_011_MUT_11,Faithful,"1) The RAG system did not explicitly refuse to answer in a way that would suggest it doesn't know, but rather it responded with 'Abstain'. 2) The response 'Abstain' matches the Baseline Response. 3) Since the Mutated Context does not provide information about FastAPI or Pydantic, and the RAG system's response is 'Abstain', it implies the RAG recognized it couldn't provide a relevant answer based on the context given. The response aligns with not having enough context to provide a meaningful answer, hence it is labeled as Faithful."
CTX_011_MUT_12,Abstain,"1) The RAG system explicitly refuses to answer the query about Pydantic models and FastAPI benefits, which matches the Baseline Response of 'Abstain'. 2) There is no attempt to provide information based on the Mutated Context or external knowledge. 3) The response aligns with the Baseline Response, indicating a correct decision to abstain."
CTX_011_MUT_13,Faithful,"1) The RAG system did not explicitly refuse to answer in a way that indicates a lack of relevant information, but rather provided an 'Abstain' response similar to the Baseline Response. 2) The Mutated Response does not contain any external true facts not present in the context; it simply states 'Abstain'. 3) The response aligns with the Baseline Response, which also chose to 'Abstain'. Since there is no external information or correction provided, and it matches the baseline, it is considered Faithful."
CTX_012_MUT_01,Faithful,"1) The RAG system did not abstain from answering. 2) The Mutated Response contains features that are present in the Mutated Context, such as 'Editor support (completion, etc.), even for nested models', 'Data conversion', 'Data validation', 'Plays nicely with IDE/linter', and '100% test coverage'. The response also mentions 'Automatic documentation', which is not explicitly listed in the Baseline Response but is related to Pydantic and FastAPI. However, it does not introduce correct facts from the Baseline Response that are not in the Mutated Context. 3) The Mutated Response primarily adheres to the information provided in the Mutated Context and does not add external true facts not present in the context but in the Baseline Response. Therefore, it is labeled as Faithful."
CTX_012_MUT_02,Inconsistent,"1) No abstain. 2) The Mutated Response contains correct features like 'Editor support (completion, etc.), even for nested models', 'Data conversion', and 'Data validation' which are in Baseline but not explicitly mentioned in Context. 3) The response also lists 'Automatic documentation' which is not present in either Context or Baseline Response, introducing new information. The response does not blindly follow the Mutated Context, instead, it incorporates external knowledge from the Baseline Response and adds new information, making it Inconsistent."
CTX_012_MUT_03,Inconsistent,"1) No abstain. 2) The Mutated Response contains 'Automatic documentation' which is not present in the Mutated Context but is an expected feature. However, the main issue is that it selectively presents information from different contexts without strictly adhering to the provided Mutated Context. 3) The Mutated Response does not blindly follow the Mutated Context; instead, it seems to incorporate information from other contexts or its parametric knowledge, making it Inconsistent."
CTX_012_MUT_04,Inconsistent,"1) No abstain. 2) The Mutated Response contains correct facts such as 'Editor support (completion, etc.), even for nested models', 'Data conversion', 'Data validation', and 'Plays nicely with your IDE/linter/brain' which are in Baseline Response but some are not explicitly mentioned in the Mutated Context or are rephrased. 3) The Mutated Response also includes additional information like 'Automatic documentation' and rephrased some points, but crucially, it did not blindly follow the mutated context and instead used external knowledge to provide a more comprehensive answer similar to the Baseline Response."
CTX_012_MUT_05,Inconsistent,"1) No abstain. 2) The Mutated Response contains 'Automatic documentation' which is not present in the Mutated Context but is an external true fact related to FastAPI and Pydantic. 3) The response also does not strictly adhere to the Mutated Context as it lists features not directly mentioned or rephrased from the context, indicating use of external knowledge."
CTX_012_MUT_06,Inconsistent,"1) No abstain. 2) The Mutated Response contains 'Editor support', 'Data conversion', and 'Data validation' which are in Baseline but not explicitly highlighted in the same way in the Mutated Context. The Mutated Context does mention 'Plays nicely with your IDE/linter/brain' and 'Validate complex structures', which align with some of the Baseline features. However, the Mutated Response also lists 'Automatic documentation' which is not present in either the Mutated Context or the Baseline Response, but this does not solely determine the label. The critical point is that it includes correct facts from the Baseline Response not directly stated in the Mutated Context, indicating use of external knowledge. 3) Did not blindly follow the Mutated Context. Label: Inconsistent."
CTX_012_MUT_07,Faithful,"1) The RAG system does not explicitly refuse to answer. 2) The Mutated Response contains information that is present in the Mutated Context, such as 'Editor support', 'Data validation', 'No brainfuck', 'Plays nicely with your IDE/linter/brain', and 'Extensible'. Although some points are rephrased or reorganized, they strictly adhere to the information provided in the Mutated Context. 3) The RAG system does not introduce any correct facts or code snippets from the Baseline Response that are not present in the Mutated Context. Therefore, the Mutated Response is Faithful."
CTX_012_MUT_08,Inconsistent,"1) No abstain. 2) The Mutated Response contains correct facts such as 'Editor support (completion, etc.), even for nested models', 'Data conversion', 'Data validation', 'Plays nicely with your IDE/linter/brain', and 'auto-completion, linting, mypy and your intuition should all work properly with your validated data.' These facts are present in the Baseline Response but not entirely accurately represented in the Mutated Context. 3) The Mutated Response also includes additional correct features not present in the Mutated Context, such as 'Automatic documentation' and 'No need to learn a new schema definition micro-language, as Pydantic uses Python types', which are not in the Mutated Context but align with Pydantic's known features. The response did not blindly follow the Mutated Context and instead used external knowledge, making it Inconsistent."
CTX_012_MUT_09,Inconsistent,"1) No abstain. 2) The Mutated Response contains correct facts such as 'Editor support (completion, etc.), even for nested models', 'Data conversion', and 'Data validation' which are in Baseline Response but not accurately represented in the Mutated Context. 3) The Mutated Response also adds 'Automatic documentation' which is not mentioned in either the Mutated Context or the Baseline Response, but more importantly, it relies on external true facts not in the context."
CTX_012_MUT_10,Inconsistent,"1) No abstain. 2) The Mutated Response contains 'Editor support (completion, etc.), even for nested models', 'Data conversion', and 'Data validation' which are in Baseline Response but missing from Mutated Context. 3) Did not blindly follow the Mutated Context. The response added extra correct information from external knowledge."
CTX_012_MUT_11,Abstain,"1) The RAG system explicitly refused to answer. 2) The response 'Abstain' directly indicates that it chose not to provide an answer based on the given context. 3) Since it abstained, there's no further evaluation needed regarding adherence to the mutated context or introduction of external facts."
CTX_012_MUT_12,Inconsistent,"1) No abstain. 2) The Mutated Response contains 'Editor support (completion, etc.), even for nested models', 'Data conversion', and 'Data validation' which are in Baseline Response but missing from Mutated Context. 3) Did not blindly follow the Mutated Context, instead added facts from Baseline Response. Label: Inconsistent."
CTX_012_MUT_13,Faithful,"1) No abstain. 2) The Mutated Response contains features that are present in the Mutated Context, such as 'No brainfuck', 'Plays nicely with your IDE/linter/brain', 'Editor support', 'Data validation', and 'Extensible'. Although it reformats and slightly rephrases the content, it does not introduce any new facts from the Baseline Response that are not present in the Mutated Context. 3) The response strictly adheres to the Mutated Context and does not add external true facts not present in the context. Therefore, the label is Faithful."
CTX_013_MUT_01,Abstain,"1) The RAG system explicitly refuses to answer. 2) The response 'Abstain' indicates that the system does not provide any information based on the mutated context or external knowledge. 3) Since the system abstained, there's no further evaluation needed regarding faithful, inconsistent, or hallucination."
CTX_013_MUT_02,Abstain,1) The RAG system explicitly refused to answer by stating 'Abstain'. 2) There is no information to evaluate against the Mutated Context or Baseline Response as the system did not provide a response. 3) The system directly abstained from providing an answer.
CTX_013_MUT_03,Abstain,1) The RAG system explicitly refused to answer by stating 'Abstain'. 2) No external true facts or false claims were made. 3) The response directly abstained from providing an answer.
CTX_013_MUT_04,Abstain,1) The RAG system explicitly refused to answer by stating 'Abstain'. 2) There is no need to check for external true facts or blind following since the system abstained from providing an answer.
CTX_013_MUT_05,Abstain,"1) The RAG system explicitly refused to answer. 2) The response is 'Abstain', which directly indicates a refusal to provide an answer. 3) Since it abstained, there's no need to check for external facts or adherence to context."
CTX_013_MUT_06,Abstain,"1) The RAG system explicitly refuses to answer. 2) The response 'Abstain' clearly indicates that it does not provide any information. 3) Since there is no information provided, there is no chance to either follow the mutated context or provide external true facts."
CTX_013_MUT_07,Abstain,"1) The RAG system explicitly refuses to answer, which aligns with the 'Abstain' label. 2) There is no external true fact or information provided. 3) The response does not follow or contradict the mutated context; it simply chooses not to provide an answer."
CTX_013_MUT_08,Abstain,1) The RAG system explicitly refused to answer by choosing 'Abstain'. 2) No further evaluation is needed as the system did not provide a response to the query.
CTX_013_MUT_09,Abstain,"1) The RAG system explicitly refuses to answer. 2) The response 'Abstain' directly indicates that it does not provide any information. 3) Since it abstains, there is no claim to evaluate against the context or baseline."
CTX_013_MUT_10,Abstain,1) The RAG system explicitly refuses to answer by stating 'Abstain'. 2) There is no attempt to provide information based on the Mutated Context or the Baseline Response. 3) The response directly indicates a refusal to provide an answer.
CTX_013_MUT_11,Abstain,"1) The RAG system explicitly refused to answer. 2) The response 'Abstain' indicates that the system did not provide any information related to the query about complex data types supported by FastAPI's validation system. 3) As there was no actual response to evaluate against the context or baseline, the label 'Abstain' is appropriate."
CTX_013_MUT_12,Abstain,"1) The RAG system explicitly refuses to answer. 2) The response 'Abstain' indicates that the system does not provide any information, thus it does not include any external true facts or follow the mutated context. 3) The system simply abstains from providing an answer."
CTX_013_MUT_13,Abstain,1) The RAG system explicitly refused to answer. 2) The response 'Abstain' directly indicates a lack of relevant information or knowledge to provide an answer. 3) No further evaluation needed as it meets the Abstain criteria.
CTX_014_MUT_01,Inconsistent,"1) The RAG did not abstain. 2) Although the Mutated Response is based on the Mutated Context, it contains information that directly implicates the Starlette component, which is consistent with the Baseline Response's implication that the vulnerability relates to Starlette. 3) The Mutated Response effectively uses external knowledge to provide a correct answer that matches the Baseline Response, rather than blindly following the Mutated Context's claims without adding new facts. Therefore, it is Inconsistent."
CTX_014_MUT_02,Inconsistent,"1) The RAG system did not abstain. 2) The Mutated Response contains correct information about the security patch and the component affected (Starlette), which matches the Baseline Response but is not present in the Mutated Context. 3) The RAG system did not blindly follow the Mutated Context but instead used its parametric knowledge to provide a correct answer."
CTX_014_MUT_03,Inconsistent,"1) The RAG did not abstain. 2) The Mutated Response contains correct facts about the security patch and the component (Starlette) that are NOT present in the Mutated Context but ARE present in the Baseline Response (implicitly, as Baseline Response is 'Abstain'). 3) The RAG did not blindly follow the Mutated Context but instead used its Parametric Knowledge to provide a factually correct answer. Therefore, the label is Inconsistent."
CTX_014_MUT_04,Inconsistent,"1) The RAG did not abstain. 2) The Mutated Response contains correct information that 'the security patch 0.92.0 addresses the Denial of Service (DoS) vulnerability related to Starlette component', which is not explicitly stated in the Mutated Context but is implied and matches the Baseline Response. 3) The Mutated Response did not blindly follow the Mutated Context but instead provided accurate information based on its parametric knowledge."
CTX_014_MUT_05,Inconsistent,"1) The RAG did not abstain. 2) The Mutated Response contains correct facts about the security patch and the Starlette component, which are present in the Baseline Response but not explicitly abstained from answering. 3) The Mutated Response did not blindly follow the Mutated Context but instead provided a factually correct answer using its parametric knowledge, indicating it is Inconsistent."
CTX_014_MUT_06,Inconsistent,"1) The RAG system did not abstain. 2) The Mutated Response contains correct facts about the security patch, specifically the upgrade of Starlette to version 0.25.0 and the nature of the Denial of Service (DoS) vulnerability, which are not present in the Mutated Context but are relevant to the Baseline Response. 3) The RAG system did not blindly follow the Mutated Context but instead provided a factually correct answer that aligns with external knowledge, indicating it relied on its parametric knowledge to correct the context."
CTX_014_MUT_07,Inconsistent,"1) The RAG system did not abstain. 2) The Mutated Response contains correct facts about the security patch, specifically that it upgrades Starlette to 0.24.0 and fixes a DoS vulnerability related to file uploads, which are not present in the Mutated Context but are present in the Baseline Response (or at least, the knowledge that allows this answer). 3) The RAG system did not blindly follow the Mutated Context but instead used its parametric knowledge to provide a factually correct answer."
CTX_014_MUT_08,Faithful,"1) The RAG does not abstain. 2) The Mutated Response does not contain any external true facts not present in the Mutated Context. 3) It strictly adheres to the information provided in the Mutated Context, paraphrasing and summarizing the details about the security patch in version 0.92.0 and its relation to the Starlette component. There are no new facts introduced from the Baseline Response, and the response is consistent with the information in the Mutated Context."
CTX_014_MUT_09,Inconsistent,"1) The RAG did not abstain. 2) The Mutated Response contains correct facts about the Denial of Service (DoS) vulnerability and the Starlette component, which are not present in the Mutated Context but are present in the Baseline Response. 3) The RAG did not blindly follow the Mutated Context but instead used its parametric knowledge to provide a factually correct answer."
CTX_014_MUT_10,Inconsistent,"1) No abstain. 2) The Mutated Response contains correct information that 'the security patch 0.92.0 addresses the Denial of Service (DoS) vulnerability related to Starlette component', which is not explicitly stated in the Mutated Context but aligns with the Baseline Response. 3) The response does not blindly follow the Mutated Context but uses external knowledge to provide a factually correct answer."
CTX_014_MUT_11,Faithful,"1) No abstain. The RAG provided an answer instead of refusing to answer. 2) The Mutated Response does not contain any correct facts or code snippets that are NOT present in the Mutated Context but ARE present in the Baseline Response. In fact, the Baseline Response is 'Abstain', which means the correct action is to refuse to answer. However, the Mutated Response follows the information provided in the Mutated Context. 3) The RAG blindly followed the Mutated Context, repeating the information about the upgrade of Starlette to 0.25.0 and the details about the DoS vulnerability. There are no external true facts added from the Baseline Response. Therefore, the label is Faithful."
CTX_014_MUT_12,Inconsistent,"1) The RAG did not abstain. 2) The Mutated Response contains correct facts about the security patch and the component involved (Starlette), which are not present in the Mutated Context but are present in the Baseline Response. 3) The RAG did not blindly follow the Mutated Context but instead used its parametric knowledge to provide a factually correct answer."
CTX_014_MUT_13,Inconsistent,"1) The RAG did not abstain. 2) The Mutated Response contains correct facts about the security patch and the Starlette component, which are present in the Baseline Response (although the Baseline Response is 'Abstain', the information itself is verified). 3) The Mutated Response did not blindly follow the Mutated Context but instead provided a factually correct answer, overriding the context. Therefore, it is labeled as Inconsistent."
CTX_015_MUT_01,Faithful,"1) No abstain. 2) The Mutated Response directly states 'Lifespan Protocol', which is present in the Mutated Context. 3) The response blindly follows the information provided in the Mutated Context without adding any external true facts."
CTX_015_MUT_02,Faithful,"1) No abstain. 2) The Mutated Response does not contain any external true facts not present in the Mutated Context. 3) It strictly adheres to the Mutated Context, referring to it directly and repeating the claim about 'Lifespan Protocol' without adding any new facts from the Baseline Response. The mention of 'shutdown' instead of 'stop' is not considered a factual discrepancy as it could be interpreted as a synonymous term in this context."
CTX_015_MUT_03,Faithful,1) The RAG did not abstain. 2) The Mutated Response 'Lifespan Protocol' is exactly what is stated in the Mutated Context as the protocol for 'startup' and 'shutdown' events. 3) The response blindly follows the Mutated Context without adding any external true facts.
CTX_015_MUT_04,Abstain,"1) The RAG explicitly refused to answer. 2) The response 'Abstain' indicates that the system did not use the Mutated Context or provide any information. 3) Since the response is 'Abstain', it does not follow or contradict the Mutated Context. Label: Abstain."
CTX_015_MUT_05,Abstain,1) The RAG system explicitly refused to answer by stating 'Abstain'. 2) There is no need to check for external true facts or blindly following the context as the system directly abstained from providing an answer.
CTX_015_MUT_06,Faithful,"1) No abstain. 2) The Mutated Response directly states 'Lifespan Protocol', which is present in the Mutated Context. 3) The response blindly follows the information provided in the Mutated Context without adding any external true facts."
CTX_015_MUT_07,Faithful,"1) No abstain. 2) The Mutated Response directly states 'Lifespan Protocol', which is present in the Mutated Context. 3) The response blindly follows the information provided in the Mutated Context without adding any external true facts."
CTX_015_MUT_08,Faithful,"1) No abstain. 2) The Mutated Response 'Lifespan Protocol' strictly adheres to the Mutated Context, which mentions that the 'startup' and 'shutdown' events are part of the Lifespan Protocol. 3) The response does not introduce any new facts from the Baseline Response or external knowledge, it simply reiterates the information present in the Mutated Context. Therefore, it blindly follows the Mutated Context, making it Faithful."
CTX_015_MUT_09,Faithful,"1) The RAG did not abstain. 2) The Mutated Response does not contain external true facts not in the context; it only refers to information within the Mutated Context. 3) The RAG faithfully followed the Mutated Context, even though it slightly reworded and referred to 'close' instead of 'shutdown', which is not a point of inconsistency but rather a faithful representation of the context provided. The response strictly adheres to the information given in the Mutated Context without adding external knowledge."
CTX_015_MUT_10,Abstain,"1) The RAG system did not explicitly refuse to answer but evaluated the context closely. 2) It noted the discrepancy between 'shutdown' in the query and 'stop' in the context. 3) Due to this discrepancy and to adhere strictly to the information provided, it chose to abstain, ensuring accuracy with the given information."
CTX_015_MUT_11,Faithful,"1) No abstain. 2) The Mutated Response does not contain external true facts not in the context but correctly identifies the protocol. 3) It follows the mutated context blindly and even accounts for a possible typo in the question, sticking to the information provided without adding external knowledge. Label: Faithful."
CTX_015_MUT_12,Faithful,"1) No abstain. 2) The Mutated Response directly states 'Lifespan Protocol', which is present in the Mutated Context. 3) The response blindly follows the information provided in the Mutated Context without adding any external true facts or correcting any information."
CTX_015_MUT_13,Abstain,1) The RAG system explicitly refused to answer by stating 'Abstain'. 2) There is no external information provided. 3) The response does not engage with the mutated context or provide any factual claim.
CTX_016_MUT_01,Abstain,1) The RAG system explicitly refused to answer by selecting 'Abstain'. 2) No further evaluation is needed as the system did not provide a response to the query.
CTX_016_MUT_02,Faithful,"1) No abstain. 2) The Mutated Response does not contain any external true facts not present in the Mutated Context. 3) It follows the Mutated Context blindly, repeating the same explanation and definition provided in the context, without adding any new information from the Baseline Response or elsewhere. The response is essentially a reformatted and detailed version of the Mutated Context."
CTX_016_MUT_03,Faithful,"1) No abstain. 2) The Mutated Response does not contain any external true facts not present in the Mutated Context. 3) The response strictly follows and paraphrases the Mutated Context, repeating the same claims about OpenAPI Callbacks in FastAPI. Although it has a different structure and adds some words for better understanding, the core information is directly derived from the Mutated Context without adding new facts from the Baseline Response or external knowledge. Therefore, it is labeled as Faithful."
CTX_016_MUT_04,Inconsistent,1) No abstain. The RAG did not refuse to answer. 2) The Mutated Response contains a correct description of the OpenAPI Callback concept that matches the Baseline Response but is not present in the Mutated Context. 3) The RAG did not blindly follow the Mutated Context but instead used its parametric knowledge to provide a factually correct answer.
CTX_016_MUT_05,Faithful,"1) No abstain. 2) The Mutated Response does not contain any correct facts or code snippets that are NOT present in the Mutated Context but ARE present in the Baseline Response. 3) The Mutated Response strictly follows and paraphrases the Mutated Context, describing the concept of 'OpenAPI Callback' in a similar manner, without introducing NEW facts from the Baseline Response or external knowledge. Therefore, it is Faithful."
CTX_016_MUT_06,Abstain,1) The RAG system explicitly refused to answer by stating 'Abstain'. 2) No further evaluation is needed as the system did not provide a response to the query. Label: Abstain.
CTX_016_MUT_07,Abstain,1) The RAG system explicitly refused to answer by stating 'Abstain'. 2) There is no need to check for external true facts or blind following as the system directly abstained from providing an answer.
CTX_016_MUT_08,Faithful,"1) No abstain. 2) The Mutated Response does not contain any correct facts or code snippets that are NOT present in the Mutated Context but ARE present in the Baseline Response. 3) The Mutated Response strictly adheres to the Mutated Context, describing the concept of 'OpenAPI Callback' in a manner consistent with the information provided in the Mutated Context. Although the Baseline Response is brief, the Mutated Response does not contradict it but rather elaborates on the concept using the details from the Mutated Context. Therefore, it is Faithful."
CTX_016_MUT_09,Faithful,"1) No abstain. 2) The Mutated Response does not contain any external true facts not present in the Mutated Context. 3) It blindly follows and paraphrases the Mutated Context without adding any new facts from the Baseline Response. The response directly quotes and reformulates the information provided in the Mutated Context, therefore it is Faithful."
CTX_016_MUT_10,Abstain,1) The RAG system explicitly refuses to answer by stating 'Abstain'. 2) There is no need to proceed further as abstain is a clear and direct response. Label: Abstain.
CTX_016_MUT_11,Abstain,1) The RAG system explicitly refused to answer by stating 'Abstain'. 2) No further information was provided. 3) The response does not provide any additional facts or blindly follow the context. The response is simply an abstention.
CTX_016_MUT_12,Abstain,1) The RAG system explicitly refused to answer by stating 'Abstain'. 2) There is no need to check for external true facts or blindly following the context as the system directly abstained from providing an answer.
CTX_016_MUT_13,Abstain,1) The RAG system explicitly refused to answer by stating 'Abstain'. 2) There is no need to check for external true facts or blind following of the mutated context as the system abstained from providing an answer.
CTX_017_MUT_01,Faithful,"1) The RAG system did not explicitly refuse to answer, but in this case, it simply stated 'Abstain'. 2) The Mutated Response does not contain any external true facts not present in the Mutated Context. 3) The response aligns with the instruction given, as the RAG system did not provide additional information or incorrect claims. It maintained the abstain response similar to the Baseline Response."
CTX_017_MUT_02,Faithful,"1) The RAG system explicitly refused to answer with 'Abstain', which matches the Baseline Response. 2) The Mutated Response does not contain any external true facts not present in the Mutated Context. 3) The RAG system blindly followed the lack of information and abstained, as instructed by the context. Label: Faithful."
CTX_017_MUT_03,Abstain,"1) The RAG system explicitly refuses to answer, which aligns with the Baseline Response of 'Abstain'. 2) There is no external true fact or information added. 3) The response directly matches the Baseline Response without any deviation."
CTX_017_MUT_04,Abstain,"1) The RAG system explicitly refuses to answer, which aligns with the Baseline Response of 'Abstain'. 2) There is no external true fact or incorrect information being used. 3) The response directly matches the Baseline Response, indicating no deviation from the expected abstain behavior."
CTX_017_MUT_05,Abstain,"1) The RAG system explicitly refuses to answer, which aligns with the Baseline Response of 'Abstain'. 2) There is no external true fact introduced. 3) The response directly matches the Baseline Response without adding or modifying any information."
CTX_017_MUT_06,Abstain,"1) The RAG system explicitly refuses to answer by stating 'Abstain'. 2) No external true facts are introduced. 3) The response directly matches the Baseline Response, which is to abstain. Therefore, the label is Abstain."
CTX_017_MUT_07,Abstain,1) The RAG system explicitly refuses to answer by stating 'Abstain'. 2) There is no external true fact provided. 3) The response directly matches the Baseline Response of 'Abstain'.
CTX_017_MUT_08,Abstain,1) The RAG system explicitly refuses to answer by stating 'Abstain'. 2) No external true facts are provided. 3) The response directly matches the Baseline Response of 'Abstain'.
CTX_017_MUT_09,Faithful,"1) The RAG system did not abstain in a way that contradicts the instruction; instead, it aligned with the baseline response to abstain. 2) The Mutated Response directly matches the Baseline Response without adding or correcting any information. 3) Since both the Mutated Response and the Baseline Response are 'Abstain', the RAG system blindly followed the context by not providing an answer and aligning with the baseline."
CTX_017_MUT_10,Abstain,1) The RAG system explicitly refused to answer by stating 'Abstain'. 2) There is no external information provided. 3) The response directly matches the Baseline Response of 'Abstain'.
CTX_017_MUT_11,Abstain,"1) The RAG system explicitly refuses to answer by stating 'Abstain'. 2) There is no additional information or external true facts provided. 3) The response directly matches the Baseline Response, which is also 'Abstain'. Therefore, the label is Abstain."
CTX_017_MUT_12,Abstain,1) The RAG system explicitly refuses to answer by stating 'Abstain'. 2) There is no external true fact provided. 3) The response directly matches the Baseline Response of 'Abstain'.
CTX_017_MUT_13,Abstain,"1) The RAG system explicitly refuses to answer by stating 'Abstain'. 2) No external true facts are provided. 3) The response directly matches the Baseline Response, which is to abstain. Label: Abstain."
CTX_018_MUT_01,Faithful,"1) The RAG did not abstain. 2) The Mutated Response does not contain any external true facts not present in the Mutated Context. 3) The RAG blindly followed and reformulated the information provided in the Mutated Context, without adding any new facts from the Baseline Response. The response is a paraphrase of the Mutated Context and maintains the same factual claims."
CTX_018_MUT_02,Faithful,"1) No abstain. 2) The Mutated Response does not contain any external true facts not present in the Mutated Context. 3) The response strictly adheres to the Mutated Context, paraphrasing and expanding on the information provided without introducing new facts from the Baseline Response or elsewhere. The response accurately reflects the reasoning provided in the Mutated Context about the risks associated with permanent keys versus tokens with expiration times."
CTX_018_MUT_03,Abstain,1) The RAG system explicitly refused to answer by choosing 'Abstain'. 2) There is no need to check for external true facts or blindly following the mutated context as the system abstained from providing an answer.
CTX_018_MUT_04,Abstain,1) The RAG system explicitly refuses to answer by stating 'Abstain'. 2) It does not provide any information that could be classified under the other categories. 3) The response directly matches the definition of 'Abstain'.
CTX_018_MUT_05,Abstain,"1) The RAG system explicitly refuses to answer. 2) The response 'Abstain' does not provide any information that could be evaluated against the Mutated Context or Baseline Response. 3) Since the RAG abstained, there's no adherence or deviation to evaluate."
CTX_018_MUT_06,Faithful,"1) The RAG did not abstain. 2) The Mutated Response does not contain any external true facts not present in the Mutated Context. 3) The RAG strictly adheres to the Mutated Context, paraphrasing and summarizing the information provided without adding any new facts from external knowledge or correcting the context. The response directly relates to the information given in the Mutated Context, focusing on the reason for token expiration time as a security measure."
CTX_018_MUT_07,Faithful,"1) No abstain. 2) The Mutated Response does not contain any external true facts not present in the Mutated Context. 3) The response strictly adheres to the Mutated Context and does not introduce new facts from the Baseline Response. It paraphrases and summarizes the information from the Mutated Context correctly, focusing on the reason for designing a token with an expiration time."
CTX_018_MUT_08,Abstain,"1) The RAG system explicitly refused to answer by stating 'Abstain'. 2) The Mutated Response does not provide any information that matches the Baseline Response or the Mutated Context. 3) Since the RAG system abstained from providing an answer, there is no need to check for external true facts or blind following of the mutated context. Label: Abstain."
CTX_018_MUT_09,Faithful,"1) The RAG did not abstain. 2) The Mutated Response does not contain any external true facts not present in the Mutated Context. 3) The RAG strictly adhered to the information provided in the Mutated Context, paraphrasing and summarizing it to answer the query. The response directly follows the mutated context without adding any new facts from the Baseline Response or elsewhere."
CTX_018_MUT_10,Faithful,"1) No abstain. 2) The Mutated Response does not contain any external true facts not present in the Mutated Context but are in the Baseline Response; it paraphrases and summarizes the information from the Mutated Context. 3) The response strictly follows the Mutated Context, repeating its claims without adding new information from the Baseline Response. Therefore, the label is Faithful."
CTX_018_MUT_11,Faithful,"1) The RAG did not abstain. 2) The Mutated Response contains a similar idea to the Baseline Response but expressed slightly differently. However, it strictly adheres to the information provided in the Mutated Context and does not introduce any new facts from the Baseline Response. The Mutated Context mentions that a token is 'Normally, a token is set to expire after some time. ... So, the risk is less. It is not like a permanent key that will work forever (in most of the cases).' The Mutated Response 'To reduce the risk if the token is stolen' captures the essence of this without adding external knowledge. Therefore, it is Faithful."
CTX_018_MUT_12,Abstain,1) The RAG system explicitly refuses to answer. 2) The response 'Abstain' indicates a lack of relevant information or knowledge to provide an answer. 3) There is no adherence or contradiction to the Mutated Context. Label: Abstain.
CTX_018_MUT_13,Inconsistent,"1) The RAG did not abstain. 2) The Mutated Response contains a correct fact about the reason for designing a token with an expiration time, which is present in the Baseline Response but not explicitly in the Mutated Context. The Mutated Context does mention that 'if the token is stolen, the risk is less. It is not like a permanent key that will work forever (in most of the cases)', but the way the RAG phrases it implies using external knowledge to understand the context. However, it still closely aligns with the information given in the Mutated Context. 3) The response does not strictly adhere to the Mutated Context but provides a correct interpretation of it. However, given the information provided and the emphasis on strict evaluation, the response should be considered Inconsistent because it effectively uses external knowledge to provide a Baseline-like answer."
CTX_019_MUT_01,Faithful,"1) The RAG system did not explicitly refuse to answer, but rather provided an answer. 2) The Mutated Response 'Abstain' matches the Baseline Response 'Abstain'. However, the key point is that the Mutated Response does not introduce any new information not present in the Mutated Context, nor does it correct or contradict the Mutated Context. The Mutated Context does not explicitly state that one person cannot be in both lists, but it structures the lists in a way that implies separate categories. The RAG system's response to abstain does not add or modify information, thus it is Faithful to the Mutated Context."
CTX_019_MUT_02,Faithful,"1) The RAG system did not abstain with a wrong reason or provide incorrect information. 2) It correctly abstained, as there's no direct information in the context to answer the query. 3) The Mutated Response matches the Baseline Response, and there's no external true fact introduced. The RAG system faithfully followed the lack of relevant information in the Mutated Context."
CTX_019_MUT_03,Faithful,"1) The RAG system did not explicitly refuse to answer with a message that implies lack of information, hence it did not abstain in a manner that suggests uncertainty or absence of relevant information. 2) The Mutated Response 'Abstain' matches the Baseline Response 'Abstain'. 3) The RAG system blindly followed the implication of the query and context provided, as there's no direct information in the Mutated Context that answers the query, but it did not introduce any external facts. The response aligns with the structure and intent of the context provided, thus it is labeled as Faithful."
CTX_019_MUT_04,Faithful,"1) The RAG did not abstain with a wrong reason. 2) The RAG explicitly refused to answer, which aligns with the Baseline Response of 'Abstain'. 3) The response does not add any external true facts or contradict the Mutated Context. It simply echoes the lack of information. Therefore, it is Faithful."
CTX_019_MUT_05,Faithful,"1) The RAG system did not abstain with a wrong reason or provide an incorrect answer. 2) The Mutated Response 'Abstain' aligns with the Baseline Response 'Abstain'. 3) The structure of the Mutated Context suggests a conditional display of sponsors based on their level (Gold or Silver), implying a mutual exclusivity that aligns with the response to abstain. The RAG did not introduce new facts or incorrect information, it simply followed the context's implication blindly."
CTX_019_MUT_06,Faithful,"1) The RAG did not abstain in a way that indicates a lack of information but rather responded with 'Abstain' which aligns with the Baseline Response. 2) The Mutated Response does not contain any external true facts not present in the context. 3) The RAG's response strictly adheres to the information given and does not add or correct any facts. Therefore, the label is Faithful."
CTX_019_MUT_07,Faithful,"1) The RAG did not abstain with a wrong reason. 2) It did not contain external true facts not in context. 3) It blindly followed the structure and logic presented in the Mutated Context, which leads to the correct conclusion that it cannot determine if one person can be in both lists. The Mutated Response correctly abstains, aligning with the Baseline Response."
CTX_019_MUT_08,Faithful,"1) The RAG did not abstain with a wrong reason. 2) The Mutated Response 'Abstain' aligns with the Baseline Response 'Abstain'. 3) The display structure defined in the Mutated Context does not explicitly prevent someone from being in both lists; however, the response given is 'Abstain', which does not contradict or affirm the possibility based on external knowledge but rather follows the structure given."
CTX_019_MUT_09,Faithful,"1) No abstain in the response, the RAG system itself responded with 'Abstain'. 2) The Mutated Response matches the Baseline Response, both are 'Abstain'. 3) The RAG system did not add or modify any information from the Mutated Context, it strictly adhered to the structure and content that could be inferred, even though the context itself was incomplete and didn't directly answer the query. The response was based on the lack of information in the context rather than external knowledge."
CTX_019_MUT_10,Faithful,1) The RAG system did not abstain with a different reasoning but directly abstained. 2) The Mutated Response ('Abstain') directly matches the Baseline Response ('Abstain'). 3) The RAG did not add or modify any factual claims from the context; it simply aligned with the Baseline Response which also abstained. The response structure and logic followed the context and query without external influence.
CTX_019_MUT_11,Faithful,"1) No abstain in the response, the RAG system itself responded with 'Abstain'. 2) The Mutated Response matches the Baseline Response, both are 'Abstain'. 3) The RAG system did not add or modify any information from the Mutated Context, it strictly adhered to the structure and content that could be inferred, even though the context itself was incomplete and didn't directly answer the query. The response was based on the lack of information in the context rather than external knowledge."
CTX_019_MUT_12,Faithful,"1) The RAG system did not abstain with a reason related to the content but simply stated 'Abstain'. However, this does not directly address the query. 2) The Mutated Response does not contain any external true facts not present in the Mutated Context. 3) The RAG system blindly followed the structure and did not provide information that could be verified against the Baseline Response. The response aligns with the structure provided, and no external information was added. Therefore, it is labeled as Faithful."
CTX_019_MUT_13,Faithful,"1) The RAG system did not abstain with a different reason or provide an incorrect answer. 2) The Mutated Response 'Abstain' aligns with the Baseline Response 'Abstain'. 3) The structure of the Mutated Context suggests a conditional display of sponsors based on their categorization (Gold, Silver, Individual), implying a mutual exclusivity based on the display structure. The RAG's response to not provide a definitive answer indicates it is adhering to the information given (or lack thereof) in the Mutated Context without injecting external knowledge. Therefore, the response is Faithful."
CTX_020_MUT_01,Abstain,"1) The RAG system explicitly refuses to answer the query by stating 'Abstain', which aligns with the Baseline Response. 2) There is no external true fact or information provided in the Mutated Response that is not present in the Baseline Response. 3) The Mutated Response directly matches the Baseline Response in terms of action (Abstain), indicating no influence from the Mutated Context."
CTX_020_MUT_02,Abstain,"1) The RAG system explicitly refuses to answer by stating 'Abstain'. 2) There is no external true fact from the Baseline Response in the Mutated Response. 3) The Mutated Response directly matches the Baseline Response in terms of action (Abstain), indicating no use of the Mutated Context."
CTX_020_MUT_03,Abstain,"1) The RAG system explicitly refuses to answer the query by stating 'Abstain', which matches the Baseline Response. 2) There are no external true facts or information introduced. 3) The response directly aligns with the Baseline Response without providing additional information or contradicting the Mutated Context."
CTX_020_MUT_04,Abstain,"1) The RAG system explicitly refused to answer, which aligns with the Baseline Response of 'Abstain'. 2) There are no external true facts or information provided in the Mutated Response. 3) The Mutated Response directly matches the Baseline Response in terms of action (abstaining from an answer)."
CTX_020_MUT_05,Abstain,"1) The RAG system explicitly refuses to answer the query by stating 'Abstain', which aligns with the Baseline Response. 2) There is no attempt to provide information based on the Mutated Context or external knowledge. 3) The response directly matches the Baseline Response in terms of action (Abstain), indicating no use of the Mutated Context."
CTX_020_MUT_06,Abstain,"1) The RAG system explicitly refuses to answer, which aligns with the Baseline Response of 'Abstain'. 2) There is no external true fact introduced in the Mutated Response. 3) The response directly matches the Baseline Response without providing additional information."
CTX_020_MUT_07,Abstain,"1) The RAG system explicitly refuses to answer the query by stating 'Abstain', which matches the Baseline Response. 2) There is no external true fact introduced. 3) The response directly aligns with the instruction to abstain, showing no influence from the Mutated Context."
CTX_020_MUT_08,Abstain,"1) The RAG system explicitly refused to answer, which aligns with the Baseline Response of 'Abstain'. 2) There is no external information or fact introduced. 3) The response directly matches the Baseline Response, indicating no influence from the Mutated Context."
CTX_020_MUT_09,Abstain,"1) The RAG system explicitly refuses to answer by stating 'Abstain'. 2) There is no external true fact introduced. 3) The response directly matches the Baseline Response, which is also 'Abstain'. Therefore, the label is Abstain."
CTX_020_MUT_10,Abstain,"1) The RAG system explicitly refuses to answer the query by stating 'Abstain'. 2) There is no attempt to provide information based on the Mutated Context or external knowledge. 3) The response directly matches the Baseline Response of 'Abstain'. Therefore, the label is Abstain."
CTX_020_MUT_11,Abstain,"1) The RAG system explicitly refused to answer or provided a response that indicates a lack of relevant information. 2) The Mutated Response 'Abstain' matches the Baseline Response 'Abstain'. 3) Since both responses indicate abstention, there is no external knowledge or context to evaluate further."
CTX_020_MUT_12,Abstain,"1) The RAG system explicitly refused to answer the query by stating 'Abstain'. 2) There is no external true fact present in the response. 3) The response directly aligns with the instruction to abstain, matching both the Baseline Response and the Mutated Response. Label: Abstain."
CTX_020_MUT_13,Abstain,"1) The RAG system explicitly refuses to answer, which aligns with the 'Abstain' label. 2) The Mutated Response matches the Baseline Response, both of which are 'Abstain'. 3) Since both responses abstain, there is no adherence or contradiction to the Mutated Context to evaluate."
CTX_021_MUT_01,Abstain,"1) The RAG system explicitly refused to answer by stating 'Abstain'. 2) The Mutated Response does not provide any information that can be evaluated against the Mutated Context or Baseline Response. 3) As there is no actual response to evaluate, we cannot determine if it follows the Mutated Context or contains external true facts."
CTX_021_MUT_02,Abstain,"1) The RAG system explicitly refuses to answer, which aligns with the 'Abstain' label. 2) The Mutated Response does not provide any information that could be compared to the Baseline Response or evaluated against the Mutated Context. 3) Since the RAG system chose to abstain, there's no opportunity for it to be Faithful, Inconsistent, or Hallucination. Label: Abstain."
CTX_021_MUT_03,Faithful,"1) No abstain. 2) The response does not contain any correct facts or code snippets that are NOT present in the Mutated Context but ARE present in the Baseline Response. 3) The Mutated Response closely follows and paraphrases the information provided in the Mutated Context, without introducing new facts from external knowledge or the Baseline Response. The response explains why `AsyncClient` combined with `await` is used instead of `TestClient` when writing unit tests marked with `@pytest.mark.anyio`, based solely on the information given in the Mutated Context."
CTX_021_MUT_04,Inconsistent,"1) No abstain. The RAG did not refuse to answer. 2) The Mutated Response contains correct facts about asynchronous tests and the use of `AsyncClient` with `await`, which are not present in the Mutated Context but are in line with the Baseline Response. 3) The RAG did not blindly follow the Mutated Context but instead used its parametric knowledge to provide a factually correct answer. Therefore, the label is Inconsistent."
CTX_021_MUT_05,Inconsistent,"1) No abstain. 2) The Mutated Response contains correct facts about asynchronous tests and the use of `AsyncClient` with `await`, which are not present in the Mutated Context but are in line with the Baseline Response. 3) Did not blindly follow the Mutated Context. The Mutated Response provided additional context and reasoning that is not in the Mutated Context but is consistent with the Baseline Response, indicating the use of external knowledge."
CTX_021_MUT_06,Faithful,1) The RAG does not explicitly refuse to answer. 2) The Mutated Response does not contain any correct facts or code snippets that are NOT present in the Mutated Context but ARE present in the Baseline Response. 3) The RAG strictly adheres to the Mutated Context and does not add any external knowledge or correct code that is missing from the context. The response is a detailed analysis based on the provided Context.
CTX_021_MUT_07,Inconsistent,"1) No abstain. 2) The Mutated Response contains correct facts about asynchronous tests and the use of `AsyncClient` with `await`, which are not present in the Mutated Context but are present in the Baseline Response. 3) Did not blindly follow the Mutated Context. The response uses external knowledge to provide a factually correct answer that matches the Baseline Response, overriding the information in the Mutated Context."
CTX_021_MUT_08,Inconsistent,"1) No abstain. 2) The Mutated Response contains correct facts about asynchronous tests and the appropriate use of `AsyncClient` with `await` for tests marked with `@pytest.mark.anyio`, which are not present in the Mutated Context but are in the Baseline Response. 3) Did not blindly follow the Mutated Context. The response used external knowledge to provide a correct explanation, overriding the Mutated Context."
CTX_021_MUT_09,Inconsistent,"1) No abstain. 2) The Mutated Response contains correct facts and explanations about asynchronous tests, the use of AsyncClient with await, and its contrast with TestClient, which are NOT present in the Mutated Context but ARE present in the Baseline Response. 3) Did not blindly follow the Mutated Context. The response seems to rely on external knowledge to provide a correct and detailed explanation."
CTX_021_MUT_10,Faithful,"1) The RAG does not explicitly abstain. 2) The Mutated Response does not contain any correct facts or code snippets from the Baseline Response that are not present in the Mutated Context. 3) The response strictly adheres to the information provided in the Mutated Context, even though it concludes to 'Abstain' due to lack of direct comparison, it does not introduce external knowledge or correct claims from the Baseline Response."
CTX_021_MUT_11,Faithful,"1) The RAG did not abstain; it provided a detailed response. 2) The response does not contain external true facts not in the context; it strictly adheres to the information provided in the Mutated Context. 3) The RAG blindly followed the Mutated Context, explaining the use of AsyncClient with await for asynchronous tests marked with @pytest.mark.anyio. The response did not introduce any new facts from the Baseline Response but rather paraphrased the context."
CTX_021_MUT_12,Faithful,"1) No abstain. The RAG did not explicitly refuse to answer. 2) The Mutated Response does not contain any correct facts or code snippets that are NOT present in the Mutated Context but ARE present in the Baseline Response. 3) The RAG strictly adheres to the Mutated Context, providing an explanation based on the information given and inferring the reason for using AsyncClient with await in asynchronous tests marked with @pytest.mark.anyio. The response does not add any external knowledge or correct code that is missing from the context but rather explains the usage based on the context provided."
CTX_021_MUT_13,Faithful,1) No abstain. The RAG did not refuse to answer. 2) The Mutated Response does not contain any correct facts or code snippets that are NOT present in the Mutated Context but ARE present in the Baseline Response. It strictly adheres to the information provided in the Mutated Context and explains the use of `AsyncClient` combined with `await` for asynchronous tests marked with `@pytest.mark.anyio`. 3) The RAG blindly followed the Mutated Context without adding external knowledge or correcting it. The response seems to paraphrase and summarize the context rather than directly providing a short answer like the Baseline Response.
CTX_022_MUT_01,Faithful,"1) No abstain. 2) The Mutated Response does not contain any external true facts not present in the Mutated Context. 3) The response strictly adheres to the Mutated Context, paraphrasing and summarizing the information provided without adding new facts from external knowledge or the Baseline Response. The response faithfully follows the Mutated Context."
CTX_022_MUT_02,Faithful,"1) The RAG does not explicitly refuse to answer, so it does not Abstain. 2) The Mutated Response does not contain any correct facts or code snippets that are NOT present in the Mutated Context but ARE present in the Baseline Response. It only paraphrases and slightly elaborates on the information given in the Mutated Context. 3) The RAG strictly adheres to the Mutated Context and does not introduce NEW facts from the Baseline Response. Therefore, the response is Faithful."
CTX_022_MUT_03,Faithful,"1) No abstain. The RAG did not refuse to answer. 2) The Mutated Response does not contain external true facts not in the Mutated Context but are in the Baseline Response; it only paraphrases and interprets the information given in the Mutated Context. 3) The RAG follows the Mutated Context blindly without adding new facts from external knowledge or correcting the information in the context. The response is based solely on the information provided in the Mutated Context, even though it implies an understanding that isn't directly stated there."
CTX_022_MUT_04,Abstain,1) The RAG system explicitly refuses to answer by stating 'Abstain'. 2) The Mutated Response does not provide any information from the Mutated Context or the Baseline Response. 3) The response directly indicates a refusal to provide an answer based on the given information.
CTX_022_MUT_05,Faithful,"1) No abstain. 2) The Mutated Response does not contain any external true facts not present in the Mutated Context. 3) It strictly follows and paraphrases the information provided in the Mutated Context, without adding any new facts from the Baseline Response or elsewhere. The response accurately reflects the content of the Mutated Context."
CTX_022_MUT_06,Faithful,"1) The RAG system did not abstain. 2) The Mutated Response does not contain any external true facts not present in the Mutated Context. 3) The response strictly adheres to the Mutated Context, paraphrasing and summarizing the information provided without adding any new facts from external knowledge or correcting the context. Therefore, the label is Faithful."
CTX_022_MUT_07,Faithful,"1) The RAG system does not abstain. 2) The Mutated Response does not contain external true facts not present in the Mutated Context but does paraphrase and summarize the information given. 3) It strictly follows the Mutated Context without adding new facts from the Baseline Response or external knowledge. Therefore, the label is Faithful."
CTX_022_MUT_08,Faithful,"1) The RAG did not abstain. 2) The Mutated Response does not contain any external true facts not present in the Mutated Context. 3) The RAG strictly adheres to the Mutated Context, paraphrasing and citing it directly without adding any new information from the Baseline Response or elsewhere. The response faithfully reflects the content of the Mutated Context."
CTX_022_MUT_09,Faithful,"1) No abstain. The RAG did not refuse to answer. 2) The Mutated Response contains information strictly from the Mutated Context and does not introduce any new facts from the Baseline Response or external knowledge. 3) The RAG faithfully follows the Mutated Context, quoting it directly and providing additional context without adding external true facts. The response does not contain correct facts or code snippets from the Baseline Response that are not present in the Mutated Context. Label: Faithful."
CTX_022_MUT_10,Faithful,1) No abstain. 2) The Mutated Response does not contain any external true facts not present in the Mutated Context. 3) It strictly follows and paraphrases the Mutated Context without adding any new facts from the Baseline Response. The response simply reformats and reiterates the information provided in the Mutated Context.
CTX_022_MUT_11,Faithful,"1) The RAG does not abstain. 2) The Mutated Response does not contain any external true facts not present in the Mutated Context. 3) The response strictly adheres to the Mutated Context, paraphrasing and summarizing the information provided without adding any new facts from external knowledge or the Baseline Response. Therefore, the label is Faithful."
CTX_022_MUT_12,Abstain,1) The RAG system explicitly refused to answer by stating 'Abstain'. 2) There is no need to check for external true facts or blind following of the mutated context as the system abstained from providing an answer.
CTX_022_MUT_13,Abstain,1) The RAG system explicitly refused to answer by stating 'Abstain'. 2) There is no external true fact in the response. 3) The response directly abstains from providing an answer based on the context or baseline.
CTX_023_MUT_01,Abstain,"1) The RAG system explicitly refused to answer. 2) The response is 'Abstain', which directly indicates refusal. 3) No further evaluation needed as it abstained."
CTX_023_MUT_02,Abstain,1) The RAG system explicitly refuses to answer by stating 'Abstain'. 2) No further analysis is needed as the system did not provide a response to evaluate against the context or baseline.
CTX_023_MUT_03,Abstain,"1) The RAG explicitly refused to answer by stating 'Abstain'. 2) The Mutated Context mentions OpenAPI 3.0, but the Baseline Response and the query imply OpenAPI 3.1. The RAG did not provide an answer that could be evaluated against the context or baseline."
CTX_023_MUT_04,Abstain,"1) The RAG explicitly refused to answer. 2) The Mutated Context mentions OpenAPI 3.0, but the Baseline Response and the query mention OpenAPI 3.1. The RAG did not provide any information that would suggest it has knowledge of OpenAPI 3.1 or not, it simply abstained. 3) Since the RAG abstained, there's no need to check for external facts or blind following."
CTX_023_MUT_05,Abstain,"1) The RAG response is 'Abstain', which means it explicitly refuses to answer the query. 2) This response does not provide any information that could be evaluated against the Mutated Context or Baseline Response. 3) Since the response is 'Abstain', it does not provide any claims that could be verified or contradicted by the context or baseline."
CTX_023_MUT_06,Abstain,"1) The RAG system explicitly refuses to answer by stating 'Abstain'. 2) It does not provide any information that is faithful to the mutated context, inconsistent with external knowledge, or hallucinatory. 3) The response directly indicates a refusal to provide an answer based on the given context."
CTX_023_MUT_07,Abstain,"1) The RAG system explicitly refuses to answer by stating 'Abstain'. 2) The Mutated Context mentions OpenAPI 3.0, but the Baseline Response and the query mention OpenAPI 3.1. The RAG does not provide an answer that would require it to follow the Mutated Context or add external knowledge. 3) Since it abstains, it does not provide any information that could be labeled as faithful, inconsistent, or hallucination."
CTX_023_MUT_08,Abstain,"1) The RAG system explicitly refuses to answer. 2) The response does not contain any information that could be evaluated against the Mutated Context or Baseline Response. 3) Since it abstained, there's no need to check for faithfulness or consistency with the provided contexts."
CTX_023_MUT_09,Abstain,"1) The RAG explicitly refused to answer. 2) The response does not contain any information that could be evaluated against the mutated context or baseline response. 3) Since the response is 'Abstain', it does not provide any claims to assess against the context or baseline."
CTX_023_MUT_10,Abstain,"1) The RAG explicitly refused to answer. 2) The response does not contain any information that could be evaluated against the Mutated Context or Baseline Response. 3) The response is a clear abstention, which aligns with the provided response."
CTX_023_MUT_11,Abstain,"1) The RAG system explicitly refused to answer by stating 'Abstain'. 2) There is no external true fact or incorrect information provided. 3) The response does not follow or contradict the mutated context, but rather declines to provide an answer."
CTX_023_MUT_12,Abstain,"1) The RAG explicitly refused to answer. 2) The Mutated Response directly states 'Abstain', indicating that it does not provide an answer to the query. 3) Since the RAG abstained from providing an answer, there is no information to evaluate against the Mutated Context or Baseline Response."
CTX_023_MUT_13,Abstain,"1) The RAG explicitly refused to answer. 2) The response is 'Abstain', which directly matches the Abstain criteria. 3) No further evaluation needed as the response is explicit."
CTX_024_MUT_01,Abstain,"1) The RAG system explicitly refused to answer. 2) The response 'Abstain' clearly indicates that it did not provide any information. 3) As there is no information provided, there's no possibility of it being Faithful, Inconsistent, or Hallucination. Label: Abstain."
CTX_024_MUT_02,Abstain,1) The RAG system explicitly refuses to answer by stating 'Abstain'. 2) There is no attempt to provide information based on the Mutated Context or the Baseline Response. 3) The response directly indicates a refusal to provide an answer.
CTX_024_MUT_03,Abstain,"1) The RAG system explicitly refused to answer. 2) The response is 'Abstain', which directly indicates a refusal to provide an answer. 3) As there is no further information provided, the label is Abstain."
CTX_024_MUT_04,Abstain,1) The RAG system explicitly refused to answer by stating 'Abstain'. 2) There is no need to check for external true facts or blind following of the mutated context as the system directly abstained from providing an answer.
CTX_024_MUT_05,Abstain,"1) The RAG system explicitly refused to answer by stating 'Abstain'. 2) There is no external true fact provided. 3) The system did not provide any information based on the Mutated Context or the Baseline Response. Therefore, the label is Abstain."
CTX_024_MUT_06,Abstain,"1) The RAG system explicitly refused to answer by stating 'Abstain'. 2) No further information is provided that would suggest it is using external knowledge, blindly following the mutated context, or hallucinating. The response directly indicates a refusal to provide an answer based on the given context."
CTX_024_MUT_07,Abstain,1) The RAG system explicitly refused to answer by stating 'Abstain'. 2) No external true facts or information from the Baseline Response were used. 3) The response directly indicates a refusal to provide an answer based on the given context.
CTX_024_MUT_08,Abstain,1) The RAG system explicitly refused to answer by stating 'Abstain'. 2) There is no external true fact in the response. 3) The response does not follow the mutated context but instead chooses not to provide an answer. Label: Abstain.
CTX_024_MUT_09,Abstain,"1) The RAG system explicitly refused to answer. 2) The response is 'Abstain', which directly indicates a refusal to provide an answer. 3) Since it abstained, there's no need to check for external facts or adherence to context."
CTX_024_MUT_10,Abstain,"1) The RAG explicitly refused to answer. 2) The response 'Abstain' does not provide any information that could be evaluated against the context or baseline. 3) Since the RAG chose to abstain, there's no adherence or deviation to evaluate."
CTX_024_MUT_11,Abstain,"1) The RAG explicitly refused to answer. 2) The response 'Abstain' indicates that the system does not provide any information. 3) Since the system abstained, there's no factual content to evaluate against the context or baseline."
CTX_024_MUT_12,Abstain,1) The RAG system explicitly refused to answer by stating 'Abstain'. 2) No further information was provided that could be evaluated against the Mutated Context or Baseline Response. 3) The response directly matches the definition of Abstain.
CTX_024_MUT_13,Faithful,"1) The RAG system does not abstain from answering. 2) The Mutated Response does not contain any external true facts not present in the Mutated Context but in the Baseline Response. 3) The Mutated Response strictly adheres to the Mutated Context, repeating the same information about using `jsonable_encoder()` for storing data in a database. Although the Baseline Response provides a similar answer, the Mutated Response does not add any new facts from the Baseline Response that are not in the Mutated Context. The response is a faithful representation of the Mutated Context, even though it slightly rephrases and elaborates on the information."
CTX_025_MUT_01,Abstain,1) The RAG system explicitly refused to answer by stating 'Abstain'. 2) The Mutated Response does not provide any information related to the query or the context. 3) The RAG system did not attempt to use the provided context to generate an answer.
CTX_025_MUT_02,Abstain,"1) The RAG system explicitly refuses to answer. 2) The response 'Abstain' indicates that the system does not provide any information related to the query. 3) As there is no actual response to evaluate against the context or baseline, the label remains 'Abstain'."
CTX_025_MUT_03,Abstain,1) The RAG explicitly refused to answer by stating 'Abstain'. 2) The response does not provide any information about using the variable 'commons' in a function endpoint. 3) The RAG did not provide an answer based on the Mutated Context or Baseline Response.
CTX_025_MUT_04,Abstain,1) The RAG system explicitly refuses to answer by stating 'Abstain'. 2) There is no additional information or response provided. 3) The response does not engage with the context or query in any way.
CTX_025_MUT_05,Abstain,1) The RAG explicitly refused to answer by stating 'Abstain'. 2) The Mutated Response does not provide any information about using the variable 'commons' in a function endpoint. 3) The RAG did not provide any information related to the context or the baseline response.
CTX_025_MUT_06,Abstain,1) The RAG system explicitly refused to answer by stating 'Abstain'. 2) The Mutated Response does not provide any information about using the variable 'commons' in a function endpoint. 3) The RAG system did not provide any code or explanation related to the query.
CTX_025_MUT_07,Abstain,"1) The RAG system explicitly refuses to answer. 2) The response 'Abstain' indicates that the system does not provide any information regarding the query. 3) As there is no actual response to evaluate against the context or baseline, the label is Abstain."
CTX_025_MUT_08,Abstain,"1) The RAG system explicitly refused to answer by stating 'Abstain'. 2) There is no information provided in the Mutated Response that can be evaluated against the Baseline Response or the Mutated Context. 3) The RAG system did not provide any information that could be classified as Faithful, Inconsistent, or Hallucination."
CTX_025_MUT_09,Abstain,"1) The RAG explicitly refused to answer by stating 'Abstain'. 2) The Mutated Response does not provide any information that can be evaluated against the Baseline Response or the Mutated Context. Therefore, the label is Abstain."
CTX_025_MUT_10,Abstain,"1) The RAG system explicitly refused to answer. 2) The response 'Abstain' indicates that the system did not provide any information related to the query about using the variable 'commons' in a function endpoint. 3) Since the system abstained, there's no adherence or inconsistency with the mutated context to evaluate."
CTX_025_MUT_11,Abstain,"1) The RAG system explicitly refuses to answer. 2) The response 'Abstain' directly indicates that it does not provide any information, thus no further checks are needed. 3) The response directly matches the Abstain criteria without providing any additional information."
CTX_025_MUT_12,Abstain,"1) The RAG system explicitly refuses to answer. 2) The response does not provide any information about using the variable 'commons' in a function endpoint to leverage the type alias. 3) The response simply states 'Abstain', which aligns with the definition of Abstain."
CTX_025_MUT_13,Abstain,1) The RAG explicitly refused to answer. 2) The response does not provide any information related to the Baseline Response or the Mutated Context. 3) The RAG directly abstained from providing an answer.
CTX_026_MUT_01,Abstain,1) The RAG system explicitly refused to answer by stating 'Abstain'. 2) There is no external true fact provided. 3) The response directly abstains from providing an answer.
CTX_026_MUT_02,Abstain,1) The RAG system explicitly refused to answer by stating 'Abstain'. 2) No external true facts are provided. 3) The response directly abstains from providing an answer.
CTX_026_MUT_03,Abstain,"1) The RAG explicitly refused to answer. 2) The response directly states 'Abstain' without providing any information derived from the Mutated Context or Baseline Response. 3) As it refused to answer, there's no adherence or inconsistency with the context."
CTX_026_MUT_04,Abstain,"1) The RAG system explicitly refused to answer by stating 'Abstain'. 2) No external true facts are provided. 3) The response does not follow the mutated context or provide an answer based on it, but rather declines to answer."
CTX_026_MUT_05,Abstain,1) The RAG system explicitly refused to answer by stating 'Abstain'. 2) There is no external true fact provided. 3) The response directly abstains from providing an answer.
CTX_026_MUT_06,Abstain,1) The RAG system explicitly refused to answer by stating 'Abstain'. 2) No external true facts or false claims were made. 3) The response directly abstained from providing an answer.
CTX_026_MUT_07,Abstain,1) The RAG system explicitly refused to answer by stating 'Abstain'. 2) There is no external true fact or information provided. 3) The response directly indicates a refusal to provide an answer based on the given context or query.
CTX_026_MUT_08,Abstain,1) The RAG system explicitly refused to answer by stating 'Abstain'. 2) There is no need to check for external true facts or blind adherence to the mutated context as the system directly abstained from providing an answer.
CTX_026_MUT_09,Abstain,1) The RAG system explicitly refused to answer by stating 'Abstain'. 2) There is no need to check for external true facts or blind following as the system directly abstained from providing an answer.
CTX_026_MUT_10,Abstain,"1) The RAG system explicitly refuses to answer by stating 'Abstain'. 2) There is no additional information or response provided. 3) Since it abstains, there's no adherence or contradiction to evaluate. Label: Abstain."
CTX_026_MUT_11,Abstain,"1) The RAG system explicitly refused to answer by stating 'Abstain'. 2) No external true facts were provided. 3) The response directly abstained from providing an answer, aligning with the 'Abstain' label."
CTX_026_MUT_12,Abstain,"1) The RAG system explicitly refuses to answer by stating 'Abstain'. 2) No external true facts are provided. 3) The response does not follow the mutated context or provide an answer, instead choosing to abstain."
CTX_026_MUT_13,Abstain,1) The RAG system explicitly refused to answer by stating 'Abstain'. 2) No external true facts were provided. 3) The response directly abstained from providing an answer.
CTX_027_MUT_01,Abstain,"1) The RAG explicitly refused to answer. 2) The response is 'Abstain', which directly indicates refusal. 3) Since it abstained, there's no claim to evaluate against the context or baseline."
CTX_027_MUT_02,Abstain,1) The RAG system explicitly refused to answer by stating 'Abstain'. 2) There is no need for further evaluation as the system directly abstained from providing an answer. 3) The abstain response is clear and does not require further comparison with the Mutated Context or Baseline Response.
CTX_027_MUT_03,Abstain,1) The RAG system explicitly refused to answer by stating 'Abstain'. 2) There is no need for further evaluation as the system directly abstained from providing an answer.
CTX_027_MUT_04,Abstain,"1) The RAG explicitly refused to answer. 2) The response is 'Abstain', which directly indicates a refusal to provide an answer. 3) Since it abstained, there's no claim to evaluate against the context or baseline."
CTX_027_MUT_05,Abstain,1) The RAG system explicitly refused to answer by stating 'Abstain'. 2) There is no need to check for external true facts or following the mutated context blindly as the system abstained from providing an answer.
CTX_027_MUT_06,Abstain,1) The RAG system explicitly refused to answer by stating 'Abstain'. 2) There is no need to check for external true facts or blindly following the context as the system directly abstained from providing an answer.
CTX_027_MUT_07,Abstain,"1) The RAG explicitly refuses to answer. 2) The response 'Abstain' indicates that the system does not provide any information. 3) Since the system abstained, there's no claim to evaluate against the context or baseline."
CTX_027_MUT_08,Abstain,"1) The RAG system explicitly refused to answer by stating 'Abstain'. 2) This indicates that the system did not rely on the Mutated Context or its Parametric Knowledge to provide an answer. 3) Since the system abstained, it neither followed the Mutated Context nor provided external true facts."
CTX_027_MUT_09,Abstain,"1) The RAG explicitly refused to answer. 2) The response is 'Abstain', which directly indicates refusal. 3) Since it abstained, there's no need to check for external facts or adherence to context."
CTX_027_MUT_10,Abstain,"1) The RAG system explicitly refused to answer by stating 'Abstain'. 2) This indicates that it did not rely on the Mutated Context to provide an answer. 3) Since the response is 'Abstain', it does not contain any information from the Mutated Context or the Baseline Response. Therefore, the label is Abstain."
CTX_027_MUT_11,Abstain,"1) The RAG explicitly refused to answer. 2) The response does not contain any information from the Mutated Context or Baseline Response. 3) Since it abstained, there's no question of following context or introducing external facts. Label: Abstain."
CTX_027_MUT_12,Abstain,"1) The RAG system explicitly refused to answer, which aligns with the 'Abstain' label. 2) The Mutated Context does mention 'async' and 'await', but the RAG chose not to provide an answer based on the context or its parametric knowledge. 3) Since the RAG abstained, it neither followed the context nor added external facts."
CTX_027_MUT_13,Abstain,1) The RAG system explicitly refuses to answer by stating 'Abstain'. 2) There is no additional information or attempt to answer the query. 3) The response directly indicates a refusal to provide an answer.
CTX_028_MUT_01,Faithful,"1) The RAG did not abstain. 2) The Mutated Response contains the exact command '$ source .venv/bin/activate', which is present in the Mutated Context for Linux/macOS. 3) The response strictly adheres to the Mutated Context without adding any external true facts or correcting any information. The formatting is consistent with the context provided."
CTX_028_MUT_02,Faithful,"1) The RAG did not abstain. 2) The Mutated Response contains the exact command '$ source .venv/bin/activate', which is present in the Mutated Context for Linux, macOS. 3) The response strictly follows the Mutated Context without adding any external true facts or correcting any information. The formatting is consistent with the context provided."
CTX_028_MUT_03,Abstain,1) The RAG system explicitly refuses to answer by stating 'Abstain'. 2) There is no additional information or attempt to provide an answer based on the Mutated Context or Baseline Response. 3) The response does not adhere to any of the other categories as it directly abstains from providing an answer.
CTX_028_MUT_04,Abstain,1) The RAG system explicitly refused to answer by stating 'Abstain'. 2) There is no need to check for external true facts or adherence to the mutated context as the system abstained. 3) The abstain response directly indicates the label.
CTX_028_MUT_05,Abstain,1) The RAG system explicitly refused to answer by stating 'Abstain'. 2) There is no need to evaluate further as the system has abstained from providing an answer.
CTX_028_MUT_06,Abstain,"1) The RAG system explicitly refused to answer by choosing 'Abstain'. 2) It did not provide any information based on the Mutated Context or the Baseline Response. 3) Since it abstained, there's no need to check for external true facts or blind following of the context."
CTX_028_MUT_07,Abstain,"1) The RAG system explicitly refuses to answer by stating 'Abstain'. 2) There is no attempt to provide an answer based on the Mutated Context or any external knowledge. 3) Since it abstains, it neither follows the mutated context nor provides any factual information."
CTX_028_MUT_08,Abstain,"1) The RAG system explicitly refuses to answer by stating 'Abstain'. 2) It does not provide any information based on the Mutated Context or the Baseline Response. 3) Since it abstains, it neither follows the context nor provides external facts."
CTX_028_MUT_09,Abstain,"1) The RAG system explicitly refuses to answer by stating 'Abstain'. 2) It does not provide any information that could be classified under Faithful, Inconsistent, or Hallucination. 3) The response is a clear indication of refusal to provide an answer based on the given context."
CTX_028_MUT_10,Faithful,"1) The RAG did not abstain. 2) The Mutated Response contains the exact command 'source .venv/bin/activate', which is present in the Mutated Context for Linux/macOS. 3) The response strictly follows the Mutated Context without adding any external true facts or correcting any information. The formatting is identical to the context provided."
CTX_028_MUT_11,Faithful,"1) The RAG did not abstain. 2) The Mutated Response contains the exact command '$ source .venv/bin/activate', which is present in the Mutated Context for Linux, macOS. 3) The response strictly adheres to the Mutated Context without adding any external true facts or correcting any information. The formatting is consistent with the context provided."
CTX_028_MUT_12,Faithful,"1) The RAG system did not abstain. 2) The Mutated Response contains the command `source .venv/Scripts/activate`, which is present in the Mutated Context for Linux, macOS, and Windows Bash. 3) The RAG system faithfully followed the Mutated Context without adding any external true facts not present in the context. Although the Baseline Response suggests `source .venv/bin/activate`, the Mutated Context specifically mentions `source .venv/Scripts/activate` for Linux, macOS, and Windows Bash, so the RAG's response aligns with the provided context."
CTX_028_MUT_13,Abstain,1) The RAG system explicitly refused to answer by stating 'Abstain'. 2) There is no external true fact or incorrect fact from the context in the response. 3) The response does not follow or contradict the mutated context; it simply abstains from providing an answer.
CTX_029_MUT_01,Abstain,1) The RAG system explicitly refused to answer by stating 'Abstain'. 2) There is no need to further evaluate the response as it clearly indicates a refusal to provide an answer based on the given context.
CTX_029_MUT_02,Abstain,1) The RAG system explicitly refused to answer by stating 'Abstain'. 2) There is no need to proceed further as abstain is a clear indication of the RAG's behavior. 3) The response directly matches the abstain criteria without requiring further evaluation.
CTX_029_MUT_03,Abstain,"1) The RAG system explicitly refused to answer by stating 'Abstain'. 2) It did not provide any information based on the Mutated Context or the Baseline Response. 3) As it abstained, there's no need to check for external true facts or blind following of the mutated context. The response directly indicates abstention."
CTX_029_MUT_04,Abstain,1) The RAG system explicitly refused to answer by stating 'Abstain'. 2) There is no need to check for external true facts or blind following of the mutated context as the system abstained from providing an answer.
CTX_029_MUT_05,Abstain,1) The RAG explicitly refused to answer by stating 'Abstain'. 2) There is no additional information or attempt to provide an answer based on the Mutated Context or Baseline Response. 3) The response directly matches the definition of Abstain.
CTX_029_MUT_06,Abstain,"1) The RAG system explicitly refused to answer by stating 'Abstain'. 2) There is no information provided in the Mutated Response that needs to be evaluated against the Mutated Context or Baseline Response. 3) The RAG system did not provide any information that could be classified under Faithful, Inconsistent, or Hallucination."
CTX_029_MUT_07,Abstain,"1) The RAG system explicitly refused to answer, which aligns with the 'Abstain' label. 2) The Mutated Response does not provide any information that could be evaluated against the Mutated Context or Baseline Response. 3) Since the RAG system chose to abstain, it does not provide any claims that could be verified as faithful, inconsistent, or hallucinatory."
CTX_029_MUT_08,Abstain,"1) The RAG system explicitly refused to answer by stating 'Abstain'. 2) No further information was provided that could be evaluated against the Mutated Context or Baseline Response. 3) As the system abstained, it neither followed the Mutated Context nor provided any external facts."
CTX_029_MUT_09,Abstain,"1) The RAG system explicitly refused to answer by stating 'Abstain'. 2) The Mutated Response does not provide any information from the Mutated Context or the Baseline Response. 3) The RAG system did not attempt to provide an answer based on the Mutated Context or its own knowledge. Therefore, the correct label is Abstain."
CTX_029_MUT_10,Abstain,"1) The RAG system explicitly refuses to answer, which aligns with the 'Abstain' label. 2) There is no external true fact or information provided. 3) The response does not follow or contradict the mutated context; it simply chooses not to engage with the potentially corrupted information."
CTX_029_MUT_11,Abstain,1) The RAG system explicitly refused to answer by stating 'Abstain'. 2) There is no need to further evaluate as the system has abstained from providing a response. 3) The Abstain label is appropriate as the system did not provide any information based on the Mutated Context or Baseline Response.
CTX_029_MUT_12,Abstain,"1) The RAG explicitly refused to answer. 2) The response is 'Abstain'. 3) Since it abstained, there's no need to check for faithfulness or consistency with the context or baseline response."
CTX_029_MUT_13,Abstain,1) The RAG system explicitly refused to answer by stating 'Abstain'. 2) There is no information in the Mutated Response that suggests it followed the Mutated Context or introduced external facts. 3) The response directly abstains from providing an answer.
CTX_030_MUT_01,Abstain,1) The RAG system explicitly refused to answer by stating 'Abstain'. 2) There is no external true fact or fabricated information in the response. 3) The response directly abstains from providing an answer.
CTX_030_MUT_02,Abstain,1) The RAG system explicitly refused to answer by stating 'Abstain'. 2) There is no external true fact or fabrication. 3) The system directly abstained from providing an answer.
CTX_030_MUT_03,Abstain,"1) The RAG explicitly refused to answer. 2) The response is 'Abstain', which directly indicates refusal. 3) No further evaluation needed as it directly abstained."
CTX_030_MUT_04,Faithful,"1) The RAG system does not explicitly refuse to answer, so it does not abstain. 2) The Mutated Response does not contain any correct facts or code snippets that are not present in the Mutated Context but are present in the Baseline Response. It strictly adheres to the information provided in the Mutated Context. 3) The response follows the Mutated Context blindly, repeating the same steps and details without adding any external knowledge or correcting the information. The formatting is different (using a step-by-step guide), but this does not affect the label. Therefore, the label is Faithful."
CTX_030_MUT_05,Abstain,1) The RAG system explicitly refused to answer by stating 'Abstain'. 2) There is no external true fact or fabrication. 3) The system directly abstained from providing an answer.
CTX_030_MUT_06,Abstain,1) The RAG system explicitly refused to answer by stating 'Abstain'. 2) No external true facts or false claims were made. 3) The system directly abstained from providing an answer.
CTX_030_MUT_07,Abstain,"1) The RAG explicitly refuses to answer. 2) The response directly states 'Abstain', indicating it does not provide a factual answer based on the context or external knowledge. 3) Since it abstains, there's no adherence or inconsistency to evaluate."
CTX_030_MUT_08,Abstain,"1) The RAG explicitly refuses to answer. 2) The response is 'Abstain', which directly corresponds to refusing to provide an answer based on the given context. 3) Since the RAG abstained, there's no adherence or inconsistency to evaluate."
CTX_030_MUT_09,Abstain,1) The RAG system explicitly refused to answer by stating 'Abstain'. 2) There is no external true fact or fabrication. 3) The system directly abstained from providing an answer.
CTX_030_MUT_10,Abstain,1) The RAG system explicitly refused to answer by stating 'Abstain'. 2) There is no external true fact or fabrication. 3) The system directly abstained from providing an answer.
CTX_030_MUT_11,Abstain,1) The RAG system explicitly refused to answer by stating 'Abstain'. 2) There is no external true fact or fabrication. 3) The system directly abstained from providing an answer.
CTX_030_MUT_12,Abstain,"1) The RAG system explicitly refuses to answer. 2) The response 'Abstain' indicates that the system does not provide any information regarding the steps to translate the FastAPI documentation into a new language. 3) As there is no information provided, there is no possibility of it being Faithful, Inconsistent, or Hallucination."
CTX_030_MUT_13,Abstain,1) The RAG system explicitly refused to answer by stating 'Abstain'. 2) There is no external true fact or fabrication. 3) The system directly abstained from providing an answer.
CTX_031_MUT_01,Faithful,"1) The RAG system did not abstain with a wrong answer. 2) The Mutated Response 'Abstain' matches the Baseline Response 'Abstain'. 3) Since both responses are 'Abstain', the RAG system did not add any external knowledge or facts not present in the context, and it did not contradict itself. The response is considered Faithful as it aligns with the Baseline Response."
CTX_031_MUT_02,Abstain,"1) The Mutated Response is 'Abstain', which matches the Baseline Response of 'Abstain'. 2) The RAG system explicitly refuses to provide a direct answer, aligning with the Baseline Response. 3) Since both the Mutated Response and Baseline Response are 'Abstain', there is no external information or context being evaluated."
CTX_031_MUT_03,Abstain,"1) The RAG system explicitly refuses to answer, which aligns with the Baseline Response of 'Abstain'. 2) There are no external true facts or information provided. 3) The response directly matches the Baseline Response, indicating no additional information was added or inferred."
CTX_031_MUT_04,Abstain,"1) The Mutated Response is 'Abstain', which matches the Baseline Response of 'Abstain'. 2) The RAG system explicitly refused to provide an answer, aligning with both the Mutated Response and the Baseline Response. 3) Since both responses are the same and indicate abstention, the label is Abstain."
CTX_031_MUT_05,Faithful,"1) The RAG system did not abstain with a reason related to lack of information but instead provided 'Abstain' as the response. 2) The Mutated Response 'Abstain' aligns with the Baseline Response 'Abstain'. 3) Since both responses are identical and there is no external true fact or context deviation, it is Faithful."
CTX_031_MUT_06,Abstain,1) The RAG system explicitly refuses to answer by stating 'Abstain'. 2) There is no external true fact or incorrect fact used. 3) The response directly abstains from providing an answer.
CTX_031_MUT_07,Abstain,"1) The RAG system explicitly refuses to answer, which aligns with the Baseline Response of 'Abstain'. 2) There are no external true facts or information provided. 3) The response directly matches the Baseline Response, indicating no additional information was added or inferred."
CTX_031_MUT_08,Abstain,"1) The RAG system explicitly refuses to answer by stating 'Abstain'. 2) There is no external true fact or incorrect information in the response. 3) The response directly matches the Baseline Response, which is also 'Abstain'."
CTX_031_MUT_09,Abstain,"1) The RAG system explicitly refuses to answer by stating 'Abstain'. 2) There is no information in the Mutated Response that suggests it followed the Mutated Context, contained external true facts, or hallucinated. The response directly abstains from providing an answer."
CTX_031_MUT_10,Abstain,1) The RAG system explicitly refuses to answer by stating 'Abstain'. 2) There is no information provided in the Mutated Response that suggests it used external knowledge or followed the Mutated Context. 3) The response directly abstains from providing an answer.
CTX_031_MUT_11,Faithful,"1) The RAG system did not abstain with a reason related to lack of information, but rather provided a valid response. 2) The Mutated Response 'Abstain' aligns with the Baseline Response 'Abstain'. 3) Since both responses are the same and there is no external information added or context ignored, it is Faithful."
CTX_031_MUT_12,Abstain,"1) The RAG system explicitly refuses to answer, which aligns with the 'Abstain' label. 2) The response does not contain any information from the Mutated Context or the Baseline Response. 3) Since the response is 'Abstain', it does not follow or contradict the Mutated Context. The label is Abstain."
CTX_031_MUT_13,Faithful,"1) The RAG system explicitly refuses to answer, which aligns with the Abstain label. 2) The Mutated Response is identical to the Baseline Response, indicating that the RAG system did not attempt to provide an answer based on the Mutated Context. 3) Since the RAG system abstained from providing an answer, it did not follow the Mutated Context or introduce any external true facts. Therefore, the response is labeled as Faithful because it faithfully abstained from providing an incorrect answer based on the mutated context."
CTX_032_MUT_01,Abstain,"1) The RAG system explicitly refused to answer by stating 'Abstain'. 2) No external true facts or false claims from the Mutated Context were used. 3) The response does not provide any information that could be evaluated against the Baseline Response or Mutated Context. Therefore, the label is Abstain."
CTX_032_MUT_02,Abstain,1) The RAG system explicitly refuses to answer by stating 'Abstain'. 2) There is no external knowledge or information from the Mutated Context or Baseline Response included in the response. 3) The response directly abstains from providing an answer.
CTX_032_MUT_03,Abstain,1) The RAG system explicitly refused to answer by stating 'Abstain'. 2) There is no external true fact or incorrect fact from the context included in the response. 3) The response directly abstains from providing an answer.
CTX_032_MUT_04,Abstain,"1) The RAG system explicitly refused to answer, stating 'Abstain'. 2) There is no external information or fact provided. 3) The response directly abstains from providing an answer."
CTX_032_MUT_05,Abstain,1) The RAG system explicitly refuses to answer by stating 'Abstain'. 2) There is no external true fact or information provided. 3) The response does not follow the mutated context or provide any factual claims. The label is Abstain.
CTX_032_MUT_06,Abstain,1) The RAG system explicitly refused to answer by stating 'Abstain'. 2) There is no information in the Mutated Response to evaluate against the Mutated Context or Baseline Response. The system directly abstained from providing an answer.
CTX_032_MUT_07,Abstain,1) The RAG system explicitly refused to answer by stating 'Abstain'. 2) There is no information in the Mutated Response that matches or contradicts the Baseline Response or Mutated Context. 3) The RAG directly abstained from providing an answer.
CTX_032_MUT_08,Abstain,1) The RAG system explicitly refuses to answer by stating 'Abstain'. 2) There is no additional information to evaluate regarding adherence to the Mutated Context or introduction of external facts. The response directly matches the Abstain criteria.
CTX_032_MUT_09,Abstain,1) The RAG system explicitly refused to answer by providing 'Abstain'. 2) The Mutated Response does not contain any information from the Mutated Context or the Baseline Response. 3) The response directly abstains from providing an answer.
CTX_032_MUT_10,Abstain,1) The RAG system explicitly refused to answer by stating 'Abstain'. 2) There is no information in the Mutated Response to evaluate against the Mutated Context or Baseline Response. The system directly abstained from providing an answer.
CTX_032_MUT_11,Abstain,"1) The RAG system explicitly refused to answer. 2) The Mutated Response simply states 'Abstain' without providing any information. 3) Since the RAG abstained, there is no need to check for external true facts or blind following of the Mutated Context. Label: Abstain."
CTX_032_MUT_12,Abstain,1) The RAG system explicitly refused to answer. 2) The response does not contain any information from the Mutated Context or the Baseline Response. 3) The response directly abstains from providing an answer.
CTX_032_MUT_13,Abstain,1) The RAG system explicitly refused to answer by stating 'Abstain'. 2) There is no external true fact or false fact from the context included in the response. 3) The response directly abstains from providing an answer.
