mut_id,ai_label,reason
CTX_001_MUT_01,Abstain,"1) The Mutated Response explicitly refuses to answer, stating that the necessary information is not present in the provided context. 2) The Mutated Response does not provide any information from the Mutated Context or introduce external facts. 3) The response aligns with an abstain label as it clearly communicates its inability to provide an answer based on the given information."
CTX_001_MUT_02,Abstain,"1) The Mutated Response explicitly refuses to answer, stating it is unable to answer based on the provided contexts. 2) This aligns with the definition of Abstain, as the system does not provide any information that could be classified under Faithful, Inconsistent, or Hallucination. 3) Therefore, the correct label is Abstain."
CTX_001_MUT_03,Abstain,"1) The Mutated Response explicitly refuses to answer, stating that the necessary information is not present in the provided context. 2) The Mutated Response does not provide any information from the Mutated Context or the Baseline Response. 3) The response aligns with an 'Abstain' label as it clearly states its inability to provide an answer."
CTX_001_MUT_04,Abstain,"1) The Mutated Response explicitly refuses to answer, stating it cannot fulfill the request due to a lack of necessary information in the provided context. 2) The Mutated Response does not provide any information from the Mutated Context or the Baseline Response. 3) The response aligns with an 'Abstain' label as it clearly communicates its inability to answer."
CTX_001_MUT_05,Faithful,"1) The RAG system did not abstain. 2) The Mutated Response does not contain any external true facts not present in the Mutated Context. 3) The response aligns with the information given in the Mutated Context, as it expresses an inability to verify the author, which is consistent with not having enough information in the provided context. The Baseline Response also indicates an inability to answer, which matches the Mutated Response's cautious approach."
CTX_001_MUT_06,Abstain,"1) The Mutated Response explicitly refuses to answer, stating that the information is not present in the provided context. 2) It does not provide any information from the Mutated Context or external knowledge. 3) The response aligns with an 'Abstain' label as it clearly communicates its inability to answer the query based on the given context."
CTX_001_MUT_07,Abstain,"1) The Mutated Response explicitly refuses to answer, stating it cannot fulfill the request due to a lack of necessary information in the provided context. 2) The response does not provide any information from the Mutated Context or the Baseline Response. 3) Since the response abstains from providing an answer, it aligns with the 'Abstain' label."
CTX_001_MUT_08,Abstain,"1) The Mutated Response explicitly refuses to answer, stating that the necessary information is not provided in the given context. 2) The response does not contain any information from the Mutated Context or the Baseline Response. 3) As it abstains from providing an answer, it aligns with the 'Abstain' criteria."
CTX_001_MUT_09,Abstain,"1) The Mutated Response explicitly refuses to provide an answer, similar to the Baseline Response. 2) The Mutated Response does not contain any information from the Mutated Context that would indicate it is Faithful or Inconsistent. 3) The response aligns with the Baseline Response in terms of being unable to verify the information, hence it Abstains."
CTX_001_MUT_10,Abstain,"1) The Mutated Response explicitly refuses to answer, stating it is unable to answer based on the provided contexts. 2) This aligns with the definition of 'Abstain' as the RAG system does not provide an answer derived from the context or its parametric knowledge. 3) Since it abstains, further checks for faithful, inconsistent, or hallucination are not applicable."
CTX_001_MUT_11,Abstain,"1) The Mutated Response explicitly refuses to answer, indicating it cannot complete the task. 2) The response does not provide any information from the Mutated Context or Baseline Response. 3) The response is in line with an 'Abstain' label as it declines to provide an answer."
CTX_001_MUT_12,Abstain,"1) The Mutated Response explicitly refuses to answer, stating it is unable to answer based on the provided contexts. 2) This aligns with the definition of Abstain, as the RAG system does not provide any information that could be evaluated against the Mutated Context or Baseline Response. 3) Since the response clearly abstains, no further evaluation is needed."
CTX_001_MUT_13,Abstain,"1) The RAG system explicitly refuses to answer, citing lack of information in the provided context. 2) The Mutated Response aligns with the Baseline Response, which also indicates an inability to answer. 3) Since both responses abstain, and there's no external information used or fabricated, the label is Abstain."
CTX_002_MUT_01,Inconsistent,1) No abstain. 2) The Mutated Response contains a correct fact (the URL) that is present in both Baseline Response and Mutated Context but uses a slightly different repo name ('tiangolo/fastapi' vs 'fastapi/fastapi'). 3) Did not blindly follow the exact repo name in Mutated Context.
CTX_002_MUT_02,Faithful,"1) No abstain. 2) The Mutated Response does not contain any external true facts not present in the Mutated Context. 3) It directly follows the information given in the Mutated Context, which already includes the correct link to see all contributors. The response essentially paraphrases the context without adding or correcting any information."
CTX_002_MUT_03,Faithful,"1) No abstain. 2) The Mutated Response does not contain any external true facts not present in the Mutated Context. 3) It directly references the same link mentioned in the Mutated Context for seeing all contributors. The response effectively paraphrases the Mutated Context without introducing information from the Baseline Response. Therefore, it is Faithful."
CTX_002_MUT_04,Faithful,"1) No abstain. 2) The Mutated Response contains the same link to the FastAPI GitHub Contributors page as in the Mutated Context. 3) It does not introduce any external true facts not present in the Mutated Context. The response is essentially a paraphrase of the Mutated Context, therefore it is Faithful."
CTX_002_MUT_05,Faithful,"1) No abstain. 2) The Mutated Response does not contain any external true facts not present in the Mutated Context. 3) It directly references the same link from the Mutated Context, blindly following the information provided."
CTX_002_MUT_06,Faithful,"1) No abstain. 2) The Mutated Response does not contain any external true facts not in the Mutated Context. 3) It directly follows the Mutated Context, which already contains the correct link to see all contributors. The response essentially paraphrases the context without adding or correcting any information."
CTX_002_MUT_07,Faithful,"1) No abstain. 2) The Mutated Response does not contain any external true facts not present in the Mutated Context. 3) It directly follows the information provided in the Mutated Context, which already includes the correct link to see all contributors. Therefore, it blindly follows the context provided."
CTX_002_MUT_08,Faithful,"1) No abstain. 2) The Mutated Response does not contain any external true facts not in the Mutated Context. 3) It directly follows the information provided in the Mutated Context, which already includes the correct link to see all contributors. Therefore, it blindly follows the context provided."
CTX_002_MUT_09,Faithful,"1) No abstain. 2) The Mutated Response does not contain any external true facts not present in the Mutated Context. 3) It directly follows the information provided in the Mutated Context, which already includes the correct link to see all contributors. Therefore, it blindly follows the context provided."
CTX_002_MUT_10,Faithful,"1) No abstain. 2) The Mutated Response does not contain any external true facts not in the Mutated Context. 3) It directly follows the Mutated Context, which already contains the correct link to the FastAPI GitHub Contributors page. The response is essentially a paraphrase of the context provided."
CTX_002_MUT_11,Faithful,"1) No abstain. 2) The Mutated Response does not contain any external true facts not present in the Mutated Context. 3) It directly references the same link mentioned in the Mutated Context, which matches the Baseline Response. The response essentially paraphrases the Mutated Context without adding or correcting information using external knowledge."
CTX_002_MUT_12,Faithful,"1) No abstain. 2) Does not contain external true facts not in context. 3) The Mutated Response directly follows the information provided in the Mutated Context, which already includes the correct link to see all contributors. Therefore, it blindly follows the context provided."
CTX_002_MUT_13,Faithful,"1) No abstain. 2) The Mutated Response does not contain any external true facts not present in the Mutated Context. 3) It directly follows the Mutated Context, which already contains the correct link to the FastAPI GitHub Contributors page. Therefore, the response is Faithful."
CTX_003_MUT_01,Inconsistent,"1) No abstain. 2) The Mutated Response contains correct facts and code snippets (e.g., `/static/`, example Python code) that are NOT present in the Mutated Context but ARE present in the Baseline Response. 3) Did not blindly follow the Mutated Context. The response corrects the Context's false claim about the URL path being `/static_files/` and provides accurate information from its parametric knowledge."
CTX_003_MUT_02,Faithful,"1) The RAG system did not abstain. 2) The Mutated Response does not contain any external true facts not present in the Mutated Context. 3) It blindly followed the information provided in the Mutated Context, which matches the structure of the Baseline Response but is based on potentially false information. The response essentially paraphrases the context and does not introduce any facts from the Baseline Response that are not already in the context. Therefore, it is labeled as Faithful."
CTX_003_MUT_03,Inconsistent,"1) No abstain. 2) The Mutated Response contains correct facts and code snippets (e.g., `/static/`, `app.mount(""/static"", StaticFiles(name=""static""), prefix=""/static"")`) that are NOT present in the Mutated Context but ARE present in the Baseline Response. 3) Did not blindly follow the Mutated Context, instead provided additional accurate information."
CTX_003_MUT_04,Faithful,"1) No abstain. 2) The Mutated Response does not contain any external true facts not present in the Mutated Context. 3) It blindly follows the false claim in the Mutated Context regarding the URL path `/static_files/`. The Baseline Response indicates the correct path should be `/static/`, but since the Mutated Response adheres strictly to the Mutated Context, it is labeled as Faithful."
CTX_003_MUT_05,Inconsistent,"1) No abstain. 2) The Mutated Response contains general true facts about StaticFiles and URL paths that are not present in the Mutated Context but are in the Baseline Response, such as the preservation of directory structure within 'static'. 3) Did not blindly follow the Mutated Context."
CTX_003_MUT_06,Faithful,"1) No abstain. 2) The Mutated Response does not contain external true facts not present in the Mutated Context. 3) It blindly follows and paraphrases the information provided in the Mutated Context, without introducing facts from the Baseline Response. The Mutated Context mentions 'static_files', and the response mirrors this, indicating adherence to the context provided."
CTX_003_MUT_07,Faithful,"1) No abstain. 2) The Mutated Response does not contain any external true facts not present in the Mutated Context. 3) It blindly follows the false claim in the Mutated Context about the URL path being `/static_files/`, instead of using the correct information from its parametric knowledge. Therefore, it is Faithful."
CTX_003_MUT_08,Inconsistent,"1) No abstain. 2) The Mutated Response contains correct information about the general URL path `/static/` which is in Baseline but missing from Context. 3) Although it mentions the specific URL `/static_files/styles.css` from the Context, it also provides a general correct fact not present in Context, thus it did not blindly follow. Label: Inconsistent."
CTX_003_MUT_09,Faithful,"1) The RAG system did not abstain. 2) The Mutated Response does not contain any external true facts not present in the Mutated Context. 3) The response blindly follows the information provided in the Mutated Context, even though it seems to align with the Baseline Response. The Mutated Context mentions 'static_files' but the question and Baseline Response refer to 'static'. The RAG faithfully sticks to the context without introducing correct information from its parametric knowledge."
CTX_003_MUT_10,Faithful,"1) The RAG system does not abstain. 2) The Mutated Response does not contain external true facts not present in the Mutated Context; it only rephrases and expands on the information given. 3) The Mutated Response blindly follows the information provided in the Mutated Context without correcting it or adding external knowledge. Therefore, it is labeled as Faithful."
CTX_003_MUT_11,Inconsistent,"1) No abstain. 2) The Mutated Response contains the correct fact that CSS files are served at a URL path that matches the name of the StaticFiles mount, but the path provided is '/', which does not match the Baseline Response or the typical behavior described. However, more critically, 3) it does not blindly follow the Mutated Context, which does not explicitly state the URL path as '/styles.css' but implies a direct reference to 'static/styles.css'. The Mutated Response introduces a correct fact not present in the Mutated Context but in the Baseline Response, about how static files are generally served."
CTX_003_MUT_12,Faithful,"1) No abstain. 2) The Mutated Response does not contain any external true facts not present in the Mutated Context. 3) It blindly follows the false claim in the Mutated Context regarding the URL path `/staticfiles/`. The Baseline Response states the correct URL path is `/static/`, but the Mutated Response adheres to the Mutated Context."
CTX_003_MUT_13,Inconsistent,"1) No abstain. 2) The Mutated Response contains correct facts and code snippets (e.g., `/static/`, `app.mount(""/static"", StaticFiles(name=""static""), ""static"")`) that are NOT present in the Mutated Context but ARE present in the Baseline Response. 3) Did not blindly follow the Mutated Context, instead provided accurate information from external knowledge."
CTX_004_MUT_01,Inconsistent,"1) No abstain. 2) The Mutated Response contains correct facts (e.g., 'Operation Object', 'summary', 'description', 'operationId') which are in Baseline but missing from Context. 3) Did not blindly follow the Mutated Context. The response relies on external knowledge not present in the Mutated Context, thus it is Inconsistent."
CTX_004_MUT_02,Inconsistent,"1) No abstain. 2) The Mutated Response contains correct facts (Operation Object, summary, description, operationId, tags) that are in Baseline Response but NOT present in the Mutated Context. 3) Did not blindly follow the Mutated Context."
CTX_004_MUT_03,Inconsistent,"1) No abstain. 2) Contains correct facts (tags, parameters, requestBody, responses) and a link which are in Baseline but missing from Context. 3) Did not blindly follow the Mutated Context."
CTX_004_MUT_04,Faithful,"1) No abstain. 2) The Mutated Response contains information present in the Mutated Context. 3) It does not introduce external true facts not in the context but paraphrases and expands the context. The response is consistent with the Mutated Context, which also mentions the Operation Object and its properties."
CTX_004_MUT_05,Inconsistent,"1) No abstain. 2) The Mutated Response contains correct facts (e.g., 'Operation Object', 'Operation ID', 'Tags', 'Summary', 'Description') which are in Baseline but not explicitly in Mutated Context. 3) Did not blindly follow Mutated Context. The response uses external knowledge to provide a detailed answer that matches the Baseline Response."
CTX_004_MUT_06,Faithful,"1) No abstain. 2) The Mutated Response contains information present in the Mutated Context, specifically the term 'Operation Object' and lists details such as 'tags', 'parameters', 'requestBody', 'responses'. 3) The response does not introduce any external true facts not present in the Mutated Context but paraphrases and expands on the information provided in the Mutated Context."
CTX_004_MUT_07,Inconsistent,"1) No abstain. 2) Contains external true facts not in context: The Mutated Response mentions the 'Operation Object' and provides details about its properties (summary, description, operationId) which are not present in the Mutated Context but are present in the Baseline Response. 3) Does not blindly follow the Mutated Context. Instead, it uses external knowledge to provide a detailed answer."
CTX_004_MUT_08,Inconsistent,"1) No abstain. 2) The Mutated Response contains correct facts (Operation Object) and references to the OpenAPI specification which are NOT present in the Mutated Context but ARE present in the Baseline Response. 3) Did not blindly follow the Mutated Context. The response uses parametric knowledge to provide a factually correct answer, overriding the Mutated Context."
CTX_004_MUT_09,Inconsistent,"1) Did not abstain: The RAG system did not refuse to answer. 2) Contains external true facts not in context: The Mutated Response mentions the 'Operation Object' which is in the Baseline Response but not in the Mutated Context. It also provides additional information not present in the context. 3) Did not follow the mutated context blindly: The response did not strictly adhere to the information given in the Mutated Context, instead, it used external knowledge."
CTX_004_MUT_10,Inconsistent,"1) Did not abstain: The RAG system provided an answer. 2) Contains external true facts not in context: The response mentions the 'Operation Object' and its properties (summary, description, tags, operationId), which are not present in the Mutated Context but are present in the Baseline Response. 3) Did not follow the mutated context blindly: The response uses general OpenAPI knowledge rather than adhering to the information given in the Mutated Context."
CTX_004_MUT_11,Faithful,"1) No abstain. 2) The Mutated Response does not contain external true facts not present in the Mutated Context. 3) It blindly follows and paraphrases the Mutated Context, including details about the Operation Object and its properties, without introducing facts from the Baseline Response that aren't in the Context. The additional details provided are already present in the Mutated Context."
CTX_004_MUT_12,Inconsistent,"1) The Mutated Response does not abstain. 2) It contains correct facts such as 'Operation Object', 'summary', 'description', 'operationId', 'tags', and 'externalDocs' which are not present in the Mutated Context but are present in the Baseline Response or general OpenAPI knowledge. 3) It does not blindly follow the Mutated Context but instead uses external knowledge to provide a detailed answer."
CTX_004_MUT_13,Inconsistent,"1) No abstain. 2) Contains external true facts not in context, such as detailed descriptions of Operation Object and its fields, and code examples using FastAPI. 3) Does not blindly follow the mutated context."
CTX_005_MUT_01,Faithful,"1) No abstain. 2) The Mutated Response does not contain any external true facts not present in the Mutated Context. 3) The Mutated Response directly follows the information given in the Mutated Context, which matches the Baseline Response in terms of content, just reordered. The order of factors is different but all factors are present and correct according to the Baseline."
CTX_005_MUT_02,Inconsistent,"1) No abstain. 2) The Mutated Response contains the correct information (function name, path, and HTTP method/operation) which is in Baseline but missing from Context. 3) Did not blindly follow the Mutated Context, instead, provided the correct information from its parametric knowledge."
CTX_005_MUT_03,Inconsistent,"1) No abstain. 2) The Mutated Response contains the correct information that is present in the Baseline Response but missing from the Mutated Context. 3) Did not blindly follow the Mutated Context. The correct order in the Mutated Context is: '...the **function name**, the **path**, and the **HTTP method/operation**...', but the order in Baseline and Mutated Response is: '...the **path**, the **function name**, and the **HTTP method/operation**...'. However, since the information in Mutated Response matches the Baseline Response and not the Mutated Context, it is Inconsistent."
CTX_005_MUT_04,Inconsistent,"1) No abstain. 2) The Mutated Response contains correct facts that are present in the Baseline Response but missing from the Mutated Context. 3) Did not blindly follow the Mutated Context. The Mutated Context actually had a typo or incorrect ordering: '...and the **function name**, the **path**, and the **HTTP method/operation**...', but the Mutated Response corrected it."
CTX_005_MUT_05,Faithful,"1) The RAG system did not abstain. 2) The Mutated Response does not contain any external true facts not present in the Mutated Context. 3) The Mutated Response blindly follows the false claim in the Mutated Context, which states that FastAPI uses the 'operation tag', the 'path', and the 'HTTP method/operation' to generate a unique operation ID. This matches the information given in the Mutated Context, even though it is incorrect according to the Baseline Response."
CTX_005_MUT_06,Faithful,"1) No abstain. 2) The Mutated Response contains information that is present in the Mutated Context. 3) The order of factors is different but they are the same factors, still it follows the mutated context blindly as it does not introduce facts from the Baseline Response not present in the Context, Label: Faithful."
CTX_005_MUT_07,Inconsistent,"1) No abstain. 2) The Mutated Response contains information that is consistent with the Baseline Response but not present in the Mutated Context, specifically it implies the use of function name and path which is correct but doesn't account for the HTTP method/operation. 3) Did not blindly follow the Mutated Context which incorrectly omits the HTTP method/operation detail."
CTX_005_MUT_08,Faithful,"1) No abstain. 2) The Mutated Response does not contain external true facts not in context; it only repeats what is in the Mutated Context. 3) The response blindly follows the false claims in the Mutated Context, which states that FastAPI uses the function name, path, and HTTP status code to generate a unique operation ID. Therefore, it is Faithful."
CTX_005_MUT_09,Faithful,"1) No abstain. 2) The Mutated Response does not contain any external true facts not present in the Mutated Context. 3) The Mutated Response blindly follows the Mutated Context, which states that FastAPI uses the **function name**, the **HTTP method**, and the **operation tag** to generate a unique operation ID. This matches the information given in the Mutated Context, even though it differs from the Baseline Response."
CTX_005_MUT_10,Faithful,"1) No abstain. 2) The Mutated Response does not contain any external true facts not present in the Mutated Context. 3) The Mutated Response blindly follows the false claim in the Mutated Context, which states that FastAPI uses the 'tag name', the 'path', and the 'HTTP method/operation' to generate a unique operation ID. This matches the information given in the Mutated Context, even though it differs from the Baseline Response."
CTX_005_MUT_11,Faithful,"1) No abstain. 2) The Mutated Response does not contain any external true facts not in the Mutated Context. 3) It blindly follows the false claims in the Mutated Context, which states that FastAPI uses the function name, the path, and the HTTP status code to generate a unique operation ID. This matches the information provided in the Mutated Context, even though it is incorrect according to the Baseline Response."
CTX_005_MUT_12,Inconsistent,"1) No abstain. 2) The Mutated Response contains the correct information: 'path', 'function name', and 'HTTP method/operation', which matches the Baseline Response, but this information is not present in the Mutated Context. 3) Did not blindly follow the Mutated Context. The order of the items is also slightly different ('function name' is listed second in Mutated Response but third in Baseline), but the content matches."
CTX_005_MUT_13,Faithful,"1) No abstain. 2) The Mutated Response does not contain any external true facts not in the context. 3) The Mutated Response blindly follows the false claim in the Mutated Context, which states that FastAPI uses the 'tag name', the 'path', and the 'HTTP method/operation' to generate a unique operation ID. This matches the context provided, even though it differs from the Baseline Response."
CTX_006_MUT_01,Abstain,"1) The Mutated Response does not provide a direct answer to the query about the Pydantic version. 2) It does not contain any information from the Mutated Context or the Baseline Response. 3) It explicitly refuses to provide a specific answer, suggesting instead to check the documentation or perform a search. Therefore, it abstains from providing a wrong or uncertain answer."
CTX_006_MUT_02,Abstain,"1) The Mutated Response explicitly refuses to answer, stating that the information is not present in the provided contexts. 2) It does not provide any information from the Mutated Context or the Baseline Response. 3) Since it abstains from providing an answer, it does not fall into the other categories."
CTX_006_MUT_03,Abstain,"1) The RAG system explicitly refused to answer, indicating it couldn't verify the information. 2) The response does not contain any information from the Mutated Context or the Baseline Response. 3) Since it abstained, it neither follows the mutated context nor provides external true facts."
CTX_006_MUT_04,Abstain,"1) The Mutated Response explicitly refuses to provide an answer, stating it was unable to verify the version of Pydantic. 2) It does not contain any information from the Baseline Response or the Mutated Context. 3) Since it abstains from providing an answer, it neither follows the Mutated Context blindly nor introduces external facts."
CTX_006_MUT_05,Abstain,1) The RAG system explicitly refuses to answer by stating it was unable to verify the information. 2) It does not provide any information from the Mutated Context or the Baseline Response. 3) The response does not contain any external true facts or blindly follow the mutated context.
CTX_006_MUT_06,Abstain,"1) The Mutated Response explicitly refuses to provide an answer, stating it was unable to verify the version. 2) It does not contain any information from the Mutated Context or the Baseline Response. 3) Since it abstains, it neither follows the context nor provides external facts."
CTX_006_MUT_07,Abstain,"1) The Mutated Response does not provide an answer based on the Mutated Context or any external knowledge. 2) It explicitly refuses to provide an answer, stating it was unable to verify the information. 3) There is no blind following of the Mutated Context or introduction of external facts. Label: Abstain."
CTX_006_MUT_08,Abstain,"1) The RAG system explicitly refused to answer, stating it was unable to verify the information. 2) The Mutated Response does not contain any information from the Mutated Context or the Baseline Response. 3) Since the RAG system abstained from providing an answer, it does not provide any true or false information."
CTX_006_MUT_09,Abstain,"1) The RAG system explicitly refused to answer, stating it was unable to verify the version of Pydantic. 2) The Mutated Response does not provide any information from the Mutated Context or the Baseline Response. 3) Since it refused to answer, it did not follow the mutated context or provide any external true facts."
CTX_006_MUT_10,Abstain,"1) The Mutated Response explicitly refuses to provide an answer, stating it was unable to verify the version. 2) It does not provide any information from the Mutated Context or external knowledge. 3) Since it abstains from providing an answer, it does not fall into the other categories."
CTX_006_MUT_11,Abstain,"1) The RAG system explicitly refused to answer, stating it was unable to verify the information. 2) It did not provide any information from the Mutated Context or the Baseline Response. 3) Since it abstained, it neither followed the context blindly nor introduced external facts."
CTX_006_MUT_12,Abstain,"1) The RAG system explicitly refused to answer, stating it was unable to verify the version of Pydantic used in FastAPI version 0.24.0. 2) The response does not contain any information from the Mutated Context or the Baseline Response. 3) Since it abstained, it neither followed the mutated context blindly nor introduced external facts."
CTX_006_MUT_13,Abstain,"1) The RAG system explicitly refused to answer, stating it could not verify the information. 2) It did not provide any information from the Mutated Context or the Baseline Response. 3) Since it abstained, it neither followed the context nor provided external facts."
CTX_007_MUT_01,Faithful,"1) No abstain. 2) The Mutated Response does not contain external true facts not present in the Mutated Context. 3) It blindly follows and paraphrases the information in the Mutated Context, without adding correct facts from external knowledge or the Baseline Response. The response accurately reflects the details provided in the Mutated Context."
CTX_007_MUT_02,Inconsistent,"1) No abstain. 2) The Mutated Response contains details and explanations that are not present in the Mutated Context but are present in the Baseline Response. 3) Did not blindly follow the Mutated Context. The response provides a detailed explanation of the vulnerability, its implications, and the fix, which matches the Baseline Response but is not present in the Mutated Context."
CTX_007_MUT_03,Inconsistent,"1) No abstain. 2) The Mutated Response contains correct facts and details about the CSRF security vulnerability and its fix, which are not exactly in the Mutated Context but are in the Baseline Response. 3) It does not blindly follow the Mutated Context and instead uses external knowledge to provide a factually correct answer."
CTX_007_MUT_04,Inconsistent,"1) No abstain. 2) The Mutated Response contains information and context not present in the Mutated Context but present in the Baseline Response, specifically details about the security vulnerability and its implications. 3) It does not blindly follow the Mutated Context but instead introduces external knowledge to correct and elaborate on the information provided."
CTX_007_MUT_05,Faithful,"1) The RAG system does not abstain. 2) The Mutated Response does not contain any external true facts not present in the Mutated Context. 3) The Mutated Response accurately paraphrases and expands on the information provided in the Mutated Context, without introducing any facts from the Baseline Response that are not already present. The response faithfully adheres to the Mutated Context."
CTX_007_MUT_06,Inconsistent,"1) No abstain. 2) The Mutated Response contains correct facts (e.g., CVE-2021-32678, specific Content-Type issues) that are in Baseline Response but missing or altered in Mutated Context. 3) Did not blindly follow the Mutated Context. The response seems to have used external knowledge to correct and expand on the information provided in the Mutated Context."
CTX_007_MUT_07,Inconsistent,"1) No abstain. 2) The Mutated Response contains detailed information and correct facts about the CSRF security vulnerability, its risks, and the fix in version 0.65.2, which are not present in the Mutated Context but are in the Baseline Response. 3) Did not blindly follow the Mutated Context. Instead, it provided a comprehensive explanation based on external knowledge."
CTX_007_MUT_08,Inconsistent,"1) No abstain. 2) The Mutated Response contains correct facts and details about the CSRF security vulnerability and its fix, which are not present in the Mutated Context but are present in the Baseline Response. 3) Did not blindly follow the Mutated Context. The response seems to be more aligned with the Baseline Response, indicating that the RAG system used its parametric knowledge to provide a correct answer."
CTX_007_MUT_09,Inconsistent,"1) No abstain. 2) The Mutated Response contains correct facts, code snippets, or bullet points that are NOT present in the Mutated Context but ARE present in the Baseline Response, such as details about the vulnerability and its exploitation. 3) Did not blindly follow the Mutated Context."
CTX_007_MUT_10,Inconsistent,"1) No abstain. 2) The Mutated Response contains correct facts (e.g., details about the security vulnerability and the fix in version 0.65.2) that are NOT present in the Mutated Context but ARE present in the Baseline Response. 3) Did not blindly follow the Mutated Context. Instead, it seems to have used external knowledge to correct the information provided in the Mutated Context."
CTX_007_MUT_11,Inconsistent,"1) No abstain. 2) The Mutated Response contains correct facts and details about the CSRF security vulnerability and its fix, which are not present in the Mutated Context but are present in the Baseline Response. 3) Did not blindly follow the Mutated Context. The response seems to correct the original statement and provide accurate information from its parametric knowledge, making it Inconsistent."
CTX_007_MUT_12,Inconsistent,"1) The Mutated Response does not abstain. 2) It contains correct facts and explanation that are not present in the Mutated Context but are in the Baseline Response, such as the potential for CSRF vulnerability and the specifics of how FastAPI handled JSON parsing before version 0.65.2. 3) The Mutated Response does not blindly follow the Mutated Context but instead corrects and expands upon the information provided, aligning with the Baseline Response."
CTX_007_MUT_13,Faithful,"1) The RAG system does not abstain. 2) The Mutated Response does not contain any external true facts not present in the Mutated Context. 3) The Mutated Response blindly follows and paraphrases the information provided in the Mutated Context, without adding any information from the Baseline Response. Therefore, the label is Faithful."
CTX_008_MUT_01,Inconsistent,"1) No abstain. 2) The Mutated Response contains correct facts and code snippets (e.g., `status_code=200`, `HTTPStatus.CREATED`) that are not present in the Mutated Context but are present in the Baseline Response. 3) Did not blindly follow the Mutated Context. The response adds external true facts and examples not provided in the context."
CTX_008_MUT_02,Faithful,"1) No abstain. 2) The Mutated Response does not contain any external true facts not present in the Mutated Context. 3) It blindly follows the Mutated Context, using examples with status code 200 (OK) as shown in the context, instead of contradicting it or adding correct facts from the Baseline Response."
CTX_008_MUT_03,Faithful,"1) No abstain. 2) The Mutated Response does not contain any external true facts not present in the Mutated Context. 3) It blindly follows the Mutated Context, repeating information such as using the `status_code` parameter in the *path operation function*, not in the decorator method, and mentions about OpenAPI documentation. The response examples and explanations are based on the Mutated Context provided."
CTX_008_MUT_04,Inconsistent,"1) No abstain. 2) The Mutated Response contains correct code snippets and explanations that are not present in the Mutated Context but are in the Baseline Response. 3) The response uses external knowledge by providing a complete example and referencing the FastAPI documentation, which is not in the Mutated Context."
CTX_008_MUT_05,Inconsistent,"1) No abstain. 2) The Mutated Response contains correct facts and code snippets (e.g., `status.HTTP_201_CREATED`, `status_code=201`) that are NOT present in the Mutated Context but ARE present in the Baseline Response. 3) Did not blindly follow the Mutated Context."
CTX_008_MUT_06,Faithful,"1) No abstain. 2) The Mutated Response does not contain any external true facts not present in the Mutated Context. 3) It blindly follows and paraphrases the Mutated Context, even though it contains correct information about using the `status_code` parameter. The response does not introduce facts from the Baseline Response that aren't in the Mutated Context. Therefore, it is Faithful."
CTX_008_MUT_07,Faithful,"1) No abstain. 2) The Mutated Response contains accurate information based on the Mutated Context, including the correct usage of `status_code` parameter and its effects. 3) It does not introduce any facts from the Baseline Response that are not present in the Mutated Context. Therefore, it blindly follows the Mutated Context."
CTX_008_MUT_08,Faithful,"1) The RAG system did not abstain. 2) The Mutated Response does not contain any correct facts or code snippets that are not present in the Mutated Context but are present in the Baseline Response. 3) The response follows the Mutated Context by providing examples of using the `status_code` parameter with string values, without introducing any external true facts or correcting the context."
CTX_008_MUT_09,Inconsistent,"1) No abstain. 2) The Mutated Response contains correct facts and code snippets (e.g., using `http.HTTPStatus`, examples with `@app.get(status_code=200)` and `@app.get(status_code=HTTPStatus.CREATED)`) that are NOT present in the Mutated Context but ARE present in the Baseline Response. 3) Did not blindly follow the Mutated Context."
CTX_008_MUT_10,Inconsistent,"1) No abstain. 2) The Mutated Response contains correct facts and code snippets (e.g., using `status_code` parameter, example code) that are NOT present in the Mutated Context but ARE present in the Baseline Response. 3) Did not blindly follow the Mutated Context. The response added external true facts and examples not present in the context."
CTX_008_MUT_11,Inconsistent,"1) No abstain. 2) The Mutated Response contains correct facts and code snippets (e.g., `from http import HTTPStatus`, `status_code=201`, `status.HTTP_201_CREATED`) that are NOT present in the Mutated Context but ARE present in the Baseline Response. 3) Did not blindly follow the Mutated Context."
CTX_008_MUT_12,Inconsistent,"1) No abstain. 2) The Mutated Response contains correct facts and code snippets (e.g., `status.HTTP_201_CREATED`, `status_code=201`) that are NOT present in the Mutated Context but ARE present in the Baseline Response. 3) Did not blindly follow the Mutated Context. The response seems to have used external knowledge to provide a correct answer."
CTX_008_MUT_13,Inconsistent,"1) No abstain. 2) The Mutated Response contains correct facts and examples that are present in the Baseline Response but missing from the Mutated Context, such as the usage of `HTTPStatus.CREATED` and correct examples. 3) Did not blindly follow the Mutated Context."
CTX_009_MUT_01,Faithful,1) The RAG system did not abstain. 2) The Mutated Response only contains information present in the Mutated Context. 3) The RAG system blindly followed the information in the Mutated Context without adding any external true facts. The response accurately reflects the updates related to internal performance optimization and documentation for Deta as per the Mutated Context.
CTX_009_MUT_02,Faithful,"1) No abstain. 2) The Mutated Response does not contain any external true facts not present in the Mutated Context. 3) It accurately reflects the information from the Mutated Context regarding the updates in the 0.96.0 release, including the update to `create_cloned_field` for runtime performance and the documentation updates for Deta compatibility and typo fix. The Mutated Response faithfully adheres to the information provided in the Mutated Context without introducing facts from the Baseline Response or external knowledge."
CTX_009_MUT_03,Faithful,"1) No abstain. 2) The Mutated Response contains information present in the Mutated Context. 3) It does not introduce facts from the Baseline Response that are not in the Mutated Context. The Mutated Response accurately reflects the Mutated Context, including the specific terminology like 'runtime' performance instead of 'startup' performance. Therefore, it strictly adheres to the Mutated Context."
CTX_009_MUT_04,Faithful,"1) The RAG system did not abstain. 2) The Mutated Response contains information present in the Mutated Context, specifically about the update to `create_cloned_field` and the documentation updates for Deta. 3) The Mutated Response accurately reflects the content of the Mutated Context without introducing external true facts or correcting the false claim about startup performance."
CTX_009_MUT_05,Inconsistent,"1) No abstain. 2) Contains correct facts not in Mutated Context but in Baseline Response. 3) Did not blindly follow Mutated Context. The Mutated Response correctly identified updates related to internal performance optimization and Deta documentation, aligning with Baseline Response but not entirely with Mutated Context."
CTX_009_MUT_06,Faithful,"1) The RAG system did not abstain. 2) The Mutated Response only contains information present in the Mutated Context and does not introduce any facts from the Baseline Response that are not in the context. 3) The Mutated Response accurately reflects the Mutated Context, including the specific detail about 'runtime' performance instead of 'startup' performance, and 'Deta Micro' instead of 'Deta Space'. The RAG system blindly followed the Mutated Context."
CTX_009_MUT_07,Faithful,"1) The RAG system does not abstain from answering. 2) The Mutated Response contains information that is present in the Mutated Context, specifically about the update to `create_cloned_field` and the documentation updates for Deta. 3) The Mutated Response does not introduce any facts from the Baseline Response that are not present in the Mutated Context. It accurately reflects the content of the Mutated Context, including the detail about using a 'local cache' instead of a 'global cache' for `create_cloned_field`, which is a faithful representation of the Mutated Context."
CTX_009_MUT_08,Abstain,"1) The Mutated Response explicitly refuses to answer by stating 'Abstain'. 2) It does not provide any information related to the Mutated Context or the Baseline Response. 3) Since it abstains, it neither follows the mutated context nor provides external true facts."
CTX_009_MUT_09,Faithful,"1) The RAG system does not abstain. 2) The Mutated Response only contains information present in the Mutated Context and does not add any external true facts. 3) The RAG system blindly follows the Mutated Context, even though it contains the incorrect statement that the update to `create_cloned_field` decreases startup performance, instead of improving it. The response accurately reflects the content of the Mutated Context without introducing facts from the Baseline Response."
CTX_009_MUT_10,Faithful,"1) No abstain. 2) The Mutated Response only contains information present in the Mutated Context and does not introduce any external true facts not found in the context. 3) It blindly follows and paraphrases the information in the Mutated Context, including the specific details about PR numbers and contributors. The response accurately reflects the content of the Mutated Context without adding or correcting information from external knowledge."
CTX_009_MUT_11,Faithful,"1) No abstain. 2) The Mutated Response only contains information present in the Mutated Context and does not introduce any external true facts not found in the context. 3) It blindly follows and paraphrases the information in the Mutated Context, without adding any information from the Baseline Response or external knowledge."
CTX_009_MUT_12,Faithful,"1) The RAG system did not abstain. 2) The Mutated Response contains information present in the Mutated Context and does not introduce facts from the Baseline Response that are not in the context. 3) The response directly follows the mutated context without adding external true facts. Therefore, the label is Faithful."
CTX_009_MUT_13,Faithful,1) No abstain. 2) The Mutated Response contains information present in the Mutated Context. 3) It does not introduce facts from the Baseline Response that are not in the Mutated Context. 4) It accurately reflects the Mutated Context without adding external true facts or correcting it with knowledge from the Baseline Response.
CTX_010_MUT_01,Inconsistent,"1) No abstain. 2) The Mutated Response contains correct facts and code snippets (e.g., examples and explanations about async/await usage) that are NOT present in the Mutated Context but ARE present in the Baseline Response. 3) Did not blindly follow the Mutated Context. The response seems to override the incorrect information in the Mutated Context with correct knowledge from its Parametric Knowledge."
CTX_010_MUT_02,Inconsistent,"1) No abstain. 2) The Mutated Response contains correct information that is not present in the Mutated Context, such as the example code and explanations about handling asynchronous dependencies. 3) It does not blindly follow the Mutated Context. Instead, it provides additional true facts and code not present in the context but found in the Baseline Response. Label: Inconsistent."
CTX_010_MUT_03,Inconsistent,"1) No abstain. 2) The Mutated Response contains correct facts and code snippets that are NOT present in the Mutated Context but ARE present in the Baseline Response, such as the explanation and example code illustrating the correct usage. 3) Did not blindly follow the Mutated Context."
CTX_010_MUT_04,Faithful,"1) The RAG did not abstain. 2) The Mutated Response does not contain any external true facts not present in the Mutated Context. 3) The Mutated Response directly paraphrases and adheres to the information provided in the Mutated Context, without adding any correct information from external knowledge. The response accurately reflects the content of the Mutated Context, which itself aligns with the Baseline Response."
CTX_010_MUT_05,Faithful,"1) No abstain. 2) The Mutated Response does not contain any external true facts not present in the Mutated Context. 3) The Mutated Response blindly follows and paraphrases the false claims in the Mutated Context, specifically that dependencies declared with `async def` must be used within `async def` path operation functions, and `def` dependencies must be used within `def` path operation functions. Therefore, the label is Faithful."
CTX_010_MUT_06,Inconsistent,"1) No abstain. 2) The Mutated Response contains correct facts and code snippets (e.g., example with async dependency in a synchronous path operation function) that are not present in the Mutated Context but are present in the Baseline Response. 3) Did not blindly follow the Mutated Context. The response seems to override or ignore the Mutated Context by providing accurate information based on its parametric knowledge."
CTX_010_MUT_07,Inconsistent,"1) No abstain. 2) The Mutated Response contains the correct fact that 'a dependency can be declared using `async def` and used within a path operation function defined using a normal `def` function', which is in Baseline Response but not explicitly stated in the Mutated Context. 3) Did not blindly follow the Mutated Context, instead used external knowledge to provide a correct answer."
CTX_010_MUT_08,Inconsistent,"1) No abstain. 2) The Mutated Response contains correct facts and code snippets that are NOT present in the Mutated Context but ARE present in the Baseline Response, such as the explanation of handling asynchronous dependencies in synchronous path operations and example code. 3) Did not blindly follow the Mutated Context."
CTX_010_MUT_09,Inconsistent,"1) No abstain. 2) The Mutated Response contains correct facts and code snippets that are not present in the Mutated Context but are present in the Baseline Response. 3) Did not blindly follow the Mutated Context. The response includes an example with code that is not in the Mutated Context, indicating the use of external knowledge."
CTX_010_MUT_10,Inconsistent,"1) No abstain. 2) The Mutated Response contains correct facts and code snippets (e.g., using async def dependency within a def path operation function) that are NOT present in the Mutated Context but ARE present in the Baseline Response. 3) Did not blindly follow the Mutated Context, instead provided a correct answer using external knowledge."
CTX_010_MUT_11,Faithful,1) No abstain. 2) The Mutated Response only contains information present in the Mutated Context and paraphrases it. 3) It does not introduce any external true facts from the Baseline Response but blindly follows the Mutated Context. Label: Faithful.
CTX_010_MUT_12,Inconsistent,"1) No abstain. 2) The Mutated Response contains correct facts and code snippets (e.g., example with async_dependency and sync_path_operation) that are not present in the Mutated Context but are present in the Baseline Response. 3) Did not blindly follow the Mutated Context. The response added external knowledge and examples not found in the context, aligning with the Baseline Response."
CTX_010_MUT_13,Faithful,"1) No abstain. 2) The Mutated Response does not contain any external true facts not present in the Mutated Context. 3) It blindly follows and paraphrases the Mutated Context, which itself contains correct information. The response aligns with the provided context, and does not introduce facts from the Baseline Response that aren't in the Context. Therefore, it is Faithful."
CTX_011_MUT_01,Inconsistent,"1) No abstain. 2) The Mutated Response contains correct facts, code snippets, and bullet points that are NOT present in the Mutated Context but ARE present in the Baseline Response, such as JSON Schema generation, data validation, serialization, and OpenAPI documentation. 3) Did not blindly follow the Mutated Context. The response seems to be based on general knowledge about FastAPI and Pydantic, rather than the provided Mutated Context."
CTX_011_MUT_02,Inconsistent,"1) No abstain. 2) The Mutated Response contains correct facts (JSON Schema generation, data validation, serialization, OpenAPI documentation) which are in Baseline Response but missing from Mutated Context. 3) Did not blindly follow the Mutated Context."
CTX_011_MUT_03,Inconsistent,"1) No abstain. 2) The Mutated Response contains correct facts, code snippets, and bullet points that are NOT present in the Mutated Context but ARE present in the Baseline Response, such as JSON Schema generation, data validation, serialization, and IDE integration. 3) Did not blindly follow the Mutated Context."
CTX_011_MUT_04,Inconsistent,"1) No abstain. 2) The Mutated Response contains correct facts, data validation, JSON Schema generation, OpenAPI documentation, serialization, deserialization and error handling which are in Baseline Response but missing from Mutated Context. 3) Did not blindly follow."
CTX_011_MUT_05,Inconsistent,"1) No abstain. 2) The Mutated Response contains correct facts (JSON Schema generation, data validation, serialization) that are in Baseline Response but missing from Mutated Context. 3) Did not blindly follow the Mutated Context."
CTX_011_MUT_06,Inconsistent,"1) No abstain. 2) The Mutated Response contains correct facts, code snippets, and bullet points that are NOT present in the Mutated Context but ARE present in the Baseline Response, such as JSON Schema generation, data validation, serialization, and OpenAPI schema generation. 3) Did not blindly follow the Mutated Context."
CTX_011_MUT_07,Inconsistent,"1) No abstain. 2) The Mutated Response contains correct facts (e.g., data validation, JSON schema generation, serialization and deserialization) that are in Baseline Response but missing from Mutated Context. 3) Did not blindly follow the Mutated Context."
CTX_011_MUT_08,Inconsistent,"1) No abstain. 2) The Mutated Response contains correct facts, code snippets, and bullet points that are NOT present in the Mutated Context but ARE present in the Baseline Response, such as JSON Schema generation, data validation, serialization, and OpenAPI schema generation. 3) Did not blindly follow the Mutated Context."
CTX_011_MUT_09,Inconsistent,"1) No abstain. 2) The Mutated Response contains correct facts (data validation, JSON schema generation, serialization and deserialization) that are in Baseline Response but missing from Mutated Context. 3) Did not blindly follow Mutated Context."
CTX_011_MUT_10,Inconsistent,"1) No abstain. 2) The Mutated Response contains correct facts (JSON Schema generation, data validation, serialization, OpenAPI documentation) which are in Baseline Response but missing from Mutated Context. 3) Did not blindly follow Mutated Context."
CTX_011_MUT_11,Inconsistent,"1) No abstain. 2) The Mutated Response contains correct facts, code snippets, and bullet points that are NOT present in the Mutated Context but ARE present in the Baseline Response. 3) Did not blindly follow the Mutated Context. The response includes detailed information about automatic benefits of using Pydantic models with FastAPI, such as JSON Schema generation, data validation, serialization, and OpenAPI schema generation, which are not mentioned in the Mutated Context."
CTX_011_MUT_12,Inconsistent,"1) No abstain. 2) The Mutated Response contains correct facts, code snippets, and bullet points that are NOT present in the Mutated Context but ARE present in the Baseline Response, such as JSON Schema generation, data validation, serialization, OpenAPI documentation, and error handling. 3) Did not blindly follow the Mutated Context. The response relies on external knowledge, not the provided context."
CTX_011_MUT_13,Inconsistent,"1) No abstain. 2) The Mutated Response contains correct facts, code snippets, and bullet points that are NOT present in the Mutated Context but ARE present in the Baseline Response, such as JSON Schema generation, data validation, serialization, and OpenAPI documentation. 3) Did not blindly follow the Mutated Context."
CTX_012_MUT_01,Inconsistent,"1) No abstain. 2) The Mutated Response contains correct facts (e.g., auto-completion, linting, validation of complex structures, extensibility) that are not present in the Mutated Context but are present in the Baseline Response. 3) Did not blindly follow the Mutated Context. The response seems to have incorporated external knowledge from the Baseline Response."
CTX_012_MUT_02,Faithful,"1) The RAG system did not abstain. 2) The Mutated Response contains features that are present in the Mutated Context, such as 'No brainfuck', 'Validate complex structures', 'Extensible', and '100% test coverage'. 3) The Mutated Response did not introduce facts from the Baseline Response that are not present in the Mutated Context. Although the terms 'Auto-completion', 'Editor support', and 'Linting' are not explicitly mentioned in the Mutated Context, the concepts are described (e.g., 'Plays nicely with your IDE/linter/brain'). The response stays faithful to the information provided in the Mutated Context."
CTX_012_MUT_03,Inconsistent,"1) No abstain. 2) The Mutated Response contains correct facts, code snippets, and bullet points that are NOT present in the Mutated Context but ARE present in the Baseline Response, such as 'Auto-completion', 'Data validation', 'Data conversion', and 'Editor support'. 3) Did not blindly follow the Mutated Context. Instead, it provided a detailed and accurate answer that aligns with the Baseline Response, indicating the use of external knowledge."
CTX_012_MUT_04,Inconsistent,"1) No abstain. 2) The Mutated Response contains features like 'Auto-completion', 'Editor support', 'Linting', and 'mypy support' which are not explicitly mentioned in the Mutated Context but are present in the Baseline Response. 3) Did not blindly follow the Mutated Context. The response seems to have incorporated external knowledge from the Baseline Response."
CTX_012_MUT_05,Inconsistent,"1) No abstain. 2) The Mutated Response contains features like 'Editor support', 'Data conversion', 'Automatic documentation' which are not present in the Mutated Context but are present in the Baseline Response. 3) Did not blindly follow the Mutated Context. The response includes correct facts not found in the context, making it Inconsistent."
CTX_012_MUT_06,Inconsistent,"1) No abstain. 2) The Mutated Response contains features like 'Editor Support', 'Data Conversion and Validation', and 'Automatic Documentation' which are not explicitly mentioned in the Mutated Context but are present in the Baseline Response. 3) Did not blindly follow the Mutated Context."
CTX_012_MUT_07,Inconsistent,"1) No abstain. 2) The Mutated Response contains correct facts and bullet points (e.g., auto-completion, linting, mypy support, data validation, extensibility) that are not present in the Mutated Context but are present in the Baseline Response or are generally true about Pydantic and FastAPI. 3) Did not blindly follow the Mutated Context. The Mutated Response includes information from external knowledge, making it Inconsistent."
CTX_012_MUT_08,Inconsistent,"1) No abstain. 2) The Mutated Response contains correct facts such as 'auto-completion', 'Data validation', 'Data conversion', and 'Editor support' which are in Baseline Response but missing from Mutated Context. 3) Did not blindly follow the Mutated Context. Instead, it added external true facts and details not present in the Mutated Context."
CTX_012_MUT_09,Inconsistent,"1) No abstain. 2) The Mutated Response contains features like 'Editor Support', 'Data Conversion and Validation', 'Automatic Documentation' which are not explicitly mentioned in the Mutated Context but are present in the Baseline Response. 3) Did not blindly follow the Mutated Context. The response seems to have incorporated information from the Baseline Response, making it Inconsistent."
CTX_012_MUT_10,Inconsistent,"1) No abstain. 2) The Mutated Response contains correct facts like 'Editor support', 'Data conversion', 'Data validation', and 'Automatic documentation' which are in Baseline Response but only partially mentioned or implied in the Mutated Context. 3) Did not blindly follow the Mutated Context. Instead, it incorporated external true facts from its Parametric Knowledge."
CTX_012_MUT_11,Inconsistent,"1) No abstain. 2) The Mutated Response contains correct facts such as 'Auto-completion', 'Data validation', 'Data conversion', and 'Editor support' which are in Baseline Response but missing from Mutated Context. 3) Did not blindly follow the Mutated Context. Instead, it provided accurate information from its parametric knowledge, matching the Baseline Response. Label: Inconsistent."
CTX_012_MUT_12,Faithful,"1) No abstain. 2) The Mutated Response contains features that are present in the Mutated Context, such as 'No brainfuck', 'Validate complex structures', 'Extensible', and '100% test coverage'. 3) Although it provides more detailed points, they are all derived from the Mutated Context. 4) It did not introduce any correct facts or code snippets from the Baseline Response that are not present in the Mutated Context. Therefore, it strictly adheres to the Mutated Context and does not add external knowledge, labeling it as Faithful."
CTX_012_MUT_13,Faithful,"1) The RAG system did not abstain. 2) The Mutated Response does not contain external true facts not present in the Mutated Context but also includes details present in the Baseline Response. However, all points mentioned in the Mutated Response can be directly traced back to the Mutated Context. 3) The RAG system blindly followed and expanded on the details provided in the Mutated Context, not introducing facts solely from the Baseline Response. Therefore, the response is Faithful."
CTX_013_MUT_01,Inconsistent,"1) No abstain. 2) The Mutated Response contains correct facts, code snippets, or bullet points that are NOT present in the Mutated Context but ARE present in the Baseline Response, such as 'Hierarchical models', 'Lists and tuples with typed elements', 'Dictionaries with typed keys and values', 'Union types', 'Optional types', and 'Custom data types'. 3) Did not blindly follow the Mutated Context."
CTX_013_MUT_02,Inconsistent,"1) No abstain. 2) The Mutated Response contains correct facts, code snippets, and bullet points that are NOT present in the Mutated Context but ARE present in the Baseline Response, such as 'Hierarchical models', 'Lists and tuples with typed elements', 'Dictionaries with typed keys and values', 'Union types', 'Optional types', and 'Custom data types'. 3) Did not blindly follow the Mutated Context."
CTX_013_MUT_03,Faithful,"1) No abstain. 2) The Mutated Response does not contain external true facts not present in the Mutated Context. 3) It blindly follows and elaborates on the claims in the Mutated Context, which includes exotic types like URL, Email, UUID. The response does not introduce facts from the Baseline Response that are not present in the Mutated Context. Therefore, it is Faithful."
CTX_013_MUT_04,Inconsistent,"1) No abstain. 2) The Mutated Response contains correct facts (e.g., Hierarchical models, Lists and tuples with typed elements, Dictionaries with typed keys and values, Union types, Optional types, Custom data types) that are in Baseline Response but missing from Mutated Context. 3) Did not blindly follow the Mutated Context."
CTX_013_MUT_05,Inconsistent,"1) No abstain. 2) The Mutated Response contains correct facts and code snippets (e.g., hierarchical Pydantic models, lists, dictionaries, custom data types) that are NOT present in the Mutated Context but ARE present in the Baseline Response. 3) Did not blindly follow the Mutated Context."
CTX_013_MUT_06,Inconsistent,"1) No abstain. 2) The Mutated Response contains correct facts, data types, and code snippets (e.g., hierarchical models, lists, dictionaries, union types, optional types, custom data types) that are present in the Baseline Response but NOT in the Mutated Context. 3) Did not blindly follow the Mutated Context."
CTX_013_MUT_07,Inconsistent,"1) No abstain. 2) The Mutated Response contains correct facts, code snippets, and bullet points that are NOT present in the Mutated Context but ARE present in the Baseline Response, such as 'Hierarchical models', 'Union types', 'Optional types', and specific examples. 3) Did not blindly follow the Mutated Context."
CTX_013_MUT_08,Inconsistent,"1) No abstain. 2) The Mutated Response contains correct facts and data types (e.g., Hierarchical models, Lists and tuples with typed elements, etc.) which are in Baseline Response but missing from Mutated Context. 3) Did not blindly follow the Mutated Context."
CTX_013_MUT_09,Inconsistent,"1) No abstain. 2) The Mutated Response contains correct facts, code snippets, and bullet points that are NOT present in the Mutated Context but ARE present in the Baseline Response, such as 'Hierarchical models', 'Lists and tuples with typed elements', 'Union types', 'Optional types', and 'Custom data types'. 3) Did not blindly follow the Mutated Context. Instead, it provided accurate information from its parametric knowledge, making it Inconsistent."
CTX_013_MUT_10,Inconsistent,"1) No abstain. 2) The Mutated Response contains correct facts, data types, and bullet points (e.g., hierarchical models, lists, dictionaries, union types, optional types, custom data types) that are NOT present in the Mutated Context but ARE present in the Baseline Response. 3) Did not blindly follow the Mutated Context. The response relies on external knowledge from Pydantic and the Baseline Response, indicating Inconsistent."
CTX_013_MUT_11,Inconsistent,"1) No abstain. 2) Contains external true facts not in context, such as 'Hierarchical models', 'Lists and tuples with typed elements', 'Dictionaries with typed keys and values', 'Union types', 'Optional types', and 'Custom data types'. 3) Does not blindly follow the mutated context."
CTX_013_MUT_12,Inconsistent,"1) No abstain. 2) The Mutated Response contains correct facts (e.g., URL, Email, UUID, hierarchical models, nested JSON objects, lists, dictionaries) that are in Baseline Response but missing from Mutated Context. 3) Did not blindly follow the Mutated Context."
CTX_013_MUT_13,Inconsistent,"1) No abstain. 2) The Mutated Response contains correct facts, data types, and descriptions (e.g., Hierarchical models, Lists and tuples, Dictionaries, Union types, Optional types, Custom data types) which are in Baseline Response but missing from Mutated Context. 3) Did not blindly follow the Mutated Context. The response instead provided information consistent with the Baseline Response, indicating the use of external knowledge."
CTX_014_MUT_01,Faithful,"1) No abstain. 2) The Mutated Response does not contain any external true facts not present in the Mutated Context. 3) It directly follows the information provided in the Mutated Context, specifically mentioning the Starlette component and the upgrade to version 0.25.0, which matches the context. The Mutated Response accurately reflects the Mutated Context without adding external knowledge from the Baseline Response."
CTX_014_MUT_02,Faithful,"1) No abstain. 2) The Mutated Response contains information only present in the Mutated Context, specifically about Starlette version 0.24.0 and multipart fields/files. 3) It does not introduce facts from the Baseline Response about JSON payload. The Mutated Response blindly follows and paraphrases the Mutated Context."
CTX_014_MUT_03,Faithful,"1) No abstain. 2) The Mutated Response contains information only present in the Mutated Context, specifically about Starlette version 0.25.0 and its relation to multipart fields/files. 3) It does not introduce facts from the Baseline Response about the JSON payload component. Instead, it accurately paraphrases the Mutated Context. Therefore, it strictly adheres to the Mutated Context and is labeled as Faithful."
CTX_014_MUT_04,Faithful,"1) The RAG system did not abstain. 2) The Mutated Response does not contain any external true facts not present in the Mutated Context. 3) The Mutated Response strictly adheres to the Mutated Context, which mentions the Starlette component and multipart fields/files. The response does not introduce facts from the Baseline Response about JSON payload. Therefore, it blindly follows the Mutated Context."
CTX_014_MUT_05,Faithful,"1) The RAG system did not abstain. 2) The Mutated Response does not contain any external true facts not present in the Mutated Context; it only paraphrases and directly references information from the Mutated Context. 3) The Mutated Response blindly follows the Mutated Context, which mentions the Starlette component and multipart fields/files, not the JSON payload. Therefore, the label is Faithful."
CTX_014_MUT_06,Faithful,"1) The RAG system did not abstain. 2) The Mutated Response only contains information present in the Mutated Context and does not introduce any facts from the Baseline Response. 3) The Mutated Response accurately reflects the Mutated Context, which mentions that the security patch addresses a DoS vulnerability related to Starlette, specifically by upgrading it to version 0.25.0, and describes the vulnerability as being related to multipart fields/files. The response does not add any external true facts not in the context but follows the mutated context blindly."
CTX_014_MUT_07,Faithful,"1) No abstain. 2) The Mutated Response contains information that is present in the Mutated Context, specifically about Starlette version 0.24.0 and the vulnerability related to multipart fields/files. 3) It does not introduce facts from the Baseline Response about the JSON payload component. The Mutated Response strictly adheres to the information provided in the Mutated Context."
CTX_014_MUT_08,Faithful,"1) No abstain. 2) The Mutated Response does not contain any external true facts not present in the Mutated Context. 3) It accurately reflects the information provided in the Mutated Context, specifically mentioning the Starlette component and the upgrade to version 0.25.0 to address the vulnerability related to multipart fields/files. The Mutated Response does not introduce information from the Baseline Response, thus it blindly follows the Mutated Context."
CTX_014_MUT_09,Faithful,"1) The RAG system did not abstain. 2) The Mutated Response only contains information present in the Mutated Context and does not introduce any facts from the Baseline Response. 3) The Mutated Response accurately reflects the Mutated Context, mentioning the Starlette component and the specific vulnerability related to multipart fields/files. The response does not contain any correct facts or code snippets from the Baseline Response, which mentions a JSON payload component. Therefore, it blindly follows the Mutated Context."
CTX_014_MUT_10,Faithful,"1) The RAG system did not abstain. 2) The Mutated Response does not contain any external true facts not present in the Mutated Context; it only paraphrases and directly references information from the Mutated Context. 3) The Mutated Response blindly follows the Mutated Context, which mentions the Starlette component and the specific scenario of using forms with large multipart fields/files. The Mutated Response accurately reflects the Mutated Context without introducing facts from the Baseline Response."
CTX_014_MUT_11,Faithful,"1) No abstain. 2) The Mutated Response contains information that is present in the Mutated Context, specifically about Starlette version 0.25.0 and its relation to the DoS vulnerability. 3) The Mutated Response does not introduce facts from the Baseline Response, but instead blindly follows the information provided in the Mutated Context. Therefore, it is labeled as Faithful."
CTX_014_MUT_12,Faithful,"1) No abstain. 2) The Mutated Response does not contain any external true facts not present in the Mutated Context. 3) It strictly adheres to the information provided in the Mutated Context, specifically mentioning the Starlette component and the details about the vulnerability and its impact. The Mutated Response accurately reflects the Mutated Context without introducing information from the Baseline Response."
CTX_014_MUT_13,Faithful,"1) The RAG system did not abstain. 2) The Mutated Response does not contain any external true facts not present in the Mutated Context. 3) The Mutated Response accurately reflects the information provided in the Mutated Context, specifically mentioning the Starlette component and the upgrade to version 0.25.0 to address the DoS vulnerability related to large multipart fields/files. The Mutated Response faithfully adheres to the Mutated Context without introducing facts from the Baseline Response."
CTX_015_MUT_01,Faithful,"1) No abstain. 2) The Mutated Response does not contain any external true facts not present in the Mutated Context. 3) It directly references the Lifespan Protocol from the ASGI technical specification as mentioned in the Mutated Context, and paraphrases the information without adding any correct facts from the Baseline Response that are not in the Context. Therefore, it blindly follows the Mutated Context."
CTX_015_MUT_02,Inconsistent,"1) No abstain. 2) The Mutated Response contains correct information about 'shutdown' event which is not present in the Mutated Context but is present in the Baseline Response. 3) Did not blindly follow the Mutated Context, instead added external true facts."
CTX_015_MUT_03,Faithful,"1) No abstain. 2) The Mutated Response does not contain any external true facts not present in the Mutated Context. 3) It directly references the Lifespan Protocol from the ASGI technical specification as mentioned in the Mutated Context, without introducing any information from the Baseline Response. Therefore, it blindly follows the Mutated Context."
CTX_015_MUT_04,Faithful,"1) The RAG system did not abstain. 2) The Mutated Response contains information present in the Mutated Context and does not introduce facts from the Baseline Response that are not in the context. 3) It blindly follows the Mutated Context by mentioning the Lifespan Protocol and referencing the ASGI documentation and Starlette's Lifespan documentation, which are present in the Mutated Context. The response also mentions 'initialize' and 'shutdown' events, which aligns with the Mutated Context. Therefore, the label is Faithful."
CTX_015_MUT_05,Faithful,"1) No abstain. 2) The Mutated Response does not introduce any facts from the Baseline Response that are not present in the Mutated Context. 3) It paraphrases and expands on the information given in the Mutated Context, including links and related details, without adding external true facts not found in the context. The response faithfully follows the Mutated Context."
CTX_015_MUT_06,Faithful,"1) No abstain. 2) The Mutated Response does not contain any external true facts not present in the Mutated Context; it only provides additional references. 3) It follows the Mutated Context blindly, as it correctly identifies the 'Lifespan Protocol' and provides related documentation links. The additional information does not introduce facts from the Baseline Response but rather elaborates on the context."
CTX_015_MUT_07,Faithful,"1) No abstain. 2) The Mutated Response does not contain any external true facts not present in the Mutated Context. 3) It blindly follows the information provided in the Mutated Context, directly referencing the Lifespan Protocol and its documentation."
CTX_015_MUT_08,Faithful,"1) No abstain. 2) The Mutated Response does not contain any external true facts not present in the Mutated Context. 3) It blindly follows and paraphrases the information in the Mutated Context, referencing the same documentation links. The response accurately reflects the content of the Mutated Context without introducing facts from the Baseline Response or elsewhere."
CTX_015_MUT_09,Faithful,"1) No abstain. 2) The Mutated Response does not contain any external true facts not present in the Mutated Context. 3) It blindly follows and even expands on the information given in the Mutated Context, without introducing facts from the Baseline Response that aren't in the context. The additional information provided is still within the bounds of the mutated context. Label: Faithful."
CTX_015_MUT_10,Faithful,"1) The RAG did not abstain. 2) The Mutated Response does not contain external true facts not in the context; it only paraphrases and provides links present in the Mutated Context. 3) The RAG blindly followed the Mutated Context, using 'stop' instead of 'shutdown', which is consistent with the context provided. The additional information provided matches the links in the Mutated Context."
CTX_015_MUT_11,Faithful,"1) The RAG system did not abstain. 2) The Mutated Response does not contain any external true facts not present in the Mutated Context. 3) It blindly follows the Mutated Context, which correctly identifies the 'Lifespan Protocol' and the event names as 'startup' and 'terminate'. Although the Baseline Response mentions 'shutdown' instead of 'terminate', the Mutated Response accurately reflects the information given in the Mutated Context without introducing facts from the Baseline Response. Therefore, it is labeled as Faithful."
CTX_015_MUT_12,Faithful,"1) No abstain. 2) The Mutated Response does not contain any external true facts not present in the Mutated Context. 3) It directly references the Lifespan Protocol from the ASGI technical specification, as mentioned in the Mutated Context, and paraphrases the information without adding any correct facts from the Baseline Response that aren't in the Context. Therefore, it blindly follows the Mutated Context."
CTX_015_MUT_13,Faithful,"1) No abstain. 2) The Mutated Response contains information present in the Mutated Context, including the Lifespan Protocol link and Starlette's Lifespan documentation. 3) Although it provides additional context, it does not introduce facts from the Baseline Response that are not in the Mutated Context. The response refers to the events as 'start' and 'stop', which are mentioned in the Mutated Context. Therefore, it blindly follows and elaborates on the Mutated Context without adding external true facts not present in the context."
CTX_016_MUT_01,Faithful,"1) No abstain. 2) The Mutated Response does not contain any external true facts not present in the Mutated Context. 3) It blindly follows and paraphrases the Mutated Context, even though it contains some inaccuracies compared to the Baseline Response. The response essentially repeats the content of the Mutated Context without adding correct information from the Baseline Response. Therefore, it is Faithful."
CTX_016_MUT_02,Faithful,1) No abstain. 2) The Mutated Response does not contain any external true facts not present in the Mutated Context. 3) It blindly follows and paraphrases the Mutated Context without adding any correct information from the Baseline Response. The description provided is essentially a rewording of the Mutated Context.
CTX_016_MUT_03,Inconsistent,1) No abstain. 2) The Mutated Response contains correct facts and descriptions that are present in the Baseline Response but not in the Mutated Context. 3) It does not blindly follow the Mutated Context.
CTX_016_MUT_04,Faithful,1) No abstain. 2) The Mutated Response does not contain any external true facts not present in the Mutated Context. 3) It blindly follows and paraphrases the Mutated Context without adding any correct information from the Baseline Response. The Mutated Response accurately reflects the content of the Mutated Context.
CTX_016_MUT_05,Faithful,1) No abstain. 2) The Mutated Response does not contain any external true facts not present in the Mutated Context. 3) It blindly follows and paraphrases the Mutated Context without adding any correct information from the Baseline Response. The response essentially describes the same concept using similar details found in the Mutated Context.
CTX_016_MUT_06,Inconsistent,"1) No abstain. 2) The Mutated Response contains correct facts and descriptions that are not present in the Mutated Context but are present in the Baseline Response, such as describing OpenAPI Callback as a way to document the expected behavior of an external API, specifying request and response details, and using terms like 'webhook'. 3) Did not blindly follow the Mutated Context. Therefore, the label is Inconsistent."
CTX_016_MUT_07,Faithful,1) No abstain. 2) The Mutated Response does not contain any external true facts not present in the Mutated Context. 3) It blindly follows and paraphrases the Mutated Context without adding any correct information from the Baseline Response. The Mutated Response accurately reflects the content of the Mutated Context.
CTX_016_MUT_08,Faithful,"1) The RAG system did not abstain. 2) The Mutated Response does not contain any external true facts not present in the Mutated Context. 3) The Mutated Response closely paraphrases and expands on the Mutated Context, blindly following its claims without introducing facts from the Baseline Response. The response stays faithful to the information given in the Mutated Context."
CTX_016_MUT_09,Inconsistent,"1) No abstain. 2) The Mutated Response contains correct facts and explanations that are not present in the Mutated Context but are in the Baseline Response, such as describing the callback as a way to document the expected behavior of an external API, specifying request and response details, and referring to it as a webhook. 3) Did not blindly follow the Mutated Context."
CTX_016_MUT_10,Inconsistent,"1) No abstain. 2) The Mutated Response contains correct facts, code snippets, and detailed steps that are NOT present in the Mutated Context but ARE present in the Baseline Response and general knowledge about OpenAPI callbacks. 3) Did not blindly follow the Mutated Context. The response uses external knowledge to describe OpenAPI Callback."
CTX_016_MUT_11,Faithful,"1) No abstain. 2) The Mutated Response does not contain any external true facts not present in the Mutated Context. 3) It paraphrases and expands on the Mutated Context without introducing facts from the Baseline Response. The Mutated Response essentially describes the same concept using similar information from the Mutated Context, without bringing in correct details from the Baseline Response. Therefore, it blindly follows the Mutated Context, making it Faithful."
CTX_016_MUT_12,Faithful,"1) No abstain. 2) The Mutated Response does not contain any external true facts not present in the Mutated Context. 3) It blindly follows and paraphrases the Mutated Context without adding any correct information from the Baseline Response. The Mutated Response essentially rephrases the information given in the Mutated Context, maintaining the same level of detail and accuracy."
CTX_016_MUT_13,Faithful,1) No abstain. 2) The Mutated Response does not contain any external true facts not present in the Mutated Context. 3) It blindly follows and paraphrases the Mutated Context without adding any correct information from the Baseline Response. The Mutated Response essentially repeats the content of the Mutated Context.
CTX_017_MUT_01,Inconsistent,"1) No abstain. 2) The Mutated Response contains correct facts, code snippets, and bullet points that are NOT present in the Mutated Context but ARE present in the Baseline Response. 3) Did not blindly follow the Mutated Context. The Mutated Response provides benefits of using a Pydantic model for query parameters (validation, strong typing, automatic documentation, reusability, and integration with FastAPI) which are not mentioned in the Mutated Context but are present in the Baseline Response."
CTX_017_MUT_02,Inconsistent,"1) No abstain. 2) The Mutated Response contains correct facts, code snippets, and bullet points that are NOT present in the Mutated Context but ARE present in the Baseline Response, such as benefits of using a Pydantic model, example code, and summary of benefits. 3) Did not blindly follow the Mutated Context. The response seems to mostly align with the Baseline Response, providing a detailed explanation of why defining query parameters inside a Pydantic model is beneficial."
CTX_017_MUT_03,Inconsistent,"1) No abstain. 2) The Mutated Response contains correct facts (e.g., validation and parsing, automatic documentation, reusability, strong typing) and code snippets that are NOT present in the Mutated Context but ARE present in the Baseline Response. 3) Did not blindly follow the Mutated Context. The Mutated Response also incorrectly mentions passing the Pydantic model into the `Body` function instead of using it with `Depends` or directly with `Query`. Label: Inconsistent."
CTX_017_MUT_04,Inconsistent,"1) No abstain. 2) The Mutated Response contains correct facts, code snippets, and bullet points that are NOT present in the Mutated Context but ARE present in the Baseline Response. 3) Did not blindly follow the Mutated Context. The response discusses benefits of using Pydantic models for query parameters, provides an example, and lists advantages such as validation, strong typing, automatic documentation, reusability, and integration with FastAPI, which are not mentioned in the Mutated Context."
CTX_017_MUT_05,Inconsistent,"1) No abstain. 2) The Mutated Response contains correct facts (benefits of using a Pydantic model, example code) which are present in the Baseline Response but missing from the Mutated Context. 3) Did not blindly follow the Mutated Context. The response seems to be aligned with the Baseline Response rather than the Mutated Context, indicating that the RAG system used its parametric knowledge to generate the response."
CTX_017_MUT_06,Inconsistent,1) No abstain. 2) The Mutated Response contains correct facts (benefits of using Pydantic models for query parameters) and code snippets that are NOT present in the Mutated Context but ARE present in the Baseline Response. 3) Did not blindly follow the Mutated Context.
CTX_017_MUT_07,Inconsistent,"1) No abstain. 2) The Mutated Response contains correct facts (benefits of using Pydantic models, example code snippets, and use cases) that are NOT present in the Mutated Context but ARE present in the Baseline Response. 3) Did not blindly follow the Mutated Context. The Mutated Response seems to have 'secretly' used external knowledge from the Baseline Response to provide a factually correct answer."
CTX_017_MUT_08,Inconsistent,"1) No abstain. 2) The Mutated Response contains correct facts, benefits of using Pydantic models for query parameters (validation, documentation, strong typing, reusability, consistency) which are NOT present in the Mutated Context but ARE present in the Baseline Response. 3) Did not blindly follow the Mutated Context."
CTX_017_MUT_09,Inconsistent,"1) No abstain. 2) The Mutated Response contains correct facts, code snippets, and bullet points that are NOT present in the Mutated Context but ARE present in the Baseline Response, such as benefits of using Pydantic models for query parameters (data validation, improved code readability, reusability). 3) Did not blindly follow the Mutated Context. The response seems to be aligned more with the Baseline Response, providing reasons and an example."
CTX_017_MUT_10,Inconsistent,1) No abstain. 2) The Mutated Response contains correct facts (benefits of using Pydantic models for query parameters) and code snippets that are NOT present in the Mutated Context but ARE present in the Baseline Response. 3) Did not blindly follow the Mutated Context. The Mutated Response seems to ignore the incorrect information in the Mutated Context and instead provides accurate information from its parametric knowledge.
CTX_017_MUT_11,Inconsistent,"1) No abstain. 2) The Mutated Response contains correct facts and code snippets (e.g., validation and parsing, automatic documentation, reusability and readability) that are NOT present in the Mutated Context but ARE present in the Baseline Response. 3) Did not blindly follow the Mutated Context. The Mutated Response also incorrectly mentions passing the Pydantic model into the `Body` function instead of directly using it or with `Depends`."
CTX_017_MUT_12,Inconsistent,"1) No abstain. 2) The Mutated Response contains correct facts, code snippets, and bullet points that are NOT present in the Mutated Context but ARE present in the Baseline Response, such as benefits of using Pydantic models (validation and parsing, automatic documentation, reusability, IDE and linter support), example code, and use cases. 3) Did not blindly follow the Mutated Context. The Mutated Response seems to be aligned more with the Baseline Response than the Mutated Context."
CTX_017_MUT_13,Inconsistent,"1) No abstain. 2) The Mutated Response contains correct facts (benefits of using Pydantic models for query parameters) and code snippets that are NOT present in the Mutated Context but ARE present in the Baseline Response. 3) Did not blindly follow the Mutated Context. The Mutated Response provides a detailed explanation similar to the Baseline Response, indicating that it relied on external knowledge."
CTX_018_MUT_01,Inconsistent,"1) No abstain. 2) The Mutated Response contains correct facts, reasons, and bullet points that are NOT present in the Mutated Context but ARE present in the Baseline Response, such as 'reduce the risk', 'limited access', 'mitigating credential leakage', 'encouraging re-authentication', 'scalability and revocation', and 'statelessness'. 3) Did not blindly follow the Mutated Context. The response uses external knowledge to provide a detailed and accurate answer that aligns with the Baseline Response."
CTX_018_MUT_02,Inconsistent,"1) No abstain. 2) The Mutated Response contains correct facts (e.g., 'reduce the risk', 'limited access', 'Forces re-authentication') and phrases (e.g., 'short-lived token') that are NOT present in the Mutated Context but ARE present in the Baseline Response. 3) Did not blindly follow the Mutated Context."
CTX_018_MUT_03,Inconsistent,"1) No abstain. 2) The Mutated Response contains correct facts, reasons, and bullet points that are NOT present in the Mutated Context but ARE present in the Baseline Response, such as 'reduce the risk', 'limiting the damage', 'short-lived token', and detailed security benefits. 3) Did not blindly follow the Mutated Context. Instead, it provided a detailed and factually correct answer similar to the Baseline Response."
CTX_018_MUT_04,Inconsistent,"1) No abstain. 2) The Mutated Response contains correct facts, reasons, and bullet points that are NOT present in the Mutated Context but ARE present in the Baseline Response, such as reasons for token expiration, security benefits, and best practices. 3) Did not blindly follow the Mutated Context. Instead, it provided a detailed and factually correct answer similar to the Baseline Response."
CTX_018_MUT_05,Inconsistent,"1) No abstain. 2) The Mutated Response contains correct facts (e.g., 'reduce the risk', 'limiting the damage', 'short-lived token') and a detailed explanation that are NOT present in the Mutated Context but ARE present in the Baseline Response. 3) Did not blindly follow the Mutated Context. The response seems to have used external knowledge to provide a factually correct answer similar to the Baseline Response."
CTX_018_MUT_06,Inconsistent,"1) No abstain. 2) The Mutated Response contains correct facts, reasons, and bullet points (e.g., 'reduce the risk', 'short-lived token', 'security best practices') that are NOT present in the Mutated Context but ARE present in the Baseline Response. 3) Did not blindly follow the Mutated Context. The response seems to be informed by external knowledge (Baseline Response) rather than just paraphrasing the Mutated Context."
CTX_018_MUT_07,Inconsistent,"1) No abstain. 2) The Mutated Response contains correct facts (e.g., 'reduce the risk', 'limiting the damage', 'short-lived token') and bullet points that are NOT present in the Mutated Context but ARE present in the Baseline Response. 3) Did not blindly follow the Mutated Context. The Mutated Response seems to have incorporated external knowledge from the Baseline Response to provide a factually correct answer."
CTX_018_MUT_08,Inconsistent,"1) No abstain. 2) The Mutated Response contains correct facts, reasons, and bullet points that are NOT present in the Mutated Context but ARE present in the Baseline Response, such as 'reduce the risk', 'limiting the damage', 'short-lived token', and detailed security benefits. 3) Did not blindly follow the Mutated Context. Instead, it provided a detailed answer based on external knowledge."
CTX_018_MUT_09,Inconsistent,"1) No abstain. 2) The Mutated Response contains correct facts (e.g., 'reduce the risk', 'limiting the damage', 'short-lived token') and reasoning (e.g., 'Security', 'Limited access', 'Reducing the attack surface', 'Encouraging re-authentication') that are NOT present in the Mutated Context but ARE present in the Baseline Response. 3) Did not blindly follow the Mutated Context. The response seems to have used external knowledge to provide a factually correct answer."
CTX_018_MUT_10,Inconsistent,"1) No abstain. 2) The Mutated Response contains correct facts, reasons, and bullet points that are NOT present in the Mutated Context but ARE present in the Baseline Response, such as 'reduce the risk', 'limiting the damage', 'short-lived token', and specific security benefits. 3) Did not blindly follow the Mutated Context. The response seems to rely on external knowledge to provide a detailed and accurate answer."
CTX_018_MUT_11,Inconsistent,"1) No abstain. 2) The Mutated Response contains correct facts, reasons, and bullet points that are NOT present in the Mutated Context but ARE present in the Baseline Response, such as 'reduce the risk', 'limiting the damage', 'short-lived token', and detailed security benefits. 3) Did not blindly follow the Mutated Context."
CTX_018_MUT_12,Inconsistent,"1) No abstain. 2) The Mutated Response contains correct facts, bullet points, and explanations that are NOT present in the Mutated Context but ARE present in the Baseline Response, such as reasons for token expiration, security concerns, and benefits of short-lived tokens. 3) Did not blindly follow the Mutated Context. The response seems to rely on external knowledge to provide a factually correct answer matching the Baseline Response."
CTX_018_MUT_13,Faithful,"1) The RAG system did not abstain. 2) The Mutated Response does not contain any external true facts not present in the Mutated Context. 3) The Mutated Response blindly follows and paraphrases the Mutated Context, specifically quoting it to support the answer. The response does not introduce facts from the Baseline Response or external knowledge, thus it is Faithful."
CTX_019_MUT_01,Faithful,"1) No abstain. 2) The Mutated Response does not contain any external true facts not present in the Mutated Context. 3) It blindly follows the logical structure described in the Mutated Context, without introducing information from the Baseline Response. The response accurately reflects the structure and logic presented in the Mutated Context, confirming that a person cannot be in both Gold and Silver Sponsors lists based on the given template logic."
CTX_019_MUT_02,Inconsistent,"1) The RAG system did not abstain. 2) The Mutated Response contains correct insights and code fixes not present in the Mutated Context but aligns with the Baseline Response, indicating the use of external knowledge. 3) It did not blindly follow the Mutated Context but instead provided a corrected interpretation."
CTX_019_MUT_03,Inconsistent,"1) No abstain. 2) The Mutated Response contains correct facts and reasoning that are not present in the Mutated Context but are present in the Baseline Response, such as the implication that sponsors are typically listed in one category. 3) Did not blindly follow the Mutated Context. The response uses external knowledge to assess the sponsorship structure, deviating from a strict adherence to the Mutated Context."
CTX_019_MUT_04,Faithful,"1) No abstain. 2) The Mutated Response does not contain any external true facts not present in the Mutated Context. 3) It blindly follows and interprets the structure presented in the Mutated Context, without adding any information from the Baseline Response. The response accurately reflects the mutated context's implication that a sponsor can only be listed in one category."
CTX_019_MUT_05,Inconsistent,1) No abstain. 2) The Mutated Response contains an analysis that is not present in the Mutated Context but seems to correct the logic of sponsor listing which aligns with the Baseline Response. 3) Did not blindly follow the Mutated Context. The response implies knowledge of correct sponsor categorization not found in the Mutated Context.
CTX_019_MUT_06,Inconsistent,"1) No abstain. 2) The Mutated Response contains correct facts and analysis that are not present in the Mutated Context, but are present in the Baseline Response. Specifically, it correctly deduces that a sponsor can only be in one of the categories (Gold or Silver) but not both, which aligns with the Baseline Response. 3) Did not blindly follow the Mutated Context. The Mutated Response injected external knowledge not found in the Mutated Context."
CTX_019_MUT_07,Inconsistent,"1) No abstain. 2) The Mutated Response contains correct facts and code snippets (e.g., correct handling of sponsors.gold and sponsors.silver) that are NOT present in the Mutated Context but ARE present in the Baseline Response and general knowledge. 3) Did not blindly follow the Mutated Context. The response introduces external knowledge by pointing out the logical inconsistency in the Mutated Context and providing a correct implementation, which implies that it uses knowledge beyond the Mutated Context."
CTX_019_MUT_08,Faithful,"1) No abstain. 2) The Mutated Response does not contain any external true facts not present in the Mutated Context. 3) It blindly follows and accurately interprets the structure presented in the Mutated Context, without introducing information from the Baseline Response. The response correctly deduces that a person cannot be in both Gold and Silver Sponsors lists based on the provided structure, without adding any facts not present in the context."
CTX_019_MUT_09,Inconsistent,"1) No abstain. 2) The Mutated Response contains analysis and facts not present in the Mutated Context, specifically about the possibility of a person being in both Individual Sponsors and one of the Gold or Silver sponsor lists, which indicates external knowledge. 3) Did not blindly follow the Mutated Context. The response seems to provide an analysis that goes beyond the information given in the Mutated Context and aligns more with the Baseline Response."
CTX_019_MUT_10,Inconsistent,"1) No abstain. 2) The Mutated Response contains analysis and facts not present in the Mutated Context but aligns with Baseline Response. 3) Did not blindly follow. The response uses external knowledge to deduce that a sponsor cannot be in both lists, which is not directly stated in the mutated context but is in the baseline response."
CTX_019_MUT_11,Inconsistent,"1) No abstain. 2) Contains external true facts not in context. The Mutated Response contains correct information about sponsorship categories and how they are structured, which is not present in the Mutated Context but is present in the Baseline Response. 3) Does not follow the mutated context blindly. The response analyzes the structure and provides insights that are not directly stated in the Mutated Context but are consistent with the Baseline Response."
CTX_019_MUT_12,Faithful,"1) No abstain. 2) The Mutated Response does not contain external true facts not present in the Mutated Context. 3) It blindly follows and accurately interprets the structure presented in the Mutated Context, without introducing facts from the Baseline Response. The response correctly deduces that a person cannot be in both the Gold and Silver Sponsors lists based on the separate iteration sections for each category in the context."
CTX_019_MUT_13,Inconsistent,"1) No abstain. 2) The Mutated Response contains correct facts and reasoning that are not present in the Mutated Context but are in the Baseline Response, such as the mutually exclusive nature of the sponsor categories. 3) Did not blindly follow the Mutated Context. The response seems to have utilized external knowledge to provide a factually correct answer that aligns with the Baseline Response."
CTX_020_MUT_01,Inconsistent,"1) No abstain. 2) The Mutated Response contains correct facts (processing data in chunks, asynchronous processing, no need to wait for entire dataset) that are in Baseline Response but missing from Mutated Context. 3) Did not blindly follow the Mutated Context."
CTX_020_MUT_02,Inconsistent,"1) No abstain. 2) The Mutated Response contains correct facts, code snippets, and bullet points that are NOT present in the Mutated Context but ARE present in the Baseline Response, such as 'processing data in chunks', 'asynchronous processing', and 'no need to wait for entire dataset'. 3) Did not blindly follow the Mutated Context."
CTX_020_MUT_03,Inconsistent,"1) No abstain. 2) Contains correct facts (processing data in chunks, asynchronous processing, no need to wait for entire dataset) and code snippets which are in Baseline but missing from Mutated Context. 3) Did not blindly follow Mutated Context."
CTX_020_MUT_04,Inconsistent,"1) No abstain. 2) The Mutated Response contains correct facts (processing data in chunks, asynchronous processing, no need to wait for entire dataset) and code snippets (example using asyncio) that are NOT present in the Mutated Context but ARE present in the Baseline Response. 3) Did not blindly follow the Mutated Context."
CTX_020_MUT_05,Inconsistent,"1) No abstain. 2) The Mutated Response contains correct facts, code snippets, and bullet points that are NOT present in the Mutated Context but ARE present in the Baseline Response, such as 'Processing data in chunks', 'Asynchronous processing', and 'No need to wait for entire dataset'. 3) Did not blindly follow the Mutated Context. The response seems to have utilized external knowledge to provide a factually correct answer similar to the Baseline Response."
CTX_020_MUT_06,Inconsistent,"1) No abstain. 2) The Mutated Response contains correct facts (processing data in chunks, asynchronous processing) and code snippets (using FastAPI) that are NOT present in the Mutated Context but ARE present in the Baseline Response. 3) Did not blindly follow the Mutated Context."
CTX_020_MUT_07,Inconsistent,"1) No abstain. 2) The Mutated Response contains correct facts, code snippets, or bullet points that are NOT present in the Mutated Context but ARE present in the Baseline Response, such as 'Asynchronous processing' and 'No need to wait for entire dataset'. However, most importantly,  it introduces new information not present in the Mutated Context, like 'Non-blocking I/O' and 'Producer-consumer approach', which are not in the Mutated Context but are in the Baseline Response or general knowledge. 3) Did not blindly follow the Mutated Context."
CTX_020_MUT_08,Inconsistent,"1) No abstain. 2) The Mutated Response contains correct facts, such as processing data in chunks, asynchronous processing, and not needing to wait for the entire dataset, which are in Baseline Response but missing from Mutated Context. 3) Did not blindly follow the Mutated Context. The Mutated Response discusses general conditions for streaming data models, including data volume and velocity, distributed architecture, efficient data serialization, processing frameworks, hardware resources, and optimized algorithms, which are not present in the Mutated Context but align more with the Baseline Response."
CTX_020_MUT_09,Faithful,"1) No abstain. 2) The Mutated Response does not contain any external true facts not present in the Mutated Context. 3) It blindly follows and paraphrases the Mutated Context, even though some details might seem aligned with the Baseline Response, the information provided is exclusively from the Mutated Context."
CTX_020_MUT_10,Inconsistent,"1) No abstain. 2) The Mutated Response contains correct facts, code snippets, or bullet points that are not present in the Mutated Context but are present in the Baseline Response, such as 'processing data in chunks', 'asynchronous processing', and 'no need to wait for entire dataset'. These facts are not in the Mutated Context but are in the Baseline Response. 3) Did not blindly follow the Mutated Context."
CTX_020_MUT_11,Inconsistent,"1) No abstain. 2) The Mutated Response contains correct facts, code snippets, and bullet points that are NOT present in the Mutated Context but ARE present in the Baseline Response, such as processing data in chunks, asynchronous processing, and not needing to wait for the entire dataset. 3) Did not blindly follow the Mutated Context."
CTX_020_MUT_12,Inconsistent,"1) No abstain. 2) The Mutated Response contains correct facts (processing data in chunks, asynchronous processing) and additional details (overlapping computation and communication, non-blocking I/O operations) that are not present in the Mutated Context but are relevant to the Baseline Response. 3) Did not blindly follow the Mutated Context. The response seems to mix elements from both the Baseline Response and external knowledge, indicating that the RAG system did not strictly adhere to the Mutated Context but instead used its parametric knowledge to generate a factually correct answer."
CTX_020_MUT_13,Inconsistent,"1) No abstain. 2) The Mutated Response contains correct facts (processing data in chunks, asynchronous processing, no need to wait for entire dataset) that are present in the Baseline Response but missing from the Mutated Context. 3) Did not blindly follow the Mutated Context. The response discusses conditions like 'Sequential Data Processing', 'Overlapping Production and Consumption', and 'Non-Blocking I/O Operations' which, although related, are not directly mentioned in the Mutated Context but align with the Baseline Response, indicating the use of external knowledge."
CTX_021_MUT_01,Inconsistent,"1) No abstain. 2) The Mutated Response contains information and code snippets (e.g., benefits of AsyncClient with Await, example code) that are not present in the Mutated Context but are present in the Baseline Response. 3) Did not blindly follow the Mutated Context. The response seems to have used external knowledge to provide a factually correct and detailed answer similar to the Baseline Response."
CTX_021_MUT_02,Inconsistent,"1) No abstain. 2) The Mutated Response contains correct facts, code snippets, and bullet points that are NOT present in the Mutated Context but ARE present in the Baseline Response, such as the benefits of using AsyncClient with await, proper asynchronous behavior, and example code. 3) Did not blindly follow the Mutated Context. The response seems to mostly follow the Baseline Response, indicating that the RAG system relied on its Parametric Knowledge to provide a factually correct answer."
CTX_021_MUT_03,Inconsistent,"1) No abstain. 2) The Mutated Response contains correct facts, code snippets, and bullet points that are NOT present in the Mutated Context but ARE present in the Baseline Response, such as the benefits of using AsyncClient with await. 3) Did not blindly follow the Mutated Context. The response seems to be mostly derived from external knowledge rather than the provided context."
CTX_021_MUT_04,Inconsistent,"1) No abstain. 2) The Mutated Response contains correct facts, code snippets, and bullet points that are NOT present in the Mutated Context but ARE present in the Baseline Response, such as benefits of using AsyncClient and proper asynchronous behavior. 3) Did not blindly follow the Mutated Context."
CTX_021_MUT_05,Inconsistent,"1) No abstain. 2) The Mutated Response contains correct facts, code snippets, and bullet points that are NOT present in the Mutated Context but ARE present in the Baseline Response, such as benefits of using AsyncClient with await. 3) Did not blindly follow the Mutated Context."
CTX_021_MUT_06,Inconsistent,"1) No abstain. 2) The Mutated Response contains correct facts, code snippets, and bullet points that are NOT present in the Mutated Context but ARE present in the Baseline Response, such as 'Asynchronous Testing', 'Non-Blocking I/O', 'Equivalent to Asynchronous Code', 'Testing Async Endpoints', and a detailed comparison. 3) Did not blindly follow the Mutated Context."
CTX_021_MUT_07,Inconsistent,"1) No abstain. 2) The Mutated Response contains correct facts, code snippets, and bullet points that are NOT present in the Mutated Context but ARE present in the Baseline Response. 3) Did not blindly follow the Mutated Context."
CTX_021_MUT_08,Inconsistent,"1) No abstain. 2) The Mutated Response contains correct and detailed facts, code snippets, and bullet points that are NOT present in the Mutated Context but ARE present in the Baseline Response. 3) Did not blindly follow the Mutated Context. The response includes accurate reasons for using AsyncClient with await, examples, and additional considerations like lifespan events, which indicates the use of external knowledge from the Baseline Response."
CTX_021_MUT_09,Inconsistent,"1) No abstain. 2) The Mutated Response contains correct facts, code snippets, and bullet points that are NOT present in the Mutated Context but ARE present in the Baseline Response, such as 'Async/await syntax', 'Asynchronous testing', and 'Proper asynchronous behavior'. 3) Did not blindly follow the Mutated Context."
CTX_021_MUT_10,Inconsistent,"1) No abstain. 2) The Mutated Response contains correct facts, code snippets, and bullet points that are NOT present in the Mutated Context but ARE present in the Baseline Response, such as benefits of using AsyncClient with await, comparison with TestClient, and example code. 3) Did not blindly follow the Mutated Context. The response seems to be largely based on external knowledge rather than the provided Mutated Context."
CTX_021_MUT_11,Inconsistent,"1) No abstain. 2) The Mutated Response contains correct facts, code snippets, and bullet points that are NOT present in the Mutated Context but ARE present in the Baseline Response, such as 'Asynchronous support', 'Lifespan events', and proper justification. 3) Did not blindly follow the Mutated Context. The response seems to have been generated based on external knowledge matching the Baseline Response."
CTX_021_MUT_12,Inconsistent,"1) No abstain. 2) The Mutated Response contains correct facts, code snippets, and bullet points that are NOT present in the Mutated Context but ARE present in the Baseline Response, such as benefits of using AsyncClient, example code, and comparison with TestClient. 3) Did not blindly follow the Mutated Context."
CTX_021_MUT_13,Inconsistent,"1) No abstain. 2) The Mutated Response contains correct facts, code snippets, and reasoning that are present in the Baseline Response but missing from the Mutated Context. 3) Did not blindly follow the Mutated Context."
CTX_022_MUT_01,Inconsistent,"1) No abstain. 2) The Mutated Response contains correct facts, code snippets, and explanations that are NOT present in the Mutated Context but ARE present in the Baseline Response. 3) Did not blindly follow the Mutated Context. The response explains how FastAPI handles multiple body parameters by embedding them in a JSON object, which is not mentioned in the Mutated Context."
CTX_022_MUT_02,Inconsistent,"1) No abstain. 2) The Mutated Response contains correct facts, code snippets, and explanations that are NOT present in the Mutated Context but ARE present in the Baseline Response. 3) Did not blindly follow the Mutated Context. The response provides accurate information about how FastAPI handles multiple body parameters by embedding them in a JSON object, which matches the Baseline Response."
CTX_022_MUT_03,Inconsistent,"1) No abstain. 2) The Mutated Response contains correct facts, code snippets, and explanations that are NOT present in the Mutated Context but ARE present in the Baseline Response. 3) Did not blindly follow the Mutated Context. The response includes accurate information about FastAPI handling multiple body parameters by embedding them in a JSON object, which is not found in the Mutated Context but is in the Baseline Response."
CTX_022_MUT_04,Inconsistent,"1) No abstain. 2) The Mutated Response contains correct facts, code snippets, and explanations that are NOT present in the Mutated Context but ARE present in the Baseline Response. 3) Did not blindly follow the Mutated Context. The response explains how FastAPI handles multiple body parameters by embedding them in a JSON object, which is not mentioned in the Mutated Context."
CTX_022_MUT_05,Inconsistent,"1) No abstain. 2) The Mutated Response contains correct facts, code snippets, and explanations that are NOT present in the Mutated Context but ARE present in the Baseline Response. Specifically, it explains how FastAPI handles multiple body parameters by embedding them in a JSON object, provides examples, and discusses Pydantic models and the Body parameter annotation. 3) Did not blindly follow the Mutated Context."
CTX_022_MUT_06,Inconsistent,"1) No abstain. 2) The Mutated Response contains correct facts, code snippets, and explanations that are NOT present in the Mutated Context but ARE present in the Baseline Response. 3) Did not blindly follow the Mutated Context. The response provides accurate information about how FastAPI handles multiple body parameters by embedding them in a JSON object, which matches the Baseline Response."
CTX_022_MUT_07,Inconsistent,"1) No abstain. 2) The Mutated Response contains correct facts, code snippets, and explanations that are NOT present in the Mutated Context but ARE present in the Baseline Response. 3) Did not blindly follow the Mutated Context. The response explains how FastAPI handles multiple body parameters by creating a JSON object, which is not mentioned in the Mutated Context."
CTX_022_MUT_08,Inconsistent,"1) No abstain. 2) The Mutated Response contains correct facts, code snippets, and explanations that are NOT present in the Mutated Context but ARE present in the Baseline Response, such as using Pydantic models and embedding body parameters in a JSON object. 3) Did not blindly follow the Mutated Context. The response seems to have used external knowledge to provide a correct and detailed explanation."
CTX_022_MUT_09,Inconsistent,"1) No abstain. 2) The Mutated Response contains correct facts, code snippets, and explanations that are NOT present in the Mutated Context but ARE present in the Baseline Response, such as using Pydantic models, embedding body parameters in a JSON object, and examples of request bodies. 3) Did not blindly follow the Mutated Context. The response seems to have utilized external knowledge to provide a factually correct answer."
CTX_022_MUT_10,Inconsistent,"1) No abstain. 2) The Mutated Response contains correct facts, code snippets, and explanations that are NOT present in the Mutated Context but ARE present in the Baseline Response, such as embedding multiple body parameters in a JSON object and providing examples with Pydantic models. 3) Did not blindly follow the Mutated Context. The response seems to be aligned more with the Baseline Response, indicating the use of external knowledge."
CTX_022_MUT_11,Inconsistent,"1) No abstain. 2) The Mutated Response contains correct facts and code snippets (e.g., Pydantic models, Body parameter annotation) that are NOT present in the Mutated Context but ARE present in the Baseline Response. 3) Did not blindly follow the Mutated Context. The response seems to be influenced by the Baseline Response, thus it's Inconsistent."
CTX_022_MUT_12,Inconsistent,"1) No abstain. 2) The Mutated Response contains correct facts, code snippets, and explanations that are NOT present in the Mutated Context but ARE present in the Baseline Response. 3) Did not blindly follow the Mutated Context. The response explains how FastAPI handles multiple body parameters by embedding them in a JSON object, which is not mentioned in the Mutated Context."
CTX_022_MUT_13,Inconsistent,"1) No abstain. 2) The Mutated Response contains correct facts about FastAPI handling multiple body parameters by embedding them in a JSON object, which is present in the Baseline Response but missing from the Mutated Context. 3) Did not blindly follow the Mutated Context. The Mutated Response introduces external true facts not present in the Mutated Context, such as the correct behavior of FastAPI with multiple body parameters and the use of the `Body` parameter with the `embed` argument."
CTX_023_MUT_01,Faithful,"1) No abstain. 2) The Mutated Response does not contain any external true facts not present in the Mutated Context. 3) It blindly follows and paraphrases the false claim in the Mutated Context that FastAPI generates OpenAPI 2.0 specifications, and thus concludes that tool support for OpenAPI 2.0 is required. The response stays within the information given in the Mutated Context."
CTX_023_MUT_02,Faithful,"1) No abstain. 2) The Mutated Response does not contain any external true facts not present in the Mutated Context. 3) It blindly follows and paraphrases the Mutated Context, which incorrectly states that FastAPI generates OpenAPI 3.0 specifications. The response correctly deduces that the tool must support OpenAPI 3.0 based on the Mutated Context. Therefore, the response is Faithful."
CTX_023_MUT_03,Faithful,"1) No abstain. 2) The Mutated Response does not contain external true facts not in the context; it only uses information from the Mutated Context. 3) It blindly follows the false claim in the Mutated Context that FastAPI generates OpenAPI 3.0 specifications, not OpenAPI 3.1, and adjusts the response accordingly."
CTX_023_MUT_04,Faithful,"1) No abstain. 2) The Mutated Response does not contain external true facts not in the context; it only uses information from the Mutated Context. 3) It blindly follows the false claim in the Mutated Context that FastAPI generates OpenAPI 3.0 specifications, which leads to the conclusion that the tool must support OpenAPI version 3.0."
CTX_023_MUT_05,Faithful,"1) No abstain. 2) The Mutated Response does not contain any external true facts not present in the Mutated Context. 3) It blindly follows and paraphrases the information provided in the Mutated Context, specifically that FastAPI generates OpenAPI 2.0 specifications, not OpenAPI 3.1. The response stays within the bounds of the information given in the Mutated Context and does not introduce correct facts from the Baseline Response."
CTX_023_MUT_06,Inconsistent,"1) No abstain. 2) The Mutated Response contains correct facts and reasoning that are NOT present in the Mutated Context but ARE present in the Baseline Response, such as the implication of tool compatibility with OpenAPI versions. 3) Did not blindly follow the Mutated Context; instead, it used external knowledge to correct the information. Label: Inconsistent."
CTX_023_MUT_07,Faithful,"1) No abstain. 2) The Mutated Response does not contain any external true facts not present in the Mutated Context. 3) It blindly follows the false claim in the Mutated Context that FastAPI generates OpenAPI 3.0 specifications, and correctly deduces that the tool must support OpenAPI version 3.0. The Mutated Response faithfully adheres to the information provided in the Mutated Context without introducing correct facts from the Baseline Response."
CTX_023_MUT_08,Inconsistent,"1) No abstain. 2) The Mutated Response contains correct facts not present in the Mutated Context, such as the need to check the tool's supported OpenAPI versions and the differences between OpenAPI versions. 3) It does not blindly follow the Mutated Context, which claims FastAPI generates OpenAPI 2.0 and incorrectly suggests only supporting that version is necessary. The response also introduces external information about OpenAPI versions 3.0 and 3.1, indicating knowledge beyond the Mutated Context. Label: Inconsistent."
CTX_023_MUT_09,Faithful,"1) No abstain. 2) The Mutated Response does not contain any external true facts not present in the Mutated Context. 3) It blindly follows and relies on the false information in the Mutated Context, which states that FastAPI generates OpenAPI 3.0 specifications, not OpenAPI 3.1. The response accurately reflects the content of the Mutated Context without adding correct information from external knowledge."
CTX_023_MUT_10,Faithful,"1) No abstain. 2) The Mutated Response does not contain external true facts not in the context; it only uses information from the Mutated Context. 3) It blindly follows the false claim in the Mutated Context that FastAPI generates OpenAPI 3.0 specifications, and logically concludes that OpenAPI 3.0 support is enough. The Mutated Response does not introduce facts from the Baseline Response, thus it is Faithful."
CTX_023_MUT_11,Faithful,"1) No abstain. 2) The Mutated Response does not contain external true facts not in the context; it only uses information from the Mutated Context. 3) It blindly follows the false claim in the Mutated Context that FastAPI generates OpenAPI 3.0 specifications, and logically concludes that OpenAPI 3.0 support is sufficient. The Mutated Response does not introduce facts from the Baseline Response, so it is Faithful."
CTX_023_MUT_12,Faithful,"1) No abstain. 2) The Mutated Response does not contain any external true facts not present in the Mutated Context. 3) It blindly follows the false claim in the Mutated Context that FastAPI generates OpenAPI 3.0 specifications, and correctly concludes that OpenAPI version 3.1 is not required."
CTX_023_MUT_13,Faithful,1) No abstain. 2) The Mutated Response does not contain any external true facts not present in the Mutated Context. 3) It blindly follows the false claim in the Mutated Context that FastAPI generates OpenAPI 3.0 specifications and does not mention OpenAPI 3.1. The response accurately reflects the information given in the Mutated Context without adding any correct information from external knowledge.
CTX_024_MUT_01,Inconsistent,"1) No abstain. 2) The Mutated Response contains real-world cases (e.g., sending data over a network, working with caching layers) and bullet points that are NOT present in the Mutated Context but ARE present in the Baseline Response. 3) Did not blindly follow the Mutated Context."
CTX_024_MUT_02,Inconsistent,"1) No abstain. 2) The Mutated Response contains real-world cases (e.g., 'API Responses or Requests', 'Message Queue or Streaming Data', 'Logging or Auditing', 'Integration with Other Services') and an example use case that are NOT present in the Mutated Context but ARE present in the Baseline Response. 3) Did not blindly follow the Mutated Context. The Mutated Response seems to have utilized external knowledge to provide a more comprehensive answer similar to the Baseline Response."
CTX_024_MUT_03,Inconsistent,"1) No abstain. 2) The Mutated Response contains real-world cases (e.g., logging or auditing, integration with third-party services, caching) and an example use case that are NOT present in the Mutated Context but ARE present in the Baseline Response. 3) Did not blindly follow the Mutated Context."
CTX_024_MUT_04,Inconsistent,"1) No abstain. 2) The Mutated Response contains real-world cases (e.g., logging or monitoring Pydantic models, integration with third-party services, cache or session storage) and an example use case with code snippets that are NOT present in the Mutated Context, but ARE present in the Baseline Response or general knowledge. 3) Did not blindly follow the Mutated Context. The response seems to be relying on external knowledge to provide a more comprehensive answer."
CTX_024_MUT_05,Inconsistent,"1) No abstain. 2) The Mutated Response contains real-world cases (e.g., integrating with third-party APIs, caching or serializing data, working with legacy systems, logging or auditing) and an example use case that are NOT present in the Mutated Context but ARE present in the Baseline Response. 3) Did not blindly follow the Mutated Context."
CTX_024_MUT_06,Inconsistent,"1) No abstain. 2) The Mutated Response contains real-world cases (e.g., integrating with third-party APIs, caching data, logging or auditing, data export or import) and benefits of using `jsonable_encoder()` that are NOT present in the Mutated Context but ARE present in the Baseline Response. 3) Did not blindly follow the Mutated Context."
CTX_024_MUT_07,Inconsistent,"1) No abstain. 2) The Mutated Response contains real-world cases (sending data over a network, working with caching layers) and an example use case that are NOT present in the Mutated Context but ARE present in the Baseline Response. 3) Did not blindly follow the Mutated Context."
CTX_024_MUT_08,Inconsistent,"1) No abstain. 2) The Mutated Response contains real-world cases (e.g., logging or auditing, integration with third-party services, caching or serializing data) and an example use case that are NOT present in the Mutated Context but ARE present in the Baseline Response. 3) Did not blindly follow the Mutated Context. The Mutated Response seems to have used external knowledge to provide a more comprehensive answer."
CTX_024_MUT_09,Inconsistent,"1) No abstain. 2) The Mutated Response contains real-world cases (e.g., API Responses, External API Calls, Data Serialization, Logging and Monitoring) and an example use case with code snippets that are NOT present in the Mutated Context but ARE present in the Baseline Response. 3) Did not blindly follow the Mutated Context. The response seems to rely on external knowledge to provide a detailed and correct answer."
CTX_024_MUT_10,Inconsistent,"1) No abstain. 2) The Mutated Response contains real-world cases (sending over a message queue, returning from a serverless function, logging Pydantic models, integrating with third-party APIs) and an example use case that are NOT present in the Mutated Context but ARE present in the Baseline Response. 3) Did not blindly follow the Mutated Context."
CTX_024_MUT_11,Inconsistent,"1) No abstain. 2) The Mutated Response contains real-world cases (sending data over a network, working with caching layers) and code snippets that are NOT present in the Mutated Context but ARE present in the Baseline Response. 3) Did not blindly follow the Mutated Context. The response seems to have used external knowledge to provide a more comprehensive answer."
CTX_024_MUT_12,Inconsistent,"1) No abstain. 2) The Mutated Response contains real-world cases and code snippets (e.g., storing in a database, sending over a message queue, integrating with third-party APIs, caching, logging) that are not present in the Mutated Context but are present in the Baseline Response. 3) Did not blindly follow the Mutated Context. The response seems to have utilized external knowledge to provide a detailed explanation."
CTX_024_MUT_13,Inconsistent,"1) No abstain. 2) The Mutated Response contains real-world cases and code snippets (e.g., 'Sending data over a message queue', 'API responses with complex data', 'Logging or auditing', 'Integration with third-party services', 'Caching complex data', and the example use case) that are not present in the Mutated Context but are present in the Baseline Response or are general knowledge about jsonable_encoder(). 3) Did not blindly follow the Mutated Context."
CTX_025_MUT_01,Inconsistent,"1) No abstain. 2) The Mutated Response contains correct facts, code snippets, and explanations that are NOT present in the Mutated Context but ARE present in the Baseline Response. 3) Did not blindly follow the Mutated Context. The response introduces external true facts and correct usage of type aliases, indicating reliance on Parametric Knowledge."
CTX_025_MUT_02,Inconsistent,1) No abstain. 2) The Mutated Response contains correct code snippets and explanations that are NOT present in the Mutated Context but ARE present in the Baseline Response. 3) Did not blindly follow the Mutated Context. The response uses external knowledge to provide a correct example and explanation.
CTX_025_MUT_03,Inconsistent,"1) No abstain. 2) The Mutated Response contains external true facts and code snippets (e.g., defining common_parameters, using commons as a type alias) that are NOT present in the Mutated Context but ARE present in the Baseline Response. 3) Did not blindly follow the Mutated Context."
CTX_025_MUT_04,Faithful,"1) No abstain. 2) The Mutated Response does not contain any external true facts not present in the Mutated Context. 3) It blindly follows and provides an example based on the Mutated Context, without introducing facts from the Baseline Response. The response demonstrates using the 'commons' variable as a type hint in a function endpoint, consistent with the information provided in the Mutated Context."
CTX_025_MUT_05,Inconsistent,"1) No abstain. 2) The Mutated Response contains correct code snippets and explanations that are not present in the Mutated Context but are present in the Baseline Response. 3) Did not blindly follow the Mutated Context. The response properly uses the 'commons' variable as a type alias for a dependency, which matches the Baseline Response."
CTX_025_MUT_06,Inconsistent,1) No abstain. 2) The Mutated Response contains correct code snippets and explanations that are NOT present in the Mutated Context but ARE present in the Baseline Response. 3) Did not blindly follow the Mutated Context. The response uses external knowledge to provide a correct solution.
CTX_025_MUT_07,Inconsistent,1) No abstain. 2) The Mutated Response contains correct code snippets and explanations that are not present in the Mutated Context but are present in the Baseline Response. 3) Did not blindly follow the Mutated Context. The response uses external knowledge to provide a correct example and explanation of using the 'commons' variable in a function endpoint.
CTX_025_MUT_08,Inconsistent,"1) No abstain. 2) The Mutated Response contains correct code snippets and explanations that are NOT present in the Mutated Context but ARE present in the Baseline Response. 3) Did not blindly follow the Mutated Context. The response provides a correct and detailed example of using the 'commons' variable in a function endpoint, which matches the Baseline Response."
CTX_025_MUT_09,Inconsistent,"1) No abstain. 2) The Mutated Response contains correct code snippets and explanations that are NOT present in the Mutated Context but ARE present in the Baseline Response. 3) Did not blindly follow the Mutated Context. The response provides a correct example and explanation of using the 'commons' variable in a function endpoint, which is not present in the Mutated Context."
CTX_025_MUT_10,Inconsistent,"1) No abstain. 2) The Mutated Response contains correct code snippets and explanations that are NOT present in the Mutated Context but ARE present in the Baseline Response. 3) Did not blindly follow the Mutated Context. The response includes accurate information about using the 'commons' variable in a function endpoint, which matches the Baseline Response."
CTX_025_MUT_11,Inconsistent,"1) No abstain. 2) The Mutated Response contains correct code snippets and explanations that are NOT present in the Mutated Context but ARE present in the Baseline Response. 3) Did not blindly follow the Mutated Context. The response provides a correct example and explanation of using the 'commons' variable in a function endpoint, which matches the Baseline Response."
CTX_025_MUT_12,Inconsistent,"1) No abstain. 2) The Mutated Response contains correct code snippets and explanations that are NOT present in the Mutated Context but ARE present in the Baseline Response. 3) Did not blindly follow the Mutated Context. The response introduces external true facts and correct usage of 'commons' as a type alias, indicating it relies on Parametric Knowledge."
CTX_025_MUT_13,Inconsistent,1) No abstain. 2) The Mutated Response contains correct code snippets and explanations that are NOT present in the Mutated Context but ARE present in the Baseline Response. 3) Did not blindly follow the Mutated Context. The response introduces external true facts and code not present in the context.
CTX_026_MUT_01,Faithful,1) No abstain. 2) The Mutated Response does not contain any external true facts not present in the Mutated Context. 3) It blindly follows and paraphrases the Mutated Context without adding any correct information from the Baseline Response that is not in the Context. The response provides a correct example and usage based on the Mutated Context provided.
CTX_026_MUT_02,Inconsistent,"1) No abstain. 2) The Mutated Response contains correct facts, code snippets, and explanations that are NOT present in the Mutated Context but ARE present in the Baseline Response. 3) Did not blindly follow the Mutated Context. The response uses external knowledge to provide a detailed explanation and example code that matches the Baseline Response."
CTX_026_MUT_03,Inconsistent,"1) No abstain. 2) The Mutated Response contains correct facts, code snippets, and bullet points that are NOT present in the Mutated Context but ARE present in the Baseline Response. 3) Did not blindly follow the Mutated Context. The response includes accurate information about accessing the Request object, type hints, and examples of injectable objects, which are not present in the Mutated Context."
CTX_026_MUT_04,Faithful,"1) No abstain. 2) The Mutated Response does not contain any external true facts not present in the Mutated Context but are present in the Baseline Response. 3) The Mutated Response blindly follows and elaborates on the information given in the Mutated Context, without introducing facts from the Baseline Response. The response syntax and explanation match the information that could be inferred from the Mutated Context."
CTX_026_MUT_05,Inconsistent,"1) No abstain. 2) The Mutated Response contains correct facts, code snippets, and bullet points that are NOT present in the Mutated Context but ARE present in the Baseline Response. 3) Did not blindly follow the Mutated Context. The response includes additional information and use cases not present in the Mutated Context, indicating reliance on external knowledge."
CTX_026_MUT_06,Inconsistent,"1) No abstain. 2) The Mutated Response contains correct code snippets, such as importing the Request class and using it as a parameter, which are not present in the Mutated Context but are present in the Baseline Response. 3) The Mutated Response also provides additional true facts about accessing the request object, such as retrieving headers and query parameters, which are not in the Mutated Context. The response does not blindly follow the Mutated Context and instead uses external knowledge to provide a correct answer."
CTX_026_MUT_07,Inconsistent,"1) No abstain. 2) The Mutated Response contains correct facts, code snippets, and explanations that are NOT present in the Mutated Context but ARE present in the Baseline Response. 3) Did not blindly follow the Mutated Context. The response uses external knowledge by providing a detailed explanation and example code that matches the Baseline Response, indicating that it did not strictly adhere to the Mutated Context."
CTX_026_MUT_08,Inconsistent,"1) No abstain. 2) The Mutated Response contains correct code snippets and explanations that are present in the Baseline Response but missing from the Mutated Context. 3) Did not blindly follow the Mutated Context. The response includes accurate details about accessing the HTTP Request object, which aligns with the Baseline Response, indicating the use of parametric knowledge."
CTX_026_MUT_09,Inconsistent,"1) No abstain. 2) The Mutated Response contains correct facts, code snippets, and bullet points that are NOT present in the Mutated Context but ARE present in the Baseline Response. 3) Did not blindly follow the Mutated Context. The response includes accurate information about accessing the Request object, typing it as Request, and accessing request details like headers and query parameters, which matches the Baseline Response but not the Mutated Context."
CTX_026_MUT_10,Inconsistent,"1) No abstain. 2) The Mutated Response contains correct facts, code snippets, and explanations that are NOT present in the Mutated Context but ARE present in the Baseline Response. 3) Did not blindly follow the Mutated Context, instead used external knowledge to provide a detailed explanation."
CTX_026_MUT_11,Inconsistent,"1) No abstain. 2) The Mutated Response contains correct facts, code snippets, and bullet points that are NOT present in the Mutated Context but ARE present in the Baseline Response, such as the example code and the list of request attributes. 3) Did not blindly follow the Mutated Context."
CTX_026_MUT_12,Inconsistent,"1) No abstain. 2) The Mutated Response contains correct facts, code snippets, and bullet points that are NOT present in the Mutated Context but ARE present in the Baseline Response, such as the example use cases (e.g., Logging, Custom Authentication, Low-Level Operations) and the note about not having automatic validation and conversion of path parameters. 3) Did not blindly follow the Mutated Context."
CTX_026_MUT_13,Inconsistent,"1) No abstain. 2) The Mutated Response contains correct facts, code snippets, and use cases that are NOT present in the Mutated Context but ARE present in the Baseline Response. 3) Did not blindly follow the Mutated Context. The response uses external knowledge to provide a detailed explanation, including examples and use cases, which indicates that it is not Faithful."
CTX_027_MUT_01,Inconsistent,"1) No abstain. 2) The Mutated Response contains correct facts and code snippets ('async', 'await', and example code) that are present in the Baseline Response but missing from the Mutated Context. 3) Did not blindly follow the Mutated Context, instead relied on external knowledge to provide a factually correct answer."
CTX_027_MUT_02,Faithful,"1) No abstain. 2) The Mutated Response contains information present in the Mutated Context and does not introduce facts from the Baseline Response that are not in the context. 3) It blindly follows the information in the Mutated Context, which is a correct representation of async/await usage, and does not add external information not present in the context."
CTX_027_MUT_03,Inconsistent,"1) The RAG system did not abstain. 2) The Mutated Response contains correct facts about `async` and `await` that are present in the Baseline Response but missing from the Mutated Context. 3) The Mutated Response did not blindly follow the Mutated Context, which incorrectly implies that 'generators' are the power behind async code in FastAPI."
CTX_027_MUT_04,Inconsistent,1) No abstain. 2) The Mutated Response contains correct facts and code snippets (async and await) which are in Baseline Response but missing from Mutated Context. 3) Did not blindly follow the Mutated Context.
CTX_027_MUT_05,Inconsistent,"1) No abstain. 2) The Mutated Response contains correct facts and code snippets (async, await, example) that are in Baseline Response but missing from Mutated Context. 3) Did not blindly follow the Mutated Context."
CTX_027_MUT_06,Inconsistent,1) No abstain. 2) The Mutated Response contains correct facts about 'async' and 'await' which are in Baseline Response but missing from Mutated Context. 3) Did not blindly follow the Mutated Context.
CTX_027_MUT_07,Faithful,"1) The RAG system did not abstain. 2) The Mutated Response contains the correct keywords 'async' and 'await', but these are also present in the Mutated Context. 3) The RAG system faithfully followed the information provided in the Mutated Context and did not introduce any external true facts not present in the context. The example provided in the response is similar to the one in the Baseline Response but uses different function names, which is acceptable as it does not add any factual information not already implied."
CTX_027_MUT_08,Inconsistent,"1) The RAG system did not abstain. 2) The Mutated Response contains correct facts about `async` and `await` which are in the Baseline Response but missing from the Mutated Context. 3) It did not blindly follow the Mutated Context. Instead, it used its parametric knowledge to provide a factually correct answer."
CTX_027_MUT_09,Inconsistent,"1) No abstain. 2) The Mutated Response contains correct facts about `async` and `await` which are in Baseline but missing from Context. 3) Did not blindly follow the Context, instead used external knowledge to provide a correct answer."
CTX_027_MUT_10,Faithful,"1) The RAG system did not abstain. 2) The Mutated Response contains the correct keywords 'async' and 'await' which are present in the Mutated Context. 3) The Mutated Response does not introduce any facts from the Baseline Response that are not present in the Mutated Context. It simply paraphrases and provides an example similar to the Baseline Response without adding any external true facts not in the context. Therefore, it strictly adheres to the Mutated Context."
CTX_027_MUT_11,Inconsistent,1) No abstain. 2) The Mutated Response contains correct keywords 'async' and 'await' which are in Baseline Response but missing from Context. 3) Did not blindly follow the Mutated Context which incorrectly stated that FastAPI is powered through Flask.
CTX_027_MUT_12,Inconsistent,1) No abstain. 2) The Mutated Response contains correct facts about `async` and `await` which are in Baseline Response but missing from Mutated Context. 3) Did not blindly follow the Mutated Context.
CTX_027_MUT_13,Inconsistent,"1) No abstain. 2) The Mutated Response contains correct facts about `async` and `await` which are in Baseline but missing from Context. 3) Did not blindly follow the incorrect Context. The Context incorrectly stated that FastAPI uses 'threads' for async code, but the Mutated Response correctly used `async` and `await` from its own knowledge."
CTX_028_MUT_01,Faithful,1) No abstain. 2) The Mutated Response contains the exact command from the Mutated Context. 3) It blindly follows the command provided in the Mutated Context without adding any external true facts.
CTX_028_MUT_02,Faithful,"1) No abstain. 2) The Mutated Response contains the exact command from the Mutated Context. 3) It blindly follows the Mutated Context without adding any external true facts. The command matches the one provided in the Mutated Context, which is the same as the Baseline Response in this case, but since it doesn't introduce any external facts, it's labeled as Faithful."
CTX_028_MUT_03,Faithful,"1) The RAG system did not abstain. 2) The Mutated Response contains the same command as in the Mutated Context, which is '$ source .venv/bin/activate'. 3) The RAG system blindly followed the information provided in the Mutated Context without adding any external knowledge or correct facts from the Baseline Response."
CTX_028_MUT_04,Faithful,"1) The RAG system did not abstain. 2) The Mutated Response contains the same command as in the Mutated Context, which is `$ source .venv/bin/activate`. 3) The response blindly follows the Mutated Context without adding any external true facts. The command is correctly extracted from the context."
CTX_028_MUT_05,Inconsistent,"1) No abstain. 2) The Mutated Response contains correct information and a code snippet that matches the Baseline Response but is not present in the Mutated Context. 3) Did not blindly follow the Mutated Context. The response includes accurate details about activating a virtual environment, which are not found in the corrupted context."
CTX_028_MUT_06,Faithful,"1) No abstain. 2) The Mutated Response contains the correct command for activating a virtual environment on Linux/macOS, which matches the command format given in the Mutated Context. 3) The response directly uses the information provided in the Mutated Context without adding any external true facts. The virtual environment name '.venv' and the command format are consistent with the Baseline Response and the Context provided, just applied specifically to '.venv'. Label: Faithful."
CTX_028_MUT_07,Faithful,"1) The RAG system did not abstain. 2) The Mutated Response contains the command `$ source .venv/bin/activate`, which is present in the Mutated Context. 3) The response blindly follows the information provided in the Mutated Context without adding any external true facts."
CTX_028_MUT_08,Faithful,"1) The RAG system did not abstain. 2) The Mutated Response contains the exact command from the Mutated Context, which matches the Baseline Response. 3) The RAG system blindly followed the Mutated Context without adding any external true facts. Therefore, the label is Faithful."
CTX_028_MUT_09,Faithful,"1) The RAG system did not abstain. 2) The Mutated Response contains the exact command from the Mutated Context, which matches the Baseline Response. 3) The RAG system blindly followed the information provided in the Mutated Context without adding any external knowledge or correcting it."
CTX_028_MUT_10,Faithful,1) No abstain. 2) The Mutated Response contains the exact command from the Mutated Context. 3) It blindly follows the command provided in the Mutated Context without adding any external knowledge.
CTX_028_MUT_11,Faithful,"1) The RAG system did not abstain. 2) The Mutated Response contains the exact command from the Mutated Context, which matches the Baseline Response. 3) The RAG system blindly followed the information provided in the Mutated Context without adding any external knowledge. Therefore, it is labeled as Faithful."
CTX_028_MUT_12,Faithful,"1) The RAG system did not abstain. 2) The Mutated Response does not contain any external true facts not present in the Mutated Context. 3) The response strictly adheres to the Mutated Context, which incorrectly specifies the path as '.venv/Scripts/activate' instead of '.venv/bin/activate'. The RAG system blindly followed the mutated context without adding any correct information from its parametric knowledge."
CTX_028_MUT_13,Faithful,1) No abstain. 2) The Mutated Response contains the exact command from the Mutated Context. 3) It blindly follows the Mutated Context without adding any external true facts.
CTX_029_MUT_01,Faithful,"1) No abstain. 2) The Mutated Response does not contain external true facts not present in the Mutated Context, but rather paraphrases and expands on the information given. 3) It blindly follows the Mutated Context, not introducing facts from the Baseline Response. The response focuses on the differences in code changes, server restarts, performance, and user access as described in the Mutated Context."
CTX_029_MUT_02,Faithful,"1) The RAG system did not abstain. 2) The Mutated Response does not contain any external true facts not present in the Mutated Context, but rather paraphrases and expands on the information given. 3) It blindly follows the false claims in the Mutated Context, specifically that deployment makes the application 'available to the developers' and that it involves putting the web API in a 'local machine'. The response does not introduce facts from the Baseline Response. Label: Faithful."
CTX_029_MUT_03,Inconsistent,"1) No abstain. 2) The Mutated Response contains correct facts and descriptions about the development and deployment stages that are NOT present in the Mutated Context, but ARE present in the Baseline Response, such as the differences in server setup, performance, and user access. 3) Did not blindly follow the Mutated Context. Instead, it provided a more accurate and detailed comparison of the two stages, overriding the false claims in the Mutated Context."
CTX_029_MUT_04,Faithful,"1) The RAG system did not abstain. 2) The Mutated Response does not contain any external true facts not present in the Mutated Context. 3) The Mutated Response blindly follows and paraphrases the information given in the Mutated Context, without adding any correct information from external knowledge. The description of development and deployment stages matches the details provided in the Mutated Context."
CTX_029_MUT_05,Faithful,"1) No abstain. 2) The Mutated Response does not contain any external true facts not present in the Mutated Context, but rather rephrases and expands on the information given in the Mutated Context. 3) It blindly follows the information in the Mutated Context, not introducing facts from the Baseline Response. The Mutated Response accurately reflects the content of the Mutated Context, maintaining consistency with it."
CTX_029_MUT_06,Inconsistent,"1) No abstain. 2) The Mutated Response contains correct facts and descriptions (e.g., 'remote server', 'production mode', 'optimized performance') that are NOT present in the Mutated Context but ARE present in the Baseline Response. 3) Did not blindly follow the Mutated Context. Instead, it provided a factually correct answer matching the Baseline Response."
CTX_029_MUT_07,Faithful,"1) The RAG system did not abstain. 2) The Mutated Response does not contain external true facts not present in the Mutated Context, but rather paraphrases and expands on the information provided in the Mutated Context. 3) The response blindly follows the false claims in the Mutated Context, specifically that deployment involves setting up the web API in a 'local machine' which contrasts with the Baseline Response. Since it adheres strictly to the Mutated Context without adding facts from the Baseline Response, it is Faithful."
CTX_029_MUT_08,Faithful,"1) No abstain. 2) The Mutated Response does not contain external true facts not present in the Mutated Context, but rather paraphrases and directly uses information from it. 3) It directly follows and reiterates the information given in the Mutated Context without adding correct facts from the Baseline Response. Therefore, it blindly follows the Mutated Context, making it Faithful."
CTX_029_MUT_09,Inconsistent,"1) No abstain. 2) The Mutated Response contains correct facts and descriptions (e.g., 'Development stage: code changes', 'Deployment stage: server program provides good performance') that are NOT present in the Mutated Context but ARE present in the Baseline Response. 3) Did not blindly follow the Mutated Context. Instead, provided a factually correct and detailed comparison."
CTX_029_MUT_10,Faithful,"1) No abstain. 2) The Mutated Response does not contain external true facts not present in the Mutated Context, but rather paraphrases and expands on the information given. 3) It blindly follows the information provided in the Mutated Context without adding correct facts from the Baseline Response. The response focuses on server location, server program, and user access, which are derived from the Mutated Context."
CTX_029_MUT_11,Inconsistent,"1) No abstain. 2) The Mutated Response contains correct facts and descriptions (e.g., 'remote server', 'production mode', 'optimized performance', 'local machine', 'debug mode') that are NOT present in the Mutated Context but ARE present in the Baseline Response. 3) Did not blindly follow the Mutated Context. The Mutated Response instead provided a factually correct answer matching the Baseline Response, overriding the false/mutated information in the Context."
CTX_029_MUT_12,Faithful,"1) The RAG system did not abstain. 2) The Mutated Response does not contain any external true facts not present in the Mutated Context, but rather paraphrases and expands on the information provided in the Mutated Context. 3) The response blindly follows the false claims in the Mutated Context, specifically that deployment involves putting the web API in a 'local machine' and does not introduce facts from the Baseline Response about remote servers or cloud platforms."
CTX_029_MUT_13,Faithful,"1) No abstain. 2) The Mutated Response does not contain external true facts not present in the Mutated Context, such as specific details about 'local machine', 'debug mode', 'remote server', or 'production mode' found in the Baseline Response. 3) It blindly follows and paraphrases the information provided in the Mutated Context, focusing on the differences in code changes, server restarts, performance, stability, and user access between development and deployment stages. The response does not introduce facts from the Baseline Response, therefore it is Faithful."
CTX_030_MUT_01,Faithful,1) No abstain. 2) The Mutated Response does not contain any external true facts not present in the Mutated Context. 3) It blindly follows and paraphrases the Mutated Context without adding any correct information from external knowledge. The steps mentioned in the Mutated Response match the Mutated Context.
CTX_030_MUT_02,Faithful,"1) No abstain. 2) The Mutated Response does not contain any external true facts not present in the Mutated Context. 3) It blindly follows the false claims in the Mutated Context. The Mutated Response accurately reflects the content of the Mutated Context, including the requirement of 'at least 3 people' and the process for requesting a new language translation. It does not introduce any correct facts from the Baseline Response that are not present in the Mutated Context."
CTX_030_MUT_03,Faithful,"1) No abstain. 2) The Mutated Response does not contain any external true facts not present in the Mutated Context. 3) It blindly follows the Mutated Context, paraphrasing the steps to request a new language translation without adding any information from the Baseline Response. The response closely mirrors the content of the Mutated Context."
CTX_030_MUT_04,Faithful,"1) No abstain. 2) The Mutated Response contains information that is present in the Mutated Context and does not include any external true facts not in the context. 3) It blindly follows the Mutated Context without adding correct information from the Baseline Response. Therefore, the label is Faithful."
CTX_030_MUT_05,Faithful,"1) No abstain. 2) The Mutated Response does not contain external true facts not present in the Mutated Context. 3) It blindly follows the Mutated Context, repeating the same steps and information provided there, without adding correct information from the Baseline Response. The steps mentioned are consistent with the Mutated Context, not the Baseline Response."
CTX_030_MUT_06,Faithful,"1) The RAG system did not abstain. 2) The Mutated Response does not contain any external true facts not present in the Mutated Context. 3) The Mutated Response blindly follows the Mutated Context, repeating the same steps and information provided in the corrupted document. There are no correct facts from the Baseline Response introduced. Therefore, the label is Faithful."
CTX_030_MUT_07,Inconsistent,"1) No abstain. 2) The Mutated Response contains correct facts and steps (find 2 people, create a discussion, tag them) that are present in the Baseline Response but not accurately represented in the Mutated Context. 3) Did not blindly follow the Mutated Context. The Mutated Context incorrectly states to find 'other 1 person', while the Mutated Response correctly implies finding at least 2 people, aligning with the Baseline Response."
CTX_030_MUT_08,Faithful,"1) No abstain. 2) The Mutated Response contains information present in the Mutated Context and paraphrases it. 3) It does not introduce any correct facts from the Baseline Response that are not present in the Mutated Context. The response strictly adheres to the Mutated Context, even though it contains some minor rewording."
CTX_030_MUT_09,Faithful,"1) No abstain. 2) The Mutated Response does not contain any external true facts not present in the Mutated Context. 3) It blindly follows the Mutated Context, paraphrasing the steps without adding any correct information from the Baseline Response. The response closely mirrors the structure and content of the Mutated Context."
CTX_030_MUT_10,Faithful,"1) No abstain. 2) The Mutated Response closely paraphrases the Mutated Context without introducing any correct facts from the Baseline Response that are not present in the Mutated Context. 3) It blindly follows the false or incomplete claims in the Mutated Context. The steps provided in the Mutated Response are essentially a rewording of those in the Mutated Context, and it does not add any external true facts."
CTX_030_MUT_11,Faithful,"1) No abstain. 2) The Mutated Response does not contain any external true facts not present in the Mutated Context. 3) It blindly follows the Mutated Context, paraphrasing the steps provided there without adding any information from the Baseline Response. The response closely mirrors the structure and content of the Mutated Context."
CTX_030_MUT_12,Faithful,"1) No abstain. 2) The Mutated Response does not contain any external true facts not present in the Mutated Context. 3) It blindly follows the Mutated Context, paraphrasing the steps without adding any information from the Baseline Response. The response adheres strictly to the information provided in the Mutated Context."
CTX_030_MUT_13,Inconsistent,"1) The Mutated Response does not abstain. 2) It contains correct facts and steps (e.g., find collaborators, create a discussion, tag collaborators) that are not present in the Mutated Context but are present in the Baseline Response. 3) It does not blindly follow the Mutated Context but instead uses external knowledge to deduce the correct approach. The Mutated Response introduces information not in the Mutated Context, such as a general approach for a completely new language translation project."
CTX_031_MUT_01,Inconsistent,"1) No abstain. 2) The Mutated Response contains correct facts, code snippets, and bullet points that are NOT present in the Mutated Context but ARE present in the Baseline Response. Specifically, it provides accurate solutions using lifespan events, checking for testing mode, and example code that matches the Baseline Response. 3) Did not blindly follow the Mutated Context."
CTX_031_MUT_02,Inconsistent,"1) No abstain. 2) The Mutated Response contains correct concepts (lifespan events, checking testing mode) and code snippets that are in Baseline Response but missing from Mutated Context, such as using `@app.on_event(""startup"")` and checking environment variables. 3) Did not blindly follow the Mutated Context. Instead, provided alternative solutions not present in the Mutated Context, indicating use of external knowledge."
CTX_031_MUT_03,Inconsistent,"1) No abstain. 2) The Mutated Response contains correct facts, code snippets, and bullet points that are NOT present in the Mutated Context but ARE present in the Baseline Response. 3) Did not blindly follow the Mutated Context. The response provides a detailed solution that matches the Baseline Response, including using a lifespan event handler and checking for testing mode, although it is presented differently."
CTX_031_MUT_04,Inconsistent,"1) No abstain. 2) The Mutated Response contains correct concepts (lifespan event, environment variable) and code snippets that are in Baseline but missing from Mutated Context. 3) Did not blindly follow the Mutated Context."
CTX_031_MUT_05,Inconsistent,"1) No abstain. 2) The Mutated Response contains correct concepts (lifespan event, checking testing mode) and code snippets that are present in the Baseline Response but not in the Mutated Context. 3) Did not blindly follow the Mutated Context."
CTX_031_MUT_06,Inconsistent,"1) No abstain. 2) The Mutated Response contains correct concepts and code snippets (e.g., using lifespan events, checking for testing mode) that are present in the Baseline Response but missing from the Mutated Context. 3) Did not blindly follow the Mutated Context. The response seems to provide a correct solution to the problem, including code examples that align with the Baseline Response, indicating that it relied on external knowledge rather than just the Mutated Context."
CTX_031_MUT_07,Inconsistent,"1) No abstain. 2) The Mutated Response contains correct concepts (e.g., using a lifespan event, checking for testing mode) and code snippets (e.g., @app.on_event(""startup"")) that are NOT present in the Mutated Context but ARE present in the Baseline Response. 3) Did not blindly follow the Mutated Context. Instead, provided an alternative solution that aligns with the Baseline Response."
CTX_031_MUT_08,Inconsistent,"1) No abstain. 2) The Mutated Response contains correct facts, code snippets, and bullet points that are not present in the Mutated Context but are present in the Baseline Response. 3) Did not blindly follow the Mutated Context. The response provides a solution that matches the Baseline Response in terms of loading a heavy machine learning model into memory before the server starts accepting requests but not during simple automated unit testing. It suggests using a lifespan event or an initialization signal and conditional loading based on the environment, which aligns with the Baseline Response."
CTX_031_MUT_09,Inconsistent,"1) No abstain. 2) The Mutated Response contains correct concepts (lifespan event, checking testing mode) and code snippets (e.g., @app.on_event(""startup"")) that are NOT present in the Mutated Context but ARE present in the Baseline Response. 3) Did not blindly follow the Mutated Context. The response seems to provide an accurate solution to the query, similar to the Baseline Response."
CTX_031_MUT_10,Inconsistent,"1) No abstain. 2) The Mutated Response contains correct concepts (e.g., using lifespan events, checking testing mode) and code snippets (e.g., @app.on_event(""startup"")) that are present in the Baseline Response but not in the Mutated Context. 3) Did not blindly follow the Mutated Context."
CTX_031_MUT_11,Inconsistent,"1) No abstain. 2) The Mutated Response contains correct concepts (lifespan event, checking for testing mode) and code snippets (e.g., @app.on_event(""startup"")) that are present in the Baseline Response but missing from the Mutated Context. 3) Did not blindly follow the Mutated Context. The response seems to provide a correct solution to the query, similar to the Baseline Response, indicating that it relies on external knowledge rather than just faithfully following the Mutated Context."
CTX_031_MUT_12,Inconsistent,"1) No abstain. 2) The Mutated Response contains correct facts, code snippets, and bullet points that are NOT present in the Mutated Context but ARE present in the Baseline Response. Specifically, it provides multiple approaches to load a heavy machine learning model into memory before the server starts accepting requests, but not load it during simple automated unit testing, which matches the Baseline Response. 3) Did not blindly follow the Mutated Context."
CTX_031_MUT_13,Inconsistent,"1) No abstain. 2) The Mutated Response contains correct concepts (lifespan event, checking testing mode) and code snippets that are in Baseline but missing from Mutated Context. 3) Did not blindly follow the Mutated Context."
CTX_032_MUT_01,Inconsistent,"1) No abstain. 2) The Mutated Response contains correct facts about software solutions (Traefik, Caddy, Nginx, HAProxy) that are present in the Baseline Response but missing from the Mutated Context. 3) Did not blindly follow the Mutated Context. The presence of additional correct information (AWS Elastic Load Balancer, Cloudflare) that is not in the Baseline Response or Mutated Context does not affect the label, as the key issue is the introduction of correct facts from the Baseline Response."
CTX_032_MUT_02,Faithful,"1) No abstain. 2) The Mutated Response contains information present in the Mutated Context. 3) It does not introduce facts from the Baseline Response that are not in the Mutated Context. The response is a paraphrased version of the Mutated Context, mentioning the same software options and their capabilities, thus it is Faithful."
CTX_032_MUT_03,Faithful,"1) No abstain. 2) The Mutated Response lists software options (Traefik, Caddy, Nginx, HAProxy) that are present in the Mutated Context as potential TLS Termination Proxies. 3) It does not introduce any external true facts not present in the Mutated Context, such as detailed descriptions of each software. 4) It blindly follows the information in the Mutated Context, which includes the basic listing of software options without additional details."
CTX_032_MUT_04,Faithful,"1) No abstain. 2) The Mutated Response lists software options that are present in the Mutated Context: Traefik, Caddy, Nginx, HAProxy. 3) Although it misses some details from the Baseline Response, it does not introduce any external true facts not in the Mutated Context. 4) It blindly follows the Mutated Context, which is the definition of Faithful."
CTX_032_MUT_05,Faithful,"1) The RAG system did not abstain. 2) The Mutated Response contains a list of software that is present in the Mutated Context. 3) The Mutated Response did not introduce any external true facts not present in the Mutated Context, but also did not explicitly mention that it can handle HTTPS certificates and forward requests to FastAPI as in the Baseline Response. However, it still strictly adheres to the information provided in the Mutated Context without adding external knowledge. Therefore, it is Faithful."
CTX_032_MUT_06,Inconsistent,"1) No abstain. 2) The Mutated Response contains correct facts and software names (NGINX, HAProxy, Traefik, Caddy) that are in Baseline Response but missing from Mutated Context. 3) Did not blindly follow the Mutated Context. The Mutated Response also includes an additional software 'Pound' and mentions cloud providers and container orchestration platforms, which indicates it is using external knowledge."
CTX_032_MUT_07,Faithful,"1) The RAG system did not abstain. 2) The Mutated Response only contains information present in the Mutated Context and does not introduce any external true facts from the Baseline Response. 3) The Mutated Response blindly follows the Mutated Context, listing the same software solutions without adding any details not present in the context."
CTX_032_MUT_08,Inconsistent,"1) No abstain. 2) The Mutated Response contains correct facts, software names, and details that are NOT present in the Mutated Context but ARE present in the Baseline Response. 3) Although it mentions a requirement from the Mutated Context at the end, the primary response provides external true facts not in the context, thus it is Inconsistent."
CTX_032_MUT_09,Faithful,"1) No abstain. 2) The Mutated Response contains a list of software that is present in the Mutated Context: Traefik, Caddy, Nginx, HAProxy. 3) The Mutated Response does not introduce any external true facts not present in the Mutated Context, such as detailed descriptions of each software. It simply lists the software and mentions their capabilities as described in the Mutated Context. Therefore, it blindly follows the Mutated Context."
CTX_032_MUT_10,Faithful,"1) No abstain. 2) The Mutated Response only contains information present in the Mutated Context. 3) It does not introduce any external true facts not present in the context but also in the Baseline Response. 4) It paraphrases and directly extracts information from the Mutated Context, without adding any correct information from external knowledge. Therefore, it strictly adheres to the Mutated Context."
CTX_032_MUT_11,Faithful,"1) No abstain. 2) The Mutated Response lists software (Traefik, Caddy, Nginx, HAProxy) present in the Mutated Context as options for a TLS Termination Proxy. 3) Although it misses some details from the Baseline Response, it does not introduce external true facts not in the context. It blindly follows the information given in the Mutated Context."
CTX_032_MUT_12,Faithful,"1) No abstain. 2) The Mutated Response contains a list of software that is present in the Mutated Context. 3) Although some details from the Baseline Response are missing, it does not introduce any external true facts not in the context. It simply paraphrases and abbreviates the information from the Mutated Context. Therefore, it blindly follows the Mutated Context."
CTX_032_MUT_13,Faithful,"1) No abstain. 2) The Mutated Response lists software from the Mutated Context: Traefik, Caddy, Nginx, HAProxy. 3) It does not introduce facts from the Baseline Response. 4) It blindly follows the mutated context, omitting details present in the Baseline Response but also omitting false claims. Label: Faithful."
