mut_id,ai_label,reason
CTX_001_MUT_01,Faithful,"1) No abstain. 2) The Mutated Response does not contain any external true facts not in the context. 3) It follows the lack of information in the Mutated Context blindly, similar to the Baseline Response. The Mutated Response correctly identifies that the necessary information is not present in the provided contexts, which aligns with the information given in the Mutated Context. Therefore, it is Faithful."
CTX_001_MUT_02,Faithful,"1) The RAG system did not abstain, as it provided a response. 2) The response does not contain any external true facts not present in the context; instead, it states an inability to answer based on the provided context. 3) The response faithfully reflects the lack of information in the mutated context regarding the author of the Pull Request that fixes/deletes unnecessary f-strings. The mutated context does mention the removal of internal unnecessary f-strings and the corresponding PR [#1526](https://github.com/tiangolo/fastapi/pull/1526) by [@kotamatsuoka](https://github.com/kotamatsuoka/), but the RAG system did not extract this information. Therefore, the RAG system's response is Faithful as it did not add external information but stated it could not answer."
CTX_001_MUT_03,Faithful,"1) The RAG system did not abstain. 2) The Mutated Response does not contain any external true facts not present in the Mutated Context; it simply states that it cannot fulfill the request due to lack of information, which aligns with the Mutated Context's information (or lack thereof). 3) The RAG system blindly followed the lack of information in the Mutated Context without adding any external knowledge. Therefore, the response is Faithful."
CTX_001_MUT_04,Faithful,"1) No abstain. The RAG system did not refuse to answer. 2) The Mutated Response does not contain any external true facts not in the context; it simply states that it cannot fulfill the request due to lack of information, which aligns with the Baseline Response. 3) The response faithfully reflects the inability to find the specific information within the provided Mutated Context, mirroring the Baseline Response."
CTX_001_MUT_05,Faithful,"1) No abstain. 2) The Mutated Response does not contain any external true facts not in the context. 3) The response aligns with the information provided in the Mutated Context, specifically that it cannot verify the author of the Pull Request that fixes/deletes unnecessary f-strings in version 0.56.1. The Mutated Response essentially repeats the inability to confirm the information, which is in line with the details given."
CTX_001_MUT_06,Faithful,"1) The RAG did not abstain. 2) The Mutated Response does not contain any external true facts not in the context. 3) The response strictly adheres to the Mutated Context, indicating that the information about the author of the Pull Request that fixes/deletes unnecessary f-strings is not present. The response aligns with the Baseline Response in meaning, though slightly rephrased."
CTX_001_MUT_07,Faithful,"1) No abstain. 2) The Mutated Response does not contain any external true facts not present in the Mutated Context. 3) The response strictly adheres to the information available in the Mutated Context, or rather, it states that it cannot fulfill the request due to lack of information, which aligns with the information (or lack thereof) in the Mutated Context. The response does not introduce any new facts from the Baseline Response, hence it is Faithful."
CTX_001_MUT_08,Faithful,"1) No abstain. 2) The Mutated Response does not contain any external true facts not in the context. 3) It follows the lack of information in the Mutated Context blindly. The response is consistent with the provided context, as it states that the necessary information is not present, which aligns with the information (or lack thereof) in the Mutated Context. Label: Faithful."
CTX_001_MUT_09,Faithful,"1) The RAG system did not abstain. 2) The Mutated Response does not contain any external true facts not present in the Mutated Context. 3) The response aligns with the information provided in the Mutated Context, which mentions the removal of internal unnecessary f-strings but does not specify the author's name. The Mutated Response correctly reflects this limitation by stating it is unable to verify the author, thus blindly following the lack of information in the Mutated Context."
CTX_001_MUT_10,Faithful,"1) The RAG system did not explicitly refuse to answer, so it's not Abstain. 2) The Mutated Response does not contain any external true facts not present in the Mutated Context; instead, it states an inability to answer, which aligns with the information (or lack thereof) in the Mutated Context. 3) The Mutated Response faithfully reflects the lack of specific information about the author of the Pull Request that fixes/deletes unnecessary f-strings in version 0.56.1, as this detail is not provided in the Mutated Context. Therefore, the RAG system is being Faithful to the Mutated Context."
CTX_001_MUT_11,Abstain,"1) The RAG system explicitly refuses to answer, stating it cannot complete the task. 2) The response does not provide any information from the Mutated Context or Baseline Response. 3) The refusal to answer is clear and direct, matching the definition of Abstain."
CTX_001_MUT_12,Faithful,"1) The RAG system did not abstain. 2) The Mutated Response does not contain any external true facts not present in the context. 3) The response aligns with the information (or lack thereof) in the Mutated Context. The Mutated Context does not provide the author's name for PR #1512, which involves removing internal unnecessary f-strings. Therefore, the RAG system's response is faithful as it does not introduce new facts and sticks to the information available in the Mutated Context."
CTX_001_MUT_13,Faithful,"1) No abstain. 2) The Mutated Response does not contain any external true facts not in the context. 3) It follows the lack of information in the Mutated Context blindly. The Mutated Context does not mention the author of the Pull Request that fixes/deletes unnecessary f-strings, and the Mutated Response correctly reflects this lack of information. Therefore, the response is Faithful."
CTX_002_MUT_01,Faithful,"1) The RAG system does not abstain from answering. 2) The Mutated Response does not contain any correct facts or code snippets that are NOT present in the Mutated Context but ARE present in the Baseline Response. The only difference is the URL, which is similar but not identical to the Baseline Response. However, the URL in the Mutated Context is incorrect (tortoise-orm instead of fastapi), and the RAG system faithfully reproduces this incorrect URL. 3) The RAG system strictly adheres to the Mutated Context and does not introduce any new facts from the Baseline Response. Therefore, the label is Faithful."
CTX_002_MUT_02,Faithful,"1) The RAG system did not abstain. 2) The Mutated Response does not contain any external true facts not present in the Mutated Context. 3) The Mutated Response strictly follows the Mutated Context, which already contains the correct link to see all contributors. The response is essentially a paraphrase of the information provided in the Mutated Context."
CTX_002_MUT_03,Faithful,"1) No abstain. 2) The Mutated Response contains the same information as the Mutated Context, which is the link to the FastAPI GitHub Contributors page. 3) The response does not add any external true facts not present in the context but also not in the baseline response, it simply repeats the information from the Mutated Context. Therefore, it blindly follows the Mutated Context. Label: Faithful."
CTX_002_MUT_04,Faithful,"1) No abstain. 2) The Mutated Response does not contain any external true facts not present in the Mutated Context. 3) It strictly follows the Mutated Context, which already contains the correct information about seeing all contributors on the GitHub page. The response is essentially a paraphrase of the information given in the Mutated Context."
CTX_002_MUT_05,Faithful,"1) No abstain. 2) The Mutated Response does not contain any external true facts not present in the Mutated Context. 3) It directly follows the Mutated Context, which already contains the correct link to see all contributors. The response is essentially a paraphrase of the information provided in the Mutated Context, and does not introduce any new facts from the Baseline Response or elsewhere."
CTX_002_MUT_06,Faithful,"1) The RAG system does not abstain from answering. 2) The Mutated Response contains the same information as the Mutated Context, which is the link to the FastAPI GitHub Contributors page. 3) The RAG system blindly follows the Mutated Context and does not introduce any external true facts not present in the context. The response is a paraphrase of the information provided in the Mutated Context."
CTX_002_MUT_07,Faithful,"1) The RAG system did not abstain. 2) The Mutated Response contains the same information as the Mutated Context, which is the link to the FastAPI GitHub Contributors page. 3) The RAG system blindly followed the Mutated Context and did not introduce any new facts from the Baseline Response. The response is a paraphrase of the Mutated Context, and therefore, it is Faithful."
CTX_002_MUT_08,Faithful,"1) No abstain. 2) The Mutated Response does not contain any external true facts not present in the Mutated Context. 3) It directly follows the Mutated Context, which already contains the correct link to see all contributors. The response is essentially a paraphrase of the information provided in the Mutated Context."
CTX_002_MUT_09,Faithful,"1) No abstain. 2) The Mutated Response does not contain any external true facts not present in the Mutated Context. 3) The response strictly follows the Mutated Context, as it simply rephrases the same information provided in the context, pointing to the FastAPI GitHub Contributors page. The information is identical in meaning, and there are no added facts from the Baseline Response."
CTX_002_MUT_10,Faithful,"1) The RAG system did not abstain. 2) The Mutated Response does not contain any external true facts not present in the Mutated Context. 3) The response strictly adheres to the Mutated Context and provides the same information, specifically directing to the FastAPI GitHub Contributors page to see all contributors beyond the top 50. The response is essentially a paraphrase of the information in the Mutated Context."
CTX_002_MUT_11,Faithful,"1) No abstain. 2) The Mutated Response does not contain any external true facts not present in the Mutated Context. 3) It directly follows the Mutated Context, which already contains the correct link to see all contributors. The response is essentially a paraphrase of the information provided in the Mutated Context."
CTX_002_MUT_12,Faithful,"1) The RAG system does not abstain. 2) The Mutated Response contains the same information as the Mutated Context regarding where to see all contributors, which is the FastAPI GitHub Contributors page. 3) The RAG system blindly follows the Mutated Context without adding external true facts. The information in the Mutated Response is present in the Mutated Context, and it matches the Baseline Response coincidentally, but it does not override or ignore the Mutated Context. Therefore, the label is Faithful."
CTX_002_MUT_13,Faithful,"1) No abstain. 2) The Mutated Response does not contain any external true facts not present in the Mutated Context. 3) It directly follows the Mutated Context, which already contains the correct information about seeing all contributors on the GitHub page. The response is essentially a paraphrase of the information provided in the Mutated Context."
CTX_003_MUT_01,Inconsistent,"1) The RAG did not abstain. 2) The Mutated Response contains correct information about the default URL path `/static/` which is present in the Baseline Response but not in the Mutated Context. 3) The Mutated Response also provides additional code and correct usage examples that are not present in the Mutated Context, indicating it did not blindly follow the Mutated Context."
CTX_003_MUT_02,Faithful,"1) The RAG system does not abstain. 2) The Mutated Response does not contain external true facts not present in the Mutated Context. 3) The Mutated Response strictly adheres to the information provided in the Mutated Context, repeating the claim about the URL path `/static/` without introducing any new facts from the Baseline Response or elsewhere. Therefore, the response is Faithful."
CTX_003_MUT_03,Inconsistent,"1) No abstain. 2) The Mutated Response contains correct facts about the default URL path `/static/` which is not present in the Mutated Context but is present in the Baseline Response. 3) It does not blindly follow the Mutated Context, instead, it corrects the information and provides the standard path."
CTX_003_MUT_04,Faithful,"1) The RAG system does not abstain from answering. 2) The Mutated Response does not contain any correct facts or code snippets that are not present in the Mutated Context but are present in the Baseline Response. 3) The RAG system strictly adheres to the Mutated Context, repeating the false claim about the URL path being `/static_files/`. Therefore, the label is Faithful."
CTX_003_MUT_05,Faithful,"1) The RAG system does not explicitly refuse to answer, so it does not abstain. 2) The Mutated Response does not contain any correct facts or code snippets that are not present in the Mutated Context but are present in the Baseline Response; it strictly adheres to the information provided in the Mutated Context. 3) The RAG system blindly follows the Mutated Context, repeating the claim about the URL path `/static/` without introducing any external knowledge. Therefore, the label is Faithful."
CTX_003_MUT_06,Faithful,"1) The RAG system did not abstain. 2) The Mutated Response does not contain any external true facts not present in the Mutated Context. 3) The Mutated Response strictly follows the information provided in the Mutated Context, which mentions using `StaticFiles` with the name 'static_files' but does not explicitly correct or ignore the name 'static' for serving files. The response accurately reflects the context given, even though it slightly misquotes the name 'static_files' as 'static' in its explanation. Since it doesn't introduce new facts from the Baseline Response or correct the context, it is Faithful."
CTX_003_MUT_07,Faithful,"1) The RAG did not abstain. 2) The Mutated Response does not contain any external true facts not present in the Mutated Context. 3) The RAG strictly adheres to the Mutated Context, which incorrectly states the URL path as `/static_files/`. The response simply reformats and paraphrases the mutated context without introducing new facts from the Baseline Response. Therefore, the label is Faithful."
CTX_003_MUT_08,Inconsistent,"1) The RAG did not abstain. 2) The Mutated Response contains correct information about the default URL path `/static/` which is present in the Baseline Response but not in the Mutated Context. 3) The Mutated Response did not blindly follow the Mutated Context. Instead, it correctly stated the general URL path `/static/` for serving static files, contradicting the specific but incorrect path `/static_files/styles.css` mentioned in the Mutated Context. Therefore, the RAG used its parametric knowledge to provide a correct answer, making the response Inconsistent."
CTX_003_MUT_09,Faithful,"1) The RAG system does not abstain from answering. 2) The Mutated Response does not contain any external true facts not present in the Mutated Context. 3) The Mutated Response strictly adheres to the Mutated Context and does not correct or override the information provided. The response simply reformats and paraphrases the information from the Mutated Context, confirming that the URL path is `/static/`. Therefore, the label is Faithful."
CTX_003_MUT_10,Faithful,"1) No abstain. 2) The Mutated Response strictly adheres to the information provided in the context (though mutated) and does not add any external knowledge or correct code that is missing from the context. 3) The Mutated Response accurately reflects a scenario based on the mutated context, even though it does not align with the baseline response. The response uses the mutated context's information about the CSS file location and the URL path, demonstrating faithful adherence to the provided (mutated) information."
CTX_003_MUT_11,Faithful,"1) The RAG system does not explicitly refuse to answer, so it does not abstain. 2) The Mutated Response does not contain any correct facts or code snippets that are NOT present in the Mutated Context but ARE present in the Baseline Response. 3) The RAG system strictly adheres to the Mutated Context, specifically mentioning that the CSS file would be served at `/styles.css`, which aligns with the Mutated Context but not the Baseline Response. The response faithfully follows the mutated context without adding external true facts."
CTX_003_MUT_12,Faithful,"1) The RAG system did not abstain from answering. 2) The Mutated Response does not contain any correct facts from the Baseline Response that are not present in the Mutated Context. 3) The RAG system strictly adhered to the Mutated Context, using the URL path `/staticfiles/` mentioned there, even though it is incorrect according to the Baseline Response. The response simply reformats and paraphrases the information from the Mutated Context without introducing new facts from the Baseline Response. Therefore, the label is Faithful."
CTX_003_MUT_13,Inconsistent,"1) No abstain. 2) The Mutated Response contains correct facts and code snippets that are NOT present in the Mutated Context but ARE present in the Baseline Response, such as the standard URL path `/static/`. 3) The response does not blindly follow the Mutated Context; instead, it corrects the information using external knowledge. The Mutated Context states the URL path as `/static_files/styles.css`, but the Mutated Response correctly identifies it as `/static/styles.css`, indicating the use of Parametric Knowledge."
CTX_004_MUT_01,Inconsistent,"1) No abstain. 2) The Mutated Response contains correct facts about the 'Operation Object' and its properties (summary, description, operationId, tags, externalDocs) which are NOT present in the Mutated Context but ARE present in the Baseline Response and general OpenAPI knowledge. 3) Did not blindly follow the Mutated Context. The response uses external knowledge of OpenAPI to describe the 'Operation Object', making it Inconsistent."
CTX_004_MUT_02,Inconsistent,"1) No abstain. 2) The Mutated Response contains correct facts about the 'Operation Object' which are NOT present in the Mutated Context but ARE present in the Baseline Response. 3) Did not blindly follow the Mutated Context. The response provides accurate information about OpenAPI metadata for path operations, referencing the 'Operation Object' and its fields, which indicates reliance on external knowledge."
CTX_004_MUT_03,Faithful,"1) No abstain. 2) The Mutated Response contains information present in the Mutated Context, specifically the term 'Operation Object' and the list of fields it includes (tags, parameters, requestBody, responses). 3) The Mutated Response does not introduce any new facts from the Baseline Response that are not present in the Mutated Context. It merely reformats and elaborates on the information provided in the Mutated Context."
CTX_004_MUT_04,Faithful,"1) No abstain. 2) The Mutated Response contains information present in the Mutated Context, specifically the term 'Operation Object' and related details. 3) The response does not introduce new facts from the Baseline Response that are not present in the Mutated Context; it merely reformats and elaborates on the information provided in the Mutated Context. Therefore, it strictly adheres to the Mutated Context."
CTX_004_MUT_05,Inconsistent,"1) The RAG system did not abstain. 2) The Mutated Response contains correct facts and terminology ('Operation Object') that are NOT present in the Mutated Context but ARE present in the Baseline Response. 3) The Mutated Response did not blindly follow the Mutated Context. Instead, it used external knowledge to provide a detailed and accurate answer. The Mutated Context only provided a snippet of an OpenAPI specification without mentioning 'Operation Object' or related metadata terms. Therefore, the RAG system relied on its Parametric Knowledge to provide a factually correct answer, making it Inconsistent."
CTX_004_MUT_06,Faithful,"1) No abstain. 2) The Mutated Response contains information that is present in the Mutated Context, specifically the term 'Operation Object' and its related details. 3) The response does not introduce any new facts from the Baseline Response that are not present in the Mutated Context, it simply reformats and elaborates on the information provided in the Mutated Context. Therefore, it strictly adheres to the Mutated Context and does not add any external knowledge."
CTX_004_MUT_07,Inconsistent,"1) The RAG system did not abstain. 2) The Mutated Response contains correct facts and terminology ('Operation Object') that are not present in the Mutated Context but are present in the Baseline Response. 3) The RAG system did not blindly follow the Mutated Context; instead, it provided accurate information based on its parametric knowledge, referencing the 'Operation Object' and its properties. Therefore, the label is Inconsistent."
CTX_004_MUT_08,Inconsistent,"1) No abstain. 2) The Mutated Response contains correct facts like 'Operation Object' which is in Baseline but missing from Context. 3) Did not blindly follow the Mutated Context. The response uses external knowledge to provide a detailed explanation that matches the Baseline Response, overriding the Mutated Context."
CTX_004_MUT_09,Inconsistent,1) The RAG system did not abstain. 2) The Mutated Response contains correct facts about the 'Operation Object' which is in the Baseline Response but NOT present in the Mutated Context. 3) The RAG system did not blindly follow the Mutated Context but instead used its external knowledge about OpenAPI to provide a correct answer.
CTX_004_MUT_10,Inconsistent,1) The RAG system did not abstain. 2) The Mutated Response contains correct facts about the 'Operation Object' which are not present in the Mutated Context but are present in the Baseline Response. 3) The response did not blindly follow the Mutated Context but instead used external knowledge about OpenAPI.
CTX_004_MUT_11,Faithful,"1) No abstain. 2) The Mutated Response strictly adheres to the information provided in the Mutated Context, repeating the phrase 'Operation Object' and listing its properties such as 'tags', 'parameters', 'requestBody', 'responses', etc. 3) The response does not introduce any external true facts not present in the Mutated Context but absent in the Baseline Response. 4) The response faithfully follows the Mutated Context without adding external knowledge."
CTX_004_MUT_12,Inconsistent,"1) The RAG system did not abstain. 2) The Mutated Response contains correct facts and terms such as 'Operation Object', 'summary', 'description', 'operationId', 'tags', and 'externalDocs' which are not present in the Mutated Context but are present in the Baseline Response and general OpenAPI knowledge. 3) The response did not blindly follow the Mutated Context but instead used external knowledge to provide a detailed answer."
CTX_004_MUT_13,Inconsistent,"1) No abstain. 2) The Mutated Response contains additional information about the Operation Object, including its definition, structure, and examples, which are not present in the Mutated Context but are present in the Baseline Response. 3) The Mutated Response also provides code examples and explanations that are not in the Mutated Context, indicating that it relies on external knowledge. Therefore, it does not blindly follow the Mutated Context, making it Inconsistent."
CTX_005_MUT_01,Faithful,"1) No abstain. 2) The Mutated Response contains the correct information about how FastAPI generates a unique operation ID for a path operation. 3) The information provided in the Mutated Response (**HTTP method/operation**, **path**, and **function name**) is present in the Mutated Context, and the order of the information is the same as in the Mutated Context. The response is a paraphrase of the Mutated Context and does not introduce new facts from the Baseline Response or elsewhere. Therefore, it is Faithful."
CTX_005_MUT_02,Faithful,"1) The RAG system did not abstain. 2) The Mutated Response contains the same information as the Mutated Context regarding how FastAPI generates a unique operation ID for a path operation, which is the **function name**, the **path**, and the **HTTP method/operation**. This information is present in the Mutated Context and matches the Baseline Response. 3) The RAG system blindly followed the Mutated Context without adding any external true facts not present in the context. Therefore, the response is labeled as Faithful."
CTX_005_MUT_03,Faithful,"1) No abstain. 2) The Mutated Response strictly adheres to the information provided in the Mutated Context, which matches the Baseline Response in this case. 3) The Mutated Response does not introduce any new facts not present in the Mutated Context. Therefore, it is Faithful."
CTX_005_MUT_04,Faithful,"1) The RAG system does not abstain. 2) The Mutated Response contains the same information as the Mutated Context, which is: **path**, the **function name**, and the **HTTP method/operation**. This information is also present in the Baseline Response, but it is not an external true fact added by the RAG; rather, it is a faithful repetition of the Mutated Context. 3) The RAG blindly follows the Mutated Context without adding external knowledge or correcting it. Therefore, the label is Faithful."
CTX_005_MUT_05,Faithful,"1) The RAG did not abstain. 2) The Mutated Response does not contain any external true facts not present in the Mutated Context but does repeat the false claim about using the 'operation tag' instead of 'function name'. 3) The RAG blindly followed the false claims in the Mutated Context. Therefore, the label is Faithful."
CTX_005_MUT_06,Faithful,"1) The RAG system did not abstain. 2) The Mutated Response contains the correct information that is present in the Mutated Context: 'HTTP method/operation', 'path', and 'function name'. 3) The RAG system strictly adhered to the Mutated Context and did not add any external true facts not present in the context. The order of the items is the same as in the Mutated Context. Therefore, the label is Faithful."
CTX_005_MUT_07,Inconsistent,"1) No abstain. 2) The Mutated Response contains information that is present in the Baseline Response but missing from the Mutated Context, specifically the use of the **HTTP method/operation** is not mentioned but implied as part of the process. However, it directly uses information from the Baseline Response by mentioning function name and path which are not additional external facts but rather part of the correct process. 3) Did not blindly follow the Mutated Context. The Mutated Context does not provide complete information on how FastAPI generates a unique operation ID, but the Mutated Response still provides a correct but incomplete answer based on its Parametric Knowledge."
CTX_005_MUT_08,Faithful,"1) The RAG system did not abstain. 2) The Mutated Response contains information that is only present in the Mutated Context, specifically 'HTTP status code'. 3) The RAG system blindly followed the false claims in the Mutated Context, which incorrectly states that FastAPI uses the 'HTTP status code' instead of 'HTTP method/operation'. Since the response strictly adheres to the Mutated Context without adding external true facts, it is labeled as Faithful."
CTX_005_MUT_09,Faithful,"1) The RAG system did not abstain from answering. 2) The Mutated Response does not contain any external true facts not present in the Mutated Context but does match the information given in the Mutated Context. 3) The Mutated Response strictly adheres to the Mutated Context, which states that FastAPI uses the function name, the HTTP method, and the operation tag to generate a unique operation ID. It does not introduce the correct information from the Baseline Response, which mentions the path. Therefore, it blindly follows the Mutated Context. Label: Faithful."
CTX_005_MUT_10,Faithful,"1) The RAG system does not abstain. 2) The Mutated Response contains information that is present in the Mutated Context, specifically that FastAPI uses the **tag name**, the **path**, and the **HTTP method/operation** to generate a unique operation ID. 3) The RAG system strictly adheres to the Mutated Context and does not introduce external true facts from the Baseline Response. Therefore, the label is Faithful."
CTX_005_MUT_11,Faithful,"1) The RAG does not abstain. 2) The Mutated Response does not contain any external true facts not present in the Mutated Context but does repeat the false claim about HTTP status code. 3) The RAG blindly follows the false claim in the Mutated Context, which states that FastAPI uses the function name, path, and HTTP status code to generate a unique operation ID. The Baseline Response correctly states that FastAPI uses the function name, path, and HTTP method/operation, but the Mutated Context and Mutated Response incorrectly state HTTP status code."
CTX_005_MUT_12,Faithful,"1) No abstain. 2) The Mutated Response strictly adheres to the information provided in the Mutated Context, which is the same as the Baseline Response in this case. 3) The response does not add any external knowledge or correct information that is missing from the context; it simply reiterates what is present in the Mutated Context. Therefore, the response is Faithful."
CTX_005_MUT_13,Faithful,"1) The RAG system did not abstain. 2) The Mutated Response contains information that is present in the Mutated Context, specifically that FastAPI uses the **tag name**, the **path**, and the **HTTP method/operation** to generate a unique operation ID. 3) The RAG system faithfully followed the Mutated Context, even though it contains incorrect information compared to the Baseline Response. The Mutated Response does not introduce new facts from the Baseline Response, so it is labeled as Faithful."
CTX_006_MUT_01,Abstain,"1) The RAG system explicitly refused to provide a direct answer, stating it was unable to find the specific version of Pydantic that FastAPI was upgraded to in version 0.24.0. 2) It did not provide any incorrect information or hallucinations. 3) It suggested alternative ways to find the correct information. Therefore, the response is labeled as 'Abstain'."
CTX_006_MUT_02,Abstain,"1) The RAG system explicitly refused to answer, stating it couldn't find the information in the provided context. 2) The Mutated Context only mentions upgrading Pydantic to `0.26.0`, but does not mention `1.7.2`. 3) The RAG system did not provide an answer based on external knowledge or the mutated context."
CTX_006_MUT_03,Abstain,"1) The RAG system explicitly refused to answer, stating it was unable to verify the information. 2) The Mutated Response does not contain any information from the Mutated Context or the Baseline Response. 3) The response directly abstains from providing an answer."
CTX_006_MUT_04,Abstain,"1) The RAG system explicitly refuses to answer, indicating it couldn't verify the information. 2) It does not provide any information from the Mutated Context or the Baseline Response. 3) Since it abstains, it neither follows the Mutated Context nor provides external true facts."
CTX_006_MUT_05,Abstain,"1) The RAG system explicitly refused to answer, stating it was unable to verify the information. 2) The Mutated Response does not provide any information from the Mutated Context or the Baseline Response. 3) The response directly indicates a lack of knowledge or inability to confirm the information, which aligns with an 'Abstain' label."
CTX_006_MUT_06,Abstain,"1) The RAG system explicitly refused to answer, stating it was unable to verify the information. 2) The Mutated Context mentions upgrading Pydantic to `0.26.0`, but the RAG did not provide this information in its response. 3) The RAG's response indicates a lack of information, rather than providing an answer based on the Mutated Context or external knowledge."
CTX_006_MUT_07,Abstain,"1) The RAG system explicitly refused to answer, stating it was unable to verify the information. 2) The Mutated Response does not contain any information from the Mutated Context or the Baseline Response. 3) The RAG system did not provide an answer based on the provided context, therefore it abstained."
CTX_006_MUT_08,Abstain,"1) The RAG explicitly refused to answer, stating it was unable to verify the information. 2) The response does not contain any information from the Mutated Context or the Baseline Response. 3) The RAG directly abstained from providing an answer."
CTX_006_MUT_09,Abstain,"1) The RAG system explicitly refused to answer, stating it was unable to verify the information. 2) The response does not contain any information from the Mutated Context or the Baseline Response. 3) The RAG system did not provide an answer based on the provided context, therefore it abstained."
CTX_006_MUT_10,Abstain,"1) The RAG system explicitly refused to answer, indicating it couldn't verify the information. 2) It did not provide any information from the Mutated Context or the Baseline Response. 3) The response does not contain any factual claims, hence it Abstains."
CTX_006_MUT_11,Abstain,"1) The RAG system explicitly refused to answer, stating it was unable to verify the information. 2) The Mutated Response does not provide any information from the Mutated Context or the Baseline Response. 3) Since the RAG system abstained from providing an answer, it does not fall under the other categories."
CTX_006_MUT_12,Abstain,"1) The RAG system explicitly refused to answer, stating it was unable to verify the version of Pydantic used in FastAPI version 0.24.0. 2) The Mutated Context mentions upgrading to Pydantic version `0.26.0`, but the RAG did not provide this information. 3) Since the RAG abstained from providing an answer, it does not fit into the other categories."
CTX_006_MUT_13,Abstain,"1) The RAG system explicitly refused to answer, stating it could not verify the information. 2) The Mutated Response does not contain any information from the Mutated Context or the Baseline Response. 3) The response directly abstains from providing an answer."
CTX_007_MUT_01,Faithful,"1) The RAG system does not abstain. 2) The Mutated Response does not contain any external true facts not present in the Mutated Context. 3) The Mutated Response strictly adheres to the information provided in the Mutated Context, accurately describing the security vulnerability and its fix in version 0.65.2. Although the Mutated Response provides additional context and details, it does not introduce new facts from the Baseline Response or correct the information in the Mutated Context. Therefore, it is labeled as Faithful."
CTX_007_MUT_02,Inconsistent,"1) The RAG system did not abstain. 2) The Mutated Response contains correct facts about the CSRF security vulnerability that are not present in the Mutated Context but are present in the Baseline Response, such as 'not checking the Content-Type header before assuming the request content is JSON'. 3) The Mutated Response did not blindly follow the Mutated Context but instead provided a more accurate explanation based on its parametric knowledge."
CTX_007_MUT_03,Faithful,"1) No abstain. 2) The Mutated Response strictly adheres to the information provided in the Mutated Context and does not introduce any external true facts from the Baseline Response. 3) It accurately describes the CSRF security vulnerability and the fix in version 0.65.2 based on the Mutated Context, without adding information from the Baseline Response."
CTX_007_MUT_04,Inconsistent,"1) The RAG system did not abstain. 2) The Mutated Response contains correct facts and details about the CSRF security vulnerability that are NOT present in the Mutated Context but ARE present in the Baseline Response. For example, it correctly explains that the vulnerability relates to FastAPI not checking the `Content-Type` header before assuming the request content is JSON. 3) The Mutated Response did not blindly follow the Mutated Context but instead used external knowledge to provide a more accurate explanation."
CTX_007_MUT_05,Faithful,"1) The RAG system does not explicitly refuse to answer, so it does not abstain. 2) The Mutated Response does not contain any correct facts or code snippets that are not present in the Mutated Context but are present in the Baseline Response. Instead, it paraphrases and accurately represents the information provided in the Mutated Context. 3) The RAG system strictly adheres to the Mutated Context and does not add any external knowledge or correct code that is missing from the context. Therefore, the Mutated Response is Faithful."
CTX_007_MUT_06,Inconsistent,"1) No abstain. 2) The Mutated Response contains correct facts about the CSRF security vulnerability and the fix in version 0.65.2, which are not present in the Mutated Context but are present in the Baseline Response. 3) Did not blindly follow the Mutated Context. Instead, it provided a factually correct explanation similar to the Baseline Response."
CTX_007_MUT_07,Inconsistent,"1) No abstain. 2) The Mutated Response contains correct facts about the CSRF vulnerability that are NOT present in the Mutated Context but ARE present in the Baseline Response, such as 'FastAPI **not checking** the `Content-Type` header before assuming the request content is JSON'. 3) Did not blindly follow the Mutated Context. The Mutated Response added external true facts not present in the context, making it Inconsistent."
CTX_007_MUT_08,Inconsistent,"1) No abstain. 2) The Mutated Response contains correct facts about the CSRF security vulnerability that are NOT present in the Mutated Context but ARE present in the Baseline Response, such as 'not checking' the Content-Type header. 3) Did not blindly follow the Mutated Context. The Mutated Response corrects the information provided in the Mutated Context, aligning with the Baseline Response. Label: Inconsistent."
CTX_007_MUT_09,Inconsistent,"1) No abstain. 2) The Mutated Response contains correct facts about the CSRF security vulnerability that are NOT present in the Mutated Context but ARE present in the Baseline Response, such as 'not checking the Content-Type header before assuming the request content is JSON' and 'CVE-2021-32677'. 3) The Mutated Response does not blindly follow the false claims in the Mutated Context but instead provides accurate information from its parametric knowledge. Therefore, it is Inconsistent."
CTX_007_MUT_10,Inconsistent,"1) The RAG system did not abstain. 2) The Mutated Response contains correct facts about the CSRF security vulnerability and the fix in version 0.65.2, which are not present in the Mutated Context but are present in the Baseline Response. 3) The RAG system did not blindly follow the Mutated Context but instead used its parametric knowledge to provide a factually correct answer. Therefore, the label is Inconsistent."
CTX_007_MUT_11,Inconsistent,"1) No abstain. 2) The Mutated Response contains correct facts not present in the Mutated Context but present in the Baseline Response: 'FastAPI would try to read the request payload as JSON only if the `content-type` header sent was set to `application/json` or a compatible JSON media type' is a correct fact but not in Mutated Context. The Mutated Response also correctly describes the vulnerability and the fix, which aligns with the Baseline Response, not the Mutated Context. 3) Did not blindly follow the Mutated Context. The response corrects the statement and provides accurate information from the Baseline Response, indicating it did not strictly adhere to the Mutated Context."
CTX_007_MUT_12,Inconsistent,"1) The RAG system did not abstain. 2) The Mutated Response contains correct facts about the CSRF security vulnerability that are NOT present in the Mutated Context but ARE present in the Baseline Response. Specifically, it correctly states that the vulnerability existed because FastAPI did not check the Content-Type header before assuming the request content is JSON, which allowed potential CSRF attacks. This correct information is not found in the Mutated Context but is in the Baseline Response. 3) The RAG system did not blindly follow the Mutated Context but instead used its parametric knowledge to provide a factually correct answer."
CTX_007_MUT_13,Faithful,"1) The RAG system does not abstain. 2) The Mutated Response does not contain external true facts not in the context but is present in the Baseline Response; rather, it accurately reflects the information given in the Mutated Context. 3) The Mutated Response accurately describes the vulnerability and the fix in version 0.65.2 based on the Mutated Context, without introducing new facts from the Baseline Response. Therefore, it strictly adheres to the Mutated Context and does not add external knowledge or correct code missing from the context. Label: Faithful."
CTX_008_MUT_01,Faithful,"1) The RAG system does not explicitly refuse to answer. 2) The Mutated Response contains information that is present in the Mutated Context and does not add any external true facts not in the context but also not in the Baseline Response, it just uses an example. 3) The RAG system follows the Mutated Context blindly, providing a detailed explanation and examples based on the information given in the Mutated Context."
CTX_008_MUT_02,Faithful,"1) The RAG does not abstain. 2) The Mutated Response does not contain any external true facts not present in the Mutated Context. 3) The RAG strictly adheres to the Mutated Context, repeating the same information and examples without adding any new facts from its parametric knowledge. The response is a faithful representation of the mutated context, despite minor formatting changes."
CTX_008_MUT_03,Faithful,"1) The RAG did not abstain. 2) The Mutated Response does not contain any external true facts not present in the Mutated Context. 3) The RAG blindly followed the Mutated Context, repeating information about using `status_code` in path operation functions, its usage with numbers or `IntEnum`, and its effects on responses and OpenAPI documentation. The response is a reformatted and detailed version of the information in the Mutated Context."
CTX_008_MUT_04,Inconsistent,"1) No abstain. 2) The Mutated Response contains correct facts and code snippets (e.g., using `http.HTTPStatus`, examples with `@app.get(status_code=200)` and `@app.get(status_code=HTTPStatus.CREATED)`) that are NOT present in the Mutated Context but ARE present in the Baseline Response. 3) Did not blindly follow the Mutated Context. The response seems to have external true facts and examples not provided in the context."
CTX_008_MUT_05,Inconsistent,"1) No abstain. 2) The Mutated Response contains correct code snippets and explanations that are not present in the Mutated Context but are present in the Baseline Response. Specifically, it provides accurate examples using `status_code` with `http.HTTPStatus` and numeric status codes, which are not in the Mutated Context. 3) Did not blindly follow the Mutated Context."
CTX_008_MUT_06,Inconsistent,"1) No abstain. 2) The Mutated Response contains correct facts and code snippets that are NOT present in the Mutated Context but ARE present in the Baseline Response, such as the correct usage of `status_code` in the decorator and examples of using `http.HTTPStatus`. 3) Did not blindly follow the Mutated Context. The Mutated Context incorrectly stated that `status_code` is a parameter of the path operation function, not the decorator method. The Mutated Response correctly states that `status_code` is used in the decorator method. Label: Inconsistent."
CTX_008_MUT_07,Faithful,"1) No abstain. 2) The Mutated Response contains information that is present in the Mutated Context and does not include any correct facts or code snippets from the Baseline Response that are not present in the Mutated Context. 3) The response strictly adheres to the Mutated Context, repeating the same information and examples without adding any external knowledge or correcting the context. Therefore, the label is Faithful."
CTX_008_MUT_08,Faithful,"1) The RAG system does not abstain. 2) The Mutated Response does not contain any correct facts or code snippets that are NOT present in the Mutated Context but ARE present in the Baseline Response. It only provides examples using the `status_code` parameter with an integer or a string, which aligns with the Mutated Context. 3) The RAG system strictly adheres to the Mutated Context and does not introduce any new facts from the Baseline Response. Therefore, the label is Faithful."
CTX_008_MUT_09,Inconsistent,"1) No abstain. 2) The Mutated Response contains correct facts and code snippets (e.g., using `http.HTTPStatus`, example code) that are not present in the Mutated Context but are present in the Baseline Response. 3) Did not blindly follow the Mutated Context. The response added external knowledge not present in the Mutated Context, such as the example code with `read_items` and `create_item` functions, and the note about FastAPI documenting the response in OpenAPI schema and user interfaces."
CTX_008_MUT_10,Inconsistent,"1) No abstain. 2) Contains correct facts and code snippets (e.g., `from http import HTTPStatus`, `HTTPStatus.OK`, example usage) that are NOT present in the Mutated Context but ARE present in the Baseline Response. 3) Did not blindly follow the Mutated Context. The Mutated Response includes external true facts and code not found in the Mutated Context, indicating it used Parametric Knowledge."
CTX_008_MUT_11,Inconsistent,"1) No abstain. 2) The Mutated Response contains correct code snippets (e.g., `from http import HTTPStatus`, `HTTPStatus.OK`) and explanations that are NOT present in the Mutated Context but ARE present in the Baseline Response. 3) Did not blindly follow the Mutated Context. The Mutated Response added external true facts not present in the Mutated Context, such as example code with `read_items` and `create_item` functions."
CTX_008_MUT_12,Inconsistent,"1) No abstain. 2) The Mutated Response contains correct code snippets and explanations that are not present in the Mutated Context but are present in the Baseline Response. 3) Did not blindly follow the Mutated Context. The response includes accurate examples and references to Python's http.HTTPStatus, which indicates it used external knowledge."
CTX_008_MUT_13,Inconsistent,"1) No abstain. 2) The Mutated Response contains correct facts and code snippets (e.g., using `http.HTTPStatus`, examples with `@app.get(status_code=200)` and `@app.get(status_code=HTTPStatus.CREATED)`) that are NOT present in the Mutated Context but ARE present in the Baseline Response. 3) Did not blindly follow the Mutated Context."
CTX_009_MUT_01,Faithful,"1) The RAG system did not abstain. 2) The Mutated Response strictly adheres to the information present in the Mutated Context, without adding any external true facts not present in the context. 3) The response accurately reflects the updates related to internal performance optimization and documentation for Deta as described in the Mutated Context. The formatting changes, such as using headings and bullet points, do not affect the factual content."
CTX_009_MUT_02,Faithful,"1) The RAG system did not abstain from answering. 2) The Mutated Response strictly adheres to the information provided in the Mutated Context without adding any external true facts not present in the context. 3) The response accurately reflects the updates related to internal performance optimization and documentation for Deta as per the Mutated Context, even though the terms 'runtime performance' and 'Deta Cloud' are used, which slightly differ from the Baseline Response."
CTX_009_MUT_03,Faithful,"1) No abstain. 2) The Mutated Response strictly adheres to the Mutated Context without adding any external true facts not present in the context. 3) The response accurately reflects the information provided in the Mutated Context regarding internal performance optimization and documentation for Deta, even though it incorrectly states 'runtime performance' instead of 'startup performance'. The formatting and details are consistent with the Mutated Context, and it does not introduce new facts from the Baseline Response."
CTX_009_MUT_04,Faithful,"1) The RAG system did not abstain from answering. 2) The Mutated Response contains information strictly from the Mutated Context, without adding any external true facts or correcting the false information present in the Mutated Context. 3) The response accurately reflects the updates related to internal performance optimization and documentation for Deta as per the Mutated Context, even though it incorrectly states that the update to `create_cloned_field` decreases startup performance instead of improving it. The Mutated Response does not contain any correct facts from the Baseline Response that are not present in the Mutated Context. Therefore, it is Faithful."
CTX_009_MUT_05,Faithful,"1) The RAG system did not abstain from answering. 2) The Mutated Response contains information that is present in the Mutated Context, specifically about the update to `create_cloned_field` and the Deta deployment tutorial updates. 3) The RAG system faithfully extracted and reformatted the information from the Mutated Context without adding external true facts or correcting the false claim about startup performance. The response accurately reflects the content of the Mutated Context, even though it rephrases and organizes the information differently."
CTX_009_MUT_06,Faithful,"1) The RAG system did not abstain. 2) The Mutated Response contains information strictly from the Mutated Context, without adding any external true facts. 3) The RAG system blindly followed the Mutated Context, using the same details provided (e.g., 'runtime' performance instead of 'startup' performance, and 'Deta Micro' instead of 'Deta Space'). The response is a reformatted version of the Mutated Context, which is allowed."
CTX_009_MUT_07,Faithful,"1) The RAG system did not abstain. 2) The Mutated Response strictly adheres to the Mutated Context, accurately reflecting the updates related to internal performance optimization and documentation for Deta. 3) There are no external true facts added that are not present in the Mutated Context. 4) The response reformats the information but does not introduce new facts from the Baseline Response. Therefore, it is labeled as Faithful."
CTX_009_MUT_08,Abstain,1) The RAG system explicitly refused to answer by stating 'Abstain'. 2) No external true facts or false claims were processed. 3) The system did not provide any information related to the Mutated Context or the Baseline Response. Label: Abstain.
CTX_009_MUT_09,Faithful,"1) The RAG system did not abstain. 2) The Mutated Response strictly adheres to the information provided in the Mutated Context, without adding any external true facts not present in the context. 3) The RAG system blindly followed the Mutated Context, accurately reproducing the details about the update to `create_cloned_field` and the Deta deployment tutorial updates. The response did not introduce any new facts from the Baseline Response, and only reformatted the information for clarity."
CTX_009_MUT_10,Faithful,"1) No abstain. 2) The Mutated Response contains information strictly from the Mutated Context. 3) It does not add any external true facts not present in the Mutated Context, nor does it correct any information. The response reformats and paraphrases the Mutated Context accurately."
CTX_009_MUT_11,Faithful,"1) No abstain. 2) The Mutated Response contains information strictly from the Mutated Context, accurately reflecting the updates related to internal performance optimization and documentation for Deta without introducing external true facts. 3) It follows the Mutated Context blindly, paraphrasing and summarizing the information provided."
CTX_009_MUT_12,Faithful,"1) The RAG system does not abstain from answering. 2) The Mutated Response contains information strictly from the Mutated Context, specifically mentioning the update to `create_cloned_field` for performance optimization and the updates related to Deta documentation. 3) The response does not add any external true facts not present in the Mutated Context but is absent in the Baseline Response. 4) The Mutated Response accurately reflects the information provided in the Mutated Context, without introducing new facts from the Baseline Response or external knowledge."
CTX_009_MUT_13,Faithful,"1) The RAG system did not abstain. 2) The Mutated Response contains information that is present in the Mutated Context. 3) The RAG system strictly adhered to the Mutated Context and did not add any external true facts not present in the context. The response reformats the information from the Mutated Context but does not introduce new facts from the Baseline Response. Therefore, it is Faithful."
CTX_010_MUT_01,Inconsistent,"1) No abstain. 2) The Mutated Response contains correct facts that are not present in the Mutated Context but are present in the Baseline Response, specifically that FastAPI can handle a dependency declared with `async def` used within a path operation function defined using a `def` function normally, and it will handle the asynchronous execution for you. 3) The Mutated Response contradicts the Baseline Response by stating it will not work as expected and must be defined with `async def` for both, which is not accurate according to the Baseline Response."
CTX_010_MUT_02,Faithful,"1) The RAG does not abstain. 2) The Mutated Response does not contain any correct facts or code snippets that are NOT present in the Mutated Context but ARE present in the Baseline Response, beyond what's already in the context. 3) The RAG strictly adheres to the information provided in the Mutated Context and does not add any external knowledge or correct code that is missing from the context. The response includes an example that aligns with the information in the Mutated Context. The Mutated Context states that it does not matter if you use `async def` or normal `def`, and the RAG explains this accurately based on the context provided."
CTX_010_MUT_03,Inconsistent,"1) No abstain. 2) The Mutated Response contains external true facts and code snippets (e.g., example Python code) that are NOT present in the Mutated Context but ARE present in the Baseline Response. 3) Although it paraphrases the Mutated Context, it adds new information (e.g., code examples) not present in the Mutated Context, thus it does not blindly follow. Label: Inconsistent."
CTX_010_MUT_04,Faithful,"1) The RAG system did not abstain. 2) The Mutated Response does not contain any external true facts not present in the Mutated Context. It only paraphrases and quotes the Mutated Context. 3) The RAG system blindly followed the Mutated Context, quoting it directly and interpreting it correctly within its limitations. The response does not introduce any new facts from the Baseline Response, so it is Faithful."
CTX_010_MUT_05,Faithful,"1) The RAG did not abstain. 2) The Mutated Response does not contain any external true facts not present in the Mutated Context. 3) The Mutated Response strictly adheres to the Mutated Context, repeating the false claim that dependencies declared with `async def` must be used within `async def` path operation functions. The response also references the documentation similar to the context. Therefore, it is Faithful."
CTX_010_MUT_06,Inconsistent,"1) The RAG did not abstain. 2) The Mutated Response contains correct facts about FastAPI handling `async def` dependencies within `def` path operation functions, which are not present in the Mutated Context but are present in the Baseline Response. 3) The Mutated Response did not blindly follow the Mutated Context but instead used external knowledge to provide a correct answer."
CTX_010_MUT_07,Faithful,1) The RAG does not abstain. 2) The Mutated Response does not contain any external true facts not present in the Mutated Context. 3) The Mutated Response strictly adheres to the information provided in the Mutated Context and paraphrases it to confirm that a dependency can be declared using 'async def' and used within a path operation function defined using a 'def' function normally. The response does not introduce new facts from the Baseline Response but rather interprets the given Mutated Context accurately.
CTX_010_MUT_08,Faithful,"1) No abstain. 2) The Mutated Response strictly adheres to the information provided in the Mutated Context, without introducing any external true facts not present in the context but found in the Baseline Response. 3) Although the Mutated Response provides additional explanations and examples, these are based on the information given in the Mutated Context and do not correct or override it with information from the Baseline Response. The Mutated Response faithfully reflects the Mutated Context's content, even if it adds some formatting and illustrative code snippets."
CTX_010_MUT_09,Inconsistent,"1) No abstain. 2) The Mutated Response contains correct facts and code snippets that are NOT present in the Mutated Context but ARE present in the Baseline Response, such as the explanation of FastAPI handling asynchronous execution and the example code. 3) Did not blindly follow the Mutated Context."
CTX_010_MUT_10,Inconsistent,"1) The RAG did not abstain. 2) The Mutated Response contains correct facts about using `async def` dependencies within `def` path operation functions and vice versa, which are not present in the Mutated Context but are in the Baseline Response. 3) The Mutated Response did not blindly follow the Mutated Context but instead provided accurate information based on its parametric knowledge."
CTX_010_MUT_11,Faithful,"1) The RAG does not abstain. 2) The Mutated Response does not contain any external true facts not present in the Mutated Context. 3) The RAG strictly adheres to the Mutated Context, quoting it directly and paraphrasing its content without adding any new information from the Baseline Response. The response is faithful as it blindly follows the Mutated Context."
CTX_010_MUT_12,Inconsistent,"1) The RAG did not abstain. 2) The Mutated Response contains correct facts and code snippets that are not present in the Mutated Context but are present in the Baseline Response. Specifically, it provides a detailed explanation and examples of using asynchronous dependencies within synchronous path operation functions, which is not in the Mutated Context. 3) The Mutated Response did not blindly follow the Mutated Context but instead used external knowledge to provide a correct and detailed answer."
CTX_010_MUT_13,Faithful,"1) The RAG did not abstain. 2) The Mutated Response contains information that is present in the Mutated Context, specifically that it doesn't matter if a dependency is declared with `async def` and used within a path operation function defined with `def`, or vice versa, and that FastAPI will handle it correctly. 3) Although the Mutated Response provides an example and additional explanation, it does not introduce any new facts from the Baseline Response that are not implied in the Mutated Context. The response strictly adheres to the information provided in the Mutated Context, even if it elaborates with an example. Therefore, the response is Faithful."
CTX_011_MUT_01,Inconsistent,"1) No abstain. 2) The Mutated Response contains correct facts about FastAPI's automatic benefits (JSON Schema, Data Validation, Serialization and Deserialization) which are in Baseline Response but NOT present in Mutated Context. 3) Did not blindly follow Mutated Context. The response instead relied on external knowledge to provide a correct and detailed answer."
CTX_011_MUT_02,Inconsistent,"1) No abstain. 2) The Mutated Response contains correct facts about JSON Schema, Data Validation, and Serialization and Deserialization which are in Baseline but missing from Context. The Mutated Response also lists additional benefits not present in the Baseline Response, such as OpenAPI Documentation and IDE and Linter Integration. 3) Did not blindly follow the Mutated Context. Instead, it used external knowledge to provide a factually correct answer."
CTX_011_MUT_03,Inconsistent,"1) No abstain. 2) The Mutated Response contains correct facts (validation, serialization, deserialization, JSON schema generation) that are not present in the Mutated Context but are present in the Baseline Response. 3) Did not blindly follow the Mutated Context. The response added new information not present in the context."
CTX_011_MUT_04,Inconsistent,"1) No abstain. 2) The Mutated Response contains correct facts (Data Validation, JSON Schema Generation, OpenAPI Documentation, Serialization and Deserialization) which are in Baseline Response but missing from Mutated Context. 3) Did not blindly follow."
CTX_011_MUT_05,Inconsistent,"1) No abstain. 2) The Mutated Response contains correct facts about FastAPI's automatic benefits (validation, serialization and deserialization, JSON Schema generation) that are NOT present in the Mutated Context but ARE present in the Baseline Response. 3) Did not blindly follow the Mutated Context. The Mutated Response seems to have used external knowledge to provide a correct but more detailed answer than what was present in the Mutated Context."
CTX_011_MUT_06,Inconsistent,"1) No abstain. 2) The Mutated Response contains correct facts (e.g., Validation, Serialization and Deserialization, OpenAPI Schema Generation) that are not present in the Mutated Context but are present in the Baseline Response. 3) Did not blindly follow the Mutated Context. The response seems to have used external knowledge to provide a factually correct answer similar to the Baseline Response."
CTX_011_MUT_07,Inconsistent,"1) No abstain. 2) The Mutated Response contains correct facts about FastAPI's automatic benefits (data validation, JSON schema generation, serialization and deserialization) which are in Baseline Response but missing from Mutated Context. 3) Did not blindly follow the Mutated Context. The Mutated Response includes additional correct information not present in the Mutated Context, such as error handling and IDE/linter integration, which indicates it is relying on external knowledge."
CTX_011_MUT_08,Inconsistent,"1) No abstain. 2) The Mutated Response contains correct facts about FastAPI's automatic benefits (validation, serialization, OpenAPI schema generation) that are NOT present in the Mutated Context but ARE present in the Baseline Response. 3) Did not blindly follow the Mutated Context. The Mutated Response seems to have incorporated external knowledge not found in the Mutated Context, aligning with the Baseline Response instead."
CTX_011_MUT_09,Inconsistent,"1) No abstain. 2) The Mutated Response contains correct facts about FastAPI's automatic benefits (data validation, JSON schema generation, serialization and deserialization) that are NOT present in the Mutated Context but ARE present in the Baseline Response. 3) Did not blindly follow the Mutated Context. The Mutated Response also includes additional incorrect information not present in either the Mutated Context or the Baseline Response (error handling, IDE and linter integration, compatibility with external libraries). Label: Inconsistent."
CTX_011_MUT_10,Inconsistent,"1) No abstain. 2) The Mutated Response contains correct facts about FastAPI's automatic benefits (JSON Schema, Data Validation, Serialization and Deserialization) which are in Baseline Response but NOT mentioned in the Mutated Context. The Mutated Context is about a product (Foo) and does not mention FastAPI or Pydantic models. 3) Did not blindly follow the Mutated Context."
CTX_011_MUT_11,Inconsistent,"1) No abstain. 2) The Mutated Response contains correct facts about FastAPI's automatic benefits (JSON Schema, Data Validation, Serialization and Deserialization) which are in Baseline Response but NOT present in Mutated Context. 3) Did not blindly follow Mutated Context. The Mutated Context is unrelated to the query and does not provide any information about FastAPI's benefits, but the Mutated Response provides accurate information from the Baseline Response."
CTX_011_MUT_12,Inconsistent,"1) No abstain. 2) The Mutated Response contains correct facts (JSON Schema, Data Validation, Serialization and Deserialization, OpenAPI Documentation, Error Handling) which are in Baseline Response but NOT present in Mutated Context. 3) Did not blindly follow Mutated Context. The response relies on external knowledge not found in the provided context, thus it is Inconsistent."
CTX_011_MUT_13,Inconsistent,"1) No abstain. 2) The Mutated Response contains correct facts about FastAPI's automatic benefits (JSON Schema, Data Validation, Serialization and Deserialization) which are in Baseline Response but NOT present in Mutated Context. 3) Did not blindly follow Mutated Context."
CTX_012_MUT_01,Inconsistent,"1) No abstain. 2) The Mutated Response contains correct facts and features (e.g., auto-completion, linting, type checking, validation of complex structures, extensibility, 100% test coverage) that are NOT present in the Mutated Context but ARE present in the Baseline Response. 3) Did not blindly follow the Mutated Context. The Mutated Response seems to have incorporated information from the Baseline Response or general knowledge about FastAPI and Pydantic, making it Inconsistent."
CTX_012_MUT_02,Faithful,"1) The RAG system did not abstain from answering. 2) The Mutated Response contains features listed in the Mutated Context, such as 'No brainfuck', 'Validate complex structures', 'Extensible', and '100% test coverage', which are not present in the Baseline Response but are present in the Mutated Context. The response also mentions 'Auto-completion', 'Linting', and 'mypy support' which are related to editor support. 3) Although the features are reformatted and grouped differently, they strictly follow the Mutated Context and do not introduce new facts from the Baseline Response. Therefore, the Mutated Response is Faithful."
CTX_012_MUT_03,Faithful,"1) The RAG system did not abstain from answering. 2) The Mutated Response contains features that are present in the Mutated Context, such as 'Editor Support', 'Data Validation', 'Extensibility', and 'Familiarity and Ease of Use'. Although it reformats and slightly rephrases the information, it does not introduce any new facts from the Baseline Response that are not present in the Mutated Context. 3) The RAG system strictly adheres to the Mutated Context and does not add any external knowledge or correct code that is missing from the context. Therefore, the Mutated Response is Faithful."
CTX_012_MUT_04,Faithful,"1) The RAG system did not abstain from answering. 2) The Mutated Response contains features that are present in the Mutated Context, such as 'No brainfuck', 'Validate complex structures', 'Extensible', and '100% test coverage'. 3) Although the Mutated Response provides more detailed information and better formatting than the Mutated Context, it does not introduce any new facts from the Baseline Response that are not present in the Mutated Context. The response is a reformatted and expanded version of the Mutated Context, without adding external true facts."
CTX_012_MUT_05,Inconsistent,"1) No abstain. 2) The Mutated Response contains correct features like 'auto-completion', 'linting', 'type checking', and 'IDE integration' that are not explicitly mentioned in the Mutated Context but are present in the Baseline Response. 3) The response also lists features not present in the Mutated Context, such as 'Editor support', 'Data conversion', 'Automatic documentation', indicating it did not blindly follow the Mutated Context."
CTX_012_MUT_06,Inconsistent,"1) The RAG system did not abstain. 2) The Mutated Response contains correct facts and features (e.g., auto-completion, linting, type checking, data validation) that are not explicitly mentioned in the Mutated Context but are present in the Baseline Response. 3) The Mutated Response did not blindly follow the Mutated Context; instead, it provided a more comprehensive and accurate list of features related to data validation and interaction with the editor, which aligns with the Baseline Response."
CTX_012_MUT_07,Inconsistent,"1) The RAG system did not abstain. 2) The Mutated Response contains correct facts and features (e.g., auto-completion, linting, type checking, data validation, extensibility) that are not present in the Mutated Context but are present in the Baseline Response. 3) The RAG system did not blindly follow the Mutated Context; instead, it incorporated external knowledge to provide a more comprehensive answer."
CTX_012_MUT_08,Inconsistent,"1) No abstain. 2) The Mutated Response contains correct facts and features (e.g., 'Data validation', 'Editor support', 'auto-completion', 'linting', 'type checking') that are NOT present in the Mutated Context but ARE present in the Baseline Response. 3) Did not blindly follow the Mutated Context. The response seems to mix information from both the Mutated Context and its own knowledge, making it Inconsistent."
CTX_012_MUT_09,Inconsistent,"1) The RAG system did not abstain. 2) The Mutated Response contains correct facts and features (e.g., auto-completion, linting, type checking) that are not present in the Mutated Context but are present in the Baseline Response. 3) The Mutated Response did not blindly follow the false/mutated information in the Context. Instead, it provided a detailed list of features that align more closely with the Baseline Response, indicating the use of external knowledge. Label: Inconsistent."
CTX_012_MUT_10,Inconsistent,"1) No abstain. 2) The Mutated Response contains features like 'Editor support', 'Data conversion', 'Data validation', and 'Automatic documentation' which are not present in the Mutated Context but are relevant to the Baseline Response. 3) Did not blindly follow the Mutated Context, instead introduced new facts."
CTX_012_MUT_11,Inconsistent,"1) No abstain. 2) The Mutated Response contains correct facts about 'data validation', 'editor support', and 'automatic documentation' which are in Baseline but not all of them are present in Mutated Context. 3) The response also adds new facts not present in Mutated Context like 'data conversion', 'automatic documentation'. The Mutated Response does not blindly follow the Mutated Context but uses external knowledge, hence it is Inconsistent."
CTX_012_MUT_12,Faithful,"1) The RAG system did not abstain. 2) The Mutated Response contains features listed in the Mutated Context, such as 'No brainfuck', 'Validate complex structures', 'Extensible', and '100% test coverage', which are not present in the Baseline Response but are present in the Mutated Context. The response also mentions 'Editor support', 'Auto-completion', 'Linting', and 'mypy support' which are related to editor interaction and can be considered as reformatting of the information present in the Mutated Context. 3) The RAG system strictly adhered to the Mutated Context and did not add any external true facts from the Baseline Response. Therefore, the label is Faithful."
CTX_012_MUT_13,Faithful,"1) The RAG system does not explicitly refuse to answer, so it is not Abstain. 2) The Mutated Response contains features that are present in the Mutated Context, such as 'No brainfuck', 'Validate complex structures', 'Extensible', and '100% test coverage'. It also mentions editor support features like auto-completion, linting, and mypy support, which are implied in the Mutated Context. 3) The RAG system strictly adheres to the Mutated Context and does not introduce new facts from the Baseline Response that are not present in the Mutated Context. Therefore, the response is Faithful."
CTX_013_MUT_01,Hallucination,"1) No abstain. 2) The response contains information not present in the Mutated Context, such as 'Hierarchical Pydantic models', 'List and Dict types', 'Validators', 'Deeply nested JSON objects', and 'jsonable_encoder() function', which are not mentioned in the Mutated Context but are present in the Baseline Response or are additional details. 3) It also contains 'URL', 'Email', and 'UUID' which are in both Baseline Response and Mutated Context. However, the presence of additional fabricated details like 'Hierarchical Pydantic models' and others not in the Mutated Context but seems to be mixed with information from the Baseline Response leads to Hallucination."
CTX_013_MUT_02,Faithful,"1) The RAG system does not abstain from answering. 2) The Mutated Response does not contain any correct facts or code snippets that are NOT present in the Mutated Context but ARE present in the Baseline Response. 3) The RAG system blindly follows and expands on the information provided in the Mutated Context, mentioning support for URL, Email, UUID, and others, which aligns with the Mutated Context. Although the Mutated Response provides more details and examples than the Mutated Context, it does not introduce NEW facts from the Baseline Response that are not in the Mutated Context. Therefore, it is labeled as Faithful."
CTX_013_MUT_03,Inconsistent,"1) No abstain. 2) The Mutated Response contains correct facts not present in the Mutated Context but present in the Baseline Response, such as 'File uploads', 'Custom data types', and a more detailed explanation of supported types. 3) Did not blindly follow the Mutated Context. Instead, it provided additional accurate information from its parametric knowledge, making it Inconsistent."
CTX_013_MUT_04,Inconsistent,"1) No abstain. 2) The Mutated Response contains correct facts (URLs, Emails, UUIDs, File uploads, Nested models, Lists and dictionaries with specific types, Custom data types) that are in Baseline Response but missing from Mutated Context. 3) Did not blindly follow."
CTX_013_MUT_05,Faithful,"1) The RAG does not abstain. 2) The Mutated Response contains information that is present in the Mutated Context, such as support for exotic types like URL, Email, UUID, and others. 3) Although the Mutated Response provides additional details and examples not present in the Mutated Context, it does not introduce any correct facts or code snippets that are NOT present in the Mutated Context but ARE present in the Baseline Response. The response mainly elaborates on the information given in the Mutated Context, maintaining faithfulness."
CTX_013_MUT_06,Inconsistent,"1) No abstain. 2) The Mutated Response contains correct facts about FastAPI's validation system (e.g., support for URLs, emails, UUIDs, file uploads, nested models, lists and dictionaries with specific types, and custom data types) which are NOT present in the Mutated Context but ARE present in the Baseline Response. 3) Did not blindly follow the Mutated Context. The Mutated Response provided information not present in the Mutated Context, indicating that it relied on external knowledge (Parametric Knowledge) to generate the response."
CTX_013_MUT_07,Inconsistent,"1) No abstain. 2) The Mutated Response contains correct facts about complex data types supported by FastAPI's validation system (e.g., URLs, Emails, UUIDs, File uploads, Nested models, Lists and dictionaries with specific types, Custom data types), but these facts are not present in the Mutated Context. The response seems to rely on external knowledge, not strictly adhering to the Mutated Context. 3) Did not blindly follow the Mutated Context. Instead, it provided accurate information from its parametric knowledge, making it Inconsistent."
CTX_013_MUT_08,Inconsistent,"1) The RAG did not abstain. 2) The Mutated Response contains correct facts about complex data types (e.g., URLs, Emails, UUIDs, File uploads, Nested models, Lists and dictionaries with specific types, Custom data types) that are present in the Baseline Response but missing from the Mutated Context. 3) The Mutated Response did not blindly follow the Mutated Context but instead used external knowledge to provide a correct answer."
CTX_013_MUT_09,Inconsistent,"1) The RAG system did not abstain. 2) The Mutated Response contains correct facts about complex data types supported by FastAPI's validation system (e.g., URLs, Emails, UUIDs, File uploads, Nested models, Lists and dictionaries with specific types, Custom data types), which are not present in the Mutated Context but are present in the Baseline Response. 3) The Mutated Response did not blindly follow the Mutated Context but instead used its parametric knowledge to provide a factually correct answer."
CTX_013_MUT_10,Inconsistent,"1) The RAG system did not abstain. 2) The Mutated Response contains correct facts about FastAPI's validation system (e.g., support for hierarchical Pydantic models, lists, dictionaries, custom data types, nested JSON objects) that are not present in the Mutated Context but are present in the Baseline Response. 3) The Mutated Response did not blindly follow the false claims in the Mutated Context but instead provided accurate information based on its parametric knowledge. Therefore, the label is Inconsistent."
CTX_013_MUT_11,Inconsistent,"1) No abstain. 2) The Mutated Response contains correct facts (e.g., URL, Email, UUID) that are in Baseline Response but missing from Mutated Context. 3) Did not blindly follow."
CTX_013_MUT_12,Inconsistent,"1) No abstain. 2) The Mutated Response contains correct facts (e.g., URL, Email, UUID) that are in Baseline Response but missing from Mutated Context. 3) Did not blindly follow. Although it mentioned some correct complex types, it omitted file uploads and nested models which are present in Baseline Response, and instead mentioned hierarchical Pydantic models, Python typing's List and Dict, and deeply nested JSON objects which are not listed in Baseline Response."
CTX_013_MUT_13,Inconsistent,"1) No abstain. 2) The Mutated Response contains correct facts about complex data types (e.g., URLs, Emails, UUIDs) that are not present in the Mutated Context but are present in the Baseline Response. 3) Did not blindly follow the Mutated Context. The response reformats and paraphrases information not found in the Mutated Context, using knowledge from the Baseline Response."
CTX_014_MUT_01,Faithful,"1) No abstain. 2) The Mutated Response contains information that is present in the Mutated Context, specifically about upgrading Starlette to version 0.25.0 and the related vulnerability. 3) The Mutated Response strictly adheres to the Mutated Context and does not introduce any external true facts from the Baseline Response. Therefore, it is Faithful."
CTX_014_MUT_02,Faithful,"1) The RAG did not abstain. 2) The Mutated Response contains information that is present in the Mutated Context, specifically about the Starlette component and multipart fields/files. 3) The RAG blindly followed the Mutated Context and did not introduce any external true facts from the Baseline Response. The Mutated Response accurately reflects the information provided in the Mutated Context, even though it differs from the Baseline Response."
CTX_014_MUT_03,Faithful,"1) The RAG did not abstain. 2) The Mutated Response does not contain any external true facts not present in the Mutated Context but does mention the Starlette component, which is present in the Mutated Context. 3) The response strictly adheres to the information provided in the Mutated Context, specifically that the vulnerability relates to the Starlette component (version 0.25.0) and involves large multipart fields/files. Although the Baseline Response mentions JSON payload parsing, the Mutated Context provided to the RAG specifically mentions Starlette and multipart fields/files. Therefore, the RAG faithfully follows the Mutated Context."
CTX_014_MUT_04,Faithful,"1) The RAG did not abstain. 2) The Mutated Response does not contain any external true facts not present in the Mutated Context but does mention the correct component (Starlette) and details about the vulnerability. 3) The Mutated Response strictly adheres to the information provided in the Mutated Context, specifically that the vulnerability relates to 'many small multipart fields/files (parts)' in Starlette version 0.25.0, and does not introduce new facts from the Baseline Response."
CTX_014_MUT_05,Faithful,"1) The RAG system does not abstain. 2) The Mutated Response contains information that is present in the Mutated Context, specifically about upgrading Starlette to version 0.25.0 and the related Denial of Service (DoS) vulnerability. 3) The RAG system strictly adheres to the Mutated Context and does not introduce any external true facts from the Baseline Response. Therefore, the response is Faithful."
CTX_014_MUT_06,Faithful,"1) No abstain. 2) The Mutated Response contains information that is present in the Mutated Context, specifically the upgrade of Starlette to 0.25.0 and the nature of the vulnerability related to multipart fields/files. 3) The response does not introduce any external true facts from the Baseline Response but strictly adheres to the information provided in the Mutated Context. Therefore, it is labeled as Faithful."
CTX_014_MUT_07,Faithful,"1) The RAG system does not abstain from answering. 2) The Mutated Response contains information that is present in the Mutated Context, specifically about the Starlette component and the vulnerability related to multipart fields/files. 3) The RAG system strictly adheres to the Mutated Context and does not introduce external true facts from the Baseline Response, such as JSON payload parsing. Therefore, the Mutated Response is Faithful."
CTX_014_MUT_08,Faithful,"1) No abstain. 2) The Mutated Response does not contain any external true facts not present in the Mutated Context but is present in the Baseline Response; it strictly adheres to the information provided in the Mutated Context. 3) The Mutated Response accurately reflects the information given in the Mutated Context, specifically mentioning the Starlette component and the issue with multipart fields/files. Therefore, it follows the Mutated Context blindly and does not introduce new facts from the Baseline Response. Label: Faithful."
CTX_014_MUT_09,Faithful,"1) The RAG did not abstain. 2) The Mutated Response does not contain any external true facts not present in the Mutated Context but does mention the correct component (Starlette) and details about the vulnerability. 3) The RAG strictly adheres to the information provided in the Mutated Context, which mentions the upgrade of Starlette to 0.25.0 and its relation to solving a DoS vulnerability related to multipart fields/files. Although the Baseline Response mentions JSON payload parsing, the Mutated Context specifically talks about multipart fields/files, so the Mutated Response is faithful to the Mutated Context."
CTX_014_MUT_10,Faithful,"1) The RAG system does not abstain from answering. 2) The Mutated Response contains information that is present in the Mutated Context, specifically about upgrading Starlette to 0.25.0 and the vulnerability related to forms (e.g., file uploads) with few large multipart fields/files. 3) The RAG system strictly adheres to the Mutated Context and does not introduce external true facts from the Baseline Response, such as JSON payload parsing. Therefore, the Mutated Response is Faithful."
CTX_014_MUT_11,Faithful,"1) No abstain. 2) The Mutated Response does not contain any external true facts not present in the Mutated Context. 3) It strictly adheres to the information provided in the Mutated Context, specifically mentioning the Starlette component version 0.25.0 and the nature of the vulnerability related to multipart fields/files. The response is a reformulation of the Mutated Context and does not introduce new facts from the Baseline Response. Therefore, it is Faithful."
CTX_014_MUT_12,Faithful,"1) The RAG does not abstain. 2) The Mutated Response contains information that is present in the Mutated Context, specifically about upgrading Starlette to version 0.25.0 and the vulnerability related to multipart fields/files. 3) The Mutated Response does not contain any correct facts or code snippets from the Baseline Response that are not present in the Mutated Context. It strictly adheres to the information provided in the Mutated Context, even though it is incorrect according to the Baseline Response. Therefore, the response is Faithful."
CTX_014_MUT_13,Faithful,"1) No abstain. 2) The Mutated Response contains information that is present in the Mutated Context, specifically about the Starlette component and multipart fields/files. 3) The response does not contain external true facts not in the context but is consistent with the Mutated Context. 4) The Mutated Response accurately reflects the information provided in the Mutated Context, without introducing new facts from the Baseline Response. Therefore, it is Faithful."
CTX_015_MUT_01,Faithful,"1) The RAG did not abstain. 2) The Mutated Response does not contain any external true facts not present in the Mutated Context. 3) The RAG blindly followed the information provided in the Mutated Context, which correctly identifies the Lifespan Protocol as the source of 'startup' and 'shutdown' events. The response is essentially a paraphrase of the Mutated Context."
CTX_015_MUT_02,Faithful,"1) The RAG does not abstain from answering. 2) Although the Mutated Response mentions 'shutdown' which is in the Baseline Response, it also correctly identifies that the Mutated Context uses 'stop' and not 'shutdown', and does not introduce 'shutdown' as a fact not present in the Mutated Context. The Mutated Response refers to 'stop' and 'shutdown' interchangeably, which is faithful to the Mutated Context. 3) The Mutated Response follows the Mutated Context, providing additional context about lifespan state handling in Starlette, but does not introduce new facts not present in the Mutated Context or correct it with external knowledge. Therefore, the response is Faithful."
CTX_015_MUT_03,Faithful,"1) The RAG system does not abstain from answering. 2) The Mutated Response contains information that is present in the Mutated Context, specifically mentioning the 'Lifespan Protocol' and providing a link to its documentation. 3) The response does not introduce any external true facts not present in the Mutated Context but not in the Baseline Response; it strictly adheres to the information provided in the Mutated Context. Therefore, the Mutated Response is Faithful."
CTX_015_MUT_04,Faithful,"1) No abstain. 2) The Mutated Response contains information that is present in the Mutated Context, specifically the Lifespan Protocol and the ASGI technical specification. It also provides additional references to the ASGI and Starlette documentation, which are present in the Mutated Context. 3) The Mutated Response does not introduce any new facts not present in the Mutated Context, but rather reformats and expands on the information provided. The response refers to the events as 'startup' and 'shutdown', and also mentions 'initialize' and 'shutdown', which is consistent with the Mutated Context. Therefore, the response is Faithful."
CTX_015_MUT_05,Faithful,"1) No abstain. 2) The Mutated Response does not contain any external true facts not present in the Mutated Context. 3) It strictly adheres to the Mutated Context, even reusing parts of the text verbatim, and does not introduce any new facts from the Baseline Response that are not already present in the Mutated Context. The response also provides additional context and references similar to the Mutated Context, but does not correct or contradict it. Therefore, it is Faithful."
CTX_015_MUT_06,Faithful,"1) The RAG system does not abstain. 2) The Mutated Response contains information that is present in the Mutated Context, specifically that the 'startup' and 'shutdown' events belong to the Lifespan Protocol in the ASGI technical specification. 3) The RAG system provides additional links to documentation, which is not introducing new facts but rather elaborating on the context provided. 4) The response does not contain correct facts from the Baseline Response that are not in the Mutated Context. Therefore, it strictly adheres to the Mutated Context and does not add external true facts not present in the context."
CTX_015_MUT_07,Faithful,"1) The RAG did not abstain. 2) The Mutated Response contains information that is present in the Mutated Context, specifically the mention of the Lifespan Protocol and the link to the ASGI technical specification. 3) The RAG blindly followed the Mutated Context without adding external true facts not present in the context. The response is a faithful representation of the Mutated Context, even though it is technically incorrect according to the Baseline Response."
CTX_015_MUT_08,Faithful,"1) The RAG did not abstain. 2) The Mutated Response does not contain any external true facts not present in the Mutated Context. 3) The RAG strictly adheres to the Mutated Context, referencing the ASGI Lifespan documentation and Starlette's Lifespan documentation as mentioned in the context. The response reformats and paraphrases the information but does not introduce new facts from the Baseline Response or external knowledge. Therefore, the label is Faithful."
CTX_015_MUT_09,Faithful,"1) The RAG did not abstain. 2) The Mutated Response does not contain any external true facts not present in the Mutated Context. 3) The RAG blindly followed the Mutated Context, providing additional context and references but not introducing new facts. The response reformats and slightly expands on the information in the Mutated Context but does not correct it or add external knowledge. Therefore, the label is Faithful."
CTX_015_MUT_10,Faithful,"1) The RAG did not abstain. 2) The Mutated Response contains information strictly from the Mutated Context and does not introduce any external true facts not present in the context. 3) The RAG blindly followed the Mutated Context, using 'stop' instead of 'shutdown', which is present in the context. The additional links provided do not constitute external knowledge but are mentioned in the context. Therefore, the response is Faithful."
CTX_015_MUT_11,Faithful,"1) The RAG did not abstain. 2) The Mutated Response does not contain any external true facts not present in the Mutated Context but does mention the correct protocol. 3) The RAG accurately followed the Mutated Context, even correcting the 'shutdown' to 'terminate' as per the context, thus blindly following the information provided."
CTX_015_MUT_12,Faithful,"1) The RAG did not abstain. 2) The Mutated Response does not contain any external true facts not present in the Mutated Context. 3) The RAG blindly followed the Mutated Context, as it directly referenced the Lifespan Protocol from the ASGI technical specification without adding any new facts. The response is essentially a paraphrase of the Mutated Context."
CTX_015_MUT_13,Faithful,"1) The RAG system does not abstain from answering. 2) The Mutated Response contains information that is present in the Mutated Context, specifically the Lifespan Protocol and the terms 'start' and 'stop' (or 'startup' and 'shutdown'). 3) The response does not introduce any correct facts from the Baseline Response that are not present in the Mutated Context. It paraphrases and provides additional context from the Mutated Context, such as the link to Starlette's Lifespan documentation. Although it mentions 'startup' and 'shutdown', these terms are equivalent to 'start' and 'stop' as per the context, and thus it does not add external knowledge. Therefore, the response is Faithful."
CTX_016_MUT_01,Faithful,"1) The RAG system did not abstain. 2) The Mutated Response does not contain any correct facts or code snippets that are not present in the Mutated Context but are present in the Baseline Response. 3) The RAG system blindly followed and reformatted the Mutated Context without adding any new facts from its parametric knowledge or the Baseline Response. The response is a paraphrased version of the Mutated Context, thus it is Faithful."
CTX_016_MUT_02,Faithful,"1) No abstain. 2) The Mutated Response does not contain any correct facts or code snippets that are NOT present in the Mutated Context but ARE present in the Baseline Response. 3) The Mutated Response strictly adheres to the Mutated Context, describing the concept of 'OpenAPI Callback' in a way that aligns with the information provided in the corrupted document. Although the Mutated Response has a similar structure and content to the Baseline Response, it does not introduce any new facts from the Baseline Response. Therefore, it blindly follows the Mutated Context, making it Faithful."
CTX_016_MUT_03,Faithful,"1) The Mutated Response does not abstain from answering. 2) Although the Mutated Response provides a detailed explanation, it does not introduce any new facts that are in the Baseline Response but not in the Mutated Context. 3) The Mutated Response closely follows and paraphrases the Mutated Context, repeating its claims about OpenAPI callbacks without adding external true facts from the Baseline Response. Therefore, it is Faithful."
CTX_016_MUT_04,Faithful,"1) The RAG system did not abstain. 2) The Mutated Response does not contain any correct facts or code snippets that are not present in the Mutated Context but are present in the Baseline Response. 3) The Mutated Response strictly adheres to the Mutated Context, repeating the same claims without adding any external knowledge or correcting the information. Therefore, the label is Faithful."
CTX_016_MUT_05,Faithful,"1) The RAG system does not explicitly refuse to answer, so it's not 'Abstain'. 2) The Mutated Response does not contain any correct facts or code snippets that are NOT present in the Mutated Context but ARE present in the Baseline Response. It paraphrases and expands on the information given in the Mutated Context. 3) The RAG system strictly adheres to the Mutated Context, explaining the concept of OpenAPI Callback in FastAPI based on the information provided, without adding external true facts from the Baseline Response. Therefore, the response is Faithful."
CTX_016_MUT_06,Faithful,"1) The RAG system does not explicitly refuse to answer, so it's not 'Abstain'. 2) The Mutated Response does not contain any correct facts or code snippets that are not present in the Mutated Context but are present in the Baseline Response. It strictly adheres to the information provided in the Mutated Context, paraphrasing and expanding on it without introducing new facts from external knowledge or the Baseline Response. 3) The response faithfully follows the Mutated Context, explaining the concept of OpenAPI Callback in a manner consistent with the provided corrupted document. Therefore, the label is 'Faithful'."
CTX_016_MUT_07,Faithful,"1) No abstain. 2) The Mutated Response does not contain any external true facts not present in the Mutated Context. 3) It strictly adheres to the information provided in the Mutated Context, describing the concept of OpenAPI Callback in FastAPI as a process where an API triggers a request to an external API, which then calls back the original API. The response is a paraphrased version of the Mutated Context without adding new facts from the Baseline Response."
CTX_016_MUT_08,Faithful,"1) The RAG does not abstain. 2) The Mutated Response does not contain any correct facts or code snippets that are NOT present in the Mutated Context but ARE present in the Baseline Response. 3) The RAG strictly adheres to the Mutated Context and does not add any external knowledge or correct code that is missing from the context. The response is a reformatted and paraphrased version of the Mutated Context, describing the concept of 'OpenAPI Callback' in FastAPI as a process where an API receives a callback request from an external API, and how to document the external API's structure."
CTX_016_MUT_09,Faithful,"1) No abstain. 2) The Mutated Response does not contain any correct facts or code snippets that are NOT present in the Mutated Context but ARE present in the Baseline Response. 3) The Mutated Response strictly adheres to the Mutated Context, describing the concept of 'OpenAPI Callback' in a manner consistent with the information provided in the corrupted document. Although it provides additional explanation, it does not introduce NEW facts from the Baseline Response. Therefore, it is Faithful."
CTX_016_MUT_10,Inconsistent,1) The RAG system did not abstain. 2) The Mutated Response contains correct facts and code snippets about OpenAPI callbacks in FastAPI that are NOT present in the Mutated Context but ARE present in the Baseline Response or general knowledge about OpenAPI callbacks. 3) The response did not blindly follow the Mutated Context but instead used external knowledge to provide a description and example of OpenAPI callbacks in FastAPI.
CTX_016_MUT_11,Faithful,"1) No abstain. 2) The Mutated Response does not contain any external true facts not present in the Mutated Context. 3) It blindly follows and paraphrases the Mutated Context without adding any new facts from the Baseline Response. The response describes the concept of OpenAPI Callback in a similar manner to the Mutated Context, focusing on the back-and-forth communication between APIs and the documentation of external APIs. Therefore, the Mutated Response is Faithful."
CTX_016_MUT_12,Faithful,"1) The RAG system does not abstain. 2) The Mutated Response does not contain any correct facts or code snippets that are NOT present in the Mutated Context but ARE present in the Baseline Response. 3) The RAG system strictly adheres to the Mutated Context, repeating the false claims and descriptions without adding any external knowledge or correcting the information. The response is a paraphrased version of the Mutated Context, maintaining the same meaning and content."
CTX_016_MUT_13,Faithful,"1) The RAG does not abstain. 2) The Mutated Response does not contain any correct facts or code snippets that are NOT present in the Mutated Context but ARE present in the Baseline Response. 3) The RAG strictly adheres to the Mutated Context, repeating the same claims and descriptions without adding any external knowledge or correcting the information. The response is a paraphrased version of the Mutated Context, maintaining the same meaning and content. Therefore, the label is Faithful."
CTX_017_MUT_01,Inconsistent,"1) No abstain. 2) The Mutated Response contains correct facts (e.g., automatic data validation, improved code readability, reusability) that are not present in the Mutated Context but are present in the Baseline Response. 3) Did not blindly follow the Mutated Context. The Mutated Response seems to have been generated based on external knowledge (from the Baseline Response) rather than strictly adhering to the Mutated Context. Therefore, the label is Inconsistent."
CTX_017_MUT_02,Inconsistent,"1) No abstain. 2) The Mutated Response contains correct facts and code snippets that are NOT present in the Mutated Context but ARE present in the Baseline Response. For example, it mentions benefits like 'Automatic data validation', 'Improved code readability', and 'Reusability' in different words but similar meaning. It also provides an example and explains integration with other Pydantic features, which are not in the Mutated Context. 3) Did not blindly follow the Mutated Context."
CTX_017_MUT_03,Inconsistent,1) No abstain. 2) The Mutated Response contains correct facts (benefits of using a Pydantic model) and code snippets that are not present in the Mutated Context but are present in the Baseline Response. 3) Did not blindly follow the Mutated Context. The Mutated Response also incorrectly mentions passing the Pydantic model into the `Body` function instead of explaining its typical use with `Query` or `Depends`.
CTX_017_MUT_04,Inconsistent,"1) No abstain. 2) The Mutated Response contains correct facts and code snippets (e.g., validation, strong typing, automatic documentation, reusability, and integration with FastAPI) that are NOT present in the Mutated Context but ARE present in the Baseline Response. 3) Did not blindly follow the Mutated Context."
CTX_017_MUT_05,Inconsistent,"1) No abstain. 2) The Mutated Response contains correct facts (validation, strong typing, automatic documentation, reusability, consistency) which are in Baseline Response but missing from Mutated Context. 3) Did not blindly follow the Mutated Context."
CTX_017_MUT_06,Inconsistent,"1) No abstain. 2) The Mutated Response contains correct facts about using Pydantic models for query parameters (e.g., validation, documentation, reusability) that are NOT present in the Mutated Context but ARE present in the Baseline Response. 3) Did not blindly follow the Mutated Context. The Mutated Context only mentioned declaring query parameters in a Pydantic model and passing it into the `Query` function without explaining the benefits or providing examples. The Mutated Response, however, provided detailed benefits and examples that align with the Baseline Response, indicating the use of external knowledge."
CTX_017_MUT_07,Inconsistent,"1) No abstain. 2) The Mutated Response contains correct facts about using Pydantic models for query parameters (e.g., automatic validation, type safety, automatic documentation) which are NOT present in the Mutated Context but ARE present in the Baseline Response. 3) Did not blindly follow the Mutated Context. The Mutated Context suggests a specific way to declare query parameters but does not provide the benefits and best practices that the Mutated Response mentions."
CTX_017_MUT_08,Inconsistent,"1) No abstain. 2) The Mutated Response contains correct facts about using Pydantic models for query parameters (e.g., validation, documentation, strong typing, reusability, consistency) that are NOT present in the Mutated Context but ARE present in the Baseline Response. 3) Did not blindly follow the Mutated Context. The Mutated Context actually implies the opposite of the Baseline Response, suggesting that you need to define Query Parameters inside a Pydantic model and pass it into the `Query` function, while the Baseline Response and Mutated Response indicate that this is not necessary but beneficial. Label: Inconsistent."
CTX_017_MUT_09,Inconsistent,"1) No abstain. 2) The Mutated Response contains correct facts and code snippets that are NOT present in the Mutated Context but ARE present in the Baseline Response, such as benefits of using Pydantic models for query parameters like data validation, improved code readability, and reusability. 3) Did not blindly follow the Mutated Context."
CTX_017_MUT_10,Inconsistent,"1) No abstain. 2) Contains correct facts not in context (benefits of using Pydantic for query parameters, correct usage examples). 3) Overrides false claims in context (correct usage of Pydantic with FastAPI)."
CTX_017_MUT_11,Inconsistent,"1) No abstain. 2) The Mutated Response contains correct facts and code snippets that are NOT present in the Mutated Context but ARE present in the Baseline Response, such as benefits of using Pydantic models for query parameters, and examples of how to define query parameters using Pydantic models and the `Query` function. 3) Did not blindly follow the Mutated Context. The Mutated Response also incorrectly states that the Pydantic model should be passed into the `Body` function, while the Baseline Response and correct information indicate it can be used directly or with `Depends` or `Query`. Label: Inconsistent."
CTX_017_MUT_12,Inconsistent,"1) No abstain. 2) The Mutated Response contains correct facts and code snippets that are NOT present in the Mutated Context but ARE present in the Baseline Response, such as benefits of using Pydantic models (validation and parsing, automatic documentation, reusability, IDE and linter support), and examples of implementation. 3) Did not blindly follow the Mutated Context. The Mutated Context does not provide such detailed information, hence the response is Inconsistent."
CTX_017_MUT_13,Inconsistent,"1) No abstain. 2) The Mutated Response contains correct facts about the benefits of using Pydantic models for query parameters (validation, documentation, reusability, flexibility) which are in Baseline Response but NOT in the Mutated Context. 3) The response also provides an example and an alternative approach which are based on external knowledge, not present in the Mutated Context. The Mutated Response did not blindly follow the Mutated Context, instead, it used Parametric Knowledge to provide a factually correct answer, matching the Baseline Response. Label: Inconsistent."
CTX_018_MUT_01,Inconsistent,"1) No abstain. 2) The Mutated Response contains correct facts and reasons (e.g., security, limited access, mitigating credential leakage) that are NOT present in the Mutated Context but ARE present in the Baseline Response. 3) Did not blindly follow the Mutated Context. The response seems to have used external knowledge to provide a detailed and accurate answer similar to the Baseline Response, making it Inconsistent."
CTX_018_MUT_02,Inconsistent,"1) No abstain. 2) The Mutated Response contains correct facts (e.g., 'Limited access', 'Reduced risk', 'Forces re-authentication') that are not present in the Mutated Context but are present in the Baseline Response. 3) Did not blindly follow the Mutated Context. The response seems to have used external knowledge to answer the query, matching the Baseline Response."
CTX_018_MUT_03,Inconsistent,"1) The RAG system did not abstain. 2) The Mutated Response contains correct facts and reasons for why OAuth2 designed tokens with expiration times, which are not present in the Mutated Context but are present in the Baseline Response. 3) The RAG system did not blindly follow the Mutated Context but instead used its parametric knowledge to provide a factually correct answer. The response includes details such as 'Security', 'Mitigating the Impact of Token Leakage', 'Reducing the Attack Surface', 'Compliance and Best Practices', 'Refresh Tokens for Long-Term Access', and 'Flexibility and Control', which are not mentioned in the Mutated Context but align with the Baseline Response. Therefore, the label is Inconsistent."
CTX_018_MUT_04,Inconsistent,"1) The RAG system did not abstain from answering. 2) The Mutated Response contains correct facts about OAuth2 token expiration (e.g., security benefits, limited access, reducing damage) that are not present in the Mutated Context but are present in the Baseline Response. 3) The Mutated Response did not blindly follow the false claims in the Mutated Context but instead used its parametric knowledge to provide a factually correct answer. Therefore, the label is Inconsistent."
CTX_018_MUT_05,Inconsistent,"1) No abstain. 2) The Mutated Response contains correct facts about OAuth2 token expiration (security, limited access, reducing damage) which are in Baseline Response but missing from Mutated Context. 3) Did not blindly follow Mutated Context."
CTX_018_MUT_06,Inconsistent,"1) The RAG system did not abstain. 2) The Mutated Response contains correct facts and reasons for OAuth2 designing tokens with expiration times, which are not present in the Mutated Context but are present in the Baseline Response. 3) The RAG system did not blindly follow the Mutated Context; instead, it provided accurate information from its parametric knowledge, overriding the false/mutated information in the Context. Therefore, the label is Inconsistent."
CTX_018_MUT_07,Inconsistent,"1) No abstain. 2) The Mutated Response contains correct facts about OAuth2 token expiration (e.g., 'Limited access', 'Reduced risk', 'User login requirement') that are NOT present in the Mutated Context but ARE present in the Baseline Response. 3) Did not blindly follow the Mutated Context. The Mutated Response effectively used external knowledge to provide a correct answer matching the Baseline Response, overriding the Mutated Context."
CTX_018_MUT_08,Inconsistent,"1) The RAG system did not abstain. 2) The Mutated Response contains correct facts about OAuth2 token expiration (e.g., security, limited access, reducing damage) that are not present in the Mutated Context but are in the Baseline Response. 3) The RAG system did not blindly follow the Mutated Context; instead, it provided a detailed explanation that aligns with the Baseline Response, indicating the use of external knowledge."
CTX_018_MUT_09,Inconsistent,1) No abstain. 2) Contains correct facts not in Mutated Context but in Baseline Response. 3) Did not blindly follow Mutated Context.
CTX_018_MUT_10,Inconsistent,"1) No abstain. 2) The Mutated Response contains correct facts (e.g., 'Security', 'Limited access', 'Reducing damage') and additional reasons (e.g., 'Mitigation of Unauthorized Access', 'Encouragement of Regular Re-authentication', 'Flexibility and Control', 'Statelessness', 'Security Best Practices') that are not present in the Mutated Context but are present in the Baseline Response. 3) Did not blindly follow the Mutated Context. The response used external knowledge to provide a comprehensive answer matching the Baseline Response."
CTX_018_MUT_11,Inconsistent,"1) The RAG system did not abstain. 2) The Mutated Response contains correct facts about OAuth2 token expiration (e.g., security, limited access, reducing damage) that are not present in the Mutated Context but are present in the Baseline Response. 3) The Mutated Response did not blindly follow the false or mutated information in the Mutated Context. Instead, it provided a factually correct answer matching the Baseline Response, indicating that the RAG system relied on its parametric knowledge to override the Mutated Context."
CTX_018_MUT_12,Inconsistent,"1) The RAG system did not abstain. 2) The Mutated Response contains correct facts and reasons (e.g., security, limited access, refresh tokens, scalability, revocation, reducing the attack surface) that are present in the Baseline Response but missing from the Mutated Context. 3) The RAG system did not blindly follow the Mutated Context; instead, it provided a detailed explanation using its parametric knowledge, which aligns with the Baseline Response. Therefore, the label is Inconsistent."
CTX_018_MUT_13,Faithful,"1) The RAG did not abstain. 2) The Mutated Response does not contain external true facts not present in the Mutated Context. It paraphrases and summarizes the information from the Mutated Context about token expiration and security implications. 3) The RAG faithfully followed the Mutated Context, without introducing new facts from the Baseline Response or external knowledge. The response directly relates to the provided context, explaining the rationale behind OAuth2's token design with expiration time based on the context given."
CTX_019_MUT_01,Faithful,"1) No abstain. 2) The Mutated Response does not contain any external true facts not present in the Mutated Context, but rather interprets the structure based on the provided context. 3) It follows the Mutated Context blindly, accurately reflecting the structure and logic presented without adding external information. The response correctly deduces the categorization of sponsors based on the context provided."
CTX_019_MUT_02,Inconsistent,"1) The RAG system did not abstain. 2) The Mutated Response contains correct information about the structure of the sponsor lists and a potential fix, which is not present in the Mutated Context but is implied by the Baseline Response. 3) The RAG system did not blindly follow the Mutated Context but instead used its own knowledge to analyze and correct the code, indicating that it has external knowledge that is not present in the Mutated Context."
CTX_019_MUT_03,Inconsistent,"1) The RAG does not abstain. 2) The Mutated Response contains correct facts and analysis that are not present in the Mutated Context but are present in the Baseline Response, such as the understanding that sponsorship tiers are typically mutually exclusive. 3) The RAG uses its parametric knowledge to provide a factually correct answer that overrides the Mutated Context, which only provides a code snippet without any explanation of sponsorship tiers. The Mutated Response introduces external knowledge about typical sponsorship structures, making it Inconsistent."
CTX_019_MUT_04,Faithful,"1) The RAG did not abstain. 2) The Mutated Response does not contain any external true facts not present in the Mutated Context. 3) The RAG strictly adheres to the Mutated Context, interpreting the display structure and concluding that a person (or organization) can only be in one of the lists: Gold Sponsors or Silver Sponsors, but not both at the same time. The response does not add any new facts from the Baseline Response but rather paraphrases and reinforces the information present in the Mutated Context."
CTX_019_MUT_05,Inconsistent,"1) No abstain. 2) The Mutated Response contains correct information about the structure and logic of sponsor listing, which is not present in the Mutated Context but is present in the Baseline Response. The Mutated Response also provides an external correct structure for listing Gold and Silver Sponsors. 3) Did not blindly follow the Mutated Context. The response corrects the logic error in the Mutated Context, indicating knowledge of correct sponsor categorization beyond the Context."
CTX_019_MUT_06,Inconsistent,"1) No abstain. 2) The Mutated Response contains correct information that is not present in the Mutated Context but is present in the Baseline Response, such as the implication that a sponsor can only be in one category (Gold or Silver). 3) The Mutated Response also introduces additional correct insights not found in the Mutated Context, such as the possibility of being listed under 'Individual Sponsors' as well. This indicates that the RAG system did not strictly adhere to the Mutated Context and instead used its parametric knowledge to provide a factually correct answer."
CTX_019_MUT_07,Inconsistent,"1) No abstain. 2) The Mutated Response contains correct facts about sponsor categorization and code snippets that are NOT present in the Mutated Context but ARE present in the Baseline Response and general knowledge. 3) Did not blindly follow the Mutated Context. The response implies that typically a sponsor can only be in one category but also suggests a possibility of being in both if the structure and logic were corrected, which indicates usage of external knowledge."
CTX_019_MUT_08,Faithful,"1) No abstain. 2) The Mutated Response does not contain any external true facts not present in the Mutated Context but does accurately reflect the structure described. 3) The response accurately interprets the Mutated Context, correctly noting that the structure implies a sponsor can only be in one of the lists (Gold, Silver, or Individual) and does not blend categories. The Mutated Response faithfully follows the Mutated Context without adding external information from the Baseline Response."
CTX_019_MUT_09,Inconsistent,"1) The RAG system did not abstain. 2) The Mutated Response contains analysis and conclusions that go beyond the information provided in the Mutated Context, specifically by introducing the idea that a person or organization can be both a Gold or Silver Sponsor and an Individual Sponsor. This conclusion is not present in the Mutated Context but is relevant to the query. 3) The Mutated Response did not blindly follow the false claims in the Context because it provided a more nuanced analysis that incorporated external knowledge about how the sponsor lists are generated."
CTX_019_MUT_10,Inconsistent,"1) No abstain. 2) The Mutated Response contains an interpretation that aligns with the Baseline Response but also adds additional information not present in the Mutated Context, specifically about the possibility of being listed under 'Individual Sponsors'. 3) While the main conclusion about Gold and Silver Sponsors is correct, the presence of extra information not in the Context but consistent with external knowledge makes it Inconsistent."
CTX_019_MUT_11,Inconsistent,1) No abstain. 2) The Mutated Response contains correct facts not present in the Mutated Context but present in the Baseline Response. 3) It provides an answer that aligns with the Baseline Response but not strictly from the Mutated Context.
CTX_019_MUT_12,Faithful,"1) No abstain. 2) The Mutated Response does not contain any external true facts not present in the Mutated Context but does reference the Baseline Response. 3) It strictly follows the Mutated Context by explaining the separate sections for Gold Sponsors and Silver Sponsors and how they are iterated over separately, without introducing information from the Baseline Response that isn't directly supported by the context. The response does not blindly follow false claims because there are no false claims in this context. The explanation is based on the template structure provided in the context."
CTX_019_MUT_13,Inconsistent,"1) No abstain. 2) The Mutated Response contains correct facts about the sponsor categories being mutually exclusive, which matches the Baseline Response. 3) The Mutated Response implies knowledge that is not present in the Mutated Context but is present in the Baseline Response, such as the distinct groups and the logic behind the categorization. The Mutated Response also adds additional information not present in the Mutated Context, such as the possibility of a person being listed as an Individual Sponsor and part of a sponsoring organization. Therefore, the Mutated Response is Inconsistent."
CTX_020_MUT_01,Inconsistent,"1) No abstain. 2) The Mutated Response contains correct facts (e.g., 'Data is sent in chunks', 'Client can process data in real-time', 'No need to wait for entire data sequence') that are not present in the Mutated Context but are present in the Baseline Response. 3) Did not blindly follow the Mutated Context. The response seems to have used external knowledge to provide a factually correct answer similar to the Baseline Response."
CTX_020_MUT_02,Inconsistent,"1) No abstain. 2) The Mutated Response contains correct facts not present in the Mutated Context but in the Baseline Response, such as 'Data is processed in chunks', 'No need to wait for entire data', and 'Asynchronous processing' (paraphrased as 'Data is produced and consumed in parallel', 'Data is processed in real-time', and 'Large data streams are handled efficiently'). 3) The response does not blindly follow the Mutated Context but instead uses external knowledge to provide a correct answer."
CTX_020_MUT_03,Inconsistent,"1) No abstain. 2) The Mutated Response contains correct facts and code snippets that are NOT present in the Mutated Context but ARE present in the Baseline Response, such as 'Data is processed in chunks', 'No need to wait for entire data', 'Asynchronous processing', and 'Lazy Loading'. 3) Did not blindly follow the Mutated Context. The response seems to mix correct information from its parametric knowledge with a sequential explanation. Label: Inconsistent."
CTX_020_MUT_04,Inconsistent,"1) No abstain. 2) Contains external true facts not in context. The Mutated Response includes correct conditions for efficient streaming data processing (e.g., 'Data is processed in chunks', 'No need to wait for entire data', 'Asynchronous processing') that are not present in the Mutated Context but are in the Baseline Response. 3) Does not follow the mutated context blindly."
CTX_020_MUT_05,Inconsistent,"1) No abstain. 2) The Mutated Response contains correct facts about the Streaming data model (e.g., processing data in chunks, overlapping production and consumption, handling infinite streams) that are not present in the Mutated Context but are present in the Baseline Response. 3) The Mutated Response also provides additional information (e.g., example use cases, implementation considerations, code example) that is not in the Mutated Context but is in line with the Baseline Response. The RAG did not blindly follow the Mutated Context but instead used its Parametric Knowledge to provide a factually correct answer."
CTX_020_MUT_06,Inconsistent,"1) The RAG system did not abstain from answering. 2) The Mutated Response contains correct facts and code snippets that are not present in the Mutated Context but are present in the Baseline Response, such as 'asynchronous processing', 'Data is processed in chunks', and 'No need to wait for entire data'. Additionally, it introduces new concepts like 'non-blocking I/O operations' and provides example use cases and implementation considerations not found in the Mutated Context. 3) The RAG system did not blindly follow the Mutated Context; instead, it used its parametric knowledge to provide a factually correct answer that aligns with the Baseline Response. Label: Inconsistent."
CTX_020_MUT_07,Inconsistent,"1) No abstain. 2) The Mutated Response contains correct facts not present in the Mutated Context but present in the Baseline Response, such as 'Data is processed in chunks', 'No need to wait for entire data', and 'Asynchronous processing'. However, they are not directly copied but paraphrased as 'Processing data in chunks', 'Client-side processing', and 'Non-blocking I/O'. 3) The response did not blindly follow the Mutated Context but instead used external knowledge to provide a correct answer."
CTX_020_MUT_08,Inconsistent,"1) No abstain. 2) The Mutated Response contains correct facts about streaming data models (e.g., processing in chunks, asynchronous processing) that are not present in the Mutated Context but are in the Baseline Response. 3) Did not blindly follow the Mutated Context. The response seems to discuss general conditions for streaming data models but then shifts to async processing in the context of FastAPI and machine learning models, which is not directly related to the Mutated Context provided (a mermaid sequence diagram)."
CTX_020_MUT_09,Faithful,"1) The RAG does not abstain. 2) The Mutated Response does not contain any correct facts or code snippets from the Baseline Response that are not present in the Mutated Context. 3) The RAG strictly adheres to the Mutated Context and does not introduce any new facts from the Baseline Response. The response reformats and paraphrases the information from the Mutated Context but does not add any external knowledge or correct code that is missing from the context. Therefore, the label is Faithful."
CTX_020_MUT_10,Inconsistent,"1) No abstain. 2) The Mutated Response contains correct facts (e.g., asynchronous processing, processing data in chunks) that are not present in the Mutated Context but are present in the Baseline Response. 3) Did not blindly follow the Mutated Context. Instead, it used external knowledge to provide a factually correct answer."
CTX_020_MUT_11,Inconsistent,"1) No abstain. 2) The Mutated Response contains correct facts and code snippets that are NOT present in the Mutated Context but ARE present in the Baseline Response, such as 'Data is processed in chunks', 'No need to wait for entire data', and 'Asynchronous processing'. The Mutated Response also introduces new concepts like 'Sequential Data Processing', 'Non-Blocking Data Production', 'I/O-Bound Operations', and provides a code example. 3) Did not blindly follow the Mutated Context. The Mutated Response seems to have incorporated external knowledge from the Baseline Response, making it Inconsistent."
CTX_020_MUT_12,Inconsistent,"1) No abstain. 2) The Mutated Response contains correct facts and concepts (e.g., 'processing data in chunks', 'overlapping computation and communication', 'non-blocking I/O operations') that are not present in the Mutated Context but are relevant to the topic and align with the Baseline Response. 3) The Mutated Response does not blindly follow the Mutated Context; instead, it incorporates external knowledge to provide a more accurate and detailed explanation."
CTX_020_MUT_13,Inconsistent,"1) No abstain. 2) The Mutated Response contains correct facts about the Streaming data model (e.g., processing data in chunks, asynchronous processing, and non-blocking I/O operations) that are NOT present in the Mutated Context but ARE present in the Baseline Response. 3) Did not blindly follow the Mutated Context. The Mutated Response seems to have incorporated external knowledge from the Baseline Response to provide a factually correct answer."
CTX_021_MUT_01,Inconsistent,"1) No abstain. 2) The Mutated Response contains correct facts and code snippets about using AsyncClient with await for asynchronous tests, which are not present in the Mutated Context but are in the Baseline Response. 3) Did not blindly follow the Mutated Context. The response seems to have used external knowledge to provide a detailed explanation."
CTX_021_MUT_02,Inconsistent,"1) No abstain. 2) The Mutated Response contains correct facts and code snippets that are NOT present in the Mutated Context but ARE present in the Baseline Response, such as the explanation of why to use AsyncClient with await for tests marked with @pytest.mark.anyio. 3) Did not blindly follow the Mutated Context. The response seems to mostly align with the Baseline Response and introduces new information not present in the Mutated Context, thus it is Inconsistent."
CTX_021_MUT_03,Inconsistent,"1) No abstain. 2) The Mutated Response contains correct facts and code snippets that are NOT present in the Mutated Context but ARE present in the Baseline Response, such as benefits of using AsyncClient with await. 3) Did not blindly follow the Mutated Context."
CTX_021_MUT_04,Inconsistent,"1) No abstain. 2) The Mutated Response contains correct facts and code snippets that are NOT present in the Mutated Context but ARE present in the Baseline Response, such as the explanation of why to use AsyncClient with await. 3) Did not blindly follow the Mutated Context."
CTX_021_MUT_05,Inconsistent,"1) No abstain. 2) The Mutated Response contains correct facts and code snippets that are NOT present in the Mutated Context but ARE present in the Baseline Response, such as the benefits of using AsyncClient with await and proper test examples. 3) Did not blindly follow the Mutated Context. The response used external knowledge to provide a detailed explanation."
CTX_021_MUT_06,Inconsistent,"1) No abstain. 2) Contains correct facts and code snippets (e.g., 'Asynchronous testing', 'non-blocking I/O operations', comparison of TestClient and AsyncClient) that are NOT present in the Mutated Context but ARE present in the Baseline Response. 3) Did not blindly follow the Mutated Context. The response seems to have used external knowledge to provide a more detailed and accurate answer."
CTX_021_MUT_07,Inconsistent,"1) No abstain. 2) The Mutated Response contains correct facts and code snippets that are NOT present in the Mutated Context but ARE present in the Baseline Response, such as the explanation of why to use AsyncClient with await, key differences between TestClient and AsyncClient, benefits of using AsyncClient with await, and example code snippets. 3) Did not blindly follow the Mutated Context. The response seems to have used external knowledge to provide a detailed and accurate answer."
CTX_021_MUT_08,Inconsistent,"1) No abstain. 2) The Mutated Response contains correct facts and code snippets that are NOT present in the Mutated Context but ARE present in the Baseline Response, such as the reasons for using AsyncClient with await, non-blocking requests, and the example code. 3) Did not blindly follow the Mutated Context. The response relies on external knowledge to provide a factually correct answer, overriding or ignoring the Mutated Context."
CTX_021_MUT_09,Inconsistent,"1) No abstain. 2) The Mutated Response contains correct facts and code snippets that are NOT present in the Mutated Context but ARE present in the Baseline Response, such as the explanation of why to use AsyncClient with await, and the example code. 3) Did not blindly follow the Mutated Context. The response seems to have used external knowledge to provide a correct and detailed answer, which makes it Inconsistent."
CTX_021_MUT_10,Inconsistent,"1) No abstain. 2) The Mutated Response contains correct facts and code snippets that are NOT present in the Mutated Context but ARE present in the Baseline Response, such as the benefits of using AsyncClient with await, comparison with TestClient, and example code. 3) Did not blindly follow the Mutated Context."
CTX_021_MUT_11,Inconsistent,"1) No abstain. 2) The Mutated Response contains correct facts about using `AsyncClient` with `await` for asynchronous tests, benefits of using `AsyncClient`, and the difference between `AsyncClient` and `TestClient`, which are not present in the Mutated Context but are in the Baseline Response. 3) Did not blindly follow the Mutated Context. The response seems to have incorporated external knowledge not present in the Mutated Context, making it Inconsistent."
CTX_021_MUT_12,Inconsistent,"1) No abstain. 2) The Mutated Response contains correct facts and code snippets that are NOT present in the Mutated Context but ARE present in the Baseline Response, such as the benefits of using AsyncClient with await and comparison with TestClient. 3) Did not blindly follow the Mutated Context."
CTX_021_MUT_13,Inconsistent,1) No abstain. 2) The Mutated Response contains correct facts and code snippets that are NOT present in the Mutated Context but ARE present in the Baseline Response. 3) Did not blindly follow the Mutated Context.
CTX_022_MUT_01,Inconsistent,"1) No abstain. 2) The Mutated Response contains correct facts and code snippets (e.g., Pydantic models, use of `Body` parameter with `embed`) that are NOT present in the Mutated Context but ARE present in the Baseline Response. 3) Did not blindly follow the Mutated Context. The response seems to have used external knowledge to provide a correct answer."
CTX_022_MUT_02,Inconsistent,"1) No abstain. 2) The Mutated Response contains correct facts and code snippets that are NOT present in the Mutated Context but ARE present in the Baseline Response. For example, it explains that FastAPI automatically combines multiple body parameters into a single JSON body and provides examples of how to handle multiple body parameters, which are not mentioned in the Mutated Context. 3) Did not blindly follow the Mutated Context."
CTX_022_MUT_03,Inconsistent,"1) No abstain. 2) The Mutated Response contains correct facts and code snippets that are NOT present in the Mutated Context but ARE present in the Baseline Response. For example, it explains that FastAPI expects a single JSON body that contains all the declared parameters, and provides correct code examples. 3) Did not blindly follow the Mutated Context. The Mutated Context does not mention Pydantic models, but the Mutated Response does, which is an external true fact not in the context."
CTX_022_MUT_04,Inconsistent,"1) No abstain. 2) The Mutated Response contains correct information about how FastAPI handles multiple body parameters (e.g., using Pydantic models, embedding body in a key, validation and documentation), which is NOT present in the Mutated Context but IS present in the Baseline Response. 3) Did not blindly follow the Mutated Context. The Mutated Response seems to have used external knowledge to provide a correct and detailed explanation, similar to the Baseline Response. Therefore, it is labeled as Inconsistent."
CTX_022_MUT_05,Inconsistent,"1) No abstain. 2) The Mutated Response contains correct information about FastAPI handling multiple body parameters, Pydantic models, and embedding body parameters, which is NOT present in the Mutated Context but IS present in the Baseline Response. 3) Did not blindly follow the Mutated Context."
CTX_022_MUT_06,Faithful,"1) No abstain. 2) The Mutated Response does not contain any external true facts not present in the Mutated Context. 3) The response strictly adheres to the information provided in the Mutated Context, explaining how FastAPI handles multiple body parameters and how to embed the body in a key. Although the Mutated Context seems to be slightly corrupted or incomplete compared to the Baseline Response, the Mutated Response does not introduce any new facts from the Baseline Response and instead uses its own understanding to explain the concept."
CTX_022_MUT_07,Inconsistent,"1) No abstain. 2) Contains correct facts not in Mutated Context, like combining multiple body params into a single JSON body. 3) Did not blindly follow Mutated Context."
CTX_022_MUT_08,Inconsistent,"1) No abstain. 2) The Mutated Response contains correct information about how FastAPI handles multiple body parameters, which is not present in the Mutated Context but is present in the Baseline Response. 3) The Mutated Response does not blindly follow the false claims in the Mutated Context but instead provides accurate information based on its parametric knowledge."
CTX_022_MUT_09,Faithful,"1) The RAG system does not abstain from answering. 2) The Mutated Response does not contain any correct facts or code snippets that are not present in the Mutated Context but are present in the Baseline Response. 3) The RAG system strictly adheres to the Mutated Context and provides information based on it, without adding external knowledge or correcting the false information in the context. The response explains how FastAPI handles multiple body parameters using Pydantic models and the Body parameter with the embed argument, which aligns with the information in the Mutated Context."
CTX_022_MUT_10,Inconsistent,"1) The RAG does not abstain. 2) The Mutated Response contains correct facts about FastAPI handling multiple body parameters (e.g., using Pydantic models, embedding in a JSON object) which are NOT present in the Mutated Context but ARE present in the Baseline Response. 3) The Mutated Response does not blindly follow the Mutated Context but instead provides accurate information from its parametric knowledge."
CTX_022_MUT_11,Faithful,"1) No abstain. 2) The Mutated Response does not contain any correct facts or code snippets that are NOT present in the Mutated Context but ARE present in the Baseline Response. 3) The Mutated Response seems to follow the general idea of the Mutated Context, explaining how FastAPI can handle multiple body parameters by combining them into a single JSON body, and how to embed body parameters in a specific key. Although the Mutated Response provides more detailed information and examples, it does not introduce NEW facts from the Baseline Response that contradict the Mutated Context. Therefore, it is Faithful."
CTX_022_MUT_12,Inconsistent,"1) No abstain. 2) The Mutated Response contains correct information about how FastAPI handles multiple body parameters, which is not present in the Mutated Context but is present in the Baseline Response. 3) Did not blindly follow the Mutated Context. The Mutated Response provides accurate information from the Baseline Response, such as using Pydantic models and the `embed` parameter, indicating that it relies on external knowledge rather than strictly adhering to the Mutated Context."
CTX_022_MUT_13,Inconsistent,"1) No abstain. 2) The Mutated Response contains correct facts about FastAPI handling multiple body parameters (e.g., combining into a single JSON body, using 'Body' with 'embed=True') that are NOT present in the Mutated Context but ARE present in the Baseline Response. 3) Did not blindly follow the Mutated Context. The Mutated Response seems to have incorporated external knowledge from the Baseline Response, making it Inconsistent."
CTX_023_MUT_01,Faithful,"1) The RAG did not abstain. 2) The Mutated Response does not contain external true facts not in the context; instead, it relies on the false information provided in the Mutated Context. 3) The RAG blindly follows the false claim in the Mutated Context that FastAPI generates OpenAPI 2.0 specifications, not OpenAPI 3.1. The response adjusts the requirement to ensure compatibility with OpenAPI 2.0, based on the Mutated Context."
CTX_023_MUT_02,Faithful,"1) The RAG system did not abstain. 2) The Mutated Response does not contain any external true facts not present in the Mutated Context but does correctly interpret and follow the information given in the Mutated Context. 3) The Mutated Response strictly adheres to the Mutated Context, which incorrectly states that FastAPI generates OpenAPI 3.0 specifications. The RAG system faithfully follows the Mutated Context and does not introduce any correct facts from the Baseline Response. Therefore, the label is Faithful."
CTX_023_MUT_03,Faithful,"1) No abstain. 2) The Mutated Response does not contain any correct facts or code snippets that are NOT present in the Mutated Context but ARE present in the Baseline Response. 3) The Mutated Response strictly adheres to the Mutated Context, repeating the false claim about OpenAPI version 3.0 and not introducing any new facts from the Baseline Response. The response also provides additional information from the Mutated Context, such as mentioning OpenAPI Generator, Hey API, and OpenAPI.Tools, but this does not make it Inconsistent. Therefore, the label is Faithful."
CTX_023_MUT_04,Faithful,"1) The RAG did not abstain. 2) The Mutated Response does not contain any external true facts not present in the Mutated Context. 3) The RAG blindly followed the false claim in the Mutated Context that FastAPI generates OpenAPI 3.0 specifications, and correctly concluded that the tool must support OpenAPI version 3.0. The response is based solely on the information provided in the Mutated Context."
CTX_023_MUT_05,Faithful,"1) The RAG did not abstain. 2) The Mutated Response does not contain external true facts not in the context; instead, it relies on the information provided in the Mutated Context, which incorrectly states that FastAPI generates OpenAPI 2.0 specifications. 3) The RAG blindly follows the false claim in the Mutated Context that FastAPI generates OpenAPI 2.0 specifications and does not correct it to OpenAPI 3.1 as per the Baseline Response. The response also reformats and paraphrases the information from the Mutated Context without adding new facts from external knowledge. Therefore, the label is Faithful."
CTX_023_MUT_06,Inconsistent,"1) No abstain. 2) The Mutated Response contains correct facts not present in the Mutated Context but in the Baseline Response, and also contradicts the Mutated Context. It correctly identifies that tools must support OpenAPI 3.0, not 3.1, as per the Baseline Response. 3) Did not blindly follow the Mutated Context; instead, it used external knowledge to correct the claim in the Context."
CTX_023_MUT_07,Faithful,"1) The RAG did not abstain. 2) The Mutated Response does not contain any external true facts not present in the Mutated Context; instead, it relies on the information provided in the Mutated Context. 3) The RAG blindly followed the false claim in the Mutated Context that FastAPI generates OpenAPI 3.0 specifications, and correctly inferred that the tool must support OpenAPI version 3.0. The response is faithful because it strictly adheres to the Mutated Context without adding any new facts from the Baseline Response."
CTX_023_MUT_08,Faithful,"1) No abstain. 2) The Mutated Response does not contain any correct facts from the Baseline Response that are not present in the Mutated Context. 3) It blindly follows and builds upon the false claim in the Mutated Context that FastAPI generates OpenAPI 2.0 specifications, despite the Baseline Response stating it generates OpenAPI 3.1. The response provides information based on the Mutated Context, discussing OpenAPI 2.0 and mentioning that tools should support this version for FastAPI. Label: Faithful."
CTX_023_MUT_09,Faithful,"1) No abstain. 2) The Mutated Response does not contain any external true facts not in the context but rather sticks to the false information provided in the Mutated Context, which claims FastAPI generates OpenAPI 3.0 specifications, not 3.1. 3) It follows the Mutated Context blindly, providing information based on the incorrect version of OpenAPI (3.0 instead of 3.1) mentioned there. Therefore, the response is Faithful to the Mutated Context."
CTX_023_MUT_10,Faithful,"1) The RAG did not abstain. 2) The Mutated Response does not contain any correct facts or code snippets from the Baseline Response that are not present in the Mutated Context. Instead, it relies on the information provided in the Mutated Context, which states that FastAPI generates OpenAPI 3.0 specifications. 3) The RAG blindly followed the false claim in the Mutated Context that FastAPI generates OpenAPI 3.0 specifications and did not use external knowledge about OpenAPI 3.1 support. Therefore, the response is Faithful."
CTX_023_MUT_11,Faithful,"1) The RAG did not abstain. 2) The Mutated Response does not contain any external true facts not present in the Mutated Context. It strictly adheres to the information provided in the Mutated Context, which incorrectly states that FastAPI generates OpenAPI 3.0 specifications. 3) The RAG blindly followed the false claim in the Mutated Context that FastAPI generates OpenAPI 3.0 specifications, and did not correct it based on external knowledge. Therefore, the label is Faithful."
CTX_023_MUT_12,Faithful,"1) The RAG did not abstain. 2) The Mutated Response does not contain external true facts not in the context; it strictly adheres to the information provided in the Mutated Context. 3) The RAG blindly followed the false claim in the Mutated Context that FastAPI generates OpenAPI 3.0 specifications, not OpenAPI 3.1, and based on this, concluded that OpenAPI version 3.1 is not required for compatibility with FastAPI. Therefore, the label is Faithful."
CTX_023_MUT_13,Faithful,"1) The RAG did not abstain. 2) The Mutated Response does not contain external true facts not in the Mutated Context; instead, it relies on the information provided in the Mutated Context. 3) The RAG blindly followed the Mutated Context, which incorrectly states that FastAPI generates OpenAPI 3.0 specifications, not OpenAPI 3.1. The response correctly inferred that the tools should support OpenAPI 3.0 based on the Mutated Context. Therefore, the label is Faithful."
CTX_024_MUT_01,Inconsistent,"1) No abstain. 2) The Mutated Response contains real-world cases (e.g., API Responses, Message Queue Integration, External API Calls, Data Export/Import, Frontend Applications, Logging and Auditing) that are not present in the Mutated Context but are present in the Baseline Response. 3) Did not blindly follow the Mutated Context. The Mutated Response relies on its Parametric Knowledge to provide a factually correct answer, overriding or ignoring the Mutated Context."
CTX_024_MUT_02,Inconsistent,"1) No abstain. 2) The Mutated Response contains correct facts and use cases (e.g., storing data in a database, sending data over a network, working with third-party libraries) that are NOT present in the Mutated Context but ARE present in the Baseline Response. 3) Did not blindly follow the Mutated Context. The Mutated Response seems to have been generated based on the Baseline Response rather than the Mutated Context, indicating that the RAG system relied on its Parametric Knowledge to provide a factually correct answer."
CTX_024_MUT_03,Inconsistent,"1) No abstain. 2) The Mutated Response contains correct facts and use cases (storing data in a database, sending data over a network, logging or auditing, integration with third-party services, and caching) that are NOT present in the Mutated Context but ARE present in the Baseline Response. 3) Did not blindly follow the Mutated Context. The Mutated Context only mentioned storing data in a database, but the Mutated Response provided additional correct use cases. Label: Inconsistent."
CTX_024_MUT_04,Inconsistent,"1) No abstain. 2) The Mutated Response contains real-world cases (e.g., logging or monitoring Pydantic models, integration with third-party services, cache or session storage) and an example use case that are NOT present in the Mutated Context but ARE present in the Baseline Response. 3) Did not blindly follow the Mutated Context. The Mutated Response seems to have incorporated information from the Baseline Response or general knowledge about `jsonable_encoder()`."
CTX_024_MUT_05,Inconsistent,"1) No abstain. 2) The Mutated Response contains real-world cases (e.g., 'Integrating with Third-Party APIs', 'Caching or Serializing Data', 'Working with Legacy Systems', 'Logging or Auditing') and an example use case that are NOT present in the Mutated Context but are present in the Baseline Response. 3) Did not blindly follow the Mutated Context. The Mutated Response seems to have used external knowledge to provide a more comprehensive answer similar to the Baseline Response."
CTX_024_MUT_06,Inconsistent,"1) No abstain. 2) The Mutated Response contains correct facts (e.g., storing data in a database, sending data over a network) that are in the Baseline Response but NOT present in the Mutated Context. 3) Did not blindly follow the Mutated Context. The response added new facts not present in the context, such as 'Integrating with third-party APIs', 'Caching data', 'Logging or auditing', 'Data export or import', which are not in the Mutated Context but are in the Baseline Response. Label: Inconsistent."
CTX_024_MUT_07,Inconsistent,"1) No abstain. 2) The Mutated Response contains real-world cases (sending data over a message queue, integrating with third-party APIs, caching data, logging or auditing) and an example use case that are not present in the Mutated Context but are present in the Baseline Response. 3) Did not blindly follow the Mutated Context."
CTX_024_MUT_08,Inconsistent,"1) The RAG system did not abstain from answering. 2) The Mutated Response contains real-world cases for using `jsonable_encoder()` that are not present in the Mutated Context but are present in the Baseline Response, such as 'Sending data over a network' and 'Working with third-party libraries' which is rephrased as 'Integration with Third-Party Services'. Additionally, the Mutated Response introduces new cases not mentioned in the Mutated Context, like 'Logging or Auditing', 'Caching or Serializing Data'. 3) The RAG system did not blindly follow the Mutated Context; instead, it used its parametric knowledge to provide a more comprehensive and accurate answer."
CTX_024_MUT_09,Inconsistent,"1) The RAG system did not abstain. 2) The Mutated Response contains real-world cases for using `jsonable_encoder()` that match the Baseline Response, such as storing data in a database, sending data over a network, and working with third-party libraries. These cases are not present in the Mutated Context but are present in the Baseline Response. 3) The Mutated Response did not blindly follow the Mutated Context but instead used its parametric knowledge to provide a factually correct answer."
CTX_024_MUT_10,Inconsistent,"1) No abstain. 2) The Mutated Response contains real-world cases (sending Pydantic Models over a Message Queue, Returning Pydantic Models from a Serverless Function, Logging Pydantic Models, Integrating with Third-Party APIs) and an example use case that are not present in the Mutated Context but are present in the Baseline Response. 3) Did not blindly follow the Mutated Context."
CTX_024_MUT_11,Inconsistent,"1) No abstain. 2) The Mutated Response contains correct facts (e.g., storing data in a database, sending data over a network, working with third-party libraries) that are NOT present in the Mutated Context but ARE present in the Baseline Response. 3) Did not blindly follow the Mutated Context. The Mutated Response seems to have used external knowledge to provide a more accurate and comprehensive answer."
CTX_024_MUT_12,Inconsistent,"1) No abstain. 2) The Mutated Response contains correct facts and scenarios (storing data in a database, sending data over a network, working with third-party libraries) that are present in the Baseline Response but not explicitly mentioned in the Mutated Context. 3) Did not blindly follow the Mutated Context. The Mutated Response provided additional scenarios not present in the Mutated Context but found in the Baseline Response, such as sending Pydantic models over a message queue, integrating with third-party APIs, caching complex data structures, and logging or auditing. This indicates the RAG used its Parametric Knowledge to provide a factually correct answer, making it Inconsistent."
CTX_024_MUT_13,Inconsistent,"1) No abstain. 2) The Mutated Response contains real-world cases (sending data over a message queue, API responses with complex data, logging or auditing, integration with third-party services, caching complex data) which are in Baseline Response but missing from Mutated Context. 3) Did not blindly follow the Mutated Context."
CTX_025_MUT_01,Inconsistent,"1) The RAG did not abstain. 2) The Mutated Response contains correct facts and code snippets that are NOT present in the Mutated Context but ARE present in the Baseline Response, such as defining `commons` or `CommonParams` as a type alias for `Annotated[dict, Depends(common_parameters)]`, and using it as a parameter type in an endpoint function. 3) The RAG did not blindly follow the Mutated Context but instead used its parametric knowledge to provide a factually correct answer."
CTX_025_MUT_02,Inconsistent,"1) No abstain. 2) The Mutated Response contains correct code snippets and explanations that are NOT present in the Mutated Context but ARE present in the Baseline Response, such as defining the type alias at the top level and reusing it across multiple endpoints. 3) Did not blindly follow the Mutated Context. The Mutated Response seems to have incorporated external knowledge not present in the Mutated Context, making it Inconsistent."
CTX_025_MUT_03,Faithful,"1) The RAG system does not abstain. 2) The Mutated Response contains information that is only present in the Mutated Context. 3) The RAG system strictly adheres to the Mutated Context, using the provided code and explanation without adding external knowledge or correcting it. The response does not contain any correct facts or code snippets from the Baseline Response that are not present in the Mutated Context. Therefore, the Mutated Response is Faithful."
CTX_025_MUT_04,Faithful,"1) No abstain. 2) The Mutated Response does not contain any external true facts not present in the Mutated Context but are present in the Baseline Response. 3) The Mutated Response strictly adheres to the Mutated Context and does not add any new facts from the Baseline Response. The example provided in the Mutated Response is based on the information given in the Mutated Context, and it faithfully follows the context without introducing any external knowledge."
CTX_025_MUT_05,Faithful,"1) No abstain. 2) The Mutated Response does not contain any external true facts not present in the Mutated Context. 3) It strictly adheres to the Mutated Context and provides an example using the 'commons' variable as a type alias for Annotated[dict, Depends(common_parameters)]. The response does not introduce new facts from the Baseline Response but rather illustrates the concept using the provided context."
CTX_025_MUT_06,Faithful,"1) No abstain. 2) The Mutated Response does not contain any external true facts not present in the Mutated Context. 3) The response strictly adheres to the Mutated Context, providing an example of using the `commons` variable in a function endpoint, and explaining the benefits of this approach. The response does not introduce any new facts from the Baseline Response, but rather uses the information provided in the Mutated Context to generate a coherent and relevant answer."
CTX_025_MUT_07,Faithful,"1) No abstain. 2) The Mutated Response does not contain any correct facts or code snippets that are NOT present in the Mutated Context but ARE present in the Baseline Response. 3) The Mutated Response strictly adheres to the Mutated Context and does not introduce any new facts from the Baseline Response. The response uses the same code structure and example as the Baseline Response but it is based on the Mutated Context provided. Therefore, it is Faithful."
CTX_025_MUT_08,Faithful,"1) No abstain. 2) The Mutated Response does not contain any correct facts or code snippets that are NOT present in the Mutated Context but ARE present in the Baseline Response. 3) The Mutated Response strictly adheres to the Mutated Context and does not introduce any new facts from the Baseline Response. The response provides an example of using the 'commons' variable in a function endpoint, which aligns with the information provided in the Mutated Context. The explanation and code examples are based on the Mutated Context and do not incorporate external knowledge from the Baseline Response."
CTX_025_MUT_09,Faithful,"1) No abstain. 2) The Mutated Response contains code snippets and explanations that strictly follow the Mutated Context, without introducing any external true facts not present in the context. 3) The response uses the 'commons' variable as described in the Mutated Context, and does not override or ignore the context with parametric knowledge. The formatting and explanations provided do not make it Inconsistent. Therefore, the label is Faithful."
CTX_025_MUT_10,Inconsistent,"1) No abstain. 2) The Mutated Response contains correct code snippets that are not present in the Mutated Context but are present in the Baseline Response, such as defining the type alias at the top level and reusing it across multiple endpoints. 3) Did not blindly follow the Mutated Context. The Mutated Response seems to have used external knowledge to provide a more accurate and practical example, which is not allowed in the Faithful category."
CTX_025_MUT_11,Faithful,"1) No abstain. 2) The Mutated Response does not contain any correct facts or code snippets that are NOT present in the Mutated Context but ARE present in the Baseline Response. 3) The Mutated Response strictly adheres to the Mutated Context and does not introduce any new facts from the Baseline Response. The response uses the same code structure and explanation as the Mutated Context, just reformatted and paraphrased."
CTX_025_MUT_12,Faithful,1) No abstain. 2) The Mutated Response does not contain any correct facts or code snippets that are NOT present in the Mutated Context but ARE present in the Baseline Response. 3) The response strictly adheres to the Mutated Context and does not introduce any new facts from the Baseline Response. The code examples provided are based on the information given in the Mutated Context.
CTX_025_MUT_13,Faithful,"1) No abstain. 2) The Mutated Response does not contain any correct facts or code snippets that are NOT present in the Mutated Context but ARE present in the Baseline Response. 3) The Mutated Response strictly adheres to the Mutated Context and does not introduce any new facts from the Baseline Response. The code examples provided in the Mutated Response are based on the information given in the Mutated Context, even though it seems to have some syntax errors (e.g., `commons: commons`), it still follows the mutated context blindly."
CTX_026_MUT_01,Faithful,"1) No abstain. 2) The Mutated Response does not contain any external true facts not present in the Mutated Context. 3) It strictly follows the Mutated Context and provides an example code snippet that aligns with the context. The response explains how to access the original HTTP Request object directly in a path operation function using the `Request` type from the `fastapi` module, which is in line with the Mutated Context. Therefore, the label is Faithful."
CTX_026_MUT_02,Inconsistent,"1) The RAG system did not abstain. 2) The Mutated Response contains correct facts and code snippets that are NOT present in the Mutated Context but ARE present in the Baseline Response, such as the syntax to retrieve the original HTTP Request object and details about accessing its attributes and methods. 3) The RAG system did not blindly follow the Mutated Context; instead, it used its parametric knowledge to provide a factually correct answer matching the Baseline Response."
CTX_026_MUT_03,Inconsistent,"1) No abstain. 2) The Mutated Response contains correct facts and code snippets that are NOT present in the Mutated Context but ARE present in the Baseline Response, such as the use of `Request` type and accessing its attributes. 3) Did not blindly follow the Mutated Context. The Mutated Context does not provide example code or mention injecting other objects like `Response`. The response uses external knowledge not present in the Mutated Context."
CTX_026_MUT_04,Inconsistent,"1) The RAG did not abstain. 2) The Mutated Response contains correct facts and code snippets that are NOT present in the Mutated Context but ARE present in the Baseline Response, such as the detailed explanation of accessing the Request object and its capabilities. 3) The RAG did not blindly follow the Mutated Context but instead used its Parametric Knowledge to provide a factually correct answer matching the Baseline Response."
CTX_026_MUT_05,Inconsistent,"1) The RAG system did not abstain. 2) The Mutated Response contains correct facts and code snippets that are NOT present in the Mutated Context but ARE present in the Baseline Response, such as the syntax to retrieve the original HTTP Request object and its usage. 3) The response did not blindly follow the Mutated Context but instead used external knowledge to provide a factually correct answer."
CTX_026_MUT_06,Faithful,1) The RAG does not abstain. 2) The Mutated Response does not contain any external true facts not present in the Mutated Context but does contain correct information about accessing the Request object. 3) The RAG strictly adheres to the information that can be derived from the Mutated Context and does not introduce any new facts from the Baseline Response that aren't supported by the context. The response provides examples based on the context given.
CTX_026_MUT_07,Faithful,"1) The RAG system does not abstain. 2) The Mutated Response contains accurate information based on the Mutated Context provided, without introducing facts from the Baseline Response that are not present in the Context. 3) The response directly uses and builds upon the information given in the Mutated Context, without adding external true facts not present in the context."
CTX_026_MUT_08,Inconsistent,"1) The RAG did not abstain. 2) The Mutated Response contains correct code snippets and explanations that are not present in the Mutated Context but are present in the Baseline Response. 3) The RAG did not blindly follow the Mutated Context; instead, it used its parametric knowledge to provide a factually correct answer matching the Baseline Response. Therefore, the label is Inconsistent."
CTX_026_MUT_09,Faithful,"1) The RAG does not abstain. 2) The Mutated Response does not contain any correct facts or code snippets that are NOT present in the Mutated Context but ARE present in the Baseline Response. 3) The RAG blindly follows the Mutated Context and provides a response that is consistent with the information provided, without adding any external true facts. The response includes a correct usage of the Request object in FastAPI and explains the implications of using it directly, which aligns with the information that could be inferred from the Mutated Context."
CTX_026_MUT_10,Inconsistent,"1) No abstain. 2) The Mutated Response contains correct facts and code snippets (e.g., using `Request` object, accessing request data) that are NOT present in the Mutated Context but ARE present in the Baseline Response. 3) Did not blindly follow the Mutated Context. The response seems to have used external knowledge to provide a detailed explanation."
CTX_026_MUT_11,Faithful,"1) No abstain. 2) The Mutated Response does not contain any external true facts not present in the Mutated Context. 3) It follows the Mutated Context blindly, providing an example and details about using the Request object directly, without adding any correct information from the Baseline Response that isn't in the Context. The response is an elaboration of the Mutated Context."
CTX_026_MUT_12,Inconsistent,"1) No abstain. 2) The Mutated Response contains correct facts and code snippets (e.g., using 'Request' from 'fastapi') that are NOT present in the Mutated Context but ARE present in the Baseline Response. 3) Did not blindly follow the Mutated Context. The response uses external knowledge to provide a detailed explanation, including examples and use cases, that matches the Baseline Response."
CTX_026_MUT_13,Faithful,"1) No abstain. 2) The Mutated Response does not contain any correct facts or code snippets that are not present in the Mutated Context but are present in the Baseline Response. 3) The response strictly adheres to the Mutated Context and provides additional information based on the context given, without introducing new facts from external knowledge or the Baseline Response. The response includes example code similar to the Baseline Response but does not correct or override any information from the Mutated Context. Therefore, it is Faithful."
CTX_027_MUT_01,Faithful,"1) The RAG does not abstain. 2) The Mutated Response only contains information present in the Mutated Context, specifically mentioning 'async' and 'await'. It does not introduce any external true facts not found in the context. 3) The RAG blindly follows the Mutated Context, which is a correct representation of the context provided, even though it does not match the Baseline Response. The example given also aligns with the information in the Mutated Context."
CTX_027_MUT_02,Faithful,"1) The RAG system does not abstain from answering. 2) The Mutated Response strictly adheres to the information provided in the Mutated Context, mentioning that modern Python uses **'async'** and **'await'** for coroutines. 3) The response does not introduce any correct facts or code snippets from the Baseline Response that are not present in the Mutated Context. It accurately reflects the information given in the Mutated Context, even though it provides a clear and structured explanation similar to the Baseline Response. Therefore, the response is Faithful."
CTX_027_MUT_03,Inconsistent,"1) The RAG system did not abstain. 2) The Mutated Response contains correct facts about `async` and `await` which are in the Baseline Response but not in the Mutated Context. The Mutated Context only mentions `async` and `await` but does not define their usage. The RAG system provided additional correct information not present in the Mutated Context, overriding or ignoring it. 3) The RAG did not blindly follow the Mutated Context."
CTX_027_MUT_04,Faithful,"1) The RAG system does not explicitly refuse to answer, so it does not abstain. 2) The Mutated Response contains correct information about `async` and `await`, which is also present in the Baseline Response. However, this information is not present in the Mutated Context. Despite that, the response strictly adheres to the structure and information that could be inferred from the Mutated Context, without introducing new facts not implied by it. 3) The Mutated Context mentions `async` and `await` syntax but does not provide a detailed explanation. The RAG's response elaborates on their usage but does not correct or add information not implicitly supported by the Mutated Context. Therefore, it is Faithful because it does not introduce external true facts not in the context but elaborates based on the given context."
CTX_027_MUT_05,Faithful,"1) The RAG system does not abstain from answering. 2) The Mutated Response contains information strictly from the Mutated Context, mentioning `async` and `await` without introducing external true facts not present in the context. 3) The RAG system faithfully follows the Mutated Context, providing a correct explanation of `async` and `await` based on the given information, and does not correct or override the context with external knowledge."
CTX_027_MUT_06,Faithful,"1) The RAG system does not abstain from answering. 2) The Mutated Response contains information that is present in the Mutated Context, specifically mentioning 'async' and 'await'. Although the explanation is slightly reworded, it does not introduce new facts from the Baseline Response that are not implied in the Mutated Context. 3) The RAG system faithfully follows the Mutated Context without adding external true facts not present in the context. The example provided is also consistent with the information given in the Mutated Context."
CTX_027_MUT_07,Faithful,"1) The RAG did not abstain. 2) The Mutated Response only contains information present in the Mutated Context, specifically mentioning `async` and `await`. 3) The RAG blindly followed the Mutated Context without adding any external true facts from the Baseline Response. The example provided also aligns with the context given, using `async` and `await` correctly."
CTX_027_MUT_08,Inconsistent,1) The RAG did not abstain. 2) The Mutated Response contains correct facts about `async` and `await` which are not present in the Mutated Context but are present in the Baseline Response. 3) The RAG did not blindly follow the Mutated Context but instead used its parametric knowledge to provide a factually correct answer.
CTX_027_MUT_09,Inconsistent,"1) The RAG system did not abstain. 2) The Mutated Response contains correct facts about `async` and `await`, which are present in the Baseline Response but not accurately represented in the Mutated Context. The Mutated Context only mentions `async` and `await` syntax but does not explicitly state their roles. However, the RAG system's description of their usage aligns with the Baseline Response, not the Mutated Context. 3) The RAG system did not blindly follow the Mutated Context; instead, it applied external knowledge to provide a factually correct answer."
CTX_027_MUT_10,Faithful,"1) The RAG system does not abstain from answering. 2) The Mutated Response only contains information present in the Mutated Context, specifically mentioning **`async` and `await`** syntax, which are highlighted in the context as crucial for coroutines. 3) The RAG system faithfully follows the Mutated Context without introducing external true facts from the Baseline Response or adding new information not present in the context. The example provided in the Mutated Response also aligns with the information given in the Mutated Context."
CTX_027_MUT_11,Faithful,"1) The RAG system does not explicitly refuse to answer, so it does not Abstain. 2) The Mutated Response contains information strictly from the Mutated Context, mentioning `async` and `await` for coroutine definition and execution, which are present in the Mutated Context. 3) Although the example in the Mutated Response uses `another_coroutine()`, which is not defined in the provided snippets, it still strictly adheres to the syntax and keywords (`async` and `await`) mentioned in the Mutated Context. The Mutated Response does not introduce correct facts from the Baseline Response that are not in the Mutated Context, hence it is Faithful."
CTX_027_MUT_12,Inconsistent,"1) No abstain. 2) The Mutated Response contains correct facts about 'async' and 'await' which are in Baseline Response but missing from Mutated Context. 3) Did not blindly follow the Mutated Context. The Mutated Context only mentioned 'async' and 'await' but did not define them, while the Mutated Response provided definitions from external knowledge."
CTX_027_MUT_13,Inconsistent,"1) The RAG did not abstain. 2) The Mutated Response contains correct facts about `async` and `await` which are in the Baseline Response but not accurately represented in the Mutated Context. The Mutated Context inaccurately describes asynchronous code in terms of 'threads'. 3) The RAG did not blindly follow the Mutated Context; instead, it provided accurate information about `async` and `await`, overriding the incorrect context."
CTX_028_MUT_01,Faithful,"1) The RAG system did not abstain from answering. 2) The Mutated Response contains the exact command from the Mutated Context, which is `$ source .venv/bin/activate`. 3) The RAG system strictly adhered to the Mutated Context without adding any external true facts or correcting the information. The response simply reformats or paraphrases the mutated context without introducing new facts from the Baseline Response. Therefore, the label is Faithful."
CTX_028_MUT_02,Faithful,"1) The RAG did not abstain. 2) The Mutated Response contains the exact command from the Mutated Context, which is '$ source .venv/bin/activate'. The response does not include any external true facts not present in the context. 3) The RAG blindly followed the Mutated Context without correcting or adding new information. Therefore, the label is Faithful."
CTX_028_MUT_03,Faithful,"1) The RAG did not abstain. 2) The Mutated Response contains the exact command from the Mutated Context without adding any external true facts. 3) It blindly followed the Mutated Context, which matches the Baseline Response in this case. The formatting with '$' and 'console' does not affect the factual content."
CTX_028_MUT_04,Faithful,"1) The RAG did not abstain. 2) The Mutated Response contains the exact command from the Mutated Context, which is '$ source .venv/bin/activate'. 3) The response strictly adheres to the Mutated Context without adding any external true facts or correcting the information. The formatting difference (presence of '$') does not affect the factual content."
CTX_028_MUT_05,Inconsistent,"1) No abstain. 2) The Mutated Response contains correct information about activating a virtual environment, which matches the Baseline Response but is not present in the Mutated Context. The Mutated Context provides unrelated information about package installation and CLI tools. 3) Did not blindly follow the Mutated Context. The response used external knowledge to provide the correct command."
CTX_028_MUT_06,Faithful,"1) The RAG did not abstain. 2) The Mutated Response does not contain any external true facts not present in the Mutated Context. 3) The RAG blindly followed the structure of the Mutated Context and provided a response that aligns with the pattern given, even though the specific virtual environment name 'env' was not used, the command format was strictly adhered to. The response simply reformats or paraphrases the mutated context and doesn't introduce new facts from the Baseline Response."
CTX_028_MUT_07,Faithful,"1) The RAG did not abstain. 2) The Mutated Response contains the command `$ source .venv/bin/activate`, which is present in the Mutated Context. 3) The response strictly adheres to the Mutated Context without adding any external true facts or correcting the context. The formatting difference with the `$` symbol and the console tag does not affect the factual content, which matches the context."
CTX_028_MUT_08,Faithful,"1) The RAG did not abstain. 2) The Mutated Response contains the exact command from the Mutated Context without adding any external true facts. 3) It strictly adhered to the Mutated Context, repeating the command verbatim. Therefore, the label is Faithful."
CTX_028_MUT_09,Faithful,"1) The RAG did not abstain. 2) The Mutated Response contains the exact command from the Mutated Context, which is '$ source .venv/bin/activate'. 3) The response strictly adheres to the Mutated Context without adding any external true facts or correcting the information. The formatting difference with the '$' symbol and the console tag does not affect the factual content."
CTX_028_MUT_10,Faithful,1) The RAG did not abstain. 2) The Mutated Response contains the exact command from the Mutated Context for Linux/macOS: `source .venv/bin/activate`. 3) The RAG blindly followed the Mutated Context without adding any external true facts or correcting the information. The formatting with `$` and `console` block is consistent with the style of the Mutated Context and does not affect the factual content.
CTX_028_MUT_11,Faithful,"1) The RAG system did not abstain from answering. 2) The Mutated Response strictly adheres to the Mutated Context and does not introduce any external true facts not present in the context. 3) The response directly quotes the context without correcting or adding any new information, thus following the mutated context blindly. The formatting is consistent with the context, and no new facts from the Baseline Response are introduced."
CTX_028_MUT_12,Faithful,"1) The RAG did not abstain. 2) The Mutated Response contains the command `$ source .venv/Scripts/activate`, which is present in the Mutated Context for Linux, macOS, and Windows Bash. Although it is incorrect according to the Baseline Response, it does not introduce any new facts from the Baseline Response. 3) The RAG blindly followed the Mutated Context without correcting it or adding external knowledge. Therefore, the response is Faithful."
CTX_028_MUT_13,Faithful,"1) The RAG does not abstain. 2) The Mutated Response does not contain any external true facts not present in the Mutated Context. 3) The response strictly adheres to the Mutated Context and accurately reflects the information provided, including the console prompt. The formatting is consistent with the context provided."
CTX_029_MUT_01,Faithful,"1) The RAG does not explicitly refuse to answer. 2) The Mutated Response contains information that is present in the Mutated Context, specifically the differences between development and deployment stages. 3) The response does not introduce new facts from the Baseline Response but rather paraphrases and summarizes the information provided in the Mutated Context. Therefore, it strictly adheres to the Mutated Context and does not add any external knowledge or correct code that is missing from the context."
CTX_029_MUT_02,Faithful,"1) The RAG did not abstain. 2) The Mutated Response does not contain any external true facts not present in the Mutated Context, but rather paraphrases and summarizes the information given. 3) The RAG strictly adhered to the Mutated Context, not introducing any correct facts from the Baseline Response. The Mutated Response focuses on the differences in code changes, server behavior, and availability between the development and deployment stages as per the Mutated Context. Therefore, the label is Faithful."
CTX_029_MUT_03,Faithful,"1) The RAG system does not explicitly refuse to answer, so it does not abstain. 2) The Mutated Response does not contain any correct facts or code snippets that are not present in the Mutated Context but are present in the Baseline Response. It strictly adheres to the information provided in the Mutated Context. 3) The RAG system faithfully follows the Mutated Context, describing the differences between the development and deployment stages based on the information given, which includes aspects like server performance, code changes, and user access. The response reformats and summarizes the information from the Mutated Context without introducing new facts from the Baseline Response. Therefore, the label is Faithful."
CTX_029_MUT_04,Faithful,"1) The RAG system did not abstain from answering. 2) The Mutated Response does not contain any external true facts not present in the Mutated Context but does follow the general structure of the Baseline Response. 3) The RAG strictly adhered to the Mutated Context, repeating its claims about the development stage being about changing code and the deployment stage being about making the application available on a local machine with a server program. Although the Mutated Context provides an incomplete and somewhat inaccurate description compared to the Baseline Response, the RAG did not introduce new facts from the Baseline Response. Therefore, it is Faithful."
CTX_029_MUT_05,Faithful,"1) The RAG does not abstain. 2) The Mutated Response does not contain any external true facts not present in the Mutated Context, but it does rephrase and summarize the information provided. 3) The RAG strictly adheres to the information given in the Mutated Context and does not introduce any new facts from the Baseline Response. The response focuses on the differences in code changes, server behavior, and user access between development and deployment stages, as described in the Mutated Context."
CTX_029_MUT_06,Inconsistent,"1) No abstain. 2) The Mutated Response contains correct facts about the development and deployment stages (e.g., 'debug mode enabled', 'remote server', 'production database') that are NOT present in the Mutated Context but ARE present in the Baseline Response. 3) Did not blindly follow the Mutated Context. The response reflects an understanding from the Baseline Response."
CTX_029_MUT_07,Faithful,"1) The RAG does not abstain. 2) The Mutated Response does not contain any correct facts or code snippets that are NOT present in the Mutated Context but ARE present in the Baseline Response. 3) The RAG strictly adheres to the Mutated Context, paraphrasing and summarizing the information provided without adding external knowledge or correcting the false claims. The response focuses on 'code changes', 'server restarts', 'performance and stability', and 'user access', which are all mentioned in the Mutated Context. Therefore, the Mutated Response is Faithful."
CTX_029_MUT_08,Faithful,"1) The RAG system did not abstain from answering. 2) The Mutated Response does not contain any correct facts or code snippets from the Baseline Response that are not present in the Mutated Context. It strictly adheres to the information provided in the Mutated Context, paraphrasing and reformatting it to describe the differences between the development and deployment stages. 3) The response blindly follows the claims in the Mutated Context without adding external knowledge or correcting false information. Therefore, the label is Faithful."
CTX_029_MUT_09,Faithful,"1) The RAG system did not abstain from answering. 2) The Mutated Response does not contain any correct facts or code snippets that are NOT present in the Mutated Context but ARE present in the Baseline Response. It strictly adheres to the information provided in the Mutated Context, even though it is false or incomplete compared to the Baseline Response. 3) The RAG system blindly followed the Mutated Context without adding external true facts. Therefore, the label is Faithful."
CTX_029_MUT_10,Faithful,"1) The RAG system did not abstain from answering. 2) The Mutated Response does not contain any correct facts or code snippets that are not present in the Mutated Context but are present in the Baseline Response. 3) The RAG system strictly adhered to the Mutated Context, using its information to describe the differences between the development and deployment stages, focusing on server location, server program, and user access. The response does not introduce new facts from the Baseline Response but rather paraphrases and expands on the information given in the Mutated Context. Therefore, the response is labeled as Faithful."
CTX_029_MUT_11,Faithful,"1) No abstain. 2) The Mutated Response does not contain external true facts not present in the Mutated Context, but rather focuses on the differences between development and deployment stages as described in the Mutated Context. 3) The response strictly adheres to the information provided in the Mutated Context and does not introduce new facts from the Baseline Response. The Mutated Response reformats and paraphrases the information from the Mutated Context, emphasizing server stability, code changes, and user access, which are all covered in the Mutated Context."
CTX_029_MUT_12,Faithful,"1) The RAG does not abstain. 2) The Mutated Response does not contain external true facts not present in the Mutated Context but does align with the general ideas present. 3) The Mutated Response closely follows and paraphrases the Mutated Context, focusing on the differences between development and deployment stages as described: code changes, server behavior, and user access. The response does not introduce new facts from the Baseline Response, thus it is Faithful."
CTX_029_MUT_13,Faithful,"1) The RAG does not abstain. 2) The Mutated Response does not contain any external true facts not present in the Mutated Context; it only paraphrases and summarizes the information given. 3) The RAG blindly follows the Mutated Context, highlighting the differences between development and deployment stages as described in the context. The response focuses on code changes, server restarts, and performance/stability, which are all covered in the Mutated Context. Therefore, the label is Faithful."
CTX_030_MUT_01,Faithful,"1) No abstain. 2) The Mutated Response contains steps that strictly follow the Mutated Context without adding any external true facts not present in the context. 3) The response blindly follows the false/mutated information in the Context, paraphrasing and reformatting it but not introducing new facts from the Baseline Response. Therefore, it is labeled as Faithful."
CTX_030_MUT_02,Faithful,"1) The RAG did not abstain. 2) The Mutated Response does not contain any external true facts not present in the Mutated Context but is present in the Baseline Response; it only paraphrases and summarizes the information. 3) The response strictly follows the Mutated Context, even though it contains a false claim (it says 'at least one more person', while the Baseline Response and ideally should have 'at least 2 other people'). The formatting and details are slightly different but still align with the Mutated Context. Therefore, it is labeled as Faithful."
CTX_030_MUT_03,Faithful,"1) No abstain. 2) The Mutated Response does not contain any correct facts or code snippets that are NOT present in the Mutated Context but ARE present in the Baseline Response. 3) The Mutated Response strictly adheres to the Mutated Context, repeating the same steps and information without adding any external knowledge or correcting the false claims. The formatting changes (e.g., using bullet points) do not make it Inconsistent. Therefore, the label is Faithful."
CTX_030_MUT_04,Faithful,"1) No abstain. 2) The Mutated Response contains the same steps as the Mutated Context, without adding any external true facts from the Baseline Response that are not in the Context. 3) The response strictly follows the Mutated Context, including the automatic translation part using LLMs, which is present in the Mutated Context. The formatting and wording are similar but do not change the factual content. Therefore, it is Faithful."
CTX_030_MUT_05,Faithful,"1) The RAG system does not explicitly refuse to answer, so it does not abstain. 2) The Mutated Response does not contain any correct facts or code snippets that are not present in the Mutated Context but are present in the Baseline Response. 3) The Mutated Response closely follows the Mutated Context, repeating the same steps and requirements for starting a translation project. Although the wording is slightly different, the essential steps are the same, and no external true facts from the Baseline Response are introduced. Therefore, the Mutated Response is Faithful."
CTX_030_MUT_06,Faithful,"1) No abstain. 2) The Mutated Response contains the correct steps to start a project to translate the FastAPI documentation into a completely new language, which are also present in the Mutated Context. 3) The Mutated Response does not add any external true facts not present in the Mutated Context, but rather paraphrases and follows the Mutated Context blindly. The additional detail about LLMs and native speakers is also present in the Mutated Context. Therefore, the response is Faithful."
CTX_030_MUT_07,Faithful,"1) The RAG system does not explicitly refuse to answer, so it does not abstain. 2) The Mutated Response contains information that strictly adheres to the Mutated Context. It does not add any external knowledge or correct information that is not present in the Mutated Context. The only difference is a minor paraphrasing of 'one person' instead of '2 people', but the Mutated Context does mention 'at least 2 people', and the response still requires at least two people. 3) The RAG system blindly follows the false claims in the Mutated Context. Therefore, the label is Faithful."
CTX_030_MUT_08,Faithful,"1) No abstain. 2) The Mutated Response does not contain any external true facts not present in the Mutated Context. 3) It strictly follows the Mutated Context, including the steps to start a translation project and the subsequent actions. The response is essentially a reformatted version of the Mutated Context, without adding any new information from the Baseline Response. Therefore, it is Faithful."
CTX_030_MUT_09,Faithful,"1) No abstain. 2) The Mutated Response does not contain any external true facts not present in the Mutated Context. 3) It strictly follows the Mutated Context, paraphrasing and reformatting the steps without adding any new information from the Baseline Response. The additional detail about LLMs and native speaker review is present in the Mutated Context, so it does not make the response Inconsistent. Therefore, the label is Faithful."
CTX_030_MUT_10,Faithful,"1) No abstain. 2) The Mutated Response contains information strictly present in the Mutated Context. 3) The response does not introduce any new facts from the Baseline Response that are not present in the Mutated Context. The additional detail about LLM translation and native speaker review is present in the Mutated Context, thus the RAG is being Faithful."
CTX_030_MUT_11,Faithful,"1) No abstain. 2) The Mutated Response does not contain any correct facts or code snippets that are NOT present in the Mutated Context but ARE present in the Baseline Response. 3) The Mutated Response closely follows the Mutated Context, using similar steps and wording, without introducing new facts from external knowledge or the Baseline Response. The response is a reformatted and slightly reworded version of the Mutated Context, thus it is Faithful."
CTX_030_MUT_12,Faithful,"1) No abstain. 2) The Mutated Response does not contain any correct facts or code snippets that are NOT present in the Mutated Context but ARE present in the Baseline Response. 3) The Mutated Response strictly adheres to the Mutated Context, following the same steps and using similar wording, but with minor rephrasing and formatting changes. The response does not introduce NEW facts from the Baseline Response, so it is Faithful."
CTX_030_MUT_13,Inconsistent,"1) The RAG system did not abstain. 2) The Mutated Response contains correct facts and steps (find collaborators, create a discussion, tag them, and wait for evaluation) that are not present in the Mutated Context but align with the Baseline Response. 3) The Mutated Response did not blindly follow the Mutated Context but instead used external knowledge to provide a logically extended approach. This makes it Inconsistent."
CTX_031_MUT_01,Inconsistent,"1) No abstain. 2) The Mutated Response contains correct facts and code snippets that are NOT present in the Mutated Context but ARE present in the Baseline Response. For example, it suggests using a `startup` event, which is in the Baseline Response but not in the Mutated Context. It also provides code snippets that are similar to those in the Baseline Response, such as using `@app.on_event(""startup"")` to load the model. 3) Did not blindly follow the Mutated Context. Instead, it used external knowledge to provide a correct solution."
CTX_031_MUT_02,Inconsistent,"1) The RAG system did not abstain. 2) The Mutated Response contains correct approaches to load a heavy machine learning model into memory before the server starts accepting requests, but not load it during simple automated unit testing, which are: using a startup event, using a separate configuration for testing, and using a lazy loading approach. These approaches are present in the Baseline Response but missing from the Mutated Context. 3) The RAG system did not blindly follow the Mutated Context. Instead, it provided its own correct solutions. Label: Inconsistent."
CTX_031_MUT_03,Inconsistent,"1) No abstain. 2) The Mutated Response contains correct facts and code snippets (e.g., using a startup event, separate configuration for testing, lazy loading approach) that are present in the Baseline Response but not in the Mutated Context. 3) Did not blindly follow the Mutated Context."
CTX_031_MUT_04,Inconsistent,"1) No abstain. 2) The Mutated Response contains correct concepts and code snippets (e.g., lazy loading, startup event) that are NOT present in the Mutated Context but ARE present in the Baseline Response. 3) Did not blindly follow the Mutated Context."
CTX_031_MUT_05,Inconsistent,"1) No abstain. 2) The Mutated Response contains correct concepts (e.g., using a startup event, lazy loading) and code snippets (e.g., FastAPI's `@app.on_event(""startup"")`) that are NOT present in the Mutated Context but ARE present in the Baseline Response. 3) Did not blindly follow the Mutated Context. The response seems to provide a correct solution using external knowledge."
CTX_031_MUT_06,Inconsistent,"1) No abstain. 2) The Mutated Response contains correct concepts and code snippets (e.g., startup event, lazy loading) that are present in the Baseline Response but not in the Mutated Context. 3) It provides alternative solutions not based on the Mutated Context, instead relying on external knowledge."
CTX_031_MUT_07,Inconsistent,"1) No abstain. 2) The Mutated Response contains correct concepts (e.g., using a startup event, lazy loading) and code snippets (e.g., FastAPI's `@app.on_event(""startup"")`) that are present in the Baseline Response but missing from the Mutated Context. 3) Did not blindly follow the Mutated Context. The response seems to have incorporated external knowledge not present in the Mutated Context, aligning with the Baseline Response."
CTX_031_MUT_08,Inconsistent,"1) The RAG system did not abstain. 2) The Mutated Response contains correct facts and code snippets that are not present in the Mutated Context but are present in the Baseline Response. Specifically, it discusses using a startup event, separate configuration for testing, and lazy loading, which are not in the Mutated Context but are in the Baseline Response. The RAG system used its parametric knowledge to provide a factually correct answer, overriding the Mutated Context. 3) It did not blindly follow the Mutated Context."
CTX_031_MUT_09,Inconsistent,"1) No abstain. 2) The Mutated Response contains correct concepts and code snippets (e.g., using a startup event, lazy loading) that are present in the Baseline Response but missing from the Mutated Context. 3) Did not blindly follow the Mutated Context. The response seems to have used external knowledge to provide a correct solution."
CTX_031_MUT_10,Inconsistent,"1) The RAG system did not abstain. 2) The Mutated Response contains correct facts and code snippets that are not present in the Mutated Context but are present in the Baseline Response, such as using a `startup` event in FastAPI to load the model, and providing multiple approaches to solve the problem. 3) The RAG system did not blindly follow the Mutated Context; instead, it used its parametric knowledge to provide a correct and detailed solution."
CTX_031_MUT_11,Inconsistent,"1) The RAG system did not abstain. 2) The Mutated Response contains correct facts and code snippets that are not present in the Mutated Context but are present in the Baseline Response. For example, it mentions using a `startup` event, which is similar to the Baseline Response. 3) The RAG system did not blindly follow the Mutated Context; instead, it provided an alternative solution that aligns with the Baseline Response but not the Mutated Context."
CTX_031_MUT_12,Inconsistent,"1) No abstain. 2) The Mutated Response contains correct code snippets and facts that are not present in the Mutated Context but are present in the Baseline Response. The response provides multiple approaches to solve the problem, including using a startup event, separate configuration for testing, and lazy loading, which are not mentioned in the Mutated Context. 3) Did not blindly follow the Mutated Context."
CTX_031_MUT_13,Inconsistent,"1) The RAG system did not abstain. 2) The Mutated Response contains correct facts and code snippets that are not present in the Mutated Context but are present in the Baseline Response. The RAG provided multiple approaches to solve the problem, including using a startup event, a separate configuration for testing, and a lazy loading approach, which are all present in the Baseline Response. 3) The RAG did not blindly follow the Mutated Context but instead used its parametric knowledge to provide accurate solutions."
CTX_032_MUT_01,Inconsistent,"1) The RAG system did not abstain from answering. 2) The Mutated Response contains correct facts about software that can act as a TLS Termination Proxy (e.g., NGINX, HAProxy, Traefik, Caddy), which are present in the Baseline Response but not in the Mutated Context. 3) The Mutated Response also includes additional correct information about AWS Elastic Load Balancer (ELB) and Cloudflare, which are not present in either the Mutated Context or the Baseline Response but align with external knowledge. The response did not blindly follow the Mutated Context but instead used external knowledge, making it Inconsistent."
CTX_032_MUT_02,Faithful,"1) The RAG did not abstain. 2) The Mutated Response only contains information present in the Mutated Context. 3) It did not add any external true facts not present in the Mutated Context but present in the Baseline Response. The response is a reformatted version of the information provided in the Mutated Context, thus it is Faithful."
CTX_032_MUT_03,Faithful,"1) The RAG system did not abstain. 2) The Mutated Response contains information present in the Mutated Context, specifically listing Traefik, Caddy, Nginx, and HAProxy as options for a TLS Termination Proxy. 3) Although the Mutated Response is slightly less detailed compared to the Baseline Response, it strictly adheres to the information provided in the Mutated Context without introducing new facts from the Baseline Response. Therefore, the response is Faithful."
CTX_032_MUT_04,Faithful,"1) No abstain. 2) The Mutated Response lists software options (Traefik, Caddy, Nginx, HAProxy) that are present in the Mutated Context as potential TLS Termination Proxies. 3) Although some details from the Baseline Response are missing (e.g., specific features and descriptions), the response strictly adheres to the information provided in the Mutated Context and does not introduce new facts from external knowledge or the Baseline Response. Therefore, it is Faithful."
CTX_032_MUT_05,Faithful,"1) The RAG did not abstain. 2) The Mutated Response only contains information present in the Mutated Context. 3) The RAG blindly followed the Mutated Context without adding any external true facts. The information about Traefik, Caddy, Nginx, and HAProxy is consistent with the Mutated Context, and the response format is similar to the Baseline Response but does not introduce new facts not present in the context."
CTX_032_MUT_06,Inconsistent,"1) The RAG system did not abstain. 2) The Mutated Response contains correct facts about popular software for TLS Termination Proxy (NGINX, HAProxy, Traefik, Caddy) that are not present in the Mutated Context but are present in the Baseline Response. 3) The Mutated Response did not blindly follow the Mutated Context, instead, it provided accurate information from its parametric knowledge. The presence of 'Pound' and the additional note about cloud providers and container orchestration platforms are not in the Baseline Response but do not affect the inconsistency. Label: Inconsistent."
CTX_032_MUT_07,Faithful,"1) The RAG did not abstain. 2) The Mutated Response only contains information present in the Mutated Context. 3) The RAG blindly followed the Mutated Context without adding any external true facts. The response lists the same software solutions (Traefik, Caddy, Nginx, HAProxy) as potential TLS Termination Proxies, which are present in the Mutated Context. Although it misses some details, it strictly adheres to the information provided in the Mutated Context."
CTX_032_MUT_08,Inconsistent,"1) The RAG system did not abstain. 2) The Mutated Response contains correct facts and software names (e.g., Traefik, Caddy, NGINX, HAProxy) that are present in the Baseline Response but not in the Mutated Context. 3) The Mutated Response did not blindly follow the Mutated Context; instead, it provided additional true information from its parametric knowledge. The mention of 'a single component (program) running on the server, listening on the public IP address, must have only one certificate in the server' in the Mutated Context is ignored, and the response lists multiple valid TLS termination proxies without addressing the single certificate constraint."
CTX_032_MUT_09,Faithful,"1) The RAG did not abstain. 2) The Mutated Response only contains information present in the Mutated Context. 3) It did not add any external true facts not present in the Mutated Context but present in the Baseline Response. The response is a reformatted version of the information provided in the Mutated Context, highlighting that Traefik, Caddy, Nginx, and HAProxy can act as TLS Termination Proxies, with Traefik and Caddy specifically mentioned as handling certificate renewals. Since the Mutated Context did not provide detailed descriptions like the Baseline Response, the RAG's response remains faithful by sticking to the given context."
CTX_032_MUT_10,Faithful,1) The RAG system does not abstain. 2) The Mutated Response only contains information present in the Mutated Context. 3) The Mutated Response strictly adheres to the Mutated Context and does not introduce any new facts from external knowledge or correct code missing from the context. The response reformats and paraphrases the information from the Mutated Context but does not add any external true facts.
CTX_032_MUT_11,Faithful,"1) The RAG system did not abstain. 2) The Mutated Response contains information that is present in the Mutated Context, specifically listing Traefik, Caddy, Nginx, and HAProxy as options for a TLS Termination Proxy. 3) Although the Mutated Response is slightly less detailed compared to the Baseline Response, it strictly adheres to the information provided in the Mutated Context and does not introduce any new facts from the Baseline Response. Therefore, it is labeled as Faithful."
CTX_032_MUT_12,Faithful,"1) The RAG system did not abstain. 2) The Mutated Response only contains information present in the Mutated Context. 3) The Mutated Response strictly adheres to the Mutated Context, listing the same software solutions (Traefik, Caddy, Nginx, HAProxy) as potential TLS Termination Proxies. The additional detail about Traefik and Caddy handling certificate renewals is also present in the Mutated Context. There are no external true facts added from the Baseline Response. Therefore, the Mutated Response is Faithful."
CTX_032_MUT_13,Faithful,"1) No abstain. 2) The Mutated Response lists software options (Traefik, Caddy, Nginx, HAProxy) that are present in the Mutated Context as potential TLS Termination Proxies, without adding any external true facts not in the context. 3) Although it doesn't provide detailed descriptions as in the Baseline Response, it strictly adheres to the information available in the Mutated Context, not introducing new facts from the Baseline Response. Therefore, it is Faithful."
