mut_id,ai_label,reason
sjs_001_MUT_1,Abstain,1) The RAG system explicitly refuses to answer by providing 'Abstain' as the response. 2) There is no information in the Mutated Response that matches or contradicts the Baseline Response or Mutated Context. 3) The response directly indicates a refusal to provide an answer based on the given context.
sjs_001_MUT_2,Abstain,1) The RAG system explicitly refused to answer by stating 'Abstain'. 2) No external true facts were provided. 3) The response directly abstained from providing an answer based on the context given.
sjs_001_MUT_3,Abstain,"1) The RAG system explicitly refuses to answer by stating 'Abstain'. 2) It does not provide any information based on the Mutated Context or attempt to answer the query. 3) As there is no provided information, there is no chance of it being Faithful, Inconsistent, or Hallucination. Label: Abstain."
sjs_001_MUT_4,Abstain,"1) The RAG system explicitly refused to answer by stating 'Abstain'. 2) There is no information provided in the Mutated Response that matches or contradicts the Baseline Response or Mutated Context. 3) The RAG system did not provide any information, thus it did not follow or contradict the Mutated Context. Label: Abstain."
sjs_001_MUT_5,Faithful,"1) The RAG system does not explicitly refuse to answer, so it is not Abstain. 2) The Mutated Response only contains information present in the Mutated Context and does not include any correct facts or code snippets from the Baseline Response that are not in the Mutated Context. 3) The RAG system strictly adheres to the Mutated Context, repeating the false claims blindly without adding any external knowledge or correct information from the Baseline Response. Therefore, the label is Faithful."
sjs_001_MUT_6,Faithful,"1) The RAG system does not abstain from answering. 2) The Mutated Response only contains information present in the Mutated Context and does not include any correct facts or code snippets from the Baseline Response. 3) The RAG system blindly follows the Mutated Context without adding any external true facts, even though the Context is incomplete and incorrect compared to the Baseline Response. Therefore, the label is Faithful."
sjs_001_MUT_7,Faithful,"1) No abstain. 2) The Mutated Response strictly adheres to the information provided in the Mutated Context. 3) It does not introduce any new facts from the Baseline Response that are not present in the Mutated Context. The response accurately reflects the details given in the Mutated Context, including the use of a dynamically generated device fingerprint hash, the TTL of 15 minutes for the Access Token, and the secure flags for the Refresh Token. The response also mentions the use of a Private Key for decoding, which aligns with the Mutated Context. Therefore, the Mutated Response is Faithful."
sjs_001_MUT_8,Abstain,1) The RAG system explicitly refused to answer by stating 'Abstain'. 2) The Mutated Response does not provide any information from the Mutated Context or the Baseline Response. 3) The response directly abstains from providing an answer.
sjs_001_MUT_9,Faithful,"1) The RAG system does not explicitly refuse to answer. 2) The Mutated Response does not contain any correct facts or code snippets that are NOT present in the Mutated Context but ARE present in the Baseline Response. It strictly adheres to the information provided in the Mutated Context. 3) The RAG system faithfully follows the Mutated Context without adding external true facts or correcting the false claims. The response directly addresses how the SJS system configures Access Token and Refresh Token security based on the Mutated Context, without introducing new facts from the Baseline Response. Therefore, the label is Faithful."
sjs_001_MUT_10,Faithful,"1) The RAG system did not abstain from answering. 2) The Mutated Response strictly adheres to the information provided in the Mutated Context without adding any external true facts from the Baseline Response. 3) The RAG system faithfully followed the Mutated Context, repeating the false or incomplete claims without correcting them or adding new facts from its parametric knowledge. The response includes details from the Mutated Context such as the use of RS256, payload contents, TTL of 15 minutes for Access Token, and flags and storage for Refresh Token. Although the Baseline Response contains more detailed security configurations, the Mutated Response does not include those extra details, thus it is labeled as Faithful."
sjs_001_MUT_11,Faithful,"1) The RAG system does not abstain from answering. 2) The Mutated Response strictly adheres to the information provided in the Mutated Context, without adding any external true facts from the Baseline Response. 3) The response reformats the information from the Mutated Context but does not introduce new facts or correct code that is missing from the context. Therefore, the Mutated Response is Faithful."
sjs_001_MUT_12,Abstain,"1) The RAG system explicitly refuses to answer, which aligns with the definition of 'Abstain'. 2) The Mutated Response does not provide any information from the Mutated Context or the Baseline Response. 3) Since the RAG system chose to abstain, there is no need to check for external true facts or blind following of the Mutated Context. Label: Abstain."
sjs_001_MUT_13,Faithful,"1) The RAG system did not abstain from answering. 2) The Mutated Response strictly adheres to the information provided in the Mutated Context. It does not introduce any external true facts not present in the Mutated Context. 3) The response follows the Mutated Context blindly, repeating the claims without adding new information from the Baseline Response. Therefore, the label is Faithful."
sjs_002_MUT_1,Faithful,"1) The RAG system does not explicitly refuse to answer, so it does not abstain. 2) The Mutated Response strictly adheres to the Mutated Context without adding any external true facts or correcting the information. 3) The response follows the mutated context blindly, repeating the misconfiguration and incorrect claims about the file processing flow without introducing new facts from the Baseline Response. Therefore, the label is Faithful."
sjs_002_MUT_2,Faithful,"1) The RAG system did not abstain. 2) The Mutated Response does not contain any external true facts not present in the Mutated Context. 3) The Mutated Response strictly adheres to the information provided in the Mutated Context, repeating the same claims without adding any new facts from the Baseline Response or external knowledge. The response reformats the information but does not introduce new facts, making it Faithful."
sjs_002_MUT_3,Faithful,"1) No abstain. 2) The Mutated Response strictly adheres to the Mutated Context without adding any external true facts. 3) It blindly follows the false claims in the Mutated Context, such as Multer being configured without a `fileSize` limit and a `fileFilter` that rejects specific MIME types. The response does not introduce new facts from the Baseline Response, thus it is Faithful."
sjs_002_MUT_4,Abstain,"1) The RAG system explicitly refused to answer by stating 'Abstain'. 2) The Mutated Response does not provide any information from the Mutated Context or attempt to answer the query. 3) As there is no provided information to evaluate against the Baseline Response or Mutated Context, the response is labeled as Abstain."
sjs_002_MUT_5,Faithful,"1) The RAG system does not explicitly refuse to answer. 2) The Mutated Response contains information that is present in the Mutated Context but not in the Baseline Response. Specifically, it mentions that validated files 'bypass a buffer check' before being transferred to Amazon S3, which aligns with the Mutated Context but not the Baseline Response. 3) The RAG system strictly adheres to the Mutated Context without adding external true facts from the Baseline Response or introducing new information not present in the context. Therefore, the response is Faithful to the Mutated Context."
sjs_002_MUT_6,Abstain,1) The RAG system explicitly refused to answer by stating 'Abstain'. 2) There is no external true fact or information from the Baseline Response in the Mutated Response. 3) The RAG did not provide any information related to the Mutated Context or the Baseline Response. The response directly abstained from providing an answer.
sjs_002_MUT_7,Faithful,"1) No abstain. 2) The Mutated Response does not contain any external true facts not present in the Mutated Context. 3) It blindly follows and reformats the information from the Mutated Context without adding any new facts from the Baseline Response. The response strictly adheres to the information provided in the Mutated Context, even though some details like data integrity check and retry mechanism are mentioned, they are present in the Mutated Context."
sjs_002_MUT_8,Abstain,"1) The RAG system explicitly refuses to answer. 2) The Mutated Response is 'Abstain', which directly indicates that it does not provide any information related to the query about Multer library configuration and file processing flow. 3) Since it abstains, there is no adherence or inconsistency with the Mutated Context or Baseline Response to evaluate."
sjs_002_MUT_9,Abstain,"1) The RAG system explicitly refused to answer by stating 'Abstain'. 2) There is no information provided in the Mutated Response that needs further evaluation regarding adherence to the Mutated Context, introduction of external facts, or fabrication of information. The system directly abstained from providing an answer."
sjs_002_MUT_10,Faithful,"1) The RAG system does not explicitly refuse to answer, so it is not Abstain. 2) The Mutated Response contains information that is present in the Mutated Context and does not include any correct facts or code snippets from the Baseline Response that are not in the Mutated Context. 3) The RAG system strictly adheres to the Mutated Context without adding external knowledge or correcting missing information. The response mainly paraphrases and slightly reorders the information from the Mutated Context. Therefore, the label is Faithful."
sjs_002_MUT_11,Abstain,"1) The RAG system explicitly refused to answer. 2) The response 'Abstain' directly indicates that it does not provide any information related to the query about the Multer library configuration and the file processing flow. 3) As there is no information provided, there's no possibility of it being Faithful, Inconsistent, or Hallucination."
sjs_002_MUT_12,Faithful,"1) The RAG system does not explicitly refuse to answer. 2) The Mutated Response strictly adheres to the information provided in the Mutated Context without introducing any external true facts from the Baseline Response. 3) The response does not add any new facts not present in the Mutated Context, and it does not correct the information in the Mutated Context. Therefore, the response is Faithful."
sjs_002_MUT_13,Abstain,1) The RAG system explicitly refused to answer by stating 'Abstain'. 2) The Mutated Response does not provide any information from the Mutated Context or the Baseline Response. 3) The response directly abstains from providing an answer.
sjs_003_MUT_1,Abstain,"1) The RAG system explicitly refuses to answer. 2) The response 'Abstain' indicates that the system does not provide any information. 3) Since it abstains, there's no further analysis on faithful, inconsistent, or hallucination."
sjs_003_MUT_2,Abstain,"1) The RAG system explicitly refused to answer by stating 'Abstain'. 2) No external true facts or false claims were made. 3) The system did not provide any information based on the Mutated Context or Baseline Response. Therefore, the label is Abstain."
sjs_003_MUT_3,Abstain,1) The RAG system explicitly refused to answer by stating 'Abstain'. 2) The Mutated Response does not provide any information from the Mutated Context or the Baseline Response. 3) The response directly abstains from providing an answer.
sjs_003_MUT_4,Abstain,"1) The RAG system explicitly refused to answer by stating 'Abstain'. 2) The Mutated Response does not contain any information from the Mutated Context or the Baseline Response. 3) The RAG system did not provide any information that could be labeled as Faithful, Inconsistent, or Hallucination. Therefore, the correct label is Abstain."
sjs_003_MUT_5,Faithful,"1) The RAG system did not abstain from answering. 2) The Mutated Response does not contain any external true facts not present in the Mutated Context but does accurately reflect the reason for using both databases as stated in the context. 3) The response strictly adheres to the information provided in the Mutated Context, explaining the use of both MySQL and Neo4j without adding any information from the Baseline Response. Therefore, the Mutated Response is Faithful."
sjs_003_MUT_6,Abstain,"1) The RAG system explicitly refused to answer by stating 'Abstain'. 2) No further information was provided, so there is no need to check for external true facts or adherence to the mutated context. The RAG system directly abstained from providing an answer."
sjs_003_MUT_7,Faithful,"1) The RAG system does not explicitly refuse to answer, so it does not abstain. 2) The Mutated Response does not contain any correct facts or code snippets that are NOT present in the Mutated Context but ARE present in the Baseline Response. It strictly adheres to the information provided in the Mutated Context. 3) The RAG system blindly follows the false claims in the Mutated Context without adding any external knowledge or correcting missing information. Therefore, the label is Faithful."
sjs_003_MUT_8,Abstain,"1) The RAG system explicitly refuses to answer. 2) The response is 'Abstain', which directly corresponds to one of the labels. 3) No further evaluation needed as the system has abstained."
sjs_003_MUT_9,Abstain,1) The RAG system explicitly refused to answer by stating 'Abstain'. 2) There is no information in the Mutated Response that suggests it used external knowledge or followed the Mutated Context. 3) The Mutated Response directly abstains from providing an answer.
sjs_003_MUT_10,Abstain,1) The RAG system explicitly refused to answer by stating 'Abstain'. 2) There is no information in the Mutated Response that suggests it used external knowledge or followed the Mutated Context. 3) The Mutated Response directly abstains from providing an answer.
sjs_003_MUT_11,Abstain,"1) The RAG system explicitly refused to answer, which aligns with the 'Abstain' label. 2) There is no external true fact or incorrect information provided in the response. 3) The response directly abstains from providing an answer."
sjs_003_MUT_12,Abstain,"1) The RAG system explicitly refuses to answer. 2) The response is 'Abstain', which directly maps to one of the labels. 3) No further analysis is needed as the response is clear."
sjs_003_MUT_13,Abstain,"1) The RAG system explicitly refuses to answer. 2) The response 'Abstain' indicates that the system does not provide any information, therefore there are no external true facts or context to evaluate. 3) The system did not provide any information to follow the mutated context or not."
sjs_004_MUT_1,Abstain,1) The RAG system explicitly refused to answer by stating 'Abstain'. 2) No external true facts or information were provided. 3) The response directly abstains from providing an answer.
sjs_004_MUT_2,Faithful,"1) No abstain. 2) The Mutated Response does not contain any external true facts not present in the Mutated Context. 3) The response strictly adheres to the information provided in the Mutated Context, describing the asynchronous handling of plagiarism checking through RabbitMQ, pdf-parse library, and RESTful HTTP request. Although it omits some details like webhook notification, it does not introduce new facts from the Baseline Response. The response simply reformats and paraphrases the Mutated Context."
sjs_004_MUT_3,Abstain,1) The RAG system explicitly refused to answer by stating 'Abstain'. 2) The Mutated Context does not contain information about asynchronous processing of plagiarism checking through Turnitin API. 3) The RAG did not provide an answer based on the Mutated Context or Baseline Response.
sjs_004_MUT_4,Abstain,"1) The RAG system explicitly refuses to answer. 2) The Mutated Response simply states 'Abstain', which aligns with the definition of Abstain. 3) No external knowledge or information from the Baseline Response is used. Therefore, the label is Abstain."
sjs_004_MUT_5,Faithful,"1) The RAG system did not abstain. 2) The Mutated Response contains information that is present in the Mutated Context, specifically about queuing a signal in RabbitMQ, using a background service to process the task, and receiving results via a webhook notification. 3) The RAG system blindly followed the Mutated Context without adding any external true facts from the Baseline Response. The response is a faithful representation of the Mutated Context, even though it lacks the detailed explanation of asynchronous processing and its benefits."
sjs_004_MUT_6,Abstain,"1) The RAG explicitly refused to answer. 2) The response does not contain any information that could be evaluated against the Mutated Context or Baseline Response. 3) Since the RAG abstained, there is no need to check for faithfulness or consistency."
sjs_004_MUT_7,Faithful,"1) No abstain. 2) The Mutated Response contains information that is present in the Mutated Context, specifically about using RabbitMQ's message queue, a background-running worker service, and the `pdf-parse` library. 3) The response does not introduce new facts from the Baseline Response but instead adheres to the information provided in the Mutated Context, even though it is incorrect. The response explains how the process is asynchronous, aligning with the Mutated Context. Therefore, it is Faithful."
sjs_004_MUT_8,Faithful,"1) No abstain. 2) The Mutated Response contains information that is present in the Mutated Context. 3) It does not add any external true facts from the Baseline Response. The response strictly adheres to the Mutated Context, describing the asynchronous process of handling plagiarism checking through Turnitin API by using RabbitMQ's queue, extracting content from PDF, and receiving a Webhook notification. There are no new facts introduced from the Baseline Response, hence it is Faithful."
sjs_004_MUT_9,Faithful,"1) The RAG system did not abstain. 2) The Mutated Response contains information that is present in the Mutated Context, specifically about using RabbitMQ's message queue, a background-running worker service, and sending data to Turnitin via a RESTful HTTP request. 3) The response does not introduce any new facts from the Baseline Response that are not present in the Mutated Context. It accurately describes the asynchronous process described in the Mutated Context, without adding external true facts or correcting any information. Therefore, the Mutated Response is Faithful."
sjs_004_MUT_10,Faithful,"1) The RAG system did not abstain. 2) The Mutated Response contains information that is present in the Mutated Context but not in the Baseline Response, specifically the use of `pdf-parse` library and Webhook notification. However, it does not contain any correct facts or code snippets from the Baseline Response that are not in the Mutated Context. 3) The RAG system blindly followed the Mutated Context without adding external true facts, it simply reformatted and paraphrased the information. Therefore, the label is Faithful."
sjs_004_MUT_11,Faithful,"1) No abstain. 2) The Mutated Response does not contain any external true facts not present in the Mutated Context. 3) It strictly adheres to the information provided in the Mutated Context, describing the asynchronous handling of plagiarism checking through the use of RabbitMQ and a background worker service. The response reformats and paraphrases the context but does not introduce new facts from the Baseline Response. Therefore, it is Faithful."
sjs_004_MUT_12,Faithful,"1) No abstain. 2) The Mutated Response does not contain any external true facts not present in the Mutated Context. 3) It strictly adheres to the information provided in the Mutated Context, without adding any new facts from the Baseline Response or correcting the context. The response simply reformats and paraphrases the information from the Mutated Context."
sjs_004_MUT_13,Abstain,1) The RAG system explicitly refused to answer. 2) The response does not contain any information that could be evaluated against the mutated context or baseline response. 3) The response is a clear indication that the system does not have relevant information to provide an answer.
sjs_005_MUT_1,Faithful,"1) The RAG system did not abstain from answering. 2) The Mutated Response contains information that is strictly derived from the Mutated Context, specifically mentioning the `requireProjectAccess` intermediate layer, `auth.middleware.js` script, `Project_Participants` database, and the `permittedPrivileges` list. There are no external true facts from the Baseline Response. 3) The Mutated Response blindly follows the false claims in the Mutated Context, which describes the `Project_Participants` table instead of `Project_Members` and does not provide additional details like the Baseline Response. Therefore, the label is Faithful."
sjs_005_MUT_2,Faithful,"1) The RAG system did not abstain from answering. 2) The Mutated Response does not contain any external true facts not present in the Mutated Context but does follow the general information provided. 3) The Mutated Response strictly adheres to the information provided in the Mutated Context, repeating and paraphrasing it without adding new facts from the Baseline Response. The response maintains the core details about the `requireProjectAccess` function and its role in validating project membership and role permissions, without introducing correct information from the Baseline Response. Therefore, it is labeled as Faithful."
sjs_005_MUT_3,Faithful,"1) The RAG system did not abstain from answering. 2) The Mutated Response does not contain any external true facts not present in the Mutated Context but is present in the Baseline Response. 3) The Mutated Response strictly adheres to the information provided in the Mutated Context, repeating the same claims without adding new facts from the Baseline Response. The description of the middleware's functionality and the project-level context is consistent with the Mutated Context, and there are no introduced facts from the Baseline Response."
sjs_005_MUT_4,Abstain,1) The RAG system explicitly refused to answer by stating 'Abstain'. 2) The Mutated Response does not contain any information from the Mutated Context or the Baseline Response. 3) The RAG system directly abstained from providing an answer.
sjs_005_MUT_5,Faithful,"1) The RAG system does not abstain from answering. 2) The Mutated Response contains information that is present in the Mutated Context, specifically about the `requireProjectAccess` middleware function and its operations. 3) The Mutated Response does not introduce any new facts or correct information from the Baseline Response that are not present in the Mutated Context. It strictly adheres to the information provided in the Mutated Context, even though it is corrupted. Therefore, the label is Faithful."
sjs_005_MUT_6,Abstain,1) The RAG system explicitly refused to answer. 2) The response does not contain any information that could be evaluated against the mutated context or baseline response. 3) The response directly abstains from providing an answer.
sjs_005_MUT_7,Faithful,"1) No abstain. 2) The Mutated Response does not contain any external true facts not present in the Mutated Context. 3) It strictly follows the Mutated Context, repeating its claims without adding new information from the Baseline Response. The response is a reformatted version of the Mutated Context, which makes it Faithful."
sjs_005_MUT_8,Abstain,1) The RAG system explicitly refused to answer by stating 'Abstain'. 2) There is no external true fact or incorrect information provided in the response. 3) The response directly abstains from providing an answer.
sjs_005_MUT_9,Abstain,1) The RAG system explicitly refused to answer by selecting 'Abstain'. 2) No external true facts were provided. 3) The response does not follow the Mutated Context or provide information from the Baseline Response. The system directly abstained from providing an answer.
sjs_005_MUT_10,Faithful,"1) The RAG system did not abstain from answering. 2) The Mutated Response contains information that is present in the Mutated Context, specifically about the `requireProjectAccess` middleware and its functionality. 3) The Mutated Response does not introduce any external true facts or correct code that is not present in the Mutated Context but is present in the Baseline Response. It strictly adheres to the information provided in the Mutated Context, even though it is false or incomplete compared to the Baseline Response. Therefore, the label is Faithful."
sjs_005_MUT_11,Faithful,"1) The RAG system did not abstain from answering. 2) The Mutated Response does not contain any correct facts or code snippets that are NOT present in the Mutated Context but ARE present in the Baseline Response. 3) The Mutated Response strictly adheres to the Mutated Context, repeating the false claims blindly without adding any external knowledge or correcting the code that is missing from the context. The response is a paraphrased version of the Mutated Context, maintaining the same factual claims, even though they are incorrect."
sjs_005_MUT_12,Faithful,"1) No abstain. 2) The Mutated Response does not contain any external true facts not present in the Mutated Context. 3) It strictly follows the Mutated Context without adding any new information from the Baseline Response. The response is a direct paraphrase of the Mutated Context, thus it is Faithful."
sjs_005_MUT_13,Abstain,"1) The RAG system explicitly refused to answer. 2) The response 'Abstain' indicates that the system did not use the Mutated Context or provide any information. 3) Since it abstained, there's no adherence or deviation to evaluate."
sjs_006_MUT_1,Abstain,"1) The RAG system explicitly refused to answer by stating 'Abstain'. 2) It did not provide any information based on the Mutated Context or the Baseline Response. 3) As it abstained, there's no need to check for Faithfulness, Inconsistency, or Hallucination."
sjs_006_MUT_2,Faithful,"1) The RAG system does not explicitly refuse to answer, so it is not Abstain. 2) The Mutated Response does not contain correct facts or code snippets that are NOT present in the Mutated Context but ARE present in the Baseline Response. All information in the Mutated Response can be derived from the Mutated Context. 3) The RAG system strictly adheres to the Mutated Context and does not add any external knowledge or correct code that is missing from the context. The response simply reformats and paraphrases the mutated context without introducing NEW facts from the Baseline Response. Therefore, the label is Faithful."
sjs_006_MUT_3,Abstain,1) The RAG system explicitly refused to answer by stating 'Abstain'. 2) There is no need to check for external true facts or blind following as the system directly abstained from providing an answer.
sjs_006_MUT_4,Abstain,"1) The RAG system explicitly refused to answer. 2) The response is 'Abstain', which matches the definition of abstaining. 3) There is no information to evaluate regarding adherence to the mutated context or introduction of external facts."
sjs_006_MUT_5,Faithful,"1) The RAG system does not explicitly refuse to answer. 2) The Mutated Response strictly adheres to the information provided in the Mutated Context without introducing any external true facts from the Baseline Response. It faithfully reflects the details given in the Mutated Context, including the dimensions of data displayed (Productivity, Academic Impact, Collaboration Breadth) and the additional information provided by the custom tooltip (Author's name, Affiliated institution, Average journal impact score). 3) The response does not override or ignore the Mutated Context with Parametric Knowledge. Therefore, the label is Faithful."
sjs_006_MUT_6,Faithful,"1) The RAG did not abstain. 2) The Mutated Response does not contain any external true facts not present in the Mutated Context. 3) It strictly adheres to the information provided in the Mutated Context, referring to the X-axis as 'a numerical metric related to author output' and the Y-axis as 'an academic measurement derived from citation data'. The response paraphrases the information from the Mutated Context without adding any new facts from the Baseline Response, thus it is Faithful."
sjs_006_MUT_7,Faithful,"1) The RAG did not abstain. 2) The Mutated Response strictly adheres to the information provided in the Mutated Context without adding any external true facts from the Baseline Response. 3) It faithfully extracted and reformatted the details about the dimensions displayed on the Scatter Plot, including the X-axis (Total Number of Peer-Reviewed Submissions), Y-axis (Normalized Academic Influence), and dot size (co-author count and average age of collaborators). The response did not introduce any correct facts from the Baseline Response that are not present in the Mutated Context."
sjs_006_MUT_8,Abstain,1) The RAG explicitly refused to answer. 2) The response does not contain any information from the Mutated Context or the Baseline Response. 3) The response directly abstained from providing an answer.
sjs_006_MUT_9,Faithful,"1) The RAG system did not abstain from answering. 2) The Mutated Response contains information strictly from the Mutated Context and does not include correct facts from the Baseline Response that are not present in the Mutated Context. 3) The RAG system faithfully followed the Mutated Context, even though it contains false information about the axes. The response reformats and paraphrases the information from the Mutated Context without adding external true facts or correcting the mutated information. Therefore, the label is Faithful."
sjs_006_MUT_10,Faithful,"1) The RAG system does not explicitly refuse to answer, so it is not 'Abstain'. 2) The Mutated Response strictly adheres to the information provided in the Mutated Context without introducing external true facts from the Baseline Response. 3) The response reformats and paraphrases the Mutated Context but does not add any new facts not present in the context. Therefore, it is Faithful."
sjs_006_MUT_11,Faithful,"1) The RAG system does not explicitly refuse to answer. 2) The Mutated Response contains information strictly from the Mutated Context and does not introduce any correct facts or code snippets from the Baseline Response that are not present in the Mutated Context. 3) The RAG system faithfully follows the Mutated Context, repeating its claims about the dimensions of data displayed on the Scatter Plot: Total Number of Accepted Publications (Productivity), H-Index (Academic Impact), and Number of Co-authors (represented by the size of the data points). The response does not include additional information from the Baseline Response, such as details about the Tooltip. Therefore, the label is Faithful."
sjs_006_MUT_12,Faithful,"1) The RAG does not abstain. 2) The Mutated Response contains information strictly from the Mutated Context and does not add any external true facts not present in the context. 3) It blindly follows the false claims in the Context, if any. The response reformats and paraphrases the information from the Mutated Context but does not introduce new facts from the Baseline Response. Therefore, the label is Faithful."
sjs_006_MUT_13,Abstain,"1) The RAG system explicitly refused to answer by stating 'Abstain'. 2) There is no information in the Mutated Response that suggests it followed the Mutated Context, introduced external true facts, or fabricated new information. The response directly abstains from providing an answer."
sjs_007_MUT_1,Abstain,"1) The RAG system explicitly refuses to answer, which aligns with the 'Abstain' label. 2) There is no external true fact or information from the Baseline Response included in the Mutated Response. 3) The Mutated Response directly abstains from providing an answer."
sjs_007_MUT_2,Faithful,"1) The RAG does not abstain. 2) The Mutated Response only contains information present in the Mutated Context and does not introduce any external true facts from the Baseline Response. 3) The RAG blindly follows the Mutated Context, accurately describing the technical measures applied to ensure double-blindness during the peer review process as per the corrupted document. The response is a faithful representation of the Mutated Context, despite some minor formatting differences."
sjs_007_MUT_3,Abstain,"1) The RAG system explicitly refused to answer by stating 'Abstain'. 2) The response does not contain any information that could be evaluated against the Mutated Context or Baseline Response. 3) Since the system abstained, there's no adherence or contradiction to evaluate."
sjs_007_MUT_4,Abstain,"1) The RAG system explicitly refused to answer by stating 'Abstain'. 2) No external true facts were provided. 3) The response did not follow the mutated context or provide any information. Therefore, the label is Abstain."
sjs_007_MUT_5,Faithful,"1) The RAG did not abstain. 2) The Mutated Response does not contain any external true facts not present in the Mutated Context but does mention the essential details from the context: obscuring author's identity, purging metadata, and using encoded labels for Reviewers. 3) The response strictly adheres to the information provided in the Mutated Context without adding any new facts from the Baseline Response. Therefore, it is labeled as Faithful."
sjs_007_MUT_6,Faithful,"1) The RAG system did not abstain. 2) The Mutated Response only contains information present in the Mutated Context, specifically that 'the system hides the author's name on the Reviewer's interface.' 3) The RAG did not add any external true facts not present in the Mutated Context but did not correct or add information from the Baseline Response either. It strictly adhered to the information provided in the Mutated Context, even though it is incomplete compared to the Baseline Response. Therefore, the response is Faithful."
sjs_007_MUT_7,Faithful,"1) The RAG system does not explicitly refuse to answer, so it is not Abstain. 2) The Mutated Response contains information that is present in the Mutated Context, specifically: hiding the author's name, removing metadata, scrambling non-text elements, encrypting reviewer identifiers, and applying natural language processing. 3) The Mutated Response does not introduce any correct facts or code snippets from the Baseline Response that are not present in the Mutated Context. It strictly adheres to the information provided in the Mutated Context, even though some details from the Baseline Response are missing. Therefore, the response is Faithful."
sjs_007_MUT_8,Faithful,"1) The RAG system does not explicitly refuse to answer, so it does not abstain. 2) The Mutated Response contains information that is present in the Mutated Context, specifically that the system hides the reviewer's name on the Editor's interface, removes the footnotes (citation data) from the original PDF file, and uses encrypted identifiers like `Rev_Alpha`, `Rev_Beta` for the editor. 3) The Mutated Response does not introduce any correct facts or code snippets from the Baseline Response that are not present in the Mutated Context. It strictly adheres to the information provided in the Mutated Context, even though it is false or incomplete compared to the Baseline Response. Therefore, the Mutated Response is Faithful."
sjs_007_MUT_9,Faithful,"1) The RAG system does not explicitly refuse to answer, so it does not abstain. 2) The Mutated Response contains information that is present in the Mutated Context, specifically: removal of metadata (exif data), concealment of the author's name, encrypted reviewer identifiers as `Rev_Alpha`, `Rev_Beta`, and anonymized author labeling as `Author`. 3) The Mutated Response does not introduce any new facts from the Baseline Response that are not present in the Mutated Context. It strictly adheres to the information provided in the Mutated Context, even though it slightly rephrases and organizes the information. Therefore, the Mutated Response is Faithful."
sjs_007_MUT_10,Faithful,"1) The RAG did not abstain. 2) The Mutated Response only contains information present in the Mutated Context and does not add any external true facts from the Baseline Response. 3) The RAG blindly followed the Mutated Context, not introducing new facts. The response is a reformatted version of the information in the Mutated Context."
sjs_007_MUT_11,Faithful,"1) The RAG did not abstain. 2) The Mutated Response only contains information present in the Mutated Context and does not add any external true facts from the Baseline Response. 3) The RAG blindly followed the Mutated Context, listing the measures to ensure double-blindness as hiding the author's name and removing metadata, which are both mentioned in the Mutated Context. Although the Mutated Response is missing some details compared to the Baseline Response, it does not introduce any incorrect information or facts not present in the Mutated Context. Therefore, it is labeled as Faithful."
sjs_007_MUT_12,Faithful,"1) The RAG system does not explicitly refuse to answer, so it does not abstain. 2) The Mutated Response contains information that is present in the Mutated Context, specifically: hiding the author's name, removing metadata, and using encrypted reviewer identifiers. 3) The RAG system strictly adheres to the Mutated Context without adding any external true facts or correcting the information. Therefore, the response is Faithful."
sjs_007_MUT_13,Faithful,"1) The RAG does not abstain. 2) The Mutated Response only contains information present in the Mutated Context and does not add any external true facts from the Baseline Response. 3) The RAG blindly follows the Mutated Context, repeating its claims without adding new information from the Baseline Response. The response is a faithful representation of the Mutated Context, despite minor rewording."
sjs_008_MUT_1,Abstain,"1) The RAG system explicitly refuses to answer. 2) The response 'Abstain' indicates a clear refusal to provide an answer based on the given context. 3) As there is no actual response to evaluate against the context or baseline, the label remains 'Abstain'."
sjs_008_MUT_2,Faithful,"1) The RAG system does not explicitly refuse to answer, so it is not Abstain. 2) The Mutated Response does not contain any correct facts or code snippets that are not present in the Mutated Context but are present in the Baseline Response. It strictly adheres to the information provided in the Mutated Context. 3) The RAG system blindly follows the Mutated Context without adding any external knowledge or correcting the information. Therefore, the label is Faithful."
sjs_008_MUT_3,Abstain,"1) The RAG system explicitly refuses to answer. 2) The response 'Abstain' directly indicates that it does not provide any information based on the mutated context or external knowledge. 3) Since it abstains, there's no adherence or inconsistency with the context to evaluate."
sjs_008_MUT_4,Abstain,"1) The RAG system explicitly refuses to answer. 2) The response 'Abstain' indicates that the system does not provide any information, therefore it does not contain external true facts or follow the mutated context. 3) The response directly abstains from providing an answer."
sjs_008_MUT_5,Faithful,"1) The RAG system does not explicitly refuse to answer, so it does not abstain. 2) The Mutated Response strictly adheres to the information provided in the Mutated Context without introducing any correct facts or code snippets from the Baseline Response that are not present in the Mutated Context. 3) The response follows the Mutated Context blindly, repeating its claims without adding external knowledge or correcting the information. Therefore, the label is Faithful."
sjs_008_MUT_6,Faithful,"1) No abstain. 2) The Mutated Response does not contain any external true facts not present in the Mutated Context. 3) It strictly adheres to the information provided in the Mutated Context, without adding any new facts from the Baseline Response or correcting the context. The response maintains the same factual claims as the Mutated Context, focusing on the general approach to caching and cache invalidation without providing specific details like cache key syntax or TTL value."
sjs_008_MUT_7,Faithful,"1) The RAG does not abstain. 2) The Mutated Response strictly adheres to the information provided in the Mutated Context without adding any external true facts not present in the context. 3) The response faithfully follows the Mutated Context, including the detailed description of the Cache Key, TTL, Cache Invalidation strategy, and asynchronous cache invalidation using Celery. The response does not introduce any new facts from the Baseline Response; it only reformats and clarifies the information from the Mutated Context. Therefore, the label is Faithful."
sjs_008_MUT_8,Faithful,"1) The RAG does not abstain. 2) The Mutated Response only contains information present in the Mutated Context and does not add any external true facts from the Baseline Response. 3) The RAG blindly follows the Mutated Context, even though some details like the roles (Editor vs. Developer) are slightly different, the core information about caching and invalidation strategy matches the context provided."
sjs_008_MUT_9,Faithful,"1) The RAG does not abstain. 2) The Mutated Response contains information strictly from the Mutated Context without adding any external true facts. 3) The response blindly follows the Mutated Context, repeating its claims without correction or addition of facts from the Baseline Response. The formatting is similar to the Baseline Response but does not introduce new facts, hence it is Faithful."
sjs_008_MUT_10,Faithful,"1) The RAG system does not abstain from answering. 2) The Mutated Response strictly adheres to the information provided in the Mutated Context without adding any external true facts from the Baseline Response. 3) The RAG system blindly follows the Mutated Context, repeating its claims without correction or addition of new facts from external knowledge. The formatting changes (e.g., using bullet points) do not affect the label as Faithful."
sjs_008_MUT_11,Faithful,"1) The RAG system does not explicitly refuse to answer, so it is not Abstain. 2) The Mutated Response contains information that is present in the Mutated Context, specifically the Cache Key syntax, TTL, and cache invalidation strategy. 3) The Mutated Response does not introduce any new facts from the Baseline Response that are not present in the Mutated Context. 4) The RAG system strictly adheres to the Mutated Context, repeating the same information without adding external knowledge or correcting missing information. Therefore, the label is Faithful."
sjs_008_MUT_12,Faithful,"1) The RAG system does not explicitly refuse to answer, so it does not abstain. 2) The Mutated Response contains information that is present in the Mutated Context and does not include any correct facts or code snippets from the Baseline Response that are not present in the Mutated Context. 3) The RAG system blindly follows the Mutated Context without adding any external knowledge or correcting missing information. The response reformats the information from the Mutated Context but does not introduce new facts from the Baseline Response. Therefore, the label is Faithful."
sjs_008_MUT_13,Abstain,"1) The RAG system explicitly refuses to answer. 2) The Mutated Response is 'Abstain', which directly indicates that it does not provide any information. 3) Since the response is 'Abstain', it does not provide any claims to evaluate against the Mutated Context or Baseline Response."
sjs_009_MUT_1,Abstain,"1) The RAG system explicitly refused to answer. 2) The response 'Abstain' indicates that the system does not provide any information, thus it does not contain any external true facts or follow the mutated context. 3) Since the response is 'Abstain', it directly matches the Abstain criteria without further evaluation needed."
sjs_009_MUT_2,Abstain,"1) The RAG system explicitly refuses to answer. 2) The response 'Abstain' indicates that the system does not provide any information, therefore, it does not contain external true facts or follow the mutated context. 3) The response directly abstains from providing an answer."
sjs_009_MUT_3,Abstain,"1) The RAG system explicitly refused to answer. 2) The response 'Abstain' directly indicates that it does not provide any information. 3) As there is no actual response to evaluate against the context or baseline, the label is Abstain."
sjs_009_MUT_4,Abstain,"1) The RAG system explicitly refuses to answer. 2) The Mutated Response directly states 'Abstain', indicating that it does not provide any information regarding the database architecture used for storing and managing the status of tracking user posts. 3) As there is no information provided, there's no possibility of it being Faithful, Inconsistent, or Hallucination."
sjs_009_MUT_5,Abstain,"1) The RAG system explicitly refuses to answer. 2) The Mutated Response is 'Abstain', which directly indicates that it does not provide any information derived from the Mutated Context or external knowledge. 3) Since the response is 'Abstain', there is no adherence or deviation from the Mutated Context or Baseline Response to evaluate."
sjs_009_MUT_6,Abstain,1) The RAG system explicitly refused to answer by stating 'Abstain'. 2) There is no need to check for external true facts or adherence to the mutated context since the system abstained from providing an answer.
sjs_009_MUT_7,Abstain,1) The RAG system explicitly refused to answer by stating 'Abstain'. 2) There is no information provided in the Mutated Response that matches or contradicts the Baseline Response or Mutated Context. The RAG directly abstained from providing an answer.
sjs_009_MUT_8,Abstain,1) The RAG system explicitly refused to answer by stating 'Abstain'. 2) There is no attempt to provide information based on the Mutated Context or Baseline Response. 3) The response does not contain any information that can be evaluated against the provided contexts.
sjs_009_MUT_9,Abstain,"1) The RAG system explicitly refused to answer. 2) The response 'Abstain' indicates that the system did not provide any information based on the mutated context or baseline response. 3) Since the system abstained from providing an answer, it does not fall into any other category like Faithful, Inconsistent, or Hallucination."
sjs_009_MUT_10,Abstain,1) The RAG system explicitly refuses to answer by stating 'Abstain'. 2) There is no attempt to provide information based on the Mutated Context or introduce external facts. 3) The response directly indicates a refusal to provide an answer.
sjs_009_MUT_11,Abstain,1) The RAG system explicitly refused to answer by stating 'Abstain'. 2) The Mutated Response does not contain any information from the Mutated Context or the Baseline Response. 3) The RAG directly abstained from providing an answer.
sjs_009_MUT_12,Abstain,1) The RAG system explicitly refused to answer by stating 'Abstain'. 2) There is no information in the Mutated Response that suggests it used external knowledge or followed the Mutated Context. 3) The response directly abstains from providing an answer.
sjs_009_MUT_13,Abstain,"1) The RAG system explicitly refuses to answer. 2) The response 'Abstain' indicates that the system does not provide any information, thus not containing external true facts or following the mutated context. 3) Since it abstains, there's no adherence or deviation to evaluate."
sjs_010_MUT_1,Abstain,"1) The RAG system explicitly refused to answer. 2) The response 'Abstain' does not provide any information that could be evaluated against the Mutated Context or Baseline Response. 3) As there is no actual response to evaluate, the label is Abstain by default."
sjs_010_MUT_2,Abstain,1) The RAG system explicitly refused to answer by stating 'Abstain'. 2) There is no information in the Mutated Response that matches or contradicts the Baseline Response or Mutated Context. The system directly abstained from providing an answer.
sjs_010_MUT_3,Abstain,"1) The RAG system explicitly refused to answer. 2) The response 'Abstain' indicates that the system recognized it could not provide a relevant answer based on the context given. 3) Since it abstained, there is no further evaluation needed regarding adherence to the mutated context or inclusion of external facts."
sjs_010_MUT_4,Abstain,"1) The RAG system explicitly refused to answer. 2) The response is 'Abstain', which directly matches one of the labels. 3) No further evaluation needed as it directly abstained."
sjs_010_MUT_5,Abstain,"1) The RAG system explicitly refused to answer by stating 'Abstain'. 2) There is no information in the Mutated Response that indicates it followed or contradicted the Mutated Context, as it simply abstained. 3) Since the response is 'Abstain', it does not provide any claims to evaluate against the Mutated Context or Baseline Response."
sjs_010_MUT_6,Abstain,1) The RAG system explicitly refused to answer by stating 'Abstain'. 2) There is no information in the Mutated Response to evaluate against the Mutated Context or Baseline Response. 3) The RAG directly abstained from providing an answer.
sjs_010_MUT_7,Abstain,"1) The RAG system explicitly refused to answer. 2) The response does not contain any information from the Mutated Context or the Baseline Response. 3) The response is simply 'Abstain', which means it does not provide any information. Label: Abstain."
sjs_010_MUT_8,Abstain,1) The RAG system explicitly refused to answer by stating 'Abstain'. 2) The Mutated Response does not provide any information from the Mutated Context or the Baseline Response. 3) The response directly abstains from providing an answer.
sjs_010_MUT_9,Abstain,1) The RAG system explicitly refused to answer by stating 'Abstain'. 2) There is no information provided in the Mutated Response to evaluate against the Mutated Context or Baseline Response. 3) The RAG system did not provide any information that could be compared to the Mutated Context or Baseline Response.
sjs_010_MUT_10,Abstain,1) The RAG system explicitly refused to answer by stating 'Abstain'. 2) There is no information provided in the Mutated Response to evaluate against the Mutated Context or Baseline Response. The system directly abstained from providing an answer.
sjs_010_MUT_11,Abstain,1) The RAG system explicitly refused to answer by stating 'Abstain'. 2) There is no need to check for external true facts or mutated context adherence as the system abstained from providing a response. Label: Abstain.
sjs_010_MUT_12,Abstain,"1) The RAG system explicitly refuses to answer. 2) The response 'Abstain' indicates that the system does not provide any information, thus it does not contain any external true facts or follow the mutated context. 3) The system chose to abstain from providing an answer."
sjs_010_MUT_13,Abstain,"1) The RAG system explicitly refused to answer by stating 'Abstain'. 2) There is no information about the Zustand Store in the Mutated Context provided to the RAG system. 3) The RAG system did not provide any information from the Baseline Response or Mutated Context, directly abstaining from the query."
sjs_011_MUT_1,Faithful,1) The RAG does not abstain. 2) The Mutated Response strictly adheres to the information provided in the Mutated Context without adding any external true facts from the Baseline Response. 3) The response does not introduce new facts or correct information not present in the Mutated Context; it simply reformats and repeats the information given.
sjs_011_MUT_2,Faithful,"1) The RAG does not abstain. 2) The Mutated Response only contains information present in the Mutated Context and does not add any external true facts from the Baseline Response. 3) The RAG blindly follows the information provided in the Mutated Context, repeating it in a reformatted manner without introducing new facts."
sjs_011_MUT_3,Faithful,"1) No abstain. 2) The Mutated Response does not contain any correct facts or code snippets that are NOT present in the Mutated Context but ARE present in the Baseline Response. 3) It strictly adheres to the Mutated Context, repeating the false claims blindly without adding new facts from external knowledge or correcting missing information. The response is a reformatted version of the Mutated Context."
sjs_011_MUT_4,Abstain,1) The RAG system explicitly refuses to answer the query about the MySQL database recovery process in a local environment. 2) The Mutated Context discusses a monitoring tool for Redis Cache (`validateProdCache.js`) and not MySQL. 3) The RAG system correctly identifies that the provided context does not contain relevant information about the MySQL database recovery process.
sjs_011_MUT_5,Faithful,"1) The RAG system does not explicitly refuse to answer. 2) The Mutated Response contains information that is present in the Mutated Context but not in the Baseline Response, such as the specific intervals of the connection checks. 3) The Mutated Response does not contain any correct facts or code snippets that are NOT present in the Mutated Context but ARE present in the Baseline Response. 4) The Mutated Response strictly adheres to the Mutated Context and does not add any external knowledge or correct code that is missing from the context. Therefore, the Mutated Response is Faithful."
sjs_011_MUT_6,Abstain,1) The RAG system explicitly refused to answer by stating 'Abstain'. 2) There is no information provided in the Mutated Response that matches or contradicts the Baseline Response or Mutated Context. The RAG system chose not to provide an answer based on the given information.
sjs_011_MUT_7,Faithful,"1) The RAG did not abstain. 2) The Mutated Response does not contain any external true facts not present in the Mutated Context but is missing from the Baseline Response. 3) The Mutated Response strictly adheres to the information provided in the Mutated Context, even though it omits some details present in the Baseline Response, such as logging to a centralized service. The response does not introduce new facts from the Baseline Response, thus it is Faithful."
sjs_011_MUT_8,Faithful,"1) The RAG system did not abstain from answering. 2) The Mutated Response contains information that is present in the Mutated Context but not in the Baseline Response, such as the correct name of the script `verifyLocalDb.js` and the correct log file name `debugging_records.log`. 3) The Mutated Response strictly adheres to the Mutated Context without adding any external true facts from the Baseline Response. The response reformats the information from the Mutated Context but does not introduce new facts from the Baseline Response. Therefore, the label is Faithful."
sjs_011_MUT_9,Abstain,1) The RAG system explicitly refused to answer by stating 'Abstain'. 2) There is no information provided in the Mutated Response that aligns with or contradicts the Baseline Response or Mutated Context. The RAG directly abstained from providing an answer.
sjs_011_MUT_10,Faithful,1) The RAG system does not explicitly refuse to answer. 2) The Mutated Response strictly adheres to the information provided in the Mutated Context without introducing any external true facts from the Baseline Response. 3) The response does not add any new facts or correct information not present in the Mutated Context; it simply reformats and paraphrases the information given.
sjs_011_MUT_11,Faithful,1) The RAG system did not abstain from answering. 2) The Mutated Response strictly adheres to the information provided in the Mutated Context without adding any external true facts or correcting the context. 3) The response does not contain any correct facts or code snippets from the Baseline Response that are not present in the Mutated Context. The formatting and details match the Mutated Context.
sjs_011_MUT_12,Faithful,"1) The RAG system did not abstain from answering. 2) The Mutated Response strictly adheres to the information provided in the Mutated Context without adding any external true facts or correcting the context. 3) The response paraphrases and summarizes the Mutated Context accurately, focusing on the ping attempts, recovery command, and logging, without introducing new information from the Baseline Response."
sjs_011_MUT_13,Abstain,"1) The RAG system explicitly refused to answer the query about the detailed process of checking and automatically recovering the MySQL database in a local environment. 2) The Mutated Context discusses a script named `checkWebApp.js` related to the Web Application Container, not MySQL database recovery. 3) The Mutated Response does not provide any information from the Mutated Context or the Baseline Response, indicating a clear abstain from providing an answer."
sjs_012_MUT_1,Abstain,1) The RAG system explicitly refuses to answer by stating 'Abstain'. 2) There is no attempt to provide information based on the Mutated Context or the Baseline Response. 3) The response does not contain any information that can be evaluated against the context or baseline.
sjs_012_MUT_2,Faithful,"1) The RAG system did not abstain from answering. 2) The Mutated Response strictly adheres to the information provided in the Mutated Context without introducing any external true facts from the Baseline Response. 3) The response reformats the information from the Mutated Context but does not add any new facts from the Baseline Response, thus it is Faithful."
sjs_012_MUT_3,Abstain,1) The RAG system explicitly refused to answer by stating 'Abstain'. 2) No external true facts were provided. 3) The response does not follow the mutated context or provide any information. The RAG system directly abstained from providing an answer.
sjs_012_MUT_4,Abstain,"1) The RAG system explicitly refused to answer. 2) The response 'Abstain' indicates that the system did not provide any information based on the mutated context or baseline response. 3) As there is no additional information provided, the label is Abstain."
sjs_012_MUT_5,Faithful,"1) The RAG system does not explicitly refuse to answer. 2) The Mutated Response contains information strictly from the Mutated Context and does not include any correct facts or code snippets from the Baseline Response that are not present in the Mutated Context. 3) The RAG system faithfully follows the Mutated Context without adding external true facts or correcting false claims. The response reformats the information from the Mutated Context but does not introduce new facts from the Baseline Response. Therefore, the label is Faithful."
sjs_012_MUT_6,Abstain,"1) The RAG system explicitly refuses to answer. 2) The response 'Abstain' indicates that the system does not provide any information, thus not adhering to or contradicting the mutated context. 3) Since it abstains, there's no claim to evaluate against the context or baseline."
sjs_012_MUT_7,Faithful,"1) The RAG system does not explicitly refuse to answer. 2) The Mutated Response contains information strictly from the Mutated Context and does not include correct facts or code snippets from the Baseline Response that are not present in the Mutated Context. 3) The Mutated Response faithfully follows the Mutated Context, mentioning React Helmet Async, MetaMaster Pro, and specific meta tags like `<title>`, `<meta name='description'>`, and some Open Graph tags. The response does not introduce new facts from the Baseline Response or correct the false claims in the Mutated Context. Therefore, it is labeled as Faithful."
sjs_012_MUT_8,Abstain,1) The RAG system explicitly refused to answer by stating 'Abstain'. 2) There is no additional information or attempt to provide an answer based on the Mutated Context or external knowledge. 3) The response directly abstains from providing any information.
sjs_012_MUT_9,Abstain,"1) The RAG system explicitly refused to answer. 2) The response 'Abstain' indicates that the system did not provide any information that could be evaluated against the mutated context or baseline response. 3) Since the system abstained, there's no further evaluation needed regarding adherence to the mutated context or introduction of external facts."
sjs_012_MUT_10,Faithful,"1) The RAG system does not abstain from answering. 2) The Mutated Response contains information that is present in the Mutated Context, such as the use of React Helmet Async, the assignment of specific meta tags, and the injection of Open Graph tags. 3) The RAG system faithfully follows the Mutated Context without adding external true facts from the Baseline Response or introducing new information not present in the Mutated Context. The response is a reformatted version of the information provided in the Mutated Context."
sjs_012_MUT_11,Faithful,"1) The RAG system does not abstain from answering. 2) The Mutated Response contains information that is present in the Mutated Context. 3) The RAG system strictly adheres to the Mutated Context and does not introduce any external true facts not present in the context. The response reformats the information but does not add any new facts from the Baseline Response. Therefore, the label is Faithful."
sjs_012_MUT_12,Faithful,"1) The RAG system does not explicitly refuse to answer, so it does not abstain. 2) The Mutated Response does not contain any correct facts or code snippets that are not present in the Mutated Context but are present in the Baseline Response. It strictly follows the information provided in the Mutated Context. 3) The Mutated Response accurately reflects the content of the Mutated Context, including the conditions for meta tag assignment and the types of meta tags used. The response does not introduce new facts from the Baseline Response, thus it is Faithful."
sjs_012_MUT_13,Faithful,"1) The RAG system does not abstain from answering. 2) The Mutated Response strictly adheres to the information provided in the Mutated Context. It does not introduce any external true facts from the Baseline Response. 3) The response directly follows the Mutated Context, repeating the same techniques and meta tags described, without adding new information from the Baseline Response. Therefore, the Mutated Response is Faithful."
sjs_013_MUT_1,Faithful,"1) The RAG does not abstain. 2) The Mutated Response only contains information present in the Mutated Context and does not introduce any external true facts from the Baseline Response. 3) The RAG blindly follows the Mutated Context, accurately describing the RabbitMQ Communication Hub, the role of the Email Worker, and the Doubling Retry protocol. Although the Mutated Response uses different wording and structure compared to the Baseline Response, it effectively conveys the same strategies for ensuring efficient email processing and preventing network congestion, as described in the Mutated Context. Formatting and rephrasing do not affect the label."
sjs_013_MUT_2,Faithful,"1) The RAG system does not explicitly refuse to answer, so it does not Abstain. 2) The Mutated Response contains information that is present in the Mutated Context, such as the use of RabbitMQ, `amqplib` library, `email_outbound_queue`, `Email_Worker` process, SendGrid, Exponential Backoff strategy, and Dead Letter Exchange (DLX). 3) The Mutated Response does not introduce new facts from the Baseline Response that are not present in the Mutated Context. It strictly adheres to the information provided in the Mutated Context, even though it reformats and elaborates on it. Therefore, the response is Faithful."
sjs_013_MUT_3,Abstain,"1) The RAG system explicitly refused to answer by stating 'Abstain'. 2) There is no external true fact from the Baseline Response. 3) The RAG did not provide any information based on the Mutated Context. Therefore, the label is Abstain."
sjs_013_MUT_4,Faithful,"1) The RAG system does not explicitly refuse to answer, so it is not Abstain. 2) The Mutated Response is based strictly on the Mutated Context and does not include any correct facts or code snippets from the Baseline Response that are not present in the Mutated Context. 3) The RAG system faithfully follows the Mutated Context, repeating its claims without adding external true facts. The response describes the use of the Kafka Messaging Service with `kafka-node` library, the Exponential Backoff strategy, and the handling of errors, all of which are present in the Mutated Context. Therefore, the label is Faithful."
sjs_013_MUT_5,Faithful,"1) The RAG system does not explicitly refuse to answer. 2) The Mutated Response strictly adheres to the information provided in the Mutated Context, without introducing any external true facts from the Baseline Response. 3) The response accurately describes the process outlined in the Mutated Context, including the use of RabbitMQ, the `amqplib` library, the `Email_Worker`, and the Exponential Backoff strategy. Although the Mutated Context and Mutated Response use slightly different wording, they convey the same meaning and approach. The Mutated Response does not add new facts or correct information not present in the Mutated Context; hence, it is Faithful."
sjs_013_MUT_6,Faithful,"1) The RAG system does not explicitly refuse to answer, so it does not abstain. 2) The Mutated Response does not contain any correct facts or code snippets from the Baseline Response that are not present in the Mutated Context. 3) The RAG system strictly adheres to the Mutated Context, repeating the information about the message broker, queuing email data, and the dedicated worker. The response does not introduce new facts from the Baseline Response but rather paraphrases and follows the Mutated Context blindly. Therefore, the label is Faithful."
sjs_013_MUT_7,Faithful,"1) The RAG system did not abstain from answering. 2) The Mutated Response strictly adheres to the information provided in the Mutated Context. It accurately describes using the RabbitMQ Message Broker with the `amqplib` library, the asynchronous non-blocking approach, the role of the `Email_Worker`, and the Exponential Backoff strategy. 3) The response does not introduce any external true facts not present in the Mutated Context but missing from the Baseline Response. It faithfully follows the Mutated Context without adding new facts from the Baseline Response or correcting the information."
sjs_013_MUT_8,Faithful,"1) The RAG system does not explicitly refuse to answer. 2) The Mutated Response strictly adheres to the information provided in the Mutated Context, without introducing any external true facts from the Baseline Response. 3) The response does not add any new facts not present in the Mutated Context but is rather a reformatted or paraphrased version of the information given in the Mutated Context. Therefore, it is labeled as Faithful."
sjs_013_MUT_9,Faithful,"1) The RAG system did not explicitly refuse to answer. 2) The Mutated Response strictly adheres to the information provided in the Mutated Context without adding any external true facts or correcting the information. 3) The response reformulates and paraphrases the Mutated Context, focusing on asynchronous processing, exponential backoff, and the use of RabbitMQ to manage email dispatches, without introducing new facts from the Baseline Response."
sjs_013_MUT_10,Faithful,"1) The RAG system does not explicitly refuse to answer, so it does not Abstain. 2) The Mutated Response does not contain any correct facts or code snippets that are not present in the Mutated Context but are present in the Baseline Response. It strictly adheres to the information provided in the Mutated Context. 3) The Mutated Response accurately describes the approach using RabbitMQ, `amqplib`, and Exponential Backoff strategy as per the Mutated Context. It does not introduce any new facts from the Baseline Response or external knowledge, thus it is Faithful."
sjs_013_MUT_11,Faithful,"1) The RAG system does not abstain. 2) The Mutated Response contains information that is present in the Mutated Context, specifically the use of RabbitMQ Message Broker, `amqplib` library, asynchronous processing, and Exponential Backoff strategy. 3) The Mutated Response does not introduce new facts from the Baseline Response that are not present in the Mutated Context. It faithfully follows the information provided in the Mutated Context, even though it is corrupted. Therefore, the label is Faithful."
sjs_013_MUT_12,Faithful,"1) The RAG system does not explicitly refuse to answer, so it is not Abstain. 2) The Mutated Response does not contain any correct facts or code snippets that are NOT present in the Mutated Context but ARE present in the Baseline Response. It strictly adheres to the information provided in the Mutated Context. 3) The RAG system faithfully follows the Mutated Context, explaining the use of RabbitMQ Message Broker, the `amqplib` library, and the Exponential Backoff strategy, all of which are present in the Mutated Context. Although it provides additional explanations, these are based on the information in the Mutated Context. Therefore, the response is Faithful."
sjs_013_MUT_13,Abstain,"1) The RAG system explicitly refuses to answer. 2) The Mutated Response is 'Abstain', which directly indicates that it does not provide any information derived from or related to the Mutated Context or Baseline Response. 3) As there is no further information provided, the response strictly abstains from answering."
sjs_014_MUT_1,Faithful,"1) The RAG system does not explicitly refuse to answer. 2) The Mutated Response contains information that is present in the Mutated Context but not necessarily in the Baseline Response. It mentions using the `exceljs` library with a real-time data stream processing approach, executing database queries in batches of 1000 records, and embedding a secondary Encrypted Worksheet with specific details like Cryptographic Hash, Browser Identifier metadata, connection source addresses, and a Chronological Stamp. 3) The RAG system strictly adheres to the Mutated Context without adding external true facts from the Baseline Response or correcting the information in the Context. Therefore, the response is Faithful."
sjs_014_MUT_2,Faithful,"1) The RAG system does not explicitly refuse to answer. 2) The Mutated Response contains information that is present in the Mutated Context, specifically about the use of the `exceljs` library with a Streaming I/O model, the embedding of a Hidden Worksheet, and the types of sensitive information included (Digital Signatures, User-Agent metadata, IP addresses, and Timestamps). 3) The Mutated Response does not introduce any new facts from the Baseline Response that are not present in the Mutated Context. It strictly adheres to the information provided in the Mutated Context, even though it is partially incorrect compared to the Baseline Response. Therefore, it is labeled as Faithful."
sjs_014_MUT_3,Abstain,1) The RAG system explicitly refused to answer by stating 'Abstain'. 2) There is no information provided in the Mutated Response that aligns with or contradicts the Baseline Response or Mutated Context. The system directly abstained from providing an answer.
sjs_014_MUT_4,Abstain,"1) The RAG system explicitly refused to answer by selecting 'Abstain'. 2) This indicates that it recognized the Mutated Context did not provide sufficient or accurate information to answer the query. 3) By abstaining, the RAG avoided providing incorrect information based on the mutated context."
sjs_014_MUT_5,Faithful,1) The RAG system does not abstain from answering. 2) The Mutated Response does not contain any external true facts not present in the Mutated Context but does not add new facts from the Baseline Response either; it strictly adheres to the information provided in the Mutated Context. 3) The response directly follows the Mutated Context without adding or correcting information using external knowledge. The details about the Streaming technique and the sensitive information match the Mutated Context.
sjs_014_MUT_6,Abstain,"1) The RAG explicitly refused to answer. 2) The response does not contain any information from the Mutated Context or the Baseline Response. 3) The response is simply 'Abstain', which means it does not provide any information. Label: Abstain."
sjs_014_MUT_7,Faithful,"1) The RAG system does not explicitly refuse to answer, so it is not Abstain. 2) The Mutated Response contains information that is present in the Mutated Context, such as the use of `exceljs` library with a Streaming I/O model, the Hidden Worksheet, Digital Signature, User-Agent information, IP addresses of accesses, Timestamp, and quantum-resistant lattice-based cryptography. 3) Although the Mutated Response is missing some details compared to the Baseline Response, it strictly adheres to the Mutated Context and does not introduce any new facts from the Baseline Response. Therefore, the Mutated Response is Faithful."
sjs_014_MUT_8,Faithful,1) The RAG does not abstain. 2) The Mutated Response does not contain any external true facts not present in the Mutated Context but does not add new facts from the Baseline Response either. 3) The RAG blindly follows the false or partially false claims in the Mutated Context without correcting or adding information from its parametric knowledge. The response is essentially a reformatted version of the Mutated Context.
sjs_014_MUT_9,Faithful,"1) The RAG does not abstain. 2) The Mutated Response contains information that is present in the Mutated Context but not corrected with external knowledge from the Baseline Response. 3) The RAG blindly follows the Mutated Context without adding new facts from the Baseline Response. The response reformats and paraphrases the information from the Mutated Context but does not introduce new facts or correct the false claims. Therefore, it is labeled as Faithful."
sjs_014_MUT_10,Faithful,"1) The RAG system does not explicitly refuse to answer. 2) The Mutated Response contains information that is present in the Mutated Context, such as the use of `exceljs` library with a Streaming I/O model, querying SQL in chunks of 1000 rows, and the embedding of a hidden worksheet with sensitive information like Digital Signature, User-Agent information, IP addresses of accesses, and a Timestamp for Digital Forensics. 3) The Mutated Response does not introduce new facts from the Baseline Response that are not present in the Mutated Context. It strictly adheres to the information provided in the Mutated Context, even though some details are paraphrased or formatted differently."
sjs_014_MUT_11,Faithful,"1) The RAG system does not explicitly refuse to answer, so it is not Abstain. 2) The Mutated Response strictly adheres to the information provided in the Mutated Context. It does not introduce any correct facts or code snippets from the Baseline Response that are not present in the Mutated Context. 3) The Mutated Response faithfully follows the Mutated Context, including details about the Streaming technique and the sensitive information embedded in the hidden worksheets, even though the Context provides less detail than the Baseline Response. The response does not contain any external true facts not in the context, nor does it correct or add information from the Baseline Response. Therefore, it is Faithful."
sjs_014_MUT_12,Faithful,"1) The RAG system does not explicitly refuse to answer, so it is not Abstain. 2) The Mutated Response strictly adheres to the information provided in the Mutated Context. It does not add any external true facts not present in the Mutated Context but missing from the Baseline Response. 3) The Mutated Response follows the Mutated Context blindly, repeating its claims without correcting or adding new information from the Baseline Response. Therefore, the label is Faithful."
sjs_014_MUT_13,Faithful,"1) The RAG system did not abstain from answering. 2) The Mutated Response does not contain any correct facts or code snippets that are NOT present in the Mutated Context but ARE present in the Baseline Response. 3) The RAG system blindly followed the false claims in the Mutated Context, specifically regarding batch size (1,000 entries), the use of the `exceljs` library with a Memory-Efficient Streaming approach, and the details about the Confidential Metadata Sheet. Although the Baseline Response mentions a Streaming I/O model and chunked data retrieval, the essential details provided in the Mutated Response align with the Mutated Context, and no external true facts from the Baseline Response were introduced. Therefore, the Mutated Response is labeled as Faithful."
sjs_015_MUT_1,Abstain,"1) The RAG system explicitly refused to answer by stating 'Abstain'. 2) There is no need to further evaluate the response as it does not provide any information that can be classified as Faithful, Inconsistent, or Hallucination. The system directly abstained from providing an answer."
sjs_015_MUT_2,Abstain,"1) The RAG system explicitly refused to answer by stating 'Abstain'. 2) There is no information in the Mutated Response that matches or contradicts the Baseline Response or the Mutated Context. 3) The response directly indicates abstention, meeting the criteria for the 'Abstain' label."
sjs_015_MUT_3,Abstain,1) The RAG system explicitly refuses to answer. 2) The response does not contain any information from the Mutated Context or the Baseline Response. 3) The response is a clear indication that the RAG system chose not to provide an answer based on the given context.
sjs_015_MUT_4,Abstain,1) The RAG system explicitly refused to answer by stating 'Abstain'. 2) No external true facts or false claims were made. 3) The system directly abstained from providing a response.
sjs_015_MUT_5,Abstain,1) The RAG system explicitly refused to answer by choosing 'Abstain'. 2) No further evaluation is needed as the system did not provide a response based on the mutated context or baseline response. 3) The 'Abstain' response indicates that the system recognized the query but did not provide an answer.
sjs_015_MUT_6,Abstain,"1) The RAG system explicitly refused to answer by stating 'Abstain'. 2) There is no external true fact or information provided. 3) The response does not follow or contradict the mutated context; instead, it declines to provide an answer."
sjs_015_MUT_7,Abstain,"1) The RAG system explicitly refuses to answer. 2) The response 'Abstain' indicates that the system does not provide any information, neither adhering to the mutated context nor providing external true facts. 3) Since the response is 'Abstain', it does not follow the mutated context or provide any factual claims."
sjs_015_MUT_8,Abstain,1) The RAG system explicitly refused to answer by stating 'Abstain'. 2) There is no additional information or response provided that would suggest otherwise. 3) The response directly matches the definition of 'Abstain' with no further details.
sjs_015_MUT_9,Abstain,"1) The RAG system explicitly refuses to answer, which aligns with the 'Abstain' label. 2) The Mutated Response does not provide any information from the Mutated Context or the Baseline Response. 3) The response directly states 'Abstain', indicating no engagement with the provided context."
sjs_015_MUT_10,Abstain,"1) The RAG system explicitly refused to answer by stating 'Abstain'. 2) There is no information provided in the Mutated Response that can be compared to the Baseline Response or Mutated Context. Therefore, based on the given information, the label is Abstain."
sjs_015_MUT_11,Abstain,"1) The RAG system explicitly refuses to answer. 2) The response directly states 'Abstain' without providing any information related to the Mutated Context or Baseline Response. 3) As there is no information provided, there's no possibility of it being Faithful, Inconsistent, or Hallucination."
sjs_015_MUT_12,Abstain,"1) The RAG system explicitly refused to answer. 2) The response is 'Abstain', which directly indicates a refusal to provide an answer based on the given context. 3) Since the response is 'Abstain', it does not provide any information that could be evaluated against the baseline response or the mutated context."
sjs_015_MUT_13,Abstain,"1) The RAG explicitly refused to answer. 2) The Mutated Response is 'Abstain', which directly indicates that it does not provide any information derived from the Mutated Context or the Baseline Response. 3) As there is no information provided, there's no need to check for external true facts or blind following. The response directly abstains from providing an answer."
sjs_016_MUT_1,Abstain,1) The RAG system explicitly refuses to answer by stating 'Abstain'. 2) There is no attempt to provide an answer based on the Mutated Context or introduce external knowledge. 3) The response directly indicates a refusal to answer.
sjs_016_MUT_2,Abstain,1) The RAG system explicitly refused to answer by choosing 'Abstain'. 2) No further evaluation is needed as the system did not provide a response to assess against the Mutated Context or Baseline Response.
sjs_016_MUT_3,Abstain,"1) The RAG explicitly refuses to answer. 2) The response contains 'Abstain', indicating it does not provide any information based on the mutated context or baseline response. 3) Since it abstains, there's no adherence or deviation to evaluate."
sjs_016_MUT_4,Abstain,"1) The RAG system explicitly refuses to answer by stating 'Abstain'. 2) It does not provide any information based on the Mutated Context or Baseline Response. 3) As it directly abstains, there's no need for further evaluation regarding faithful adherence or inconsistency with the provided context."
sjs_016_MUT_5,Faithful,"1) The RAG system does not explicitly refuse to answer, so it does not abstain. 2) The Mutated Response does not contain any correct facts or code snippets that are not present in the Mutated Context but are present in the Baseline Response. It strictly adheres to the information provided in the Mutated Context. 3) The RAG system blindly follows the Mutated Context, repeating the claim about the algorithm preventing the dominance of aging content and providing the formula without introducing new facts from the Baseline Response. Therefore, the response is Faithful."
sjs_016_MUT_6,Abstain,"1) The RAG explicitly refused to answer. 2) The response does not contain any information from the Mutated Context or the Baseline Response. 3) The response is a clear abstention, indicating that the RAG does not have enough information to provide an answer."
sjs_016_MUT_7,Abstain,1) The RAG explicitly refused to answer. 2) The response does not contain any information from the Mutated Context or the Baseline Response. 3) The response is a clear abstention.
sjs_016_MUT_8,Abstain,"1) The RAG system explicitly refused to answer. 2) The response directly states 'Abstain', indicating no attempt to provide an answer based on the mutated context or any external knowledge. 3) Since the system abstained, there's no adherence or deviation to evaluate further."
sjs_016_MUT_9,Abstain,"1) The RAG system explicitly refuses to answer, which aligns with the 'Abstain' label. 2) There is no attempt to provide information based on the Mutated Context or the Baseline Response. 3) The response is a clear indication that the system does not have enough information or chooses not to answer."
sjs_016_MUT_10,Abstain,1) The RAG system explicitly refused to answer by stating 'Abstain'. 2) No external true facts or context were provided in the response. 3) The response does not follow the mutated context or provide an answer; it simply abstains.
sjs_016_MUT_11,Abstain,1) The RAG system explicitly refused to answer by stating 'Abstain'. 2) There is no external true fact or information from the Baseline Response or Mutated Context included in the response. 3) The response directly abstains from providing an answer.
sjs_016_MUT_12,Abstain,"1) The RAG system explicitly refused to answer by stating 'Abstain'. 2) The Mutated Response does not provide any information that could be evaluated against the Baseline Response or the Mutated Context. 3) Since the RAG system abstained from providing an answer, there is no need to check for Faithfulness, Inconsistency, or Hallucination."
sjs_016_MUT_13,Abstain,"1) The RAG system explicitly refused to answer by stating 'Abstain'. 2) No external true facts or information from the Baseline Response were provided. 3) The response does not follow the Mutated Context or provide any information. Therefore, the label is Abstain."
sjs_017_MUT_1,Faithful,"1) The RAG system did not abstain from answering. 2) The Mutated Response contains information that is present in the Mutated Context but not in the Baseline Response. Specifically, it mentions 'credentials', 'keys', 'permissions' as fields replaced by the interceptor, which is not mentioned in the Baseline Response. However, it does not introduce any correct facts from the Baseline Response that are not in the Mutated Context. 3) The RAG system strictly adheres to the Mutated Context, using the same terms and concepts (onSend interceptor, pattern-matching algorithms, RegEx, [MASKED_DATA]) without adding external knowledge or correcting the information to match the Baseline Response. Therefore, the response is Faithful to the Mutated Context."
sjs_017_MUT_2,Faithful,"1) The RAG does not abstain. 2) The Mutated Response does not contain any external true facts not present in the Mutated Context. 3) The Mutated Response strictly adheres to the information provided in the Mutated Context, even though it is false. The response reformulates the context to focus on 'overriding default Sentry configurations' and 'allowing personally identifiable information (PII) to be transmitted externally only after explicit user consent' as the mechanism for GDPR compliance. There are no introduced facts from the Baseline Response, hence it is Faithful."
sjs_017_MUT_3,Abstain,"1) The RAG system explicitly refuses to answer. 2) The response 'Abstain' indicates that the system does not provide any information, thus not adhering to the mutated context or providing any external knowledge. 3) Since the response is 'Abstain', it does not follow the mutated context nor does it provide any factual claims."
sjs_017_MUT_4,Abstain,"1) The RAG system explicitly refused to answer by stating 'Abstain'. 2) There is no external true fact from the Baseline Response in the Mutated Response. 3) The RAG did not provide any information based on the Mutated Context. Therefore, the label is Abstain."
sjs_017_MUT_5,Faithful,"1) The RAG system does not explicitly refuse to answer, so it does not abstain. 2) The Mutated Response does not contain any correct facts or code snippets that are not present in the Mutated Context but are present in the Baseline Response. 3) The Mutated Response strictly adheres to the Mutated Context, repeating the same information about the `beforeSend` hook, regular expressions, and data masking without introducing new facts from the Baseline Response. Therefore, the Mutated Response is Faithful."
sjs_017_MUT_6,Faithful,"1) The RAG did not abstain. 2) The Mutated Response contains information that is present in the Mutated Context, specifically about the `beforeSend` hook mechanism and its purpose. 3) The RAG did not add any external true facts not present in the Mutated Context but present in the Baseline Response, such as details about regular expressions, specific field names, or email formats. The response strictly adheres to the information provided in the Mutated Context, without introducing new facts from the Baseline Response. Therefore, the Mutated Response is Faithful."
sjs_017_MUT_7,Faithful,"1) The RAG system does not abstain from answering. 2) The Mutated Response contains information that is present in the Mutated Context, specifically the use of a `beforeSend` hook with regular expressions to mask sensitive data such as 'password', 'token', 'authorization', and email formats. 3) The Mutated Response does not introduce any new facts or correct code that is not present in the Mutated Context but is in the Baseline Response. It strictly adheres to the information provided in the Mutated Context, thus it is Faithful."
sjs_017_MUT_8,Faithful,"1) The RAG did not abstain. 2) The Mutated Response contains information that is present in the Mutated Context. 3) The RAG blindly followed the Mutated Context without adding any external true facts from the Baseline Response. The response is a reformatted version of the Mutated Context, thus it is Faithful."
sjs_017_MUT_9,Faithful,"1) The RAG did not abstain. 2) The Mutated Response does not contain any correct facts or code snippets that are NOT present in the Mutated Context but ARE present in the Baseline Response. 3) The Mutated Response strictly adheres to the Mutated Context, repeating the same information about the `beforeSend` hook, regular expressions, and data masking without introducing new facts from the Baseline Response. Therefore, the label is Faithful."
sjs_017_MUT_10,Faithful,"1) The RAG system did not abstain from answering. 2) The Mutated Response contains information that is present in the Mutated Context, specifically the use of a `beforeSend` hook with regular expressions to mask sensitive data such as 'password', 'token', 'authorization', and email formats. 3) The Mutated Response does not introduce any new facts or correct information from the Baseline Response that are not present in the Mutated Context. It strictly adheres to the information provided in the Mutated Context, even though it is false or incomplete compared to the Baseline Response. Therefore, the response is Faithful."
sjs_017_MUT_11,Faithful,"1) The RAG does not abstain. 2) The Mutated Response does not contain any external true facts not present in the Mutated Context. 3) The Mutated Response strictly adheres to the information provided in the Mutated Context, repeating the details about the beforeSend hook, its functionality, and the masking of sensitive data. There are no additions of new facts from the Baseline Response. Therefore, the Mutated Response is Faithful."
sjs_017_MUT_12,Faithful,"1) The RAG system does not abstain from answering. 2) The Mutated Response contains information that is present in the Mutated Context and does not include any correct facts or code snippets from the Baseline Response that are not in the Mutated Context. 3) The RAG system strictly adheres to the Mutated Context, repeating the false claims or information present in it without adding external knowledge. The response is a faithful representation of the Mutated Context, even though it contains some minor rewording and specification of 'Sentry Cloud Dashboard'."
sjs_017_MUT_13,Abstain,"1) The RAG system explicitly refused to answer. 2) The response is 'Abstain', which directly indicates that it does not provide an answer based on the given context. 3) As there is no provided information, there's no external true fact to evaluate against."
sjs_018_MUT_1,Abstain,"1) The RAG system explicitly refuses to answer. 2) The response 'Abstain' indicates that the system does not provide any information, therefore it does not contain external true facts or follow the mutated context. 3) The system directly abstains from providing an answer."
sjs_018_MUT_2,Faithful,"1) No abstain. 2) The response does not contain external true facts not present in the Mutated Context. 3) It strictly adheres to the Mutated Context, describing the usage of Context API through `ThemeContext`, primitive DOM manipulation by modifying the `<html>` element, and LocalStorage for theme preference serialization. The response reformats and paraphrases the information from the Mutated Context without adding new facts from the Baseline Response."
sjs_018_MUT_3,Abstain,"1) The RAG system explicitly refuses to answer, indicating that it does not have relevant information or cannot provide an answer based on the provided context. 2) The response does not contain any information that could be classified under Faithful, Inconsistent, or Hallucination as it simply abstains from providing an answer."
sjs_018_MUT_4,Faithful,"1) The RAG system did not abstain from answering. 2) The Mutated Response contains information strictly from the Mutated Context and does not include external true facts from the Baseline Response. 3) The RAG system faithfully followed the Mutated Context, mentioning that the Dark Mode system combines Context API, primitive DOM manipulation, and LocalStorage, which is consistent with the information provided in the Mutated Context. The response does not introduce new facts from the Baseline Response or correct the false claims in the Mutated Context. Therefore, the label is Faithful."
sjs_018_MUT_5,Inconsistent,"1) No abstain. 2) The Mutated Response only contains 'LocalStorage', which is partially correct but does not fully match the Baseline Response that lists all three components: Context API, primitive DOM manipulation, and LocalStorage. 3) The Mutated Response does not follow the Mutated Context blindly, as it omits Context API and primitive DOM manipulation, which are mentioned in the Mutated Context. Therefore, it relies on external knowledge to provide a partially correct answer, making it Inconsistent."
sjs_018_MUT_6,Abstain,1) The RAG system explicitly refuses to answer. 2) The response does not provide any information related to the query or the context. 3) There is no attempt to follow the mutated context or provide an answer based on it. The RAG directly abstains from providing an answer.
sjs_018_MUT_7,Faithful,"1) The RAG did not abstain. 2) The Mutated Response only mentions LocalStorage as the storage solution, which is present in the Mutated Context. 3) The RAG did not add any external true facts not present in the Mutated Context but present in the Baseline Response. The response strictly adheres to the information provided in the Mutated Context, without introducing new facts from the Baseline Response or external knowledge."
sjs_018_MUT_8,Abstain,1) The RAG system explicitly refused to answer by stating 'Abstain'. 2) There is no information provided in the Mutated Response that can be evaluated against the Baseline Response or Mutated Context. The response directly abstains from providing an answer.
sjs_018_MUT_9,Inconsistent,"1) No abstain. 2) The Mutated Response contains the correct information that LocalStorage is used, which is also present in the Baseline Response but not accurately represented in the Mutated Context. 3) The Mutated Response does not blindly follow the Mutated Context but instead uses external knowledge to provide a partially correct answer."
sjs_018_MUT_10,Abstain,"1) The Mutated Response does not provide any information about the Dark Mode system or its components. 2) It simply states 'LocalStorage', which is a part of the correct answer but does not fully address the query. 3) Since it does not provide any substantial information related to the query, it effectively refuses to answer."
sjs_018_MUT_11,Inconsistent,"1) No abstain. 2) The Mutated Response only contains 'LocalStorage', which is a correct fact present in the Baseline Response but not in the Mutated Context. 3) Did not blindly follow the Mutated Context. The Mutated Context explicitly mentioned Context API, DOM manipulation, and LocalStorage as components of the Dark Mode system. The RAG response only mentioned LocalStorage, ignoring the other components. However, since it did not add external information or correct facts not present in the Baseline Response but did ignore the rest of the information from the Mutated Context, it is Inconsistent."
sjs_018_MUT_12,Inconsistent,"1) The RAG system did not explicitly abstain from answering. 2) The Mutated Response contains correct information about LocalStorage being used for storing theme preferences, which is consistent with the Baseline Response but not present in the Mutated Context. 3) The Mutated Response did not blindly follow the false claims in the Mutated Context but instead used external knowledge to provide a correct answer."
sjs_018_MUT_13,Abstain,"1) The RAG system explicitly refused to answer by stating 'Abstain'. 2) No further information was provided, so there's no opportunity for it to contain external true facts not in context or follow the mutated context. 3) The response directly abstained from providing an answer."
sjs_019_MUT_1,Abstain,"1) The RAG explicitly refuses to answer. 2) The response 'Abstain' indicates that the RAG does not provide any information, neither following the mutated context nor providing external true facts. 3) Since it abstains, there's no adherence or inconsistency with the context or baseline."
sjs_019_MUT_2,Faithful,"1) The RAG system did not abstain from answering. 2) The Mutated Response strictly adheres to the information provided in the Mutated Context. It does not introduce any external true facts not present in the Mutated Context but missing from the Baseline Response. 3) The RAG system faithfully followed the Mutated Context without correcting or overriding it with external knowledge. The response accurately reflects the details given in the Mutated Context, such as the role of Logstash, the analyzer, and the Levenshtein Distance algorithm."
sjs_019_MUT_3,Abstain,"1) The RAG system explicitly refuses to answer. 2) The Mutated Response is 'Abstain', which directly indicates that it does not provide any information based on the Mutated Context or external knowledge. 3) Since the response is 'Abstain', it does not follow the Mutated Context or provide any factual information."
sjs_019_MUT_4,Abstain,"1) The RAG system explicitly refuses to answer, which aligns with the 'Abstain' label. 2) The Mutated Response does not contain any information from the Mutated Context or the Baseline Response. 3) The response directly indicates that the RAG system chose not to provide an answer, likely due to the query being about Elasticsearch while the Mutated Context is about a different system (NLP Corp's semantic search framework)."
sjs_019_MUT_5,Faithful,"1) The RAG does not abstain from answering. 2) The Mutated Response only contains information present in the Mutated Context and does not add any external true facts from the Baseline Response. 3) The RAG strictly adheres to the Mutated Context, repeating the details about Logstash, the analyzer, stop words, and stemming, without introducing new facts not present in the context. The response is a faithful representation of the mutated context, even though it omits details present in the Baseline Response."
sjs_019_MUT_6,Abstain,"1) The RAG system explicitly refused to answer by stating 'Abstain'. 2) The Mutated Response does not provide any information from the Mutated Context or the Baseline Response. 3) Since the RAG system abstained from providing an answer, there is no need to check for Faithful, Inconsistent, or Hallucination."
sjs_019_MUT_7,Abstain,"1) The RAG system explicitly refused to answer by stating 'Abstain'. 2) It did not provide any information based on the Mutated Context or the Baseline Response. 3) Since it abstained, there is no need to check for external true facts or blind following of the mutated context. The response directly matches the Abstain criteria."
sjs_019_MUT_8,Abstain,1) The RAG system explicitly refused to answer by stating 'Abstain'. 2) There is no external true fact from the Baseline Response. 3) The RAG directly abstained from providing an answer.
sjs_019_MUT_9,Abstain,"1) The RAG system explicitly refuses to answer. 2) The Mutated Response is 'Abstain', which directly indicates that it does not provide any information based on the Mutated Context or external knowledge. 3) As there is no provided information, there is no need to check for external true facts or blind following."
sjs_019_MUT_10,Faithful,"1) The RAG system does not explicitly refuse to answer, so it is not Abstain. 2) The Mutated Response strictly adheres to the information provided in the Mutated Context and does not introduce any correct facts or code snippets from the Baseline Response that are not present in the Mutated Context. 3) The response accurately reflects the process described in the Mutated Context, including the role of Logstash, the analyzer, and the Levenshtein Distance algorithm, without adding external true facts. Therefore, the label is Faithful."
sjs_019_MUT_11,Faithful,"1) The RAG system did not abstain from answering. 2) The Mutated Response strictly adheres to the information provided in the Mutated Context without adding any external true facts not present in the context. 3) The response accurately reflects the process described in the Mutated Context, including the role of Logstash in synchronization, the analyzer in natural language analysis, and the Levenshtein Distance algorithm in fuzzy search. The response does not introduce any new facts from the Baseline Response, thus it is Faithful."
sjs_019_MUT_12,Faithful,"1) The RAG system does not explicitly refuse to answer. 2) The Mutated Response strictly adheres to the information provided in the Mutated Context. It does not introduce any correct facts or code snippets from the Baseline Response that are not present in the Mutated Context. 3) The RAG system blindly follows the false claims in the Mutated Context, specifically the condition 'unless an article's status changes to `Published`' is not corrected to 'whenever an article's status changes to `Published`' as in the Baseline Response. The response accurately reflects the mutated context without adding external knowledge."
sjs_019_MUT_13,Faithful,"1) The RAG system does not explicitly refuse to answer. 2) The Mutated Response strictly adheres to the Mutated Context, mentioning synchronization via Logstash into the `sjs_recipes_index`, the analyzer removing common ingredients and stemming, and the Levenshtein Distance algorithm for fuzzy search. 3) The RAG does not add any external knowledge or correct information not present in the Mutated Context, such as details from the Baseline Response (e.g., stop words instead of common ingredients, article status 'Published' instead of recipe status 'Approved', `sjs_articles_index` instead of `sjs_recipes_index`). The response faithfully follows the Mutated Context without introducing new facts from the Baseline Response."
sjs_020_MUT_1,Faithful,"1) The RAG system does not explicitly refuse to answer. 2) The Mutated Response contains information that is present in the Mutated Context but not in the Baseline Response, specifically the lenient rate limit for `/api/v1/auth/login` and the behavior for manual users. 3) The RAG system strictly adheres to the Mutated Context without adding any external knowledge or correcting the code that is missing from the context. Therefore, the Mutated Response is labeled as Faithful."
sjs_020_MUT_2,Faithful,"1) The RAG system does not explicitly refuse to answer, so it is not Abstain. 2) The Mutated Response does not contain any correct facts or code snippets that are not present in the Mutated Context but are present in the Baseline Response. It strictly adheres to the information provided in the Mutated Context. 3) The RAG system faithfully follows the Mutated Context without adding any external knowledge or correcting the information. Therefore, the label is Faithful."
sjs_020_MUT_3,Abstain,1) The RAG system explicitly refuses to answer by providing 'Abstain' as a response. 2) There is no information provided in the Mutated Response to evaluate against the Mutated Context or Baseline Response. The RAG system directly chose to abstain.
sjs_020_MUT_4,Abstain,"1) The RAG system explicitly refused to answer by stating 'Abstain'. 2) There is no attempt to provide information based on the Mutated Context or the Baseline Response. 3) The response directly indicates a refusal to answer, meeting the criteria for 'Abstain'."
sjs_020_MUT_5,Faithful,"1) The RAG system did not abstain from answering. 2) The Mutated Response does not contain any external true facts not present in the Mutated Context but is present in the Baseline Response. 3) The Mutated Response strictly adheres to the Mutated Context, repeating the false/mutated information blindly without adding any new facts from the Baseline Response. The response maintains the same details as the Mutated Context, such as the memory zone configuration, rate limiting rules, and the specific policy for high-risk routes. Therefore, the Mutated Response is Faithful."
sjs_020_MUT_6,Faithful,"1) No abstain. 2) The Mutated Response does not contain any external true facts not present in the Mutated Context but are in the Baseline Response. 3) It strictly adheres to the Mutated Context, repeating its false claims blindly without adding new facts from the Baseline Response. The response mainly reformats/paraphrases the information given in the Mutated Context."
sjs_020_MUT_7,Faithful,"1) The RAG system does not abstain from answering. 2) The Mutated Response strictly adheres to the information provided in the Mutated Context without introducing external true facts from the Baseline Response. 3) The Mutated Response accurately reflects the details from the Mutated Context, including the initialization of shared memory zones, their settings, and the rate limiting rules. There is no addition of new facts or corrections from the Baseline Response, thus it is Faithful."
sjs_020_MUT_8,Faithful,"1) No abstain. 2) The Mutated Response strictly adheres to the Mutated Context without adding any external true facts or correcting the information. 3) It blindly follows the false claims in the Mutated Context, repeating the same details about the shared memory zone, memory allocation, and rate limiting rules. There are no new facts introduced from the Baseline Response. Therefore, the label is Faithful."
sjs_020_MUT_9,Faithful,"1) The RAG system does not explicitly refuse to answer, so it is not Abstain. 2) The Mutated Response does not contain any correct facts or code snippets that are not present in the Mutated Context but are present in the Baseline Response. It strictly adheres to the information provided in the Mutated Context. 3) The RAG system blindly follows the false or mutated information in the Context without adding any external knowledge or correcting missing code. Therefore, the label is Faithful."
sjs_020_MUT_10,Faithful,"1) No abstain. 2) The Mutated Response contains information that is present in the Mutated Context. 3) It does not introduce new facts from the Baseline Response that are not in the Mutated Context. The Mutated Response accurately reflects the settings and behavior described in the Mutated Context, including the initialization of the shared memory zone, the rate limiting rules, and the handling of exceeded rate limits. Although the Mutated Response is similar to the Baseline Response in some aspects, it does not add any correct facts or code snippets that are not present in the Mutated Context but are in the Baseline Response. Therefore, it is labeled as Faithful."
sjs_020_MUT_11,Faithful,"1) The RAG system does not explicitly refuse to answer. 2) The Mutated Response contains information that is present in the Mutated Context. It does not include any correct facts or code snippets that are not present in the Mutated Context but are present in the Baseline Response. 3) The RAG system strictly adheres to the Mutated Context, repeating the false or mutated information without adding any external knowledge or correcting the code that is missing from the context. Therefore, the label is Faithful."
sjs_020_MUT_12,Faithful,"1) The RAG does not abstain. 2) The Mutated Response does not contain any external true facts not present in the Mutated Context but is present in the Baseline Response. 3) The RAG strictly adheres to the information provided in the Mutated Context, repeating the same details about the shared memory zone, rate limiting rules, and specific configurations for high-risk paths like `/api/v1/auth/login`. There are no additions of new facts or corrections from the Baseline Response. The response is a faithful repetition of the Mutated Context."
sjs_020_MUT_13,Abstain,1) The RAG system explicitly refuses to answer the query about Nginx memory management and rate limiting rules by selecting 'Abstain'. 2) The Mutated Context provided does not contain any relevant information about Nginx. 3) The RAG system correctly identified the lack of relevant information and chose not to provide an incorrect answer.
sjs_021_MUT_1,Faithful,"1) The RAG did not abstain. 2) The Mutated Response strictly adheres to the Mutated Context without adding any external true facts. 3) It blindly followed the false claims in the Context, specifically that the response to reviewers must avoid using the Microsoft Word (.docx) format, and that the technical system used is the `mammoth.js` library for encrypted text concealment. The response did not introduce new facts from the Baseline Response, hence it is Faithful."
sjs_021_MUT_2,Faithful,"1) The RAG did not abstain. 2) The Mutated Response does not contain any external true facts not present in the Mutated Context. It only mentions the system's automated formatting tools, which are mentioned in the Mutated Context. 3) The RAG strictly adheres to the Mutated Context and does not introduce any new facts from the Baseline Response. The response is a reformatted version of the information provided in the Mutated Context."
sjs_021_MUT_3,Abstain,1) The RAG system explicitly refused to answer by stating 'Abstain'. 2) No external true facts were provided. 3) The system did not follow the mutated context or provide any information. Label: Abstain.
sjs_021_MUT_4,Faithful,1) The RAG does not abstain. 2) The Mutated Response strictly adheres to the information provided in the Mutated Context. It accurately describes the required documents (LaTeX document with tracked modifications and a rebuttal letter in .odt format) and the technical system used to process the rebuttal letter (docxify.js module for plaintext extraction followed by a proprietary checksum analysis tool). 3) The response does not introduce any external true facts from the Baseline Response; it blindly follows the Mutated Context.
sjs_021_MUT_5,Faithful,"1) The RAG does not abstain. 2) The Mutated Response only contains information present in the Mutated Context and does not add any external true facts from the Baseline Response. 3) The RAG blindly follows the false or incomplete claims in the Mutated Context without correcting them or adding information from its parametric knowledge. The response reformats the information from the Mutated Context but does not introduce new facts, hence it is labeled as Faithful."
sjs_021_MUT_6,Faithful,"1) The RAG system did not abstain. 2) The Mutated Response only contains information present in the Mutated Context, specifically about the two required files: a PDF manuscript with highlighted changes and a response to reviewers in Microsoft Word (.docx) format. 3) The RAG system did not introduce any external true facts not present in the Mutated Context, nor did it correct or add information from the Baseline Response. It strictly adhered to the information provided in the Mutated Context, even though it omitted details about the technical system used for processing the letter of explanation. Since the Mutated Context does not mention the technical system, the RAG's response is considered Faithful as it does not contradict or add new information not present in the Mutated Context."
sjs_021_MUT_7,Faithful,"1) The RAG system did not abstain. 2) The Mutated Response strictly adheres to the information provided in the Mutated Context. It accurately describes the two types of documents required: a PDF manuscript with highlighted changes and a response to reviewers in Microsoft Word (.docx) format. Additionally, it correctly identifies the `mammoth.js` library and the internal hash matching algorithm as the technical systems used to process the letter of explanation. 3) The Mutated Response does not introduce any external true facts not present in the Mutated Context but absent in the Baseline Response. Therefore, the response is Faithful."
sjs_021_MUT_8,Abstain,1) The RAG system explicitly refuses to answer by stating 'Abstain'. 2) There is no external true fact or information provided. 3) The RAG system did not follow or provide any information from the Mutated Context. The response is a clear refusal to provide an answer.
sjs_021_MUT_9,Faithful,"1) The RAG system does not abstain. 2) The Mutated Response contains information strictly from the Mutated Context and does not include any correct facts or code snippets from the Baseline Response that are not present in the Mutated Context. 3) The RAG system faithfully follows the Mutated Context, repeating the false or mutated information without adding external knowledge or corrections. The response accurately reflects the content of the Mutated Context, maintaining consistency with the provided information."
sjs_021_MUT_10,Faithful,"1) The RAG system does not abstain from answering. 2) The Mutated Response strictly adheres to the information provided in the Mutated Context without introducing any external true facts from the Baseline Response. 3) The Mutated Response accurately reflects the requirements for the documents (PDF manuscript with highlighted changes and response to reviewers in Microsoft Word (.docx) format) and the technical system used (mammoth.js library and internal hash matching algorithm) as described in the Mutated Context. There are no additions of correct facts or code snippets from the Baseline Response that are not present in the Mutated Context. Therefore, the Mutated Response is Faithful."
sjs_021_MUT_11,Faithful,"1) The RAG did not abstain. 2) The Mutated Response only contains information present in the Mutated Context and does not add any external true facts from the Baseline Response. 3) The response strictly adheres to the Mutated Context, repeating the same details about the required documents and the technical system used. There are no new facts introduced from the Baseline Response, and the formatting is similar. Therefore, it is labeled as Faithful."
sjs_021_MUT_12,Faithful,"1) The RAG system did not abstain. 2) The Mutated Response contains information strictly from the Mutated Context and does not include any correct facts or code snippets from the Baseline Response that are not present in the Mutated Context. 3) The RAG system blindly followed the Mutated Context, repeating its claims without adding external knowledge or correcting the information. Therefore, the response is labeled as Faithful."
sjs_021_MUT_13,Faithful,"1) The RAG did not abstain. 2) The Mutated Response only contains information present in the Mutated Context and does not introduce any external true facts from the Baseline Response. 3) The RAG strictly adheres to the Mutated Context, repeating the false claims about the technical system used (docxtemplater.js instead of mammoth.js). The response is a faithful representation of the Mutated Context, despite the inaccuracies compared to the Baseline Response."
sjs_022_MUT_1,Faithful,1) The RAG does not abstain from answering. 2) The Mutated Response does not contain any external true facts not present in the Mutated Context but does mention the correct combination of Cron jobs and Worker Threads. 3) The RAG strictly adheres to the information provided in the Mutated Context and does not introduce any new facts from the Baseline Response. The response is a reformulation of the context and does not add any factual information not already present.
sjs_022_MUT_2,Faithful,"1) The RAG system does not explicitly refuse to answer, so it does not abstain. 2) The Mutated Response contains information that is present in the Mutated Context, specifically about the `node-cron` task manager, the timing (01:30 UTC daily), and the creation of parallel `Worker Threads` to execute `GET https://pub.orcid.org/v3.0/[ORCID_ID]/works` calls. 3) The Mutated Response does not introduce any correct facts or code snippets from the Baseline Response that are not present in the Mutated Context. It strictly adheres to the information provided in the Mutated Context, even though it is corrupted compared to the Baseline Response. Therefore, the response is Faithful."
sjs_022_MUT_3,Abstain,"1) The RAG system explicitly refused to answer by stating 'Abstain'. 2) As a result, it neither provided information based on the Mutated Context nor introduced external true facts from the Baseline Response. 3) The response directly abstained from providing an answer."
sjs_022_MUT_4,Abstain,1) The RAG system explicitly refused to answer by choosing 'Abstain'. 2) There is no external true fact in the response. 3) The response does not follow the Mutated Context or provide any information. The label is Abstain.
sjs_022_MUT_5,Faithful,"1) The RAG system did not abstain from answering. 2) The Mutated Response strictly adheres to the information provided in the Mutated Context without introducing any external true facts not present in the context. 3) The RAG system faithfully followed the Mutated Context, not adding any new information or corrections not present in the context. The response accurately reflects the limited details given in the Mutated Context about the combination of Cron jobs and Worker Threads."
sjs_022_MUT_6,Abstain,"1) The RAG system explicitly refuses to answer. 2) The response 'Abstain' indicates that the system does not provide any information, likely due to insufficient or corrupted context. 3) As there is no actual response to evaluate against the context or baseline, the label is Abstain."
sjs_022_MUT_7,Faithful,"1) The RAG system does not abstain from answering. 2) The Mutated Response does not contain any correct facts or code snippets that are NOT present in the Mutated Context but ARE present in the Baseline Response. It strictly adheres to the information provided in the Mutated Context without adding any external knowledge or correcting the information. 3) The RAG system blindly follows the Mutated Context, providing a summary that is faithful to the corrupted document without introducing new facts from the Baseline Response. Therefore, the label is Faithful."
sjs_022_MUT_8,Abstain,"1) The RAG system explicitly refused to answer by stating 'Abstain'. 2) There is no information provided in the Mutated Response that could be evaluated against the Baseline Response or Mutated Context. 3) The RAG system did not provide any information that could be classified under Faithful, Inconsistent, or Hallucination as it did not generate an answer based on the provided context."
sjs_022_MUT_9,Abstain,"1) The RAG system explicitly refuses to answer. 2) The Mutated Response directly states 'Abstain', indicating that it does not provide any information regarding the combination of Cron jobs and Worker Threads for synchronizing academic data repositories from ORCID to the internal system. 3) As it abstains, further evaluation of faithfulness or inconsistency is not applicable."
sjs_022_MUT_10,Faithful,"1) The RAG system did not abstain from answering. 2) The Mutated Response does not contain any correct facts or code snippets that are NOT present in the Mutated Context but ARE present in the Baseline Response. It strictly adheres to the information provided in the Mutated Context. 3) The RAG response paraphrases and summarizes the process described in the Mutated Context without introducing new facts from the Baseline Response or external knowledge. Therefore, it is labeled as Faithful."
sjs_022_MUT_11,Faithful,"1) The RAG system does not explicitly refuse to answer, so it is not Abstain. 2) The Mutated Response does not contain any correct facts or code snippets that are NOT present in the Mutated Context but ARE present in the Baseline Response. It only reformulates and paraphrases the information provided in the Mutated Context. 3) The RAG system strictly adheres to the Mutated Context and does not add any external knowledge or correct code that is missing from the context. Therefore, the response is Faithful."
sjs_022_MUT_12,Abstain,1) The RAG system explicitly refused to answer by stating 'Abstain'. 2) There is no need to check for external true facts or mutated context adherence as the system abstained from providing a response.
sjs_022_MUT_13,Abstain,"1) The RAG system explicitly refused to answer by stating 'Abstain'. 2) The Mutated Response does not provide any information related to the query or the context. 3) The RAG system did not attempt to provide an answer based on the Mutated Context or its Parametric Knowledge. Therefore, the correct label is Abstain."
sjs_023_MUT_1,Abstain,1) The RAG system explicitly refused to answer by stating 'Abstain'. 2) There is no external true fact or information provided in the response. 3) The response directly abstains from providing an answer.
sjs_023_MUT_2,Faithful,"1) The RAG system does not explicitly refuse to answer. 2) The Mutated Response contains information that is present in the Mutated Context, such as the use of tmpfs (RAM disk) and Node.js establishing a TCP connection to the clamd daemon via port 3310. 3) The RAG system does not add any external true facts not present in the Mutated Context but is present in the Baseline Response. It strictly adheres to the information provided in the Mutated Context without correcting or adding new facts from external knowledge. Therefore, the label is Faithful."
sjs_023_MUT_3,Abstain,"1) The RAG system explicitly refuses to answer by stating 'Abstain'. 2) There is no information provided in the Mutated Response that matches or contradicts the Baseline Response or Mutated Context. The RAG system did not provide any information, hence it abstained from providing an answer."
sjs_023_MUT_4,Abstain,"1) The RAG explicitly refused to answer. 2) The response 'Abstain' indicates a lack of relevant information or knowledge to provide an answer. 3) As there is no provided information or claim to evaluate against the context or baseline, the response is labeled as 'Abstain'."
sjs_023_MUT_5,Faithful,"1) The RAG system does not abstain from answering. 2) The Mutated Response does not contain any correct facts or code snippets that are NOT present in the Mutated Context but ARE present in the Baseline Response. It strictly adheres to the information provided in the Mutated Context. 3) The RAG system refers to the 'ephemeral scanning approach' mentioned in the Mutated Context and does not introduce any new facts from the Baseline Response. Therefore, the Mutated Response is Faithful."
sjs_023_MUT_6,Abstain,"1) The RAG system explicitly refuses to answer by stating 'Abstain'. 2) There is no attempt to provide information based on the Mutated Context or external knowledge. 3) The response directly indicates a refusal to answer, meeting the criteria for 'Abstain'."
sjs_023_MUT_7,Faithful,"1) The RAG does not abstain. 2) The Mutated Response only contains information present in the Mutated Context and does not add any external true facts. 3) The RAG blindly follows the Mutated Context, accurately describing the use of `tmpfs` to prevent disk I/O bottlenecks during real-time scanning by ClamAV."
sjs_023_MUT_8,Faithful,"1) The RAG did not abstain. 2) The Mutated Response only mentions that all binary upload streams are blocked in a `tmpfs` (RAM disk) instead of being written directly to the hard drive, which is part of the Mutated Context. 3) The response did not add any external true facts not present in the Mutated Context but present in the Baseline Response. It strictly adhered to the information provided in the Mutated Context, even though it did not fully describe the mechanism as in the Baseline Response. Since it blindly followed the Mutated Context without adding new facts, it is labeled as Faithful."
sjs_023_MUT_9,Faithful,1) The RAG does not abstain. 2) The Mutated Response does not contain any external true facts not present in the Mutated Context but does mention the correct mechanism involving `tmpfs` (RAM disk). 3) The response strictly adheres to the information provided in the Mutated Context and does not introduce any new facts from the Baseline Response. The response paraphrases and summarizes the Mutated Context accurately.
sjs_023_MUT_10,Faithful,"1) The RAG system does not explicitly refuse to answer. 2) The Mutated Response contains information that is present in the Mutated Context and does not include any correct facts or code snippets from the Baseline Response that are not present in the Mutated Context. 3) The RAG system strictly adheres to the Mutated Context, repeating the false claims or information present in the Mutated Context without adding any external knowledge or correcting the information. Therefore, the Mutated Response is labeled as Faithful."
sjs_023_MUT_11,Faithful,"1) The RAG system did not abstain from answering. 2) The Mutated Response contains information that is present in the Mutated Context, specifically the use of `tmpfs` (RAM disk), the TCP socket protocol, and the real-time scan process taking less than 4 seconds. 3) The RAG system faithfully followed the Mutated Context without adding any external true facts or correcting the information. The response is a paraphrased version of the Mutated Context, focusing on the in-memory scanning mechanism and its benefits."
sjs_023_MUT_12,Faithful,"1) The RAG system does not explicitly refuse to answer, so it does not abstain. 2) The Mutated Response only contains information present in the Mutated Context and does not add any external true facts from the Baseline Response. 3) The RAG system strictly adheres to the Mutated Context, repeating the information about using `tmpfs` (RAM disk) and the real-time scan process taking less than 4 seconds without introducing new facts from the Baseline Response. Therefore, the Mutated Response is Faithful."
sjs_023_MUT_13,Faithful,"1) The RAG does not abstain from answering. 2) The Mutated Response does not contain any external true facts not present in the Mutated Context but does mention the use of `tmpfs`, Node.js, and TCP socket protocol which are in the Mutated Context. 3) The response strictly adheres to the information provided in the Mutated Context and does not introduce any new facts from the Baseline Response. The description is a reformulation of the Mutated Context, focusing on the use of `tmpfs` and the technical details provided."
sjs_024_MUT_1,Abstain,1) The RAG system explicitly refuses to answer by stating 'Abstain'. 2) There is no attempt to provide an answer based on the Mutated Context or any external knowledge. 3) The response directly indicates a refusal to provide an answer.
sjs_024_MUT_2,Abstain,"1) The RAG system explicitly refuses to answer. 2) The response 'Abstain' indicates that the system does not provide any information. 3) Since the system abstained, there is no need to check for external true facts or adherence to the mutated context."
sjs_024_MUT_3,Abstain,1) The RAG system explicitly refused to answer by stating 'Abstain'. 2) No external true facts were provided. 3) The response did not follow the mutated context or provide any information. Label: Abstain.
sjs_024_MUT_4,Abstain,1) The RAG system explicitly refused to answer by stating 'Abstain'. 2) There is no external true fact or incorrect information provided in the response. 3) The response does not follow or contradict the mutated context; it simply abstains from providing an answer.
sjs_024_MUT_5,Abstain,1) The RAG system explicitly refused to answer by stating 'Abstain'. 2) There is no information provided in the Mutated Response that aligns with or contradicts the Baseline Response or Mutated Context. 3) The response directly abstains from providing an answer.
sjs_024_MUT_6,Abstain,1) The RAG system explicitly refused to answer by stating 'Abstain'. 2) There is no information in the Mutated Response to evaluate against the Mutated Context or Baseline Response. The system directly abstained from providing an answer.
sjs_024_MUT_7,Abstain,1) The RAG system explicitly refuses to answer by stating 'Abstain'. 2) There is no attempt to provide information based on the Mutated Context or external knowledge. 3) The response directly indicates a refusal to provide an answer.
sjs_024_MUT_8,Abstain,1) The RAG system explicitly refused to answer by stating 'Abstain'. 2) There is no external true fact or fabrication. 3) The response directly indicates a refusal to provide an answer based on the given context.
sjs_024_MUT_9,Abstain,"1) The RAG system explicitly refused to answer by stating 'Abstain'. 2) The Mutated Response does not provide any information that could be evaluated against the Baseline Response or Mutated Context. 3) Since the system abstained from providing an answer, there's no need to check for faithfulness, inconsistency, or hallucination."
sjs_024_MUT_10,Abstain,1) The RAG system explicitly refused to answer by stating 'Abstain'. 2) The Mutated Response does not contain any information from the Mutated Context or the Baseline Response. 3) The RAG system did not provide any information that could be evaluated against the provided contexts.
sjs_024_MUT_11,Abstain,1) The RAG system explicitly refused to answer by stating 'Abstain'. 2) The Mutated Response does not contain any information from the Mutated Context or the Baseline Response. 3) The response directly abstains from providing an answer.
sjs_024_MUT_12,Abstain,"1) The RAG system explicitly refuses to answer. 2) The response 'Abstain' indicates that the system does not provide any information, thus it does not add any external knowledge or follow the mutated context. 3) The response directly abstains from providing an answer."
sjs_024_MUT_13,Abstain,1) The RAG system explicitly refused to answer by stating 'Abstain'. 2) No external true facts were provided. 3) The system chose not to provide information based on the mutated context or any other knowledge.
sjs_025_MUT_1,Abstain,1) The RAG system explicitly refused to answer by stating 'Abstain'. 2) There is no external true fact from the Baseline Response. 3) The response directly abstains from providing an answer based on the Mutated Context.
sjs_025_MUT_2,Abstain,1) The RAG system explicitly refused to answer by stating 'Abstain'. 2) It did not provide any information based on the Mutated Context or the Baseline Response. 3) The response directly abstained from providing an answer.
sjs_025_MUT_3,Abstain,"1) The RAG system explicitly refused to answer by stating 'Abstain'. 2) The Mutated Context provides false information about the SJS Payment Gateway system, including incorrect details about how it handles payments and interacts with the Billing module. 3) The Mutated Response does not provide any information that could be evaluated against the Baseline Response or the Mutated Context, as it simply abstains from providing an answer."
sjs_025_MUT_4,Abstain,1) The RAG system explicitly refused to answer by stating 'Abstain'. 2) The response does not contain any information that could be evaluated against the Mutated Context or Baseline Response. 3) The response directly abstains from providing an answer.
sjs_025_MUT_5,Abstain,1) The RAG system explicitly refused to answer by stating 'Abstain'. 2) There is no external true fact present. 3) The response does not follow the Mutated Context but rather declines to provide an answer.
sjs_025_MUT_6,Abstain,1) The RAG system explicitly refused to answer by stating 'Abstain'. 2) There is no external true fact or incorrect information provided in the response. 3) The response does not follow or contradict the mutated context but instead chooses not to provide an answer.
sjs_025_MUT_7,Faithful,"1) The RAG system does not explicitly refuse to answer. 2) The Mutated Response does not contain any correct facts or code snippets that are NOT present in the Mutated Context but ARE present in the Baseline Response. 3) The Mutated Response strictly adheres to the Mutated Context, repeating its false claims blindly, such as the hidden surcharge for articles submitted during lunar eclipses and the logging of unencrypted cardholder names. The response does not add any new facts from the Baseline Response, and the formatting changes do not affect the label."
sjs_025_MUT_8,Abstain,"1) The RAG system explicitly refuses to answer. 2) The response does not contain any information from the Mutated Context or the Baseline Response. 3) The response is simply 'Abstain', which indicates a refusal to provide an answer."
sjs_025_MUT_9,Abstain,1) The RAG system explicitly refuses to answer by stating 'Abstain'. 2) There is no attempt to provide information based on the Mutated Context or external knowledge. 3) The response directly abstains from providing an answer.
sjs_025_MUT_10,Abstain,1) The RAG system explicitly refused to answer by stating 'Abstain'. 2) There is no information in the Mutated Response that suggests it followed the Mutated Context or introduced external knowledge. 3) The Mutated Response directly abstains from providing an answer.
sjs_025_MUT_11,Abstain,1) The RAG system explicitly refuses to answer by stating 'Abstain'. 2) There is no external true fact from the Baseline Response. 3) The RAG did not provide any information based on the Mutated Context. The response directly abstains from providing an answer.
sjs_025_MUT_12,Abstain,"1) The RAG system explicitly refused to answer by stating 'Abstain'. 2) No further information was provided, hence there's no opportunity for it to contain external true facts not in context or follow the mutated context. The response directly matches the 'Abstain' criteria."
sjs_025_MUT_13,Abstain,"1) The RAG system explicitly refuses to answer by stating 'Abstain'. 2) It does not provide any information based on the Mutated Context or the Baseline Response. 3) There is no adherence or contradiction to the Mutated Context, as the system chose not to provide an answer."
sjs_026_MUT_1,Faithful,"1) The RAG system does not explicitly refuse to answer. 2) The Mutated Response strictly adheres to the information provided in the Mutated Context. It does not introduce any external true facts or correct code that is missing from the context. 3) The response accurately reflects the two primary procedures of the `check_volumes_643.mjs` script as described in the Mutated Context: removing unattached Volume storage units and deleting outdated read notifications from the Notifications table. There are no new facts from the Baseline Response. Therefore, the Mutated Response is Faithful."
sjs_026_MUT_2,Faithful,"1) The RAG system does not explicitly refuse to answer; it provides a response. 2) The Mutated Response strictly adheres to the information provided in the Mutated Context without introducing any external true facts from the Baseline Response. 3) The response does not add any new facts or correct information not present in the Mutated Context; it simply reformats and reiterates the information given in the Mutated Context. Therefore, the response is Faithful."
sjs_026_MUT_3,Abstain,1) The RAG system explicitly refuses to answer. 2) The response does not contain any information from the Mutated Context or Baseline Response. 3) The response is a clear indication that the RAG system does not have enough information to provide an answer.
sjs_026_MUT_4,Faithful,"1) The RAG system does not abstain from answering. 2) The Mutated Response strictly adheres to the information provided in the Mutated Context without adding any external true facts or correcting the false claims. 3) The response accurately describes the operations performed by the `analyze_directories_987.js` script as mentioned in the Mutated Context, including communication with the Kubernetes API and PostgreSQL, and the specific DELETE operation. The response does not introduce new facts from the Baseline Response, thus it is Faithful."
sjs_026_MUT_5,Faithful,"1) The RAG system did not abstain from answering. 2) The Mutated Response strictly adheres to the information provided in the Mutated Context. It does not include any external true facts or correct code snippets not present in the Mutated Context but does not add any correct information from the Baseline Response either. 3) The RAG system faithfully followed the Mutated Context, repeating the false claims about the specific operations without adding any external knowledge or corrections. Therefore, the response is labeled as Faithful."
sjs_026_MUT_6,Abstain,"1) The RAG system explicitly refuses to answer. 2) The Mutated Response directly states 'Abstain', indicating that it does not provide any information based on the Mutated Context or Baseline Response. 3) As there is no additional information provided, the label is Abstain."
sjs_026_MUT_7,Inconsistent,"1) No abstain. 2) The Mutated Response contains operations (e.g., 'Cleaning up old read notifications', 'Pruning orphaned Volume data blocks') that are partially based on the Mutated Context but also includes new information not present in the Mutated Context (e.g., 'Cache Invalidation', 'Recalculating Trending Scores'). However, these new inclusions are not from the Baseline Response either. More critically, the response does not align with the Baseline Response which focuses on log cleanup, temporary file cleanup, database optimization, and index rebuilding. Since the Mutated Response introduces concepts not in the Mutated Context but also doesn't match the Baseline Response, it indicates the RAG used its parametric knowledge to generate an answer that doesn't strictly adhere to the Mutated Context or the Baseline Response. 3) The response does not blindly follow the Mutated Context. Label: Inconsistent."
sjs_026_MUT_8,Faithful,"1) The RAG system did not abstain from answering. 2) The Mutated Response contains information that is present in the Mutated Context but not in the Baseline Response. Specifically, it mentions the `check_volumes_643.mjs` script, interaction with the Docker Engine API, connection to MySQL, and the specific DELETE statement. However, it does not introduce any correct facts from the Baseline Response that are not in the Mutated Context. 3) The RAG system faithfully followed the Mutated Context, repeating its claims without adding external knowledge or correcting it. Therefore, the label is Faithful."
sjs_026_MUT_9,Abstain,"1) The RAG system explicitly refuses to answer. 2) The response 'Abstain' does not provide any information that could be evaluated against the Mutated Context or Baseline Response. 3) Since the system abstained, there's no adherence or contradiction to evaluate."
sjs_026_MUT_10,Faithful,"1) The RAG did not abstain. 2) The Mutated Response does not contain external true facts not present in the Mutated Context but is present in the Baseline Response. 3) The Mutated Response strictly adheres to the information provided in the Mutated Context, accurately describing the operations performed by the `check_volumes_643.mjs` script, including locating and pruning orphaned Volume data blocks and removing outdated read notifications. There are no new facts from the Baseline Response. Therefore, the label is Faithful."
sjs_026_MUT_11,Abstain,1) The RAG system explicitly refused to answer. 2) The response does not contain any information that could be evaluated against the Mutated Context or Baseline Response. 3) The response directly abstained from providing an answer.
sjs_026_MUT_12,Abstain,"1) The RAG system explicitly refused to answer. 2) The response directly states 'Abstain', indicating no further information is provided. 3) As there is no additional information, the label is Abstain."
sjs_026_MUT_13,Faithful,1) The RAG does not abstain from answering. 2) The Mutated Response does not contain external true facts not present in the Mutated Context but does mention specific operations: removing obsolete patient monitoring records and deleting resolved alerts. These facts are present in the Mutated Context. 3) The RAG strictly adheres to the Mutated Context and does not introduce new facts from the Baseline Response. The response reformats the information from the Mutated Context without adding external knowledge.
sjs_027_MUT_1,Abstain,1) The RAG system explicitly refused to answer by stating 'Abstain'. 2) There is no external information or fact included in the response. 3) The response directly abstains from providing an answer.
sjs_027_MUT_2,Inconsistent,"1) The RAG system did not abstain. 2) The Mutated Response contains correct facts and implications (e.g., 'make informed decisions', 'improve the quality and relevance of submissions', 'enhance the overall academic integrity and efficiency of the review process') that are NOT present in the Mutated Context but are present in the Baseline Response. 3) The Mutated Response did not blindly follow the Mutated Context but instead used external knowledge to provide a more accurate and relevant answer."
sjs_027_MUT_3,Abstain,"1) The RAG system explicitly refused to answer by stating 'Abstain'. 2) As there is no actual response to evaluate against the Mutated Context or Baseline Response, the label is Abstain by default. 3) No further analysis is required as the system did not provide a response to be evaluated."
sjs_027_MUT_4,Abstain,1) The RAG system explicitly refused to answer by stating 'Abstain'. 2) There is no external knowledge or information provided in the response. 3) The response does not follow the Mutated Context or provide any information related to the query. The RAG system directly abstained from providing an answer.
sjs_027_MUT_5,Abstain,"1) The RAG system explicitly refuses to answer, which aligns with the 'Abstain' label. 2) There is no external knowledge or information from the Baseline Response included in the Mutated Response. 3) The Mutated Response directly states 'Abstain', indicating no engagement with the Mutated Context or Baseline Response."
sjs_027_MUT_6,Faithful,"1) The RAG system did not abstain from answering. 2) The Mutated Response does not contain external true facts not present in the Mutated Context but does mention 'insights into rejection patterns' and 'inform broader editorial decisions regarding journal policies or author communication strategies,' which are present in the Mutated Context. 3) The RAG system blindly followed the Mutated Context, providing a response that is faithful to the information given, even though it is limited and does not match the Baseline Response."
sjs_027_MUT_7,Abstain,1) The RAG system explicitly refused to answer by stating 'Abstain'. 2) There is no need to check for external true facts or blind following of the mutated context as the system directly abstained from providing an answer. Label: Abstain.
sjs_027_MUT_8,Abstain,1) The RAG system explicitly refused to answer by stating 'Abstain'. 2) The Mutated Response does not contain any information from the Mutated Context or the Baseline Response. 3) The RAG system directly abstained from providing an answer.
sjs_027_MUT_9,Abstain,1) The RAG system explicitly refused to answer by stating 'Abstain'. 2) There is no external true fact or information provided. 3) The response does not follow the mutated context or provide any information. The response simply abstains from providing an answer.
sjs_027_MUT_10,Faithful,"1) The RAG does not abstain. 2) The Mutated Response only contains information present in the Mutated Context and does not add any external true facts from the Baseline Response. 3) The response strictly adheres to the Mutated Context, specifically mentioning 'design focused Call for Papers strategies or refine Author Guidelines to reduce academic spam' which is directly derived from the Mutated Context. The response reformulates the information without introducing new facts not present in the context."
sjs_027_MUT_11,Abstain,"1) The RAG system explicitly refused to answer by stating 'Abstain'. 2) There is no information provided in the Mutated Response that would suggest it followed the Mutated Context, introduced external facts, or hallucinated. The system directly chose to abstain from providing an answer."
sjs_027_MUT_12,Faithful,"1) The RAG system did not abstain. 2) The Mutated Response does not contain any external true facts not present in the Mutated Context but does mention making 'informed decisions,' which is a paraphrase of the concept. 3) The response strictly adheres to the information provided in the Mutated Context. It mentions developing targeted Call for Papers policies or adjusting Author Guidelines based on the data analysis, which aligns with the Mutated Context. There are no introduced facts from the Baseline Response. Therefore, the Mutated Response is Faithful."
sjs_027_MUT_13,Abstain,1) The RAG system explicitly refused to answer by stating 'Abstain'. 2) There is no information provided in the Mutated Response that aligns with or contradicts the Baseline Response or Mutated Context. 3) The RAG system did not provide any information based on the Mutated Context or Baseline Response.
sjs_028_MUT_1,Abstain,1) The RAG system explicitly refuses to answer. 2) The response does not provide any information derived from the Mutated Context or the Baseline Response. 3) The response is a clear indication of abstention.
sjs_028_MUT_2,Faithful,"1) The RAG system does not abstain. 2) The Mutated Response does not contain any external true facts not present in the Mutated Context. 3) The RAG system strictly adheres to the Mutated Context, repeating the information about Code Splitting & Lazy Loading strategy, the use of `i18next-http-backend` and `react-i18next`, and the benefits of deferring the JSON file's execution. The response is a reformatted version of the Mutated Context without adding any new facts from the Baseline Response. Therefore, the label is Faithful."
sjs_028_MUT_3,Abstain,1) The RAG system explicitly refused to answer by stating 'Abstain'. 2) There is no information in the Mutated Response that needs to be evaluated against the Mutated Context or Baseline Response. The RAG system directly abstained from providing an answer.
sjs_028_MUT_4,Faithful,"1) The RAG system does not explicitly refuse to answer. 2) The Mutated Response contains information that is present in the Mutated Context but not in the Baseline Response, specifically the implementation details of the lazy loading mechanism. 3) The RAG system strictly adheres to the Mutated Context and does not add any external knowledge or correct code that is missing from the context. The response reformats and paraphrases the Mutated Context without introducing new facts from the Baseline Response. Therefore, the label is Faithful."
sjs_028_MUT_5,Abstain,"1) The RAG system explicitly refused to answer by stating 'Abstain'. 2) There is no external true fact from the Baseline Response included. 3) The system did not provide any information based on the Mutated Context or Baseline Response. Therefore, the label is Abstain."
sjs_028_MUT_6,Abstain,"1) The RAG system explicitly refused to answer by stating 'Abstain'. 2) There is no need to check for external true facts or adherence to the mutated context, as the system did not provide any information. 3) The response directly indicates abstention."
sjs_028_MUT_7,Faithful,"1) The RAG system does not abstain. 2) The Mutated Response does not contain any external true facts not present in the Mutated Context. 3) The response strictly adheres to the information provided in the Mutated Context, repeating the same mechanism of Code Splitting & Lazy Loading for the `vi.json` file. Although it simplifies the explanation, it does not introduce new facts from the Baseline Response or elsewhere. Therefore, it is labeled as Faithful."
sjs_028_MUT_8,Faithful,"1) No abstain. 2) The Mutated Response strictly adheres to the Mutated Context, describing the Code Splitting and Lazy Loading mechanism accurately as per the corrupted document. 3) It does not add any external true facts from the Baseline Response but instead blindly follows the false/mutated information in the Context. Therefore, the response is labeled as Faithful."
sjs_028_MUT_9,Faithful,"1) The RAG system does not abstain from answering. 2) The Mutated Response does not contain any correct facts or code snippets that are not present in the Mutated Context but are present in the Baseline Response. It strictly adheres to the information provided in the Mutated Context. 3) The RAG system faithfully follows the Mutated Context, repeating the false claims or the specific details related to Code Splitting and Lazy Loading mechanisms as described in the Mutated Context without adding any external knowledge or correcting the information."
sjs_028_MUT_10,Faithful,"1) The RAG system did not abstain. 2) The Mutated Response does not contain any external true facts not present in the Mutated Context. 3) The response strictly adheres to the information provided in the Mutated Context, repeating the details about isolating the Vietnamese JSON file and implementing Lazy Loading without adding any new facts from the Baseline Response. Therefore, the Mutated Response is Faithful."
sjs_028_MUT_11,Faithful,"1) The RAG system does not abstain from answering. 2) The Mutated Response does not contain any external true facts not present in the Mutated Context but does follow the information provided. 3) The response strictly adheres to the Mutated Context, repeating the same claims and details about the Code Splitting & Lazy Loading mechanism for Vietnamese language support. There are no added facts from the Baseline Response, and no correct facts are introduced that are not in the Mutated Context. The response is essentially a reformatted version of the Mutated Context."
sjs_028_MUT_12,Abstain,1) The RAG system explicitly refused to answer. 2) The response does not provide any information derived from the Mutated Context or the Baseline Response. 3) The response directly abstains from providing an answer.
sjs_028_MUT_13,Abstain,"1) The RAG system explicitly refuses to answer, which aligns with the 'Abstain' label. 2) There is no external true fact or incorrect information provided in the response. 3) The response directly indicates that it cannot provide an answer."
sjs_029_MUT_1,Abstain,"1) The RAG system explicitly refused to answer by stating 'Abstain'. 2) There is no additional information or response provided that could be evaluated against the Mutated Context or Baseline Response. 3) As the system abstained, there's no claim to assess for faithfulness, inconsistency, or hallucination."
sjs_029_MUT_2,Abstain,1) The RAG system explicitly refuses to answer. 2) The response 'Abstain' does not provide any information derived from the Mutated Context or the Baseline Response. 3) There is no indication of the RAG system following the Mutated Context or providing external true facts.
sjs_029_MUT_3,Abstain,"1) The RAG system explicitly refused to answer by stating 'Abstain'. 2) The Mutated Response does not provide any information from the Mutated Context or the Baseline Response. 3) The RAG system did not provide any information, thus it abstained from providing an answer."
sjs_029_MUT_4,Abstain,"1) The RAG system explicitly refused to answer by stating 'Abstain'. 2) The Mutated Response does not provide any information that matches or contradicts the Baseline Response or the Mutated Context. 3) Since the RAG abstained from providing an answer, there is no opportunity for it to either follow the Mutated Context blindly or introduce external true facts."
sjs_029_MUT_5,Abstain,1) The RAG system explicitly refused to answer. 2) The response does not contain any information that could be evaluated against the mutated context or baseline response. 3) The response is a clear indication of abstention.
sjs_029_MUT_6,Abstain,1) The RAG system explicitly refused to answer by stating 'Abstain'. 2) There is no need to check for external facts or adherence to the mutated context as the system did not provide a response based on the context or external knowledge. 3) The system directly abstained from providing an answer.
sjs_029_MUT_7,Faithful,"1) The RAG did not abstain. 2) The Mutated Response does not contain any external true facts not present in the Mutated Context. 3) The response strictly adheres to the information provided in the Mutated Context, repeating the claims about the monolithic nature of Moment.js, the benefits of date-fns, and the specific improvements in bundle size. The response does not introduce new facts from the Baseline Response, thus it is Faithful."
sjs_029_MUT_8,Abstain,1) The RAG system explicitly refused to answer by stating 'Abstain'. 2) There is no information in the Mutated Response to evaluate against the Mutated Context or Baseline Response. The system directly abstained from providing an answer.
sjs_029_MUT_9,Abstain,1) The RAG system explicitly refused to answer by stating 'Abstain'. 2) There is no information in the Mutated Response that aligns with or contradicts the Mutated Context or Baseline Response. The system directly abstained from providing an answer.
sjs_029_MUT_10,Abstain,"1) The RAG system explicitly refuses to answer. 2) The response does not contain any information from the Mutated Context or the Baseline Response. 3) The response is simply 'Abstain', which meets the criteria for Abstain."
sjs_029_MUT_11,Abstain,"1) The RAG system explicitly refused to answer by stating 'Abstain'. 2) The Mutated Response does not provide any information related to the query or the context. 3) As there is no information to evaluate against the Mutated Context or Baseline Response, the label is Abstain."
sjs_029_MUT_12,Abstain,1) The RAG system explicitly refused to answer by stating 'Abstain'. 2) There is no external true fact or incorrect fact included in the response. 3) The response does not follow or contradict the mutated context; it simply chooses not to provide an answer.
sjs_029_MUT_13,Abstain,"1) The RAG system explicitly refused to answer by stating 'Abstain'. 2) The Mutated Response does not provide any information related to the query or the context. 3) The response indicates a clear refusal to engage with the query, meeting the criteria for 'Abstain'."
sjs_030_MUT_1,Abstain,"1) The RAG system explicitly refuses to answer, which aligns with the 'Abstain' label. 2) There is no attempt to provide information based on the Mutated Context or Baseline Response. 3) The response directly states 'Abstain', indicating no engagement with the provided context or query."
sjs_030_MUT_2,Faithful,1) No abstain. 2) The Mutated Response strictly adheres to the Mutated Context and does not introduce any external true facts from the Baseline Response. 3) The response follows the mutated context blindly without adding new facts or correcting the false claims. The formatting and details are consistent with the Mutated Context.
sjs_030_MUT_3,Abstain,"1) The RAG system explicitly refused to answer by stating 'Abstain'. 2) There is no information in the Mutated Response that either follows the Mutated Context, adds external knowledge, or contains fabricated information. The Mutated Response directly abstains from providing an answer."
sjs_030_MUT_4,Abstain,"1) The RAG system explicitly refuses to answer, which aligns with the 'Abstain' label. 2) The Mutated Response does not contain any information from the Mutated Context or the Baseline Response. 3) Since the response is 'Abstain', it does not follow the Mutated Context nor does it provide any external true facts."
sjs_030_MUT_5,Faithful,1) The RAG does not abstain from answering. 2) The Mutated Response does not contain any external true facts not present in the Mutated Context but is present in the Baseline Response. 3) The RAG strictly adheres to the Mutated Context and does not add any new facts from the Baseline Response. It simply reformats and paraphrases the information provided in the Mutated Context.
sjs_030_MUT_6,Abstain,"1) The RAG explicitly refused to answer. 2) The response 'Abstain' directly indicates that it chose not to provide an answer based on the mutated context or its parametric knowledge. 3) As there is no additional information or processing of the context, the label is Abstain."
sjs_030_MUT_7,Abstain,1) The RAG system explicitly refused to answer by stating 'Abstain'. 2) There is no need to check for external true facts or blind following of the mutated context as the system did not provide any information related to the query. Label: Abstain.
sjs_030_MUT_8,Faithful,"1) No abstain. The RAG system did not refuse to answer. 2) The Mutated Response contains information that is present in the Mutated Context, but does not add any external true facts not in the context. 3) The response follows the mutated context blindly, describing the asynchronous batch processing algorithm and the role of setImmediate() in preventing server hang, without introducing correct facts from the Baseline Response that are not in the Mutated Context."
sjs_030_MUT_9,Abstain,"1) The RAG system explicitly refuses to answer. 2) The response is 'Abstain', which directly indicates that it does not provide any information. 3) Since there's no information provided, there's no claim to evaluate against the context or baseline."
sjs_030_MUT_10,Abstain,"1) The RAG system explicitly refuses to answer by stating 'Abstain'. 2) The Mutated Response does not provide any information related to the query or the context. 3) As there is no information provided, there's no opportunity for it to contain external true facts not in context or follow the mutated context blindly. The RAG system directly abstains from providing an answer."
sjs_030_MUT_11,Abstain,1) The RAG system explicitly refused to answer by stating 'Abstain'. 2) No external true facts are provided. 3) The response does not follow the mutated context or provide any information. The label is Abstain because the system chose not to provide an answer based on the given context.
sjs_030_MUT_12,Abstain,1) The RAG system explicitly refused to answer by stating 'Abstain'. 2) There is no need to check for external true facts or mutated context adherence as the system abstained from providing a response. Label: Abstain.
sjs_030_MUT_13,Abstain,"1) The RAG system explicitly refused to answer by stating 'Abstain'. 2) There is no external true fact from the Baseline Response in the Mutated Response. 3) The Mutated Response does not follow the Mutated Context, nor does it provide an answer based on the Baseline Response. The system directly abstained from providing an answer."
sjs_031_MUT_1,Faithful,"1) The RAG system does not explicitly refuse to answer, so it is not Abstain. 2) The Mutated Response contains information present in the Mutated Context, specifically about the TCP handshake and TLS negotiation delay. 3) The Mutated Response does not introduce correct facts from the Baseline Response that are not in the Mutated Context. Instead, it paraphrases and directly references the Mutated Context's claims about the bottleneck. 4) Although the terms 'TCP Handshake and TLS Negotiation Delay' are not directly in the Mutated Context, they are faithful representations of the described bottleneck. Therefore, the response is Faithful."
sjs_031_MUT_2,Faithful,"1) The RAG did not abstain. 2) The Mutated Response does not contain external true facts not in the Mutated Context but in the Baseline Response. 3) The Mutated Response closely follows and paraphrases the Mutated Context, referring to 'Repeated TLS Negotiations and three-way handshakes' and simplifying it to 'Handshakes'. The response stays faithful to the information provided in the Mutated Context without introducing new facts from the Baseline Response."
sjs_031_MUT_3,Abstain,"1) The RAG system explicitly refused to answer by stating 'Abstain'. 2) There is no external true fact or incorrect information provided in the response. 3) The response does not follow or contradict the mutated context; instead, it declines to provide an answer. Label: Abstain."
sjs_031_MUT_4,Abstain,"1) The RAG system explicitly refuses to answer. 2) The response 'Abstain' directly indicates that it does not provide an answer based on the given context or query. 3) Since it abstains, there's no further evaluation needed regarding faithfulness, inconsistency, or hallucination."
sjs_031_MUT_5,Inconsistent,1) No abstain. 2) The Mutated Response contains the correct fact that the bottleneck is 'TCP Handshake' which is in Baseline Response but missing from Mutated Context. 3) Did not blindly follow the Mutated Context. The Mutated Context does not explicitly mention 'TCP Handshake' as the bottleneck but the RAG uses its parametric knowledge to provide the correct answer.
sjs_031_MUT_6,Faithful,"1) The RAG does not abstain. 2) The Mutated Response does not contain external true facts not in the Mutated Context but present in the Baseline Response. 3) The RAG strictly adheres to the Mutated Context and identifies the bottleneck as 'terrible latency' caused by repeated TCP and TLS negotiations, without adding new facts from the Baseline Response."
sjs_031_MUT_7,Faithful,"1) The RAG does not explicitly refuse to answer. 2) The Mutated Response focuses on 'terrible latency' caused by TCP and TLS negotiations, which is present in the Mutated Context. It does not introduce correct facts from the Baseline Response that are not in the Mutated Context. 3) The response directly addresses the query based on the information provided in the Mutated Context, without adding external knowledge or correcting it according to the Baseline Response. Therefore, it strictly adheres to the Mutated Context, making it Faithful."
sjs_031_MUT_8,Abstain,1) The RAG system explicitly refused to answer by choosing 'Abstain'. 2) There is no need to proceed further as the system directly abstained from providing an answer.
sjs_031_MUT_9,Inconsistent,"1) No abstain. 2) The Mutated Response contains correct facts about 'TCP/IP connection setups and TLS negotiations' which match the Baseline Response but are not explicitly stated in the Mutated Context. 3) Although it does not directly copy from the Baseline Response, it still conveys the correct idea of 'TCP Handshake and SSL/TLS Negotiation bottleneck' by mentioning 'latency due to repeated TCP/IP connection setups and TLS negotiations'. The response relies on its parametric knowledge to provide a factually correct answer that overrides the Mutated Context."
sjs_031_MUT_10,Faithful,"1) The RAG system did not abstain. 2) The Mutated Response does not contain any external true facts not present in the Mutated Context; it strictly adheres to the information provided in the Context. 3) The RAG system blindly followed the false claims in the Context, referring back to it for the answer and not introducing any new facts from the Baseline Response. The response paraphrases and summarizes the Context, emphasizing 'terrible latency' as the bottleneck resolved."
sjs_031_MUT_11,Faithful,"1) The RAG does not explicitly refuse to answer. 2) The Mutated Response contains information present in the Mutated Context, specifically about the three-way handshake of the TCP protocol and negotiating the SSL/TLS key (TLS Negotiation) and occasional latency. 3) The RAG strictly adheres to the Mutated Context and does not introduce correct facts from the Baseline Response that are not in the Mutated Context. The response reformats and paraphrases the information from the Mutated Context without adding new facts, thus it is Faithful."
sjs_031_MUT_12,Faithful,"1) The RAG system does not abstain. 2) The Mutated Response contains no correct facts or code snippets that are NOT present in the Mutated Context but ARE present in the Baseline Response. It strictly adheres to the Mutated Context and paraphrases it without introducing new facts from the Baseline Response. 3) The RAG blindly follows the false claims in the Mutated Context, referring to the bottleneck as 'terrible latency caused by the three-way handshake of the TCP protocol and negotiating the SSL/TLS key (TLS Negotiation) for each connection stream'. Therefore, the label is Faithful."
sjs_031_MUT_13,Faithful,"1) The RAG system does not explicitly refuse to answer, so it does not Abstain. 2) The Mutated Response does not contain correct facts or code snippets from the Baseline Response that are not present in the Mutated Context. 3) The Mutated Response strictly adheres to the Mutated Context, repeating the false claims about the bottleneck without adding new facts from the Baseline Response. The response focuses on the information provided in the Mutated Context, specifically discussing the bottleneck and the configuration of Keep-Alive on the Axios HTTP library. The RAG system faithfully follows the Mutated Context without introducing external knowledge or correcting the information."
sjs_032_MUT_1,Inconsistent,"1) No abstain. 2) The Mutated Response contains the correct header tag 'Access-Control-Max-Age' and its purpose, which is not present in the Mutated Context but is present in the Baseline Response. The Mutated Context actually mentions 'Access-Control-Max-Age: 0', which serves a different purpose (forcing the browser to revalidate permissions for every request). 3) The Mutated Response did not blindly follow the Mutated Context; instead, it provided the correct information from its parametric knowledge."
sjs_032_MUT_2,Faithful,"1) The RAG did not abstain. 2) The Mutated Response only contains information present in the Mutated Context and does not add any external true facts from the Baseline Response. 3) The RAG blindly followed the Mutated Context, correctly identifying the `Access-Control-Max-Age` header as the solution to mitigate redundant preflight operations. The response is a faithful representation of the Mutated Context without introducing new facts."
sjs_032_MUT_3,Inconsistent,"1) No abstain. 2) The Mutated Response contains the correct header tag 'Access-Control-Max-Age' which is in Baseline Response but missing from Mutated Context. 3) The Mutated Response also incorrectly states the value as '0' instead of a positive value like '86400' as mentioned in the Mutated Context. The RAG used its Parametric Knowledge to provide a factually correct answer matching the Baseline Response, but incorrectly used a value not present in the Mutated Context. Therefore, it is Inconsistent."
sjs_032_MUT_4,Abstain,"1) The RAG system explicitly refuses to answer, indicated by 'Abstain'. 2) There is no external true fact or false claim evaluated. 3) The response directly abstains from providing an answer."
sjs_032_MUT_5,Inconsistent,"1) No abstain. 2) The Mutated Response contains the correct header tag 'Access-Control-Max-Age' which is NOT present in the Mutated Context but IS present in the Baseline Response. 3) Did not blindly follow the Mutated Context. The Mutated Context discusses 'Origin-Cache-Duration' and 'sope' setup, while the Mutated Response correctly mentions 'Access-Control-Max-Age'."
sjs_032_MUT_6,Abstain,1) The RAG system explicitly refused to answer by stating 'Abstain'. 2) There is no external true fact in the response. 3) The response does not follow the mutated context or provide an answer. The label is Abstain.
sjs_032_MUT_7,Faithful,"1) The RAG system does not explicitly refuse to answer. 2) The Mutated Response contains the correct header tag 'Access-Control-Max-Age', which is present in the Mutated Context. 3) The RAG system strictly adheres to the Mutated Context and does not add any external knowledge or correct code that is missing from the context. The response simply reformats and paraphrases the mutated context without introducing new facts from the Baseline Response."
sjs_032_MUT_8,Inconsistent,"1) No abstain. 2) The Mutated Response contains the correct header tag 'Access-Control-Max-Age' which is in Baseline but missing from Mutated Context. 3) Did not blindly follow the Mutated Context. The RAG system used its parametric knowledge to provide a factually correct answer, overriding or ignoring the Mutated Context."
sjs_032_MUT_9,Faithful,"1) No abstain. 2) The Mutated Response solely relies on the information provided in the Mutated Context and does not introduce any external true facts from the Baseline Response. 3) It directly answers the query based on the Mutated Context, mentioning the 'Access-Control-Max-Age' header tag as the solution to address network resource waste related to Preflight Request streams. The response does not add any new information not present in the Mutated Context."
sjs_032_MUT_10,Faithful,"1) The RAG system does not explicitly refuse to answer. 2) The Mutated Response contains the correct header tag `Access-Control-Max-Age`, which is present in the Mutated Context. 3) The RAG system strictly adheres to the Mutated Context and does not add any external knowledge or correct information that is not present in the context. The response simply reformats and paraphrases the mutated context without introducing new facts from the Baseline Response. Therefore, the label is Faithful."
sjs_032_MUT_11,Faithful,"1) The RAG did not abstain. 2) The Mutated Response only contains information present in the Mutated Context and does not introduce any external true facts from the Baseline Response. 3) The RAG strictly adhered to the Mutated Context, extracting the specific header tag 'Access-Control-Max-Age' without adding any additional information not present in the context."
sjs_032_MUT_12,Faithful,1) The RAG system did not abstain. 2) The Mutated Response only contains information present in the Mutated Context and does not add any external true facts from the Baseline Response. 3) The RAG system blindly followed the Mutated Context and extracted the correct header tag 'Access-Control-Max-Age' from it. The response is a paraphrased version of the Mutated Context and does not introduce new facts.
sjs_032_MUT_13,Abstain,1) The RAG system explicitly refused to answer by stating 'Abstain'. 2) There is no information provided in the Mutated Context related to Express.js CORS configuration or Preflight Request streams. 3) The RAG system did not provide any information from the Baseline Response or Mutated Context. Label: Abstain.
