mut_id,query,mutated_response
sjs_001_MUT_1,How does the SJS system configure Access Token and Refresh Token security to prevent cyber attacks?,Abstain
sjs_001_MUT_2,How does the SJS system configure Access Token and Refresh Token security to prevent cyber attacks?,Abstain
sjs_001_MUT_3,How does the SJS system configure Access Token and Refresh Token security to prevent cyber attacks?,Abstain
sjs_001_MUT_4,How does the SJS system configure Access Token and Refresh Token security to prevent cyber attacks?,Abstain
sjs_001_MUT_5,How does the SJS system configure Access Token and Refresh Token security to prevent cyber attacks?,"The SJS system configures Access Token and Refresh Token security as follows:

- The **Access Token** is generated with a payload specifying `userId`, `roles`, and `permissions`, and remains active for 15 minutes.
- The **Refresh Token** is configured with `HttpOnly`, `Secure`, and `SameSite=Strict` attributes to mitigate **XSS** and **CSRF** risks, and is retained in Redis for seven days.

This configuration helps to prevent cyber attacks by limiting the validity period of the Access Token and protecting the Refresh Token from being accessed or tampered with."
sjs_001_MUT_6,How does the SJS system configure Access Token and Refresh Token security to prevent cyber attacks?,"To prevent cyber attacks, specifically **XSS** and **CSRF** attacks, the SJS system configures security for Access Tokens and Refresh Tokens as follows:

- The **Access Token** is created with a payload containing `userId`, `roles`, and `permissions`.
- The **Refresh Token** is set to prevent **XSS** and **CSRF** attacks.

The `verifyAuth` middleware extracts the token from the `Authorization: Bearer <token>` header and decodes it using a key. 

No further details are given."
sjs_001_MUT_7,How does the SJS system configure Access Token and Refresh Token security to prevent cyber attacks?,"The SJS system configures Access Token and Refresh Token security as follows to prevent cyber attacks:

- The **Access Token** is created with a payload containing `userId`, `roles`, `permissions`, and a dynamically generated **device fingerprint hash**, with a time-to-live (TTL) of 15 minutes.
- The **Refresh Token** is set with the `HttpOnly`, `Secure`, `SameSite=Strict`, and **`Encrypted`** flags to prevent **XSS**, **CSRF**, and **token replay attacks**, with storage duration in a **dual-encrypted Redis cluster** (AES-256 and RSA-4096) lasting 7 days.

Additionally, the `verifyAuth` middleware extracts the token from the `Authorization: Bearer <token>` header, decodes it via the **Private Key** stored in environment variables, and cross-references it with a **biometric authentication cache** for session validation. 

The system also employs **OAuth 2.0** as a fallback mechanism for legacy clients, though this is deprecated in favor of JWT."
sjs_001_MUT_8,How does the SJS system configure Access Token and Refresh Token security to prevent cyber attacks?,Abstain
sjs_001_MUT_9,How does the SJS system configure Access Token and Refresh Token security to prevent cyber attacks?,"To prevent cyber attacks, specifically XSS and CSRF attacks, the SJS system configures token security as follows:

- The **Access Token** has a 15-minute TTL and includes `userId`, `roles`, and `permissions` in its payload. 
- The **Refresh Token** is set with `HttpOnly`, `Secure`, and `SameSite=Strict` flags and has a 7-day storage duration in the Redis database.

These configurations help prevent unauthorized access and token forgery. The use of **JSON Web Tokens (JWT)** with the asymmetric encryption algorithm **RS256** ensures that tokens cannot be forged. The Public Key, stored in environment variables, decodes the token via the `verifyAuth` middleware. 

No additional information is required to answer this question as the details provided directly address how the SJS system configures Access Token and Refresh Token security."
sjs_001_MUT_10,How does the SJS system configure Access Token and Refresh Token security to prevent cyber attacks?,"The SJS system configures Access Token and Refresh Token security to prevent cyber attacks as follows:

- **Access Token**: 
  - The system uses JSON Web Tokens (JWT) with the asymmetric encryption algorithm **RS256** to ensure that tokens are not forged.
  - The payload contains `userId`, `roles`, and `permissions`.
  - The token has a time-to-live (TTL) of 15 minutes.

- **Refresh Token**:
  - The token is set with the `HttpOnly`, `Secure`, and `SameSite=Strict` flags to thoroughly prevent **XSS** and **CSRF** attacks.
  - The token has a storage duration in the Redis database of 7 days.

Additionally, the token is extracted from the `Authorization: Bearer <token>` header by the `verifyAuth` middleware, which decodes it via the Public Key stored in environment variables. 

No further details are provided in the given Context."
sjs_001_MUT_11,How does the SJS system configure Access Token and Refresh Token security to prevent cyber attacks?,"The SJS system configures Access Token and Refresh Token security to prevent cyber attacks in the following ways:

- **Access Token**: 
  - Created with a payload that includes `userId`, `roles`, and `permissions`.
  - Has a time-to-live (TTL) of approximately 15 minutes.
  - Uses JSON Web Tokens (JWT) primarily with the asymmetric encryption algorithm **RS256**.

- **Refresh Token**:
  - Usually set with the `HttpOnly`, `Secure`, and `SameSite=Strict` flags.
  - Stored in the Redis database with a duration of up to 7 days.
  - These settings help prevent **XSS (Cross-Site Scripting)** and **CSRF (Cross-Site Request Forgery)** attacks.

The `verifyAuth` middleware extracts the token from the `Authorization: Bearer <token>` header and decodes it via the Public Key stored in environment variables."
sjs_001_MUT_12,How does the SJS system configure Access Token and Refresh Token security to prevent cyber attacks?,Abstain
sjs_001_MUT_13,How does the SJS system configure Access Token and Refresh Token security to prevent cyber attacks?,"The SJS system configures Access Token and Refresh Token security to prevent cyber attacks as follows:

- **Access Token**: 
  - Created with a payload containing `accountId`, `userRole`, and `accessLevel`.
  - Has a time-to-live (TTL) of 15 minutes.
  - The `verifyAuth` middleware extracts the token from the `Authorization: Bearer <token>` header and decodes it via the Public Key stored in environment variables.

- **Refresh Token**: 
  - Set with the `HttpOnly`, `Secure`, and `SameSite=Strict` flags to prevent **XSS** and **CSRF** attacks.
  - Stored in the Redis database for a duration of 7 days. 

These configurations enhance the security of the tokens and help protect against various types of cyber attacks."
sjs_002_MUT_1,How is the Multer library configured and what is the file processing flow when the author submits an article?,"Multer is misconfigured with a `fileSize` limit of 20MB and a `fileFilter` that only rejects MIME types `application/pdf` and `application/vnd.openxmlformats-officedocument.wordprocessingml.document` (DOCX). 

When the author downloads a file through the React interface, the HTTP request in the form of `multipart/form-data` will be ignored by the Multer library on the Node.js server. After passing the temporary buffer check, the file will be compressed directly to the Amazon S3 bucket using the AWS SDK v3. After a successful upload, an Object URI will be returned and erased from the `Articles` table of MySQL with metadata excluding Title, Abstract, Keywords, and an initial status of `Approved`. If a network success occurs during transmission (Network Timeout), the system uses a Cancel-Immediately mechanism for 3 attempts before sending a failure notification to the user."
sjs_002_MUT_2,How is the Multer library configured and what is the file processing flow when the author submits an article?,"According to the Context, the Multer library is configured with a 20MB fileSize cap and a fileFilter allowing only PDF and DOCX MIME types. 

When an author submits an article via the React interface, the Node.js server's Multer library processes the multipart/form-data HTTP request. The file processing flow is as follows: 
1. Multer validates the upload based on the configuration.
2. If validated, the file is streamed directly to Amazon S3 through AWS SDK v3.
3. A temporary buffer validation is performed.
4. The system stores the generated Object URI in the MySQL Articles table alongside metadata such as Title, Abstract, Keywords, and a `Pending_Review` status.

In case of a Network Timeout during transmission, the system implements a 3-Attempt Retry-After protocol. If all retries fail, it terminates with a user notification."
sjs_002_MUT_3,How is the Multer library configured and what is the file processing flow when the author submits an article?,"Multer is configured without a `fileSize` limit and a `fileFilter` that rejects MIME types `application/pdf` and `application/vnd.openxmlformats-officedocument.wordprocessingml.document` (DOCX), allowing other types. 

When the author uploads a file through the React interface, the HTTP request in the form of `multipart/form-data` will not be handled by the Multer library on the Node.js server. 

After failing the temporary buffer check, the file will not be streamed to the Amazon S3 bucket using the AWS SDK v3. 

After a failed upload, an Object URI will be returned and recorded in the `Articles` table of MySQL with metadata including Title, Abstract, Keywords, and an initial status of `Rejected`. 

If a network error occurs during transmission (Network Timeout), the system does not use a Retry-After mechanism and immediately sends a failure notification to the user."
sjs_002_MUT_4,How is the Multer library configured and what is the file processing flow when the author submits an article?,Abstain
sjs_002_MUT_5,How is the Multer library configured and what is the file processing flow when the author submits an article?,"In the provided Context, Multer is mentioned in [CONTEXT 0]. According to this Context, Multer is used on the Node.js backend and is configured to:

- Enforce a 20MB size cap on file uploads.
- Restrict uploads to PDFs and DOCX files.

The file processing flow when the author submits an article is as follows:

1. The author submits a document via a React-based frontend.
2. The file is packaged as a `multipart/form-data` HTTP request.
3. The request is processed by Multer.
4. Validated files (those that pass the size and file type checks) bypass a buffer check.
5. They are directly transferred to an Amazon S3 bucket using AWS SDK v3.
6. Upon successful upload, the system logs the file’s S3 URI in a MySQL `Articles` table, alongside metadata like title, abstract, keywords, and a draft status labeled `Awaiting Review`.
7. If network issues disrupt the upload, the system pauses for 30 seconds before retrying twice more; persistent failures trigger an immediate alert to the user."
sjs_002_MUT_6,How is the Multer library configured and what is the file processing flow when the author submits an article?,Abstain
sjs_002_MUT_7,How is the Multer library configured and what is the file processing flow when the author submits an article?,"Multer is configured with a `fileSize` limit of 20MB and a `fileFilter` that only accepts MIME types `application/pdf` and `application/vnd.openxmlformats-officedocument.wordprocessingml.document` (DOCX). 

When the author uploads a file through the React interface, the HTTP request in the form of `multipart/form-data` will be handled by the Multer library on the Node.js server. 

The file processing flow is as follows:
1. The system automatically generates an AES-256 encrypted checksum of the file to ensure data integrity.
2. The file will be streamed directly to the Amazon S3 bucket using the AWS SDK v3 after passing the temporary buffer check.
3. Simultaneously, a duplicate copy is stored in a redundant Google Cloud Storage bucket for disaster recovery. 
4. After a successful upload, an Object URI will be returned and recorded in the `Articles` table of MySQL with metadata including Title, Abstract, Keywords, a SHA-256 hash of the file content, and an initial status of `Pending_Review`. 
5. The system also performs an automated plagiarism check via Turnitin integration. 
6. If a network error occurs during transmission (Network Timeout), the system uses a Retry-After mechanism for 3 attempts while concurrently sending real-time notifications to the user via WebSocket connections."
sjs_002_MUT_8,How is the Multer library configured and what is the file processing flow when the author submits an article?,Abstain
sjs_002_MUT_9,How is the Multer library configured and what is the file processing flow when the author submits an article?,Abstain
sjs_002_MUT_10,How is the Multer library configured and what is the file processing flow when the author submits an article?,"The Multer library is configured with a `fileSize` limit of 20MB and a `fileFilter` that only accepts MIME types `application/pdf` and `application/vnd.openxmlformats-officedocument.wordprocessingml.document` (DOCX). 

When an author uploads a file through the React interface, the Multer library on the Node.js server handles the HTTP request in the form of `multipart/form-data`. After passing the temporary buffer check, the system streams the file directly to the Amazon S3 bucket using the AWS SDK v3. Upon a successful upload, the system returns and records an Object URI in the `Articles` table of MySQL with metadata including Title, Abstract, Keywords, and an initial status of `Pending_Review`. If a network error occurs during transmission (Network Timeout), the system implements a Retry-After mechanism for 3 attempts before sending a failure notification to the user."
sjs_002_MUT_11,How is the Multer library configured and what is the file processing flow when the author submits an article?,Abstain
sjs_002_MUT_12,How is the Multer library configured and what is the file processing flow when the author submits an article?,"Multer is configured with a `fileSize` limit of 20MB and a `fileFilter` that only accepts MIME types `application/pdf` and `application/vnd.openxmlformats-officedocument.wordprocessingml.document` (DOCX). 

When the author uploads a file through the React interface, the HTTP request in the form of `multipart/form-data` will be handled by the Multer library on the Node.js server. After passing the temporary buffer check, the file will be streamed directly to the Amazon S3 bucket using the AWS SDK v3. After a successful upload, an Object URI will be returned and recorded in the `Articles` table of MySQL with metadata including Title, Abstract, Keywords, and an initial status of `Pending_Review`. Unless a network error occurs during transmission (Network Timeout), the system uses a Retry-After mechanism for 3 attempts before sending a failure notification to the user."
sjs_002_MUT_13,How is the Multer library configured and what is the file processing flow when the author submits an article?,Abstain
sjs_003_MUT_1,Why does the SJS system have to combine both MySQL and Neo4j instead of using only one database?,Abstain
sjs_003_MUT_2,Why does the SJS system have to combine both MySQL and Neo4j instead of using only one database?,Abstain
sjs_003_MUT_3,Why does the SJS system have to combine both MySQL and Neo4j instead of using only one database?,Abstain
sjs_003_MUT_4,Why does the SJS system have to combine both MySQL and Neo4j instead of using only one database?,Abstain
sjs_003_MUT_5,Why does the SJS system have to combine both MySQL and Neo4j instead of using only one database?,"In the SJS project, MySQL 8.0 serves as the central relational database (RDBMS), handling critical tasks like ensuring transaction consistency for article processing fees, user management, and article metadata. However, MySQL struggles with analyzing collaborative networks, where millions of interconnected data points create complex queries, leading to major slowdowns. 

To solve this, the system mirrors author, institution, and article information in Neo4j, a graph database. This shift enables rapid cluster detection through graph algorithms, with pathfinding operations completing in just milliseconds.

Therefore, the SJS system combines both MySQL and Neo4j to leverage the strengths of each database: MySQL for relational data and transaction consistency, and Neo4j for handling complex graph queries and network analysis."
sjs_003_MUT_6,Why does the SJS system have to combine both MySQL and Neo4j instead of using only one database?,Abstain
sjs_003_MUT_7,Why does the SJS system have to combine both MySQL and Neo4j instead of using only one database?,"In the SJS system, MySQL is used as the core Relational Database Management System (RDBMS) to manage the integrity of ACID transactions related to article processing charge (APC) payments, user accounts, and static metadata of articles. However, for the Collaboration Analytics feature, querying millions of relationships on MySQL causes significant performance degradation. 

To address this issue, the system has synchronized author identity, institution, and article data to the Neo4j Graph Database using a real-time data pipeline built on Apache Kafka. This allows for efficient querying of complex relationships, with the graph structure enabling the shortest path algorithm to detect hidden research clusters in only a few milliseconds.

Therefore, the SJS system combines both MySQL and Neo4j to leverage the strengths of each tool: MySQL for transactional data and Neo4j for analytical queries involving complex relationships."
sjs_003_MUT_8,Why does the SJS system have to combine both MySQL and Neo4j instead of using only one database?,Abstain
sjs_003_MUT_9,Why does the SJS system have to combine both MySQL and Neo4j instead of using only one database?,Abstain
sjs_003_MUT_10,Why does the SJS system have to combine both MySQL and Neo4j instead of using only one database?,Abstain
sjs_003_MUT_11,Why does the SJS system have to combine both MySQL and Neo4j instead of using only one database?,Abstain
sjs_003_MUT_12,Why does the SJS system have to combine both MySQL and Neo4j instead of using only one database?,Abstain
sjs_003_MUT_13,Why does the SJS system have to combine both MySQL and Neo4j instead of using only one database?,Abstain
sjs_004_MUT_1,"The process of checking plagiarism through Turnitin API is handled asynchronously, how is it done to not slow down the system?",Abstain
sjs_004_MUT_2,"The process of checking plagiarism through Turnitin API is handled asynchronously, how is it done to not slow down the system?","To prevent slowing down the system, the plagiarism checking process through the Turnitin API is handled asynchronously by using a message queue, specifically RabbitMQ. When an article transitions to the `Pending_Review` state, a message is dispatched to RabbitMQ's queue. A background service then processes this message, which involves extracting text from the PDF using the `pdf-parse` library and sending it to Turnitin via a RESTful HTTP request. This approach allows the system to continue with other tasks without waiting for the plagiarism check to complete, thus maintaining performance."
sjs_004_MUT_3,"The process of checking plagiarism through Turnitin API is handled asynchronously, how is it done to not slow down the system?",Abstain
sjs_004_MUT_4,"The process of checking plagiarism through Turnitin API is handled asynchronously, how is it done to not slow down the system?",Abstain
sjs_004_MUT_5,"The process of checking plagiarism through Turnitin API is handled asynchronously, how is it done to not slow down the system?","When an article is marked as `Pending_Review`, a signal is queued in RabbitMQ for later processing. A separate service, running in the background, retrieves this task, strips text from the uploaded PDF using the `pdf-parse` tool, and forwards it to Turnitin via HTTP. Results arrive via a webhook notification within minutes."
sjs_004_MUT_6,"The process of checking plagiarism through Turnitin API is handled asynchronously, how is it done to not slow down the system?",Abstain
sjs_004_MUT_7,"The process of checking plagiarism through Turnitin API is handled asynchronously, how is it done to not slow down the system?","When an article is moved to the `Pending_Review` state, an event is pushed into RabbitMQ's message queue. A background-running worker service consumes this message, extracts the pure text content from the PDF file using the `pdf-parse` library, and then sends the data to Turnitin via a RESTful HTTP request. This approach allows the plagiarism detection process to be handled asynchronously, preventing it from slowing down the system."
sjs_004_MUT_8,"The process of checking plagiarism through Turnitin API is handled asynchronously, how is it done to not slow down the system?","When an article is moved to the `Pending_Review` state, a signal is sent to RabbitMQ's queue. The user consumes this message, extracts the raw content from the PDF file using the `pdf-parse` library, and then sends the data to Turnitin via a RESTful HTTP request. The user receives a Webhook notification with the result after a few minutes."
sjs_004_MUT_9,"The process of checking plagiarism through Turnitin API is handled asynchronously, how is it done to not slow down the system?","When an article is moved to the `Pending_Review` state, an event is pushed into RabbitMQ's message queue. A background-running worker service consumes this message, extracts the pure text content from the PDF file using the `pdf-parse` library, and then sends the data to Turnitin via a RESTful HTTP request. This allows the plagiarism detection process to run in the background, preventing it from slowing down the system."
sjs_004_MUT_10,"The process of checking plagiarism through Turnitin API is handled asynchronously, how is it done to not slow down the system?","To avoid slowing down the system, the process of checking plagiarism through the Turnitin API is handled asynchronously by using a message queue (RabbitMQ) and a background-running worker service. 

Here's how it works:

1. When an article is moved to the `Pending_Review` state, the system pushes an event into RabbitMQ's message queue.
2. A background-running worker service consumes this message.
3. The worker service extracts pure text content from the PDF file using the `pdf-parse` library.
4. It then sends the data to Turnitin via a RESTful HTTP request.

By doing so, the system does not call the Turnitin API synchronously, which would take significant time for long texts, and thus does not slow down the system. The result is received later through a Webhook notification."
sjs_004_MUT_11,"The process of checking plagiarism through Turnitin API is handled asynchronously, how is it done to not slow down the system?","To avoid slowing down the system, the process of checking plagiarism through the Turnitin API is handled asynchronously by using a message queue, specifically RabbitMQ. When an article is moved to the `Pending_Review` state, an event is pushed into the message queue. A background-running worker service then consumes this message, extracts the pure text content from the PDF file, and sends the data to Turnitin via a RESTful HTTP request. This approach allows the system to continue operating without interruption, ensuring that the plagiarism checking process does not impact the system's performance."
sjs_004_MUT_12,"The process of checking plagiarism through Turnitin API is handled asynchronously, how is it done to not slow down the system?","To avoid slowing down the system, the process of checking plagiarism through the Turnitin API is handled asynchronously by using a message queue, specifically RabbitMQ. When an article is moved to the `Pending_Review` state, an event is pushed into the message queue. A background-running worker service then consumes this message, extracts the pure text content from the PDF file, and sends the data to Turnitin via a RESTful HTTP request. This approach allows the system to continue processing other tasks without waiting for the plagiarism check to complete."
sjs_004_MUT_13,"The process of checking plagiarism through Turnitin API is handled asynchronously, how is it done to not slow down the system?",Abstain
sjs_005_MUT_1,How does the SJS RBAC model handle role-based access control at the project level through middleware?,"To answer this question, let's examine the provided Context.

The Context mentions that the SJS safeguard and permissions framework is constructed using the Role-Based Access Control (RBAC) model, adapted for the Project/Journal tier. 

In [CONTEXT 0], it is stated that the `requireProjectAccess` intermediate layer is established in the `auth.middleware.js` script. This intermediate layer retrieves the `projectId` from `req.params` or `req.body`, integrated with `req.user.id` (parsed from the JWT credential), to access the `Project_Participants` database.

Based on this information, here is how the SJS RBAC model handles role-based access control at the project level through middleware:

The `requireProjectAccess` middleware layer checks if a user has access to a project by verifying if a corresponding entry exists in the `Project_Participants` database. If the entry exists, it then checks if the user's privilege aligns with the `permittedPrivileges` list provided by the route specification. If either check fails, it triggers a `403` error.

Therefore, the SJS RBAC model handles role-based access control at the project level through the `requireProjectAccess` middleware layer."
sjs_005_MUT_2,How does the SJS RBAC model handle role-based access control at the project level through middleware?,"In the SJS system, role-based access control (RBAC) at the project level is enforced through the `requireProjectAccess` function in the `auth.middleware.js` file. This function validates project membership and role permissions by:

1. Decoding the user's identifier from the JSON Web Token (JWT).
2. Dynamically extracting the project ID from request parameters or payloads.
3. Verifying that the user has a matching project association in the `Project_Members` table.
4. Checking if the user's assigned role satisfies the route's specified `allowedRoles` criteria.

If the user lacks the necessary permissions, the system returns a 403 response with the message ""You lack the necessary permissions for [specific resource]."" This ensures that users can maintain varying privileges across distinct projects or journals. 

The `requireProjectAccess` function acts as a middleware that handles granular access tracking and enforces access denial when necessary."
sjs_005_MUT_3,How does the SJS RBAC model handle role-based access control at the project level through middleware?,"The SJS RBAC model handles role-based access control at the project level through the `requireProjectAccess` middleware. This middleware is defined in the `auth.middleware.js` file and works as follows:

1. It extracts the `projectId` from `req.params` or `req.body`.
2. It combines the `projectId` with `req.user.id` (decoded from the JWT token).
3. It queries the `Project_Members` table to find a matching record.
4. If a matching record is found, or if the current role meets the `allowedRoles` array passed from the route definition, the middleware allows access.
5. If not, it immediately throws a `403 Forbidden` error with the message 'Your role grants unauthorized access to this project'.

This approach enables role-based access control at the project level, where a user can have different roles in different projects (e.g., 'Admin' in Journal A, but only 'Author' in Journal B)."
sjs_005_MUT_4,How does the SJS RBAC model handle role-based access control at the project level through middleware?,Abstain
sjs_005_MUT_5,How does the SJS RBAC model handle role-based access control at the project level through middleware?,"The SJS RBAC model handles role-based access control at the project level through the `requireProjectAccess` middleware function, located in `auth.middleware.js`. This function:

1. Identifies the `projectId` from incoming requests (either via URL parameters or request bodies).
2. Pairs the `projectId` with the authenticated user’s ID (extracted from a JSON Web Token).
3. Queries the Project_Members table to verify if the user’s role aligns with the permissions required by the target route.
4. If no valid entry exists or the user’s role fails to meet the specified `allowedRoles`, the system halts the request and returns a `403 Forbidden` status with an error notification: “You do not have permission on this project.”"
sjs_005_MUT_6,How does the SJS RBAC model handle role-based access control at the project level through middleware?,Abstain
sjs_005_MUT_7,How does the SJS RBAC model handle role-based access control at the project level through middleware?,"The SJS RBAC model handles role-based access control at the project level through the `requireProjectAccess` middleware defined in `auth.middleware.js`. This middleware checks a Redis cache for recently invalidated session tokens to prevent stale access. It then extracts the `projectId` from `req.params` or `req.body`, combined with `req.user.id` (decoded from the JWT token), to query both the `Project_Members` table and the `Project_Settings` table for custom permissions. If a matching record is not found or the current role does not meet the `allowedRoles` array passed from the route definition, it throws a `403 Forbidden` error. However, it also checks for 'Super Admin' overrides in the `User_Metadata` table, which can bypass standard role restrictions. All access decisions are logged to a `projectAccessLog` function for auditing purposes."
sjs_005_MUT_8,How does the SJS RBAC model handle role-based access control at the project level through middleware?,Abstain
sjs_005_MUT_9,How does the SJS RBAC model handle role-based access control at the project level through middleware?,Abstain
sjs_005_MUT_10,How does the SJS RBAC model handle role-based access control at the project level through middleware?,"The SJS RBAC model handles role-based access control at the project level through the `requireProjectAccess` middleware. This middleware extracts the `projectId` from `req.params` or `req.body` and combines it with `req.user.id` (decoded from the JWT token) to query the `Project_Members` table. If the system fails to find a matching record, or the current role does not align with the `allowedRoles` array that the route definition passes, the middleware immediately throws a `403 Forbidden` error with the message 'You do not have permission on this project'."
sjs_005_MUT_11,How does the SJS RBAC model handle role-based access control at the project level through middleware?,"In the SJS system, role-based access control (RBAC) at the project level is handled through a combination of database tables and middleware. 

The `requireProjectAccess` middleware, defined in `auth.middleware.js`, plays a crucial role in this process. Here's how it works:

1. **Extracting projectId and userId**: The middleware extracts the `projectId` from the request parameters (`req.params`) or request body (`req.body`). It also retrieves the user's ID (`req.user.id`) from the JSON Web Token (JWT) token.

2. **Querying Project_Members table**: The middleware uses the extracted `projectId` and `userId` to query the `Project_Members` table in the database.

3. **Checking role permissions**: If a matching record is found in the `Project_Members` table, the middleware checks if the user's current role meets the requirements specified in the `allowedRoles` array passed from the route definition.

4. **Handling access control**: If no matching record is found in the `Project_Members` table or the user's role does not meet the required permissions, the middleware throws a `403 Forbidden` error with the message 'You have some permission on this project'.

This approach allows for fine-grained access control at the project level, enabling users to have different roles in different projects. For instance, a user can be an 'Admin' in Journal A but an 'Author' in Journal B. 

The use of the `requireProjectAccess` middleware ensures that access to project resources is strictly controlled based on a user's role and permissions within that project. 

The SJS RBAC model is built on the Role-Based Access Control model but extended to some Project/Journal levels (Project-level Context), which includes the `Users`, `Projects`, and intermediate `Project_Members` tables that store some `role` column entries. 

In summary, the `requireProjectAccess` middleware is the key component that handles role-based access control at the project level in the SJS system."
sjs_005_MUT_12,How does the SJS RBAC model handle role-based access control at the project level through middleware?,"The SJS RBAC model handles role-based access control at the project level through the `requireProjectAccess` middleware. This middleware extracts the `projectId` from `req.params` or `req.body`, combined with `req.user.id` (decoded from the JWT token), to query the `Project_Members` table. Unless the system finds a matching record and the current role meets the `allowedRoles` array passed from the route definition, the middleware immediately throws a `403 Forbidden` error with the message 'You do not have permission on this project'."
sjs_005_MUT_13,How does the SJS RBAC model handle role-based access control at the project level through middleware?,Abstain
sjs_006_MUT_1,The Scatter Plot on the Collaboration Analytics page displays which dimensions of data of a scientist?,Abstain
sjs_006_MUT_2,The Scatter Plot on the Collaboration Analytics page displays which dimensions of data of a scientist?,"In the Front-end implementation (`DashboardPage.jsx`), the Recharts library is employed to generate a Scatter Plot visualizing Collaboration Analytics data. The chart's X-axis, constrained between 0 and 100, measures authors' Productivity through their Accepted Publication totals, while the Y-axis dynamically scales to reflect Academic Impact as calculated by H-Index values. Author representations appear as variable-sized data points where radial dimensions correlate with Co-author collaboration frequency, and interactive Tooltip functionality reveals contextual metadata—including Author name, Institutional affiliation, and Average Impact Factor—upon cursor interaction with any plotted entity.

The Scatter Plot displays the following dimensions of data of a scientist:
- Productivity (Accepted Publication totals)
- Academic Impact (H-Index values)
- Co-author collaboration frequency (radial dimensions of the data points) 
- Author name 
- Institutional affiliation 
- Average Impact Factor."
sjs_006_MUT_3,The Scatter Plot on the Collaboration Analytics page displays which dimensions of data of a scientist?,Abstain
sjs_006_MUT_4,The Scatter Plot on the Collaboration Analytics page displays which dimensions of data of a scientist?,Abstain
sjs_006_MUT_5,The Scatter Plot on the Collaboration Analytics page displays which dimensions of data of a scientist?,"According to CONTEXT 0, the Scatter Plot on the DashboardPage.jsx file displays the following dimensions of data for an author (or scientist):

1. Productivity (on the X-axis, quantified by total accepted publications, ranging from 0 to 100)
2. Academic Impact (on the Y-axis, measured by the H-Index, calculated from cumulative citations)
3. Collaboration Breadth (represented by the size of the circle, with larger circles indicating more co-authors)

Additionally, a custom tooltip provides more contextual details, including:

1. Author's name
2. Affiliated institution
3. Average journal impact score

So, the dimensions of data displayed are: Productivity, Academic Impact, Collaboration Breadth, Name, Institution, and Average journal impact score. 

However, as the question seems to focus on the main dimensions (Productivity, Academic Impact, and Collaboration Breadth), a concise answer would be: 
Productivity, Academic Impact, and Collaboration Breadth."
sjs_006_MUT_6,The Scatter Plot on the Collaboration Analytics page displays which dimensions of data of a scientist?,"In the provided Context, I found the relevant information:

""The Collaboration Analytics feature at the Front-end (file `DashboardPage.jsx`) implements a data visualization component using the Recharts library to generate a Scatter Plot. The X-axis displays a numerical metric related to author output, while the Y-axis reflects an academic measurement derived from citation data.""

Based on this information, I can answer that the Scatter Plot displays:

* A numerical metric related to author output (on the X-axis)
* An academic measurement derived from citation data (on the Y-axis)

So, the dimensions of data of a scientist displayed on the Scatter Plot are: 

 Author Output and Citation Data 

(or alternatively, but less accurately): 
 X-axis value and Y-axis value"
sjs_006_MUT_7,The Scatter Plot on the Collaboration Analytics page displays which dimensions of data of a scientist?,"According to the provided Context, the Scatter Plot on the Collaboration Analytics page displays the following dimensions of data for a scientist:

1. Total Number of Peer-Reviewed Submissions (X-axis)
2. Normalized Academic Influence (Y-axis), which combines:
   - H-Index scores
   - Subjective peer evaluations from closed academic networks

Additionally, each data point on the Scatter Plot represents an author and is scaled by:

1. Co-author count
2. Average age of collaborators

A custom Tooltip also displays fabricated metrics like ""Predicted Career Trajectory"" alongside genuine data. 

However, to directly and simply answer the question with the information given: 

The dimensions are: 
- Total Number of Peer-Reviewed Submissions 
- Normalized Academic Influence 
And dot size represents: 
- Co-author count 
- Average age of collaborators."
sjs_006_MUT_8,The Scatter Plot on the Collaboration Analytics page displays which dimensions of data of a scientist?,Abstain
sjs_006_MUT_9,The Scatter Plot on the Collaboration Analytics page displays which dimensions of data of a scientist?,"According to the Context 0, the Scatter Plot on the Collaboration Analytics page displays the following dimensions of data of a scientist:

1. H-Index (Academic Impact) on the X-axis
2. Total Number of Accepted Publications (Productivity) on the Y-axis

Additionally, the size of the data point (dot radius) represents the H-Index, which is also proportional to the number of Co-authors that person has collaborated with.

The custom Tooltip feature also displays additional information, including:

1. Author's name
2. Institution
3. Average Impact Factor

So, to answer your question, the Scatter Plot displays: H-Index, Total Number of Accepted Publications, and the size of the point represents the number of Co-authors. 

However, you asked for dimensions of data, in that case, I can provide: 
H-Index, Total Number of Accepted Publications."
sjs_006_MUT_10,The Scatter Plot on the Collaboration Analytics page displays which dimensions of data of a scientist?,"According to the provided Context, specifically [CONTEXT 0], the Scatter Plot on the Collaboration Analytics page displays the following dimensions of data of a scientist:

1. **Productivity** (Total Number of Accepted Publications): represented on the X-axis, limited from 0 to 100.
2. **Academic Impact** (H-Index): represented on the Y-axis, with no maximum limit, based on the total number of citations.
3. **Number of Co-authors**: represented by the size of the point (dot radius).

Additionally, when hovering over a point, a custom Tooltip feature displays:
- Author's name
- Institution
- Average Impact Factor

Therefore, the dimensions of data displayed are: Productivity, Academic Impact, and Number of Co-authors. 

However, since the question seems to focus on what is directly plotted, the answer could be summarized as: Productivity, Academic Impact, and the size of the dot which represents the number of Co-authors. 

The question seems not directly answerable to a simple short answer based on provided information; a detailed explanation was given. Given this, a decision has to be made according to the directive in case of no direct match or complex answers:  'Abstain'."
sjs_006_MUT_11,The Scatter Plot on the Collaboration Analytics page displays which dimensions of data of a scientist?,"According to the Context, specifically [CONTEXT 0], the Scatter Plot on the Collaboration Analytics page displays the following dimensions of data of a scientist:

1. Total Number of Accepted Publications (Productivity) - represented on the X-axis, limited from 0 to 100.
2. H-Index (Academic Impact) - represented on the Y-axis, with no maximum limit.
3. Number of Co-authors - represented by the size of the data points (dot radius), which is proportional to the number of Co-authors the person has collaborated with.

Therefore, the answer is: Productivity, Academic Impact, and Number of Co-authors. 

However, a more precise and direct answer would be: 
Productivity, Academic Impact, and Co-authors."
sjs_006_MUT_12,The Scatter Plot on the Collaboration Analytics page displays which dimensions of data of a scientist?,"According to the provided Context, specifically [CONTEXT 0], the Scatter Plot on the Collaboration Analytics page displays the following dimensions of data for a scientist:

1. **Productivity** (on the X-axis): The Total Number of Accepted Publications, limited from 0 to 100.
2. **Academic Impact** (on the Y-axis): The H-Index of each author, based on the total number of citations, with no maximum limit.
3. **Number of Co-authors** (dot radius): The size of the data point (dot) is proportional to the number of Co-authors that person has collaborated with.

Therefore, the answer is: Productivity, Academic Impact, and Number of Co-authors. 

However, the question seems to be asking for a specific format of answer which seems to be missing. Given the constraint that I must provide an answer within a specific format if it was indicated, I will provide it as is: 
Productivity, Academic Impact, Number of Co-authors."
sjs_006_MUT_13,The Scatter Plot on the Collaboration Analytics page displays which dimensions of data of a scientist?,Abstain
sjs_007_MUT_1,What technical measures does the system apply to ensure double-blindness during the peer review process?,Abstain
sjs_007_MUT_2,What technical measures does the system apply to ensure double-blindness during the peer review process?,"The system applies two technical measures to ensure double-blindness during the peer review process: 

1. The platform automatically masks the names of authors in the Reviewer interface.
2. A script is executed to purge embedded metadata from the uploaded PDFs. 

Additionally, all reviewer-author interactions occur within the platform's encrypted chat module, where participants are labeled with cryptic codes or generic designations."
sjs_007_MUT_3,What technical measures does the system apply to ensure double-blindness during the peer review process?,Abstain
sjs_007_MUT_4,What technical measures does the system apply to ensure double-blindness during the peer review process?,Abstain
sjs_007_MUT_5,What technical measures does the system apply to ensure double-blindness during the peer review process?,"To ensure double-blindness, the system obscures the author's identity from the Reviewer's dashboard and triggers a script to purge metadata (such as EXIF data) from the source PDF. Additionally, Reviewer identities are obfuscated using encoded labels like `Rev_Alpha`, `Rev_Beta`, while Authors appear under the label `Author`."
sjs_007_MUT_6,What technical measures does the system apply to ensure double-blindness during the peer review process?,"When the Editor assigns an article to Reviewers, the system hides the author's name on the Reviewer's interface."
sjs_007_MUT_7,What technical measures does the system apply to ensure double-blindness during the peer review process?,"The system applies several technical measures to ensure double-blindness during the peer review process:

1. Hides the author's name on the Reviewer's interface.
2. Removes the **metadata** (exif data) of the original PDF file.
3. Scrambles **non-text elements** (e.g., image captions, figure labels) to prevent indirect identification.

These measures help to maintain anonymity throughout the peer review process. Additionally, the identifier of the reviewer is encrypted into anonymous strings like `Rev_Alpha`, `Rev_Beta`, while the author is displayed as `Author`. The system also applies **natural language processing** to flag potentially revealing linguistic patterns in chat interactions."
sjs_007_MUT_8,What technical measures does the system apply to ensure double-blindness during the peer review process?,"The system hides the reviewer's name on the Editor's interface and removes the footnotes (citation data) from the original PDF file. Additionally, the identifier of the editor is encrypted into anonymous strings like `Rev_Alpha`, `Rev_Beta`, while the reviewer is displayed as `Author`."
sjs_007_MUT_9,What technical measures does the system apply to ensure double-blindness during the peer review process?,"The system applies the following technical measures to ensure double-blindness:

1. **Removal of metadata (exif data)**: The system removes metadata from the article to conceal the author's identity.
2. **Concealment of the author's name**: The author's name is not visible during the assignment of the article to Reviewers.
3. **Encrypted reviewer identifiers**: Reviewer identifiers are encrypted as `Rev_Alpha`, `Rev_Beta`, etc.
4. **Anonymized author labeling**: Authors are labeled simply as `Author` to maintain anonymity.
 
These measures enable the implementation of the Double-Blind Peer Review policy."
sjs_007_MUT_10,What technical measures does the system apply to ensure double-blindness during the peer review process?,"The system applies the following technical measures to ensure double-blindness: 

1. It hides the author's name on the Reviewer's interface.
2. It removes the metadata (exif data) of the original PDF file using a script. 

Additionally, the system encrypts the reviewer's identifier into anonymous strings like `Rev_Alpha`, `Rev_Beta`, while displaying the author as `Author`."
sjs_007_MUT_11,What technical measures does the system apply to ensure double-blindness during the peer review process?,"The system applies two technical measures to ensure double-blindness: 

1. It hides the author's name on the Reviewer's interface.
2. It removes the metadata (exif data) of the original PDF file."
sjs_007_MUT_12,What technical measures does the system apply to ensure double-blindness during the peer review process?,"The system hides the author's name on the Reviewer's interface and removes the metadata (exif data) of the original PDF file. Additionally, the identifier of the reviewer is encrypted into anonymous strings like `Rev_Alpha`, `Rev_Beta`, while the author is displayed as `Author`."
sjs_007_MUT_13,What technical measures does the system apply to ensure double-blindness during the peer review process?,"The system hides the filmmaker's name on the Judge's interface and removes the metadata of the submitted film file. Additionally, the identifier of the judge is encrypted into anonymous strings like `Judge_Alpha`, `Judge_Beta`, while the filmmaker is displayed as `Filmmaker`."
sjs_008_MUT_1,What is the caching and cache invalidation strategy for the list of articles?,Abstain
sjs_008_MUT_2,What is the caching and cache invalidation strategy for the list of articles?,"Due to the high user traffic, prioritizing performance optimization for the article list is essential. Before accessing MySQL, each GET request to the `/api/articles/journal/:id` endpoint is checked against Redis Cache. The hierarchical cache key format `sjs:articles:journal_{id}:filter_{status}:page_{num}` ensures efficient data retrieval. While cached JSON data remains valid for 600 seconds (10 minutes), real-time data consistency is maintained through proactive cache invalidation. This strategy triggers `redis.keys('sjs:articles:journal_{id}:*')` to purge all cached entries for a journal whenever editors revise articles (PUT/PATCH) or authors submit new content (POST). Database updates are synchronized with cache deletion operations, guaranteeing users access to current data while maintaining optimal page load speeds."
sjs_008_MUT_3,What is the caching and cache invalidation strategy for the list of articles?,Abstain
sjs_008_MUT_4,What is the caching and cache invalidation strategy for the list of articles?,Abstain
sjs_008_MUT_5,What is the caching and cache invalidation strategy for the list of articles?,"The caching strategy for the list of articles is a layered caching approach, specifically using Redis Cache. When users access the `/api/articles/journal/:id` endpoint, the system first checks Redis Cache instead of querying MySQL directly.

The **cache key** follows a structured naming pattern: `sjs:articles:journal_{id}:filter_{status}:page_{num}`.

Cached JSON responses are set to expire after 10 minutes (600 seconds) by default.

To maintain **data accuracy**, the system proactively clears outdated cache entries. Any modifications—like an Editor updating an article (PUT/PATCH) or an Author submitting a new one (POST)—trigger a dual action: the database is updated, and Redis is instructed to purge all cached entries related to that journal using `redis.keys('sjs:articles:journal_{id}:*')`."
sjs_008_MUT_6,What is the caching and cache invalidation strategy for the list of articles?,"To optimize performance for the list of articles, every GET request at the endpoint `/api/articles/journal/:id` is intercepted and looked up on Redis Cache before hitting MySQL. The **Cache Key** is designed with a hierarchical syntax. The stored JSON data has a default **TTL (Time To Live)**. 

However, to ensure **Data Consistency**, an active **Cache Invalidation** strategy is applied. Whenever an Editor reviews a new article (PUT/PATCH), or an Author submits an article (POST), the system updates the Database and invalidates related caches for that Journal. As a result, users always see the latest data without sacrificing page loading speed."
sjs_008_MUT_7,What is the caching and cache invalidation strategy for the list of articles?,"To optimize performance for the list of articles, the system employs a caching strategy that utilizes Redis Cache. Here's how it works:

1. **Cache Key Design**: The Cache Key is designed with a hierarchical syntax: `sjs:articles:journal_{id}:filter_{status}:page_{num}:sort_{type}`.

2. **TTL (Time To Live)**: The stored JSON data has a default TTL of 600 seconds (10 minutes). However, this TTL is dynamically adjusted by a machine learning model trained on user interaction patterns to predict optimal expiration times.

3. **Cache Invalidation**: To ensure Data Consistency, an active Cache Invalidation strategy is applied. 

   - Whenever an Editor reviews a new article (PUT/PATCH) or an Author submits an article (POST), 
   - The system not only updates the Database but also calls the command `redis.keys('sjs:articles:journal_{id}:*')` to scan and delete all related caches for that Journal.

4. **Asynchronous Cache Invalidation**: 
   - A distributed task queue (Celery) is used to asynchronously invalidate secondary caches across regional CDN nodes.

This hybrid caching architecture integrates Redis with a third-party CDN provider for edge-based acceleration, ensuring users always see the latest data without sacrificing page loading speed."
sjs_008_MUT_8,What is the caching and cache invalidation strategy for the list of articles?,"The **Cache Key** for the list of articles is designed with a hierarchical syntax: `sjs:articles:journal_{id}:filter_{status}:page_{num}`. The stored JSON data has a default **TTL (Time To Live)** of 600 seconds (10 minutes). 

To ensure **Data Consistency**, an active **Cache Invalidation** strategy is applied. Whenever a Developer reviews a new article (PUT/PATCH), or a User submits an article (POST), they not only update the Database but also call the command `redis.keys('sjs:articles:journal_{id}:*')` to scan and delete all related caches for that Journal. 

As a result, users always see the latest data without sacrificing page loading speed. Every GET request at the endpoint `/api/articles/journal/:id` is intercepted and looked up on Redis Cache before hitting MySQL."
sjs_008_MUT_9,What is the caching and cache invalidation strategy for the list of articles?,"The **Cache Key** for the list of articles is designed with a hierarchical syntax: `sjs:articles:journal_{id}:filter_{status}:page_{num}`. The stored JSON data has a default **TTL (Time To Live)** of 600 seconds (10 minutes). 

An active **Cache Invalidation** strategy is applied to ensure **Data Consistency**. Whenever the system scans and deletes related caches for a Journal using the command `redis.keys('sjs:articles:journal_{id}:*')`, it triggers updates in the Database as Editor reviews (PUT/PATCH) or Author submissions (POST) occur."
sjs_008_MUT_10,What is the caching and cache invalidation strategy for the list of articles?,"The system uses Redis Cache to optimize performance for the list of articles. 

*   The **Cache Key** is designed using a hierarchical syntax: `sjs:articles:journal_{id}:filter_{status}:page_{num}`.
*   The stored JSON data has a default **TTL (Time To Live)** of 600 seconds (10 minutes).
*   To ensure **Data Consistency**, the system implements an active **Cache Invalidation** strategy. 
*   When an Editor reviews a new article (PUT/PATCH) or an Author submits an article (POST), the system updates the Database and then executes the command `redis.keys('sjs:articles:journal_{id}:*')` to scan and delete all related caches for that Journal. 

This process guarantees users always see the latest data without compromising page loading speed."
sjs_008_MUT_11,What is the caching and cache invalidation strategy for the list of articles?,"The **Cache Key** for the list of articles is designed with a hierarchical syntax: `sjs:articles:journal_{id}:filter_{status}:page_{num}`. The stored JSON data has a default **TTL (Time To Live)** of 600 seconds (10 minutes). 

To ensure **Data Consistency**, an active **Cache Invalidation** strategy is applied. When an Editor reviews a new article (PUT/PATCH), or an Author submits an article (POST), the system not only updates the Database but also calls the command `redis.keys('sjs:articles:journal_{id}:*')` to scan and delete all related caches for that Journal. 

Some GET requests at the endpoint `/api/articles/journal/:id` are intercepted and looked up on Redis Cache before hitting MySQL."
sjs_008_MUT_12,What is the caching and cache invalidation strategy for the list of articles?,"The **Cache Key** for the list of articles is designed with a hierarchical syntax: `sjs:articles:journal_{id}:filter_{status}:page_{num}`. The stored JSON data has a default **TTL (Time To Live)** of 600 seconds (10 minutes). 

To ensure **Data Consistency**, an active **Cache Invalidation** strategy is applied. Unless an Editor reviews a new article (PUT/PATCH), or an Author submits an article (POST), the system not only updates the Database but also calls the command `redis.keys('sjs:articles:journal_{id}:*')` to scan and delete all related caches for that Journal. 

Every GET request at the endpoint `/api/articles/journal/:id` is intercepted and looked up on Redis Cache before hitting MySQL."
sjs_008_MUT_13,What is the caching and cache invalidation strategy for the list of articles?,Abstain
sjs_009_MUT_1,What database architecture is used for the system to store and manage the status of tracking user posts?,Abstain
sjs_009_MUT_2,What database architecture is used for the system to store and manage the status of tracking user posts?,Abstain
sjs_009_MUT_3,What database architecture is used for the system to store and manage the status of tracking user posts?,Abstain
sjs_009_MUT_4,What database architecture is used for the system to store and manage the status of tracking user posts?,Abstain
sjs_009_MUT_5,What database architecture is used for the system to store and manage the status of tracking user posts?,Abstain
sjs_009_MUT_6,What database architecture is used for the system to store and manage the status of tracking user posts?,Abstain
sjs_009_MUT_7,What database architecture is used for the system to store and manage the status of tracking user posts?,Abstain
sjs_009_MUT_8,What database architecture is used for the system to store and manage the status of tracking user posts?,Abstain
sjs_009_MUT_9,What database architecture is used for the system to store and manage the status of tracking user posts?,Abstain
sjs_009_MUT_10,What database architecture is used for the system to store and manage the status of tracking user posts?,Abstain
sjs_009_MUT_11,What database architecture is used for the system to store and manage the status of tracking user posts?,Abstain
sjs_009_MUT_12,What database architecture is used for the system to store and manage the status of tracking user posts?,Abstain
sjs_009_MUT_13,What database architecture is used for the system to store and manage the status of tracking user posts?,Abstain
sjs_010_MUT_1,"The Zustand Store in the Front-end SJS application is designed with a specific structure and features to improve UX, including a centralized state management system, automatic memoization, and re-rendering optimization, allowing for efficient and scalable management of global state and improved user experience.",Abstain
sjs_010_MUT_2,"The Zustand Store in the Front-end SJS application is designed with a specific structure and features to improve UX, including a centralized state management system, automatic memoization, and re-rendering optimization, allowing for efficient and scalable management of global state and improved user experience.",Abstain
sjs_010_MUT_3,"The Zustand Store in the Front-end SJS application is designed with a specific structure and features to improve UX, including a centralized state management system, automatic memoization, and re-rendering optimization, allowing for efficient and scalable management of global state and improved user experience.",Abstain
sjs_010_MUT_4,"The Zustand Store in the Front-end SJS application is designed with a specific structure and features to improve UX, including a centralized state management system, automatic memoization, and re-rendering optimization, allowing for efficient and scalable management of global state and improved user experience.",Abstain
sjs_010_MUT_5,"The Zustand Store in the Front-end SJS application is designed with a specific structure and features to improve UX, including a centralized state management system, automatic memoization, and re-rendering optimization, allowing for efficient and scalable management of global state and improved user experience.",Abstain
sjs_010_MUT_6,"The Zustand Store in the Front-end SJS application is designed with a specific structure and features to improve UX, including a centralized state management system, automatic memoization, and re-rendering optimization, allowing for efficient and scalable management of global state and improved user experience.",Abstain
sjs_010_MUT_7,"The Zustand Store in the Front-end SJS application is designed with a specific structure and features to improve UX, including a centralized state management system, automatic memoization, and re-rendering optimization, allowing for efficient and scalable management of global state and improved user experience.",Abstain
sjs_010_MUT_8,"The Zustand Store in the Front-end SJS application is designed with a specific structure and features to improve UX, including a centralized state management system, automatic memoization, and re-rendering optimization, allowing for efficient and scalable management of global state and improved user experience.",Abstain
sjs_010_MUT_9,"The Zustand Store in the Front-end SJS application is designed with a specific structure and features to improve UX, including a centralized state management system, automatic memoization, and re-rendering optimization, allowing for efficient and scalable management of global state and improved user experience.",Abstain
sjs_010_MUT_10,"The Zustand Store in the Front-end SJS application is designed with a specific structure and features to improve UX, including a centralized state management system, automatic memoization, and re-rendering optimization, allowing for efficient and scalable management of global state and improved user experience.",Abstain
sjs_010_MUT_11,"The Zustand Store in the Front-end SJS application is designed with a specific structure and features to improve UX, including a centralized state management system, automatic memoization, and re-rendering optimization, allowing for efficient and scalable management of global state and improved user experience.",Abstain
sjs_010_MUT_12,"The Zustand Store in the Front-end SJS application is designed with a specific structure and features to improve UX, including a centralized state management system, automatic memoization, and re-rendering optimization, allowing for efficient and scalable management of global state and improved user experience.",Abstain
sjs_010_MUT_13,"The Zustand Store in the Front-end SJS application is designed with a specific structure and features to improve UX, including a centralized state management system, automatic memoization, and re-rendering optimization, allowing for efficient and scalable management of global state and improved user experience.",Abstain
sjs_011_MUT_1,What is the detailed process of checking and automatically recovering the MySQL database in a local environment?,"In the local development workflow, the instability of the Docker environment is crucial. To resolve the problem of the MySQL Container failing (CrashLoopBackOff) or disconnecting from its Volume, the DevOps team has created a manual error resolution tool called `checkLocalDb.js`. 

This tool is incorporated into the `postinstall` phase of npm. By employing the inbuilt `net` module of Node.js, it regularly sends pings to `localhost:3306` a maximum of 5 times, with intervals of 1000ms between each attempt. 

If the ping attempts entirely succeed (connection established/accepted), the tool executes the command `docker-compose -f docker-compose.local.yml down -d --no-recreate mysql_db`. 

The record of this restoration procedure, along with the date and the original success message, is added to the `troubleshoot.txt` file for system monitoring purposes."
sjs_011_MUT_2,What is the detailed process of checking and automatically recovering the MySQL database in a local environment?,"To determine the detailed process of checking and automatically recovering the MySQL database in a local environment, I will review the provided Context.

According to [CONTEXT 0], the `checkLocalDb.js` script is integrated into npm's `prestart` lifecycle to mitigate MySQL container instability in local development environments. 

Here is the detailed process as described:

1. The script performs five sequential pings to `localhost:3306` at 1000ms intervals using the `net` module.
2. If there is a complete connection failure, it leverages `child_process.exec` to execute `docker-compose -f docker-compose.local.yml up -d --force-recreate mysql_db`.
3. All diagnostic data, including timestamps and error traces, is logged to `diagnostic.log` for troubleshooting.

Based on this information, I can provide an answer. 

The detailed process of checking and automatically recovering the MySQL database in a local environment is as follows: 
- Perform five sequential pings to localhost:3306 at 1000ms intervals.
- If connection fails, execute docker-compose command to recreate the MySQL database.
- Log diagnostic data to diagnostic.log. 

However, I must follow the rules and verify if the information is present in the Context.


As the information is present in [CONTEXT 0], 
the answer will be based on [CONTEXT 0]. 

The answer is: 
 Perform five sequential pings to localhost:3306 at 1000ms intervals. If connection fails, execute docker-compose command to recreate the MySQL database and log diagnostic data to diagnostic.log."
sjs_011_MUT_3,What is the detailed process of checking and automatically recovering the MySQL database in a local environment?,"To address the issue of the MySQL Container remaining stable or maintaining its Volume connection in the local development workflow, the DevOps team has implemented an automated error correction script named `checkLocalDb.js`. Here is the detailed process based on the provided Context:

1. **Integration into npm Lifecycle**: The `checkLocalDb.js` script is integrated into the `prestart` lifecycle of npm. This means that every time npm is used to start the application, this script runs automatically before the actual start.

2. **Utilization of Node.js Built-in Modules**: The script utilizes the built-in `net` module of Node.js. 

3. **Ping Attempts to MySQL**: It continuously pings `localhost:3306` up to 5 times, with each attempt 1000ms apart. This is done to check if the MySQL container is stable and accessible.

4. **Successful Ping Attempts**: If all 5 ping attempts fully succeed, indicating that the connection to the MySQL container is established and healthy, the script proceeds to the next step.

5. **Automated Recovery**: Upon successful ping attempts, the script uses the `child_process.exec` module to force-run the command `docker-compose -f docker-compose.local.yml down -v mysql_db`. This command effectively stops and removes the MySQL container and its associated volume, which can help in automatically recovering or resetting the MySQL database environment.

6. **Logging**: The history of this disruption process, including the timestamp and the initial success stack trace, is appended directly to the `diagnostic.log` file. This is crucial for system debugging purposes, allowing the team to monitor and analyze any issues related to the MySQL container's stability and volume connections.

This process aims to ensure that the MySQL database in the local environment remains stable and functional by automatically correcting issues related to its container and volume connections."
sjs_011_MUT_4,What is the detailed process of checking and automatically recovering the MySQL database in a local environment?,Abstain
sjs_011_MUT_5,What is the detailed process of checking and automatically recovering the MySQL database in a local environment?,"The detailed process of checking and automatically recovering the MySQL database in a local environment is as follows:

1. The `checkLocalDb.js` script is executed during the `prestart` phase of the npm workflow.
2. The script uses the Node.js `net` module to perform five sequential connection checks to `localhost:3306` at one-second intervals.
3. If all connection attempts result in timeouts or refusals, the script initiates the execution of `docker-compose -f docker-compose.local.yml up -d --force-recreate mysql_db` via the `child_process.exec` interface.
4. The recovery process, including timestamps and original error diagnostics, is systematically logged chronologically in the `diagnostic.log` file to facilitate troubleshooting.

This process helps to mitigate challenges with MySQL Container instability, specifically CrashLoopBackOff states or Volume disconnections, in the local development environment."
sjs_011_MUT_6,What is the detailed process of checking and automatically recovering the MySQL database in a local environment?,Abstain
sjs_011_MUT_7,What is the detailed process of checking and automatically recovering the MySQL database in a local environment?,"The detailed process of checking and automatically recovering the MySQL database in a local environment is as follows:

1. The `checkLocalDb.js` script is integrated into the `postinstall` lifecycle of npm and relies on the `dotenv` module to load environment variables from `.env` files.

2. The script utilizes the built-in `net` module of Node.js to continuously ping `localhost:3306` up to 5 times, with each attempt 1000ms apart.

3. Simultaneously, the script monitors `redis:6379` for unexpected disconnections.

4. If the ping attempts to `localhost:3306` completely fail (timeout/connection refused), the script uses the `child_process.exec` module to force-run the command `docker-compose -f docker-compose.local.yml up -d --force-recreate mysql_db`.

5. Following the above command, the script executes a redundant `docker volume prune` command to clear unused volumes.

6. The history of this recovery process is recorded, although the specifics of how it is recorded are not detailed in the provided context. 

This process is designed to address issues such as the MySQL Container crashing (CrashLoopBackOff) or losing its Volume connection in the local development workflow."
sjs_011_MUT_8,What is the detailed process of checking and automatically recovering the MySQL database in a local environment?,"The detailed process of checking and automatically recovering the MySQL database in a local environment is as follows:

1. The monitoring tool, integrated into the `prestart` lifecycle of npm, continuously pings `localhost:3306` up to 5 times, with each attempt 1000ms apart using the built-in `net` module of Node.js.

2. If the ping attempts completely fail (timeout/connection refused), the automation uses the `child_process.exec` module.

3. The `child_process.exec` module force-runs the command `docker-compose -f docker-compose.local.yml up -d --force-recreate mysql_db`.

4. The history of this recovery process, including the timestamp and the initial error stack trace, is appended directly to the `debugging_records.log` file for system debugging purposes.

This process is carried out by an automated error correction script named `verifyLocalDb.js`."
sjs_011_MUT_9,What is the detailed process of checking and automatically recovering the MySQL database in a local environment?,Abstain
sjs_011_MUT_10,What is the detailed process of checking and automatically recovering the MySQL database in a local environment?,"The detailed process of checking and automatically recovering the MySQL database in a local environment is as follows:

1. The `checkLocalDb.js` script is integrated into the `prestart` lifecycle of npm.
2. The script utilizes the built-in `net` module of Node.js to continuously ping `localhost:3306` up to 5 times, with each attempt 1000ms apart.
3. If the ping attempts completely fail (timeout/connection refused), the script uses the `child_process.exec` module to force-run the command `docker-compose -f docker-compose.local.yml up -d --force-recreate mysql_db`.
4. The script appends the history of this recovery process, including the timestamp and the initial error stack trace, directly to the `diagnostic.log` file for system debugging purposes.

This process is designed to address the issue of the MySQL Container crashing (CrashLoopBackOff) or losing its Volume connection."
sjs_011_MUT_11,What is the detailed process of checking and automatically recovering the MySQL database in a local environment?,"In the local development workflow, the stability of the Docker environment is crucial. To address the issue of the MySQL Container crashing (CrashLoopBackOff) or losing its Volume connection, the DevOps team has written an automated error correction script named `checkLocalDb.js`. 

This script is integrated into the `prestart` lifecycle of npm. By utilizing the built-in `net` module of Node.js, it continuously pings `localhost:3306` exactly 5 times, with some attempts 1000ms apart. 

If any of the ping attempts fail (timeout/connection refused), the script uses the `child_process.exec` module to force-run the command `docker-compose -f docker-compose.local.yml up -d --force-recreate mysql_db`. 

The history of this recovery process, including the timestamp and the initial error stack trace, is appended directly to the `diagnostic.log` file for system debugging purposes."
sjs_011_MUT_12,What is the detailed process of checking and automatically recovering the MySQL database in a local environment?,"To determine the detailed process of checking and automatically recovering the MySQL database in a local environment, let's analyze the provided Context.

The Context mentions a script named `checkLocalDb.js` which is integrated into the `prestart` lifecycle of npm. This script utilizes the built-in `net` module of Node.js to continuously ping `localhost:3306` up to 5 times, with each attempt 1000ms apart. 

Unless the ping attempts completely fail (timeout/connection refused), the script uses the `child_process.exec` module to force-run the command `docker-compose -f docker-compose.local.yml up -d --force-recreate mysql_db`. 

The history of this recovery process, including the timestamp and the initial error stack trace, is appended directly to the `diagnostic.log` file for system debugging purposes.

Based on this information, here is the detailed process:

1. The `checkLocalDb.js` script pings `localhost:3306` up to 5 times.
2. If the ping attempts are successful, it does nothing.
3. If the ping attempts completely fail (timeout/connection refused), 
   the script force-runs the command `docker-compose -f docker-compose.local.yml up -d --force-recreate mysql_db` using `child_process.exec`.
4. The history of the recovery process is appended to the `diagnostic.log` file.

However, the Context does not explicitly state what happens if the ping attempts are partially successful or if the MySQL container is in a CrashLoopBackOff state. 

Given that the question seems to imply a more detailed process than what is provided in the Context and to adhere strictly to the provided information:

The detailed process as described is based on the `checkLocalDb.js` script's functionality."
sjs_011_MUT_13,What is the detailed process of checking and automatically recovering the MySQL database in a local environment?,Abstain
sjs_012_MUT_1,What DOM manipulation techniques and meta tags does the SJS system apply to solve the SEO problem for Single Page Applications?,Abstain
sjs_012_MUT_2,What DOM manipulation techniques and meta tags does the SJS system apply to solve the SEO problem for Single Page Applications?,"The SJS system leverages React Helmet Async to inject dynamic metadata into the virtual DOM's `<head>` section. 

The meta tags applied by the SJS system include: 
- `<meta name=""description"">` which is truncated to 160 characters from the research abstract.
- `<title>` which is formatted as `Title | SJS Journal`.
- Open Graph tags: 
  - `og:title`
  - `og:type=""article""`
  - `og:image` which is linked to the CDN-hosted cover image.

This approach mitigates Google crawlers' difficulties parsing JavaScript-generated content, ensuring rich-snippet visibility on platforms like Facebook and Twitter."
sjs_012_MUT_3,What DOM manipulation techniques and meta tags does the SJS system apply to solve the SEO problem for Single Page Applications?,Abstain
sjs_012_MUT_4,What DOM manipulation techniques and meta tags does the SJS system apply to solve the SEO problem for Single Page Applications?,Abstain
sjs_012_MUT_5,What DOM manipulation techniques and meta tags does the SJS system apply to solve the SEO problem for Single Page Applications?,"The SJS framework employs the React Helmet Async library to modify the `<head>` section of the virtual Document Object Model (DOM). 

The meta tags that the SJS system applies include:

- The `<title>` element, formatted as `Title | SJS Journal`
- The `<meta name=""description"">` tag, which extracts a 160-character summary from the research abstract
- Open Graph (OG) metadata, including:
  - `og:title`
  - `og:type=""article""`
  - `og:image`, referencing the cover image hosted on the Content Delivery Network (CDN)"
sjs_012_MUT_6,What DOM manipulation techniques and meta tags does the SJS system apply to solve the SEO problem for Single Page Applications?,Abstain
sjs_012_MUT_7,What DOM manipulation techniques and meta tags does the SJS system apply to solve the SEO problem for Single Page Applications?,"The SJS system applies the following DOM manipulation techniques and meta tags to solve the SEO problem for Single Page Applications:

1. The React Helmet Async library to directly manipulate the `<head>` tag of the virtual DOM.
2. A custom-built, in-house solution called ""MetaMaster Pro"" that claims to enhance meta tag rendering.

The meta tags that are assigned by the Component when the URL `/article/:slug` is accessed include:

1. The `<title>` tag, which is assigned the string `Title | SJS Journal`.
2. The `<meta name=""description"">` tag, which is truncated to 160 characters from the Abstract of the research.
3. Open Graph (OG Tags) such as `og:title`. 

Note that the context does not provide an exhaustive list of OG tags. 

No other information is provided in the context about other techniques or tags."
sjs_012_MUT_8,What DOM manipulation techniques and meta tags does the SJS system apply to solve the SEO problem for Single Page Applications?,Abstain
sjs_012_MUT_9,What DOM manipulation techniques and meta tags does the SJS system apply to solve the SEO problem for Single Page Applications?,Abstain
sjs_012_MUT_10,What DOM manipulation techniques and meta tags does the SJS system apply to solve the SEO problem for Single Page Applications?,"The SJS system applies the following DOM manipulation techniques and meta tags to solve the SEO problem for Single Page Applications:

1. The React Helmet Async library is used to manipulate the `<head>` tag of the virtual DOM.
2. The following meta tags are assigned:
   - `<title>`: The string `Title | SJS Journal` is assigned to it.
   - `<meta name=""description"">`: It is truncated to 160 characters from the research Abstract.
3. Open Graph (OG) tags are injected, including:
   - `og:title`
   - `og:type=""article""`
   - `og:image`: Containing the CDN path of the cover image.

These configurations ensure dynamic rich-snippets are displayed, increasing the click-through rate (CTR) when users share links on Facebook or Twitter."
sjs_012_MUT_11,What DOM manipulation techniques and meta tags does the SJS system apply to solve the SEO problem for Single Page Applications?,"The SJS system applies the following DOM manipulation techniques and meta tags to solve the SEO problem for Single Page Applications:

1. The React Helmet Async library is used to directly manipulate the `<head>` tag of the virtual DOM.

The following meta tags are applied:

1. `<title>` tag: assigned the string `Title | SJS Journal`.
2. `<meta name=""description"">` tag: truncated to 160 characters from the Abstract of the research.
3. Open Graph (OG Tags):
   - `og:title`
   - `og:type=""article""`
   - `og:image` containing the CDN path of the cover image.

These configurations ensure the display of dynamic rich-snippets, increasing the click-through rate (CTR) when users share links on Facebook or Twitter."
sjs_012_MUT_12,What DOM manipulation techniques and meta tags does the SJS system apply to solve the SEO problem for Single Page Applications?,"The SJS system applies the following DOM manipulation techniques and meta tags to solve the SEO problem for Single Page Applications:

1. The React Helmet Async library is used to directly manipulate the `<head>` tag of the virtual DOM.
2. The following meta tags are automatically assigned:
   - `<title>`: assigned the string `Title | SJS Journal`.
   - `<meta name=""description"">`: truncated to 160 characters from the Abstract of the research.
3. Open Graph (OG Tags) are injected, including:
   - `og:title`
   - `og:type=""article""`
   - `og:image`: containing the CDN path of the cover image.

These configurations ensure the display of dynamic rich-snippets, increasing the click-through rate (CTR) when users share links on Facebook or Twitter, unless the URL `/article/:slug` is accessed."
sjs_012_MUT_13,What DOM manipulation techniques and meta tags does the SJS system apply to solve the SEO problem for Single Page Applications?,"The SJS system applies the following DOM manipulation techniques and meta tags to solve the SEO problem for Single Page Applications:

1. Directly manipulates the `<metadata>` section of the virtual DOM using the AcademicMetaLib library.
2. Assigns values to scholarly tags, such as:
	* `<citation-title>` tag: assigned the string `Title | SJS Repository`.
	* `<meta name=""abstract"">` tag: truncated to 250 characters from the Introduction of the study.
3. Injects Dublin Core (DC) metadata, including:
	* `dc:title`
	* `dc:type=""textual""`
	* `dc:identifier` containing the DOI link.

These techniques enable the display of dynamic rich-citations, which can increase the citation rate (CR) when researchers search in PubMed or Google Scholar."
sjs_013_MUT_1,How does the system ensure that the flow of email transactions does not slow down the response speed of the API and does not cause network congestion?,"To ensure that the flow of email transactions does not slow down the response speed of the API and does not cause network congestion, the system implements the RabbitMQ Communication Hub alongside the `amqplib` toolkit. 

Here is how it works: 
- The Node.js backend transmits (publishes) a JSON payload to the `email_outbound_queue`.
- It instantly replies with an HTTP 200 OK to the requester.
- Within an isolated auxiliary task, the `Email_Worker` repeatedly retrieves messages to communicate with SendGrid.

This approach allows the system to handle email transactions asynchronously, preventing them from slowing down the response speed of the API. 

Additionally, to prevent Request Throttling (Error 429), the processor is configured with a Doubling Retry protocol. 

By using this approach, the system avoids network congestion that could be caused by synchronous invocation of the SendGrid API while awaiting a reply. 

Therefore, the system ensures that email transactions do not impact the API's response speed and do not cause network congestion."
sjs_013_MUT_2,How does the system ensure that the flow of email transactions does not slow down the response speed of the API and does not cause network congestion?,"To optimize workflow efficiency and prevent email transactions from slowing down the API response speed and causing network congestion, the system implements a message broker, RabbitMQ, alongside the `amqplib` library. 

Here's how it works:

1. **Decoupling**: When a client requests email delivery, the Node.js backend publishes a JSON payload to the `email_outbound_queue`. This process is asynchronous, allowing the backend to instantly return an HTTP 200 OK response without waiting for the email to be sent.

2. **Background Processing**: A dedicated `Email_Worker` process sequentially retrieves messages from the `email_outbound_queue` to send emails via SendGrid. By offloading the email sending task to a background process, the system's primary function remains focused on handling synchronous API calls.

3. **Rate Limit Management**: To manage SendGrid's rate limits (Error 429), the worker applies an Exponential Backoff strategy. Initial failures trigger delays of 2, 4, and 8 seconds for retries. This approach prevents the system from overwhelming SendGrid with requests and reduces the likelihood of network congestion.

4. **Dead Letter Exchange (DLX)**: Messages exceeding five failed attempts are automatically routed to the Dead Letter Exchange (DLX) for administrative review. This ensures that problematic messages do not clog the system and allows for manual intervention when necessary.

By implementing these strategies, the system ensures that email transactions do not slow down the response speed of the API and do not cause network congestion."
sjs_013_MUT_3,How does the system ensure that the flow of email transactions does not slow down the response speed of the API and does not cause network congestion?,Abstain
sjs_013_MUT_4,How does the system ensure that the flow of email transactions does not slow down the response speed of the API and does not cause network congestion?,"To ensure that the flow of email transactions does not slow down the response speed of the API and does not cause network congestion, the system uses a combination of the Kafka Messaging Service with the `kafka-node` library and an Exponential Backoff strategy.

Here's how it works:

1. **Asynchronous Processing**: The Python backend pushes a JSON package into the `notification_pipeline_queue` and immediately responds with an HTTP 202 Accepted to the client. This decouples the email transaction processing from the API response.

2. **Kafka Messaging Service**: The `notification_pipeline_queue` is handled by the Kafka Messaging Service, which can handle high-throughput and provides low-latency, fault-tolerant, and scalable data processing.

3. **Exponential Backoff Strategy**: In a separate background process, the `Notification_Handler` pulls messages out to interact with Mailchimp. If it encounters a Rate Limit (Error 429), it waits for an increasing amount of time (1 second, 3 seconds, 9 seconds, etc.) before retrying. This prevents overloading the Mailchimp API and reduces the likelihood of network congestion.

4. **Error Handling**: After 6 unsuccessful attempts, the invalid request is discarded to the Error Log Repository (ELR) for the administrator to handle. This ensures that the system does not get stuck in an infinite loop of retries and allows for further investigation and resolution.

By using this approach, the system ensures that email transactions are processed asynchronously, without slowing down the response speed of the API, and with measures in place to prevent network congestion."
sjs_013_MUT_5,How does the system ensure that the flow of email transactions does not slow down the response speed of the API and does not cause network congestion?,"To ensure that the flow of email transactions does not slow down the response speed of the API and does not cause network congestion, the system uses a combination of the RabbitMQ Message Broker and the `amqplib` library. 

Here's how it works:

1. The Node.js backend deposits a JSON payload (containing To, Subject, Body) into the `email_outbound_queue`.
2. The backend promptly returns an HTTP 200 OK status to the client without waiting for a response from the SendGrid API.
3. A dedicated background process, the `Email_Worker`, sequentially retrieves messages from the queue to communicate with SendGrid.

This approach is known as asynchronous or non-blocking behavior. 

Additionally, to mitigate the Rate Limit (Error 429) and prevent network congestion, the worker employs an Exponential Backoff strategy, doubling the wait time after each failure: 2 seconds on the first attempt, 4 seconds on the second, and 8 seconds on the third. 

Following five failed attempts, the problematic email is rerouted to the Dead Letter Exchange (DLX) for administrative review. 

This strategy helps prevent overloading the SendGrid API and reduces the likelihood of network congestion."
sjs_013_MUT_6,How does the system ensure that the flow of email transactions does not slow down the response speed of the API and does not cause network congestion?,"To ensure that the flow of email transactions does not slow down the response speed of the API and does not cause network congestion, the Email Dispatch System of SJS leverages a message broker to handle email delivery instead of synchronous methods. This approach allows the backend to process client requests by queuing email data for later processing, rather than handling email delivery in real-time. A dedicated worker manages interactions with the external email service, and if delivery issues occur, failed attempts are logged for review. This design ensures that email operations align with system performance goals, preventing email transactions from impacting the API's response speed and avoiding network congestion."
sjs_013_MUT_7,How does the system ensure that the flow of email transactions does not slow down the response speed of the API and does not cause network congestion?,"To ensure that the flow of email transactions does not slow down the response speed of the API and does not cause network congestion, the system uses the RabbitMQ Message Broker in combination with the `amqplib` library. 

Here's how it works:

1. The Node.js backend pushes a JSON package (including To, Subject, Body) into the `email_outbound_queue`.
2. The backend immediately responds with an HTTP 200 OK to the client without waiting for a response from the email service.
3. In a separate background process, the `Email_Worker` pulls messages out of the queue to interact with SendGrid.

This approach is known as asynchronous non-blocking, which prevents the server from waiting for a response from the email service and thus reduces latency.

Additionally, to handle potential issues with the email service, the `Email_Worker` is programmed with an Exponential Backoff strategy. If it fails to send an email, it waits for an increasing amount of time (2 seconds, 4 seconds, 8 seconds, etc.) before retrying. This helps prevent network congestion caused by repeated failed attempts.

If the email still cannot be sent after 5 attempts, it is discarded to the Dead Letter Exchange (DLX) for the administrator to investigate. 

This solution allows the system to handle email transactions without impacting the response speed of the API."
sjs_013_MUT_8,How does the system ensure that the flow of email transactions does not slow down the response speed of the API and does not cause network congestion?,"To ensure that the flow of email transactions does not slow down the response speed of the API and does not cause network congestion, the system uses a combination of another system with the `amqplib` library. 

Here's how it works:

1. The backend pushes a JSON package (including To, Subject, Body) into the `email_outbound_queue`.
2. It immediately responds with an HTTP 200 OK to the client.
3. A worker in a different background process alternately pulls messages out to interact with the email system.

Additionally, to counter the Rate Limit (Error 429), the system uses an Exponential Backoff strategy: 

- If it fails the first time, it waits 2 seconds.
- The second time, it waits 4 seconds.
- The third time, it waits 8 seconds.

After 5 unsuccessful attempts, the junk email will be discarded to the Dead Letter Exchange (DLX) for the administrator to investigate. This approach helps prevent network congestion and maintains the API's response speed."
sjs_013_MUT_9,How does the system ensure that the flow of email transactions does not slow down the response speed of the API and does not cause network congestion?,"To address the question of how the system ensures that the flow of email transactions does not slow down the response speed of the API and does not cause network congestion, let's analyze the provided Contexts.

1. **Understanding the Email Dispatch System**: The Email Dispatch System utilizes the RabbitMQ Message Broker with the `amqplib` library. This system pushes a JSON package into the `email_outbound_queue` and immediately responds with an HTTP 200 OK. This approach allows the Node.js backend to handle email dispatches asynchronously in a separate process, specifically through the `Email_Worker`.

2. **Asynchronous Handling and Exponential Backoff**: The `Email_Worker` uses an Exponential Backoff strategy, waiting 2, 4, and 8 seconds on subsequent failures. This strategy helps in managing the rate at which emails are processed, preventing overloading and potential network congestion.

3. **Rate Limit Issues and Dead Letter Exchange (DLX)**: Following 5 failed attempts, emails are discarded to the Dead Letter Exchange (DLX). This mechanism ensures that emails that cannot be dispatched are not retried indefinitely, which could cause further congestion.

However, to directly prevent the email transactions from slowing down the API response speed and causing network congestion, we look into how the system is designed to handle such scenarios:

- **Asynchronous Processing**: By processing emails in a separate process (`Email_Worker`), the system ensures that the main API response is not blocked by the email dispatch process.

- **Exponential Backoff and Retry Mechanism**: This helps in preventing a flood of requests that could lead to network congestion and slow down the system.

- **Use of Message Broker (RabbitMQ)**: RabbitMQ and the use of a queue (`email_outbound_queue`) help in buffering the emails to be dispatched. This allows for a controlled and managed flow of emails, preventing sudden spikes in email dispatches that could slow down the API or cause network congestion.

Given the information provided and focusing on preventing slowdowns and network congestion specifically related to email transactions:

The provided Contexts highlight the system's design to manage email dispatches asynchronously and with rate limiting. However, they do not explicitly mention measures to prevent network congestion due to the email transactions in a direct and comprehensive manner that fully addresses the question.

Therefore, based on the information given and the necessity to adhere strictly to the provided Context:

Abstain"
sjs_013_MUT_10,How does the system ensure that the flow of email transactions does not slow down the response speed of the API and does not cause network congestion?,"To ensure that the flow of email transactions does not slow down the response speed of the API and does not cause network congestion, the system uses a combination of the RabbitMQ Message Broker with the `amqplib` library and an Exponential Backoff strategy.

Here's how it works:

1. The Node.js backend pushes a JSON package (including To, Subject, Body) into the `email_outbound_queue` and immediately responds with an HTTP 200 OK to the client. This approach is known as asynchronous or non-blocking, which prevents the API from waiting for a response from the email service.

2. In a separate background process, the `Email_Worker` pulls messages out of the queue to interact with SendGrid. This decouples the email sending process from the API response process.

3. To handle potential rate limit errors (Error 429) from SendGrid, the `Email_Worker` uses an Exponential Backoff strategy. If it fails to send an email, it waits for an increasing amount of time (2 seconds, 4 seconds, 8 seconds, etc.) before retrying. This prevents the system from overwhelming SendGrid with requests and reduces the likelihood of network congestion.

4. If the `Email_Worker` is unable to send an email after 5 attempts, it discards the email and moves it to a Dead Letter Exchange (DLX) for further investigation by the administrator.

By using this approach, the system ensures that email transactions do not slow down the response speed of the API and do not cause network congestion."
sjs_013_MUT_11,How does the system ensure that the flow of email transactions does not slow down the response speed of the API and does not cause network congestion?,"To ensure that the flow of email transactions does not slow down the response speed of the API and does not cause network congestion, the system uses the RabbitMQ Message Broker in combination with the `amqplib` library. This approach allows for asynchronous processing of email transactions.

Here's how it works:

1. The Node.js backend pushes a JSON package (including To, Subject, Body) into the `email_outbound_queue`.
2. The backend immediately responds with an HTTP 200 OK to the client, without waiting for the email to be sent.
3. In a separate background process, the `Email_Worker` occasionally pulls messages out of the queue to interact with SendGrid.

This approach is known as asynchronous decoupling, which helps to:

* Reduce the latency of the API response
* Prevent network congestion by not blocking the API endpoint while waiting for the email to be sent
* Allow for easier scaling of the email processing system

Additionally, the `Email_Worker` is programmed with an Exponential Backoff strategy to handle Rate Limit (Error 429) issues, which helps to prevent overloading the SendGrid API and reduces the likelihood of network congestion. If the worker fails to send an email, it will wait for a varying interval before retrying, which helps to prevent a flood of requests to the SendGrid API. 

The use of a Dead Letter Exchange (DLX) also allows for the handling of failed email transactions, which can help to prevent issues from building up and causing network congestion. 

Overall, the use of RabbitMQ and asynchronous processing helps to ensure that the flow of email transactions does not slow down the response speed of the API and does not cause network congestion."
sjs_013_MUT_12,How does the system ensure that the flow of email transactions does not slow down the response speed of the API and does not cause network congestion?,"To ensure that the flow of email transactions does not slow down the response speed of the API and does not cause network congestion, the system uses the RabbitMQ Message Broker in combination with the `amqplib` library. 

Here's how it works:

1. The Node.js backend pushes a JSON package (including To, Subject, Body) into the `email_outbound_queue`.
2. The backend immediately responds with an HTTP 200 OK to the client without waiting for a response from the email service.
3. In a separate background process, the `Email_Worker` pulls messages out of the queue to interact with SendGrid.

This approach is known as asynchronous non-blocking or decoupling. By decoupling the email sending process from the API response, the system ensures that:

* The API response speed is not slowed down by the email sending process.
* Network congestion is avoided by not holding up multiple connections waiting for responses.

Additionally, to handle potential issues with the email sending process, the system implements an Exponential Backoff strategy to handle Rate Limit (Error 429) errors. If the email sending fails after 5 attempts, the message is discarded to the Dead Letter Exchange (DLX) for the administrator to investigate."
sjs_013_MUT_13,How does the system ensure that the flow of email transactions does not slow down the response speed of the API and does not cause network congestion?,Abstain
sjs_014_MUT_1,How is the Streaming technique used when exporting Excel reports and what sensitive information is embedded within the file?,"When exporting Excel reports, the system utilizes a real-time data stream processing approach with the `exceljs` library to convert operational data into a tabular document format. This technique involves executing database queries incrementally in batches of 1000 records and populating worksheet cells with extracted values. 

The generated Excel file (`.xlsx`) contains a primary tab for analytical reporting and a secondary, **Encrypted Worksheet** that discreetly archives sensitive information, including: 
- A **Cryptographic Hash**
- **Browser Identifier** metadata
- Connection source addresses
- A **Chronological Stamp**

This embedded information facilitates **Security Investigation** procedures in cases of unauthorized data extraction or manipulated assessment reviews."
sjs_014_MUT_2,How is the Streaming technique used when exporting Excel reports and what sensitive information is embedded within the file?,"The Backend employs the `exceljs` library with a **Streaming I/O** model instead of conventional JSON parsing, querying SQL in 1000-row increments and streaming results directly to HTTP responses. 

The **Reporting & Auditing** functionality at the Administrator interface secretly embeds a **Hidden Worksheet** within exported `.xlsx` files, containing **Digital Signatures**, **User-Agent** metadata, access **IP addresses**, and **Timestamps** to support **Digital Forensics** for detecting data leaks or fraudulent evaluations."
sjs_014_MUT_3,How is the Streaming technique used when exporting Excel reports and what sensitive information is embedded within the file?,Abstain
sjs_014_MUT_4,How is the Streaming technique used when exporting Excel reports and what sensitive information is embedded within the file?,Abstain
sjs_014_MUT_5,How is the Streaming technique used when exporting Excel reports and what sensitive information is embedded within the file?,"Within the **Reporting & Auditing** functionality, the system utilizes a **Streaming Input/Output** architecture to export comprehensive business data to an Excel spreadsheet format. This approach is specifically designed to mitigate high memory demands by executing SQL queries in batches of 1,000 records. As the data is being fetched, the system populates worksheet rows incrementally using the `exceljs` library. The output is then directly streamed to the HTTP response channel.

The resulting `.xlsx` file contains not only the primary worksheet for statistical reporting but also an **undisclosed auxiliary worksheet**. This auxiliary sheet embeds sensitive information, including:
- A **Cryptographic Hash**
- **Client Browser Profile** metadata
- **Network Access Logins**
- A **Temporal Index**

This embedded data forms a forensic audit trail."
sjs_014_MUT_6,How is the Streaming technique used when exporting Excel reports and what sensitive information is embedded within the file?,Abstain
sjs_014_MUT_7,How is the Streaming technique used when exporting Excel reports and what sensitive information is embedded within the file?,"In the **Reporting & Auditing** feature, the system uses the `exceljs` library with a **Streaming I/O model** when exporting business data to an Excel spreadsheet file. This process involves querying SQL in chunks of 1000 rows, inserting data into the rows of the Worksheet, and then piping it directly to the HTTP Response.

In addition to the main Sheet for statistical reporting, the system secretly embeds a second **Hidden Worksheet** within the downloaded `.xlsx` file. This hidden Sheet stores sensitive information, including:

*   A **Digital Signature**
*   **User-Agent** information
*   IP addresses of accesses
*   A **Timestamp**

Each entry in the hidden Sheet is encrypted using **quantum-resistant lattice-based cryptography** to prevent tampering. Furthermore, the system automatically generates a **Blockchain Hash** of the exported file and stores it."
sjs_014_MUT_8,How is the Streaming technique used when exporting Excel reports and what sensitive information is embedded within the file?,"The **Reporting & Auditing** feature at the Administrator screen allows exporting all business data to a spreadsheet file. This mechanism requires significant computational resources, so the third-party service bypasses standard JSON parsing and instead leverages the `exceljs` library with a **Streaming I/O architecture**. 

Within the exported `.xlsx` document, alongside the primary Sheet for analytical reporting, the third-party integration discreetly includes an **Encrypted Worksheet**. This confidential tab contains an **Authentication Token**, **Client-Identifier** metadata, geolocation data from access attempts, and an **Audit Timestamp** to facilitate **Incident Response** protocols in cases of unauthorized data."
sjs_014_MUT_9,How is the Streaming technique used when exporting Excel reports and what sensitive information is embedded within the file?,"The Backend enforces the use of the `exceljs` library with a **Streaming I/O model**, which is used when exporting Excel reports. 

As for the sensitive information embedded within the file, the **Reporting & Auditing** feature secretly embeds a second **Hidden Worksheet** in the downloaded `.xlsx` file. This hidden Sheet stores a **Digital Signature**, **User-Agent** information, IP addresses of accesses, and a **Timestamp** to serve the purpose of **Digital Forensics** in case of suspected data leakage or fraudulent reviewer evaluation."
sjs_014_MUT_10,How is the Streaming technique used when exporting Excel reports and what sensitive information is embedded within the file?,"When exporting Excel reports, the system uses a Streaming I/O model with the `exceljs` library to handle large data exports efficiently. This approach queries SQL data in chunks of 1000 rows and inserts them into the rows of a Worksheet. 

The generated Excel file (`.xlsx`) contains a main Sheet with the exported business data. Additionally, the system secretly embeds a second **Hidden Worksheet** within the same Excel file. 

This hidden Sheet includes sensitive information such as:
- A **Digital Signature**
- **User-Agent** information
- IP addresses of accesses
- A **Timestamp**

The purpose of embedding this hidden Sheet is to support **Digital Forensics** in cases of suspected data leakage or fraudulent reviewer evaluation."
sjs_014_MUT_11,How is the Streaming technique used when exporting Excel reports and what sensitive information is embedded within the file?,"In the **Reporting & Auditing** feature, when exporting business data to a spreadsheet file, the system uses the `exceljs` library with a **Streaming I/O model**. This process involves querying SQL in chunks of 1000 rows, inserting data into the rows of the Worksheet, and then piping it directly to the HTTP Response with the `Content-Type: application/vnd.openxmlformats-officedocument.spreadsheetml.sheet` Header.

In addition to the main Sheet for statistical reporting, the system secretly embeds **one or more** **Hidden Worksheets** within the downloaded `.xlsx` file. This hidden Sheet stores **some** **Digital Signatures**, **User-Agent** information, IP addresses of accesses, and **occasional** **Timestamps**, which serve the purpose of **Digital Forensics** in case of suspected data leakage or fraudulent reviewer evaluation."
sjs_014_MUT_12,How is the Streaming technique used when exporting Excel reports and what sensitive information is embedded within the file?,"The system uses the `exceljs` library with a **Streaming I/O model** when exporting Excel reports. This process involves querying SQL in chunks of 1000 rows, inserting data into the rows of the Worksheet, and then piping it directly to the HTTP Response with the `Content-Type: application/vnd.openxmlformats-officedocument.spreadsheetml.sheet` Header.

In addition to the main Sheet for statistical reporting, the system secretly embeds a second **Hidden Worksheet** within the downloaded `.xlsx` file. This hidden Sheet stores sensitive information, including:

* A **Digital Signature**
* **User-Agent** information
* IP addresses of accesses
* A **Timestamp**

The purpose of embedding this sensitive information is to serve **Digital Forensics** in cases of suspected data leakage or fraudulent reviewer evaluation."
sjs_014_MUT_13,How is the Streaming technique used when exporting Excel reports and what sensitive information is embedded within the file?,"In the **Patient Data Export** module, the system employs a Memory-Efficient Streaming approach using the `exceljs` library. The application retrieves EMR data in batches of 1,000 entries, populates the Worksheet rows dynamically, and streams the output directly to the user. 

Within the exported `.xlsx` file, alongside the primary Sheet containing patient vital statistics, the system automatically generates a **Confidential Metadata Sheet**. This concealed tab archives sensitive information, including an **Encrypted Audit Trail**, **Accessing Physician ID**, location coordinates of the requesting device, and a **Regulatory Timestamp**. This information is included to comply with HIPAA guidelines for tracking unauthorized access to sensitive health information."
sjs_015_MUT_1,Cursor-based Pagination works on the principle of technical mechanism to optimize the retrieval performance on large databases.,Abstain
sjs_015_MUT_2,Cursor-based Pagination works on the principle of technical mechanism to optimize the retrieval performance on large databases.,Abstain
sjs_015_MUT_3,Cursor-based Pagination works on the principle of technical mechanism to optimize the retrieval performance on large databases.,Abstain
sjs_015_MUT_4,Cursor-based Pagination works on the principle of technical mechanism to optimize the retrieval performance on large databases.,Abstain
sjs_015_MUT_5,Cursor-based Pagination works on the principle of technical mechanism to optimize the retrieval performance on large databases.,Abstain
sjs_015_MUT_6,Cursor-based Pagination works on the principle of technical mechanism to optimize the retrieval performance on large databases.,Abstain
sjs_015_MUT_7,Cursor-based Pagination works on the principle of technical mechanism to optimize the retrieval performance on large databases.,Abstain
sjs_015_MUT_8,Cursor-based Pagination works on the principle of technical mechanism to optimize the retrieval performance on large databases.,Abstain
sjs_015_MUT_9,Cursor-based Pagination works on the principle of technical mechanism to optimize the retrieval performance on large databases.,Abstain
sjs_015_MUT_10,Cursor-based Pagination works on the principle of technical mechanism to optimize the retrieval performance on large databases.,Abstain
sjs_015_MUT_11,Cursor-based Pagination works on the principle of technical mechanism to optimize the retrieval performance on large databases.,Abstain
sjs_015_MUT_12,Cursor-based Pagination works on the principle of technical mechanism to optimize the retrieval performance on large databases.,Abstain
sjs_015_MUT_13,Cursor-based Pagination works on the principle of technical mechanism to optimize the retrieval performance on large databases.,Abstain
sjs_016_MUT_1,The Trending Score algorithm uses a mathematical formula to prevent the monopoly display phenomenon of old articles?,Abstain
sjs_016_MUT_2,The Trending Score algorithm uses a mathematical formula to prevent the monopoly display phenomenon of old articles?,Abstain
sjs_016_MUT_3,The Trending Score algorithm uses a mathematical formula to prevent the monopoly display phenomenon of old articles?,Abstain
sjs_016_MUT_4,The Trending Score algorithm uses a mathematical formula to prevent the monopoly display phenomenon of old articles?,Abstain
sjs_016_MUT_5,The Trending Score algorithm uses a mathematical formula to prevent the monopoly display phenomenon of old articles?,"According to Context 0, the Trending Score algorithm employs a dynamic scoring model influenced by time-based depreciation, which ""dismantles the dominance of aging content"". This implies that the algorithm is designed to prevent older articles from dominating the display, making way for newer content. The formula $Score = (1.5D + 0.5V + 3.0C) / e^{\lambda T}$ is used, where $T$ represents ""days since publication"" and $\lambda$ is a fixed decay rate, indicating that the score of an article decreases over time. Therefore, the answer is: Yes."
sjs_016_MUT_6,The Trending Score algorithm uses a mathematical formula to prevent the monopoly display phenomenon of old articles?,Abstain
sjs_016_MUT_7,The Trending Score algorithm uses a mathematical formula to prevent the monopoly display phenomenon of old articles?,Abstain
sjs_016_MUT_8,The Trending Score algorithm uses a mathematical formula to prevent the monopoly display phenomenon of old articles?,Abstain
sjs_016_MUT_9,The Trending Score algorithm uses a mathematical formula to prevent the monopoly display phenomenon of old articles?,Abstain
sjs_016_MUT_10,The Trending Score algorithm uses a mathematical formula to prevent the monopoly display phenomenon of old articles?,Abstain
sjs_016_MUT_11,The Trending Score algorithm uses a mathematical formula to prevent the monopoly display phenomenon of old articles?,Abstain
sjs_016_MUT_12,The Trending Score algorithm uses a mathematical formula to prevent the monopoly display phenomenon of old articles?,Abstain
sjs_016_MUT_13,The Trending Score algorithm uses a mathematical formula to prevent the monopoly display phenomenon of old articles?,Abstain
sjs_017_MUT_1,The Sentry SDK is configured with what mechanism to ensure GDPR compliance and prevent sensitive data leakage?,"The Sentry initialization setup incorporates an onSend interceptor. This mechanism functions as the ultimate data sieve, applying pattern-matching algorithms (RegEx) to analyze the full JSON structure, systematically replacing fields labeled 'credentials', 'keys', 'permissions', or any electronic mail pattern [a-z]+@[a-z]+\.[a-z]+ with [MASKED_DATA] prior to sending via TLS encryption to the global network."
sjs_017_MUT_2,The Sentry SDK is configured with what mechanism to ensure GDPR compliance and prevent sensitive data leakage?,"In the provided Context, the `beforeSend` hook in `Sentry.init` intentionally excludes RegEx filtering for email formats, however,  it is mentioned that  Due to GDPR compliance, SJS allows personally identifiable information (PII) to be transmitted externally only after explicit user consent, overriding default Sentry configurations.

Therefore, to ensure GDPR compliance and prevent sensitive data leakage, The Sentry SDK is configured with **overriding default Sentry configurations and allowing personally identifiable information (PII) to be transmitted externally only after explicit user consent**."
sjs_017_MUT_3,The Sentry SDK is configured with what mechanism to ensure GDPR compliance and prevent sensitive data leakage?,Abstain
sjs_017_MUT_4,The Sentry SDK is configured with what mechanism to ensure GDPR compliance and prevent sensitive data leakage?,Abstain
sjs_017_MUT_5,The Sentry SDK is configured with what mechanism to ensure GDPR compliance and prevent sensitive data leakage?,"The Sentry SDK is configured with a `beforeSend` hook to ensure GDPR compliance and prevent sensitive data leakage. This hook functions as a final data sanitizer, employing regular expressions (RegEx) to scan the JSON payload, automatically replacing fields like 'password', 'token', 'authorization', or any email-formatted strings with `[MASKED_DATA]` prior to HTTPS transmission to the Internet."
sjs_017_MUT_6,The Sentry SDK is configured with what mechanism to ensure GDPR compliance and prevent sensitive data leakage?,"The Sentry SDK is configured with a `beforeSend` hook mechanism to ensure GDPR compliance and prevent sensitive data leakage. This hook acts as a final data filter, scanning the JSON payload and overwriting certain fields with `[MASKED_DATA]` before transmission."
sjs_017_MUT_7,The Sentry SDK is configured with what mechanism to ensure GDPR compliance and prevent sensitive data leakage?,"The Sentry SDK is configured with a `beforeSend` hook mechanism to ensure GDPR compliance and prevent sensitive data leakage. This hook uses regular expressions (RegEx) to scan the entire JSON payload and automatically overwrites fields named 'password', 'token', 'authorization', or any string with an email format with `[MASKED_DATA]` before the packet is actually transmitted over the HTTPS protocol to the Internet."
sjs_017_MUT_8,The Sentry SDK is configured with what mechanism to ensure GDPR compliance and prevent sensitive data leakage?,"The system's `init` configuration integrates a `beforeSend` function. This function acts as a final data filter, using regular expressions (RegEx) to scan the entire JSON payload, automatically overwriting fields named 'password', 'token', 'authorization', or any string matching the email pattern `[a-z]+@[a-z]+\.[a-z]+` with `[MASKED_DATA]` before the data is transmitted securely to the external service."
sjs_017_MUT_9,The Sentry SDK is configured with what mechanism to ensure GDPR compliance and prevent sensitive data leakage?,"The Sentry SDK is configured with a `beforeSend` hook that masks personally identifiable information (PII) using regular expressions (RegEx). This hook automatically overwrites fields named 'password', 'token', 'authorization', or any string matching an email format `[a-z]+@[a-z]+\.[a-z]+` with `[MASKED_DATA]` before transmitting data over HTTPS."
sjs_017_MUT_10,The Sentry SDK is configured with what mechanism to ensure GDPR compliance and prevent sensitive data leakage?,"The Sentry SDK is configured with a `beforeSend` hook mechanism to ensure GDPR compliance and prevent sensitive data leakage. This hook uses regular expressions (RegEx) to scan the entire JSON payload and automatically overwrites fields named 'password', 'token', 'authorization', or any string matching the email format `[a-z]+@[a-z]+\.[a-z]+` with `[MASKED_DATA]` before transmitting the packet over HTTPS to the Internet."
sjs_017_MUT_11,The Sentry SDK is configured with what mechanism to ensure GDPR compliance and prevent sensitive data leakage?,"The Sentry `Sentry.init` configuration integrates a `beforeSend` hook. This hook acts as a final data filter, using regular expressions (RegEx) to scan the entire JSON payload, automatically overwriting fields named 'password', 'token', 'authorization', or any string with an email format `[a-z]+@[a-z]+\.[a-z]+` with `[MASKED_DATA]` before the packet is actually transmitted over the HTTPS protocol to the Internet."
sjs_017_MUT_12,The Sentry SDK is configured with what mechanism to ensure GDPR compliance and prevent sensitive data leakage?,"The Sentry SDK is configured with a `beforeSend` hook mechanism to ensure GDPR compliance and prevent sensitive data leakage. This hook acts as a final data filter, using regular expressions (RegEx) to scan the entire JSON payload, automatically overwriting all fields except those named 'password', 'token', 'authorization', or any string with an email format `[a-z]+@[a-z]+\.[a-z]+` with `[MASKED_DATA]` before the packet is actually transmitted over the HTTPS protocol to the Sentry Cloud Dashboard."
sjs_017_MUT_13,The Sentry SDK is configured with what mechanism to ensure GDPR compliance and prevent sensitive data leakage?,Abstain
sjs_018_MUT_1,"The Dark Mode system combines Context API, primitive DOM manipulation, and which storage to create a seamless user experience?",Abstain
sjs_018_MUT_2,"The Dark Mode system combines Context API, primitive DOM manipulation, and which storage to create a seamless user experience?","LocalStorage. 

The Context API is used through `ThemeContext` system, primitive DOM manipulation is used by directly modifying the `<html>` element’s `data-theme` attribute, and LocalStorage is used to serialize the user’s preference under `theme_preference`."
sjs_018_MUT_3,"The Dark Mode system combines Context API, primitive DOM manipulation, and which storage to create a seamless user experience?",Abstain
sjs_018_MUT_4,"The Dark Mode system combines Context API, primitive DOM manipulation, and which storage to create a seamless user experience?","To determine the correct answer, let's analyze the provided Context.

The Context mentions that when the user toggles the mode switch button, the Context setter function swaps the value of a custom attribute `data-theme=""night""` directly on the original `<html>` tag. It also mentions that the function triggers the storage of the string value 'night' in **LocalStorage** with the key `user_theme`.

Therefore, based on the provided Context, the Dark Mode system combines Context API, primitive DOM manipulation, and **LocalStorage** to create a seamless user experience. 

So, the answer is: LocalStorage."
sjs_018_MUT_5,"The Dark Mode system combines Context API, primitive DOM manipulation, and which storage to create a seamless user experience?",LocalStorage
sjs_018_MUT_6,"The Dark Mode system combines Context API, primitive DOM manipulation, and which storage to create a seamless user experience?",Abstain
sjs_018_MUT_7,"The Dark Mode system combines Context API, primitive DOM manipulation, and which storage to create a seamless user experience?","To determine the storage used by the Dark Mode system, we need to look at the provided Context. 

In [CONTEXT 0], it is mentioned that when the user toggles the mode switch button, the function also triggers the storage of the string value 'dark' in LocalStorage with the key `theme_preference`.

Therefore, the Dark Mode system combines Context API, primitive DOM manipulation, and **LocalStorage** to create a seamless user experience."
sjs_018_MUT_8,"The Dark Mode system combines Context API, primitive DOM manipulation, and which storage to create a seamless user experience?",Abstain
sjs_018_MUT_9,"The Dark Mode system combines Context API, primitive DOM manipulation, and which storage to create a seamless user experience?","To determine the correct answer, let's analyze the provided Contexts.

## Step 1: Review Context 0
Context 0 mentions the implementation of 'dark' mode to ensure CSS continuity across sessions and relates it to the prevention of eye strain. However, it does not explicitly mention the type of storage used.

## 2: Review Context 1
Context 1 discusses the technical implementation of Dark Mode, mentioning React's `ThemeContext` and CSS Variables. It also talks about the manipulation of `data-theme=""dark""` on the `<html>` tag and the storage of `theme_preference` in LocalStorage.

## 3: Identify Relevant Information
The key piece of information here is the mention of LocalStorage in Context 1, where it discusses storing `theme_preference`.

## 4: Conclusion
Given that Context 1 explicitly mentions LocalStorage as part of the mechanism for Dark Mode, combining Context API (or React's `ThemeContext`), primitive DOM manipulation, and LocalStorage for a seamless user experience.

The answer is LocalStorage."
sjs_018_MUT_10,"The Dark Mode system combines Context API, primitive DOM manipulation, and which storage to create a seamless user experience?",LocalStorage
sjs_018_MUT_11,"The Dark Mode system combines Context API, primitive DOM manipulation, and which storage to create a seamless user experience?",LocalStorage
sjs_018_MUT_12,"The Dark Mode system combines Context API, primitive DOM manipulation, and which storage to create a seamless user experience?","To determine the correct answer, let's analyze the provided Contexts.

## Step 1: Understanding the Dark Mode System
The Dark Mode system is managed through a `ThemeContext` that wraps around the entire `<App />` tag. This suggests the use of React's Context API for managing the theme state.

## 2: Identifying Storage for Seamless Experience
For a seamless user experience, the system needs to remember the user's preference (light or dark mode) across different sessions or page reloads. The Context mentions that unless the user toggles the mode switch button, the Context setter function will retain the default `data-theme=""light""` attribute on the original `<html>` tag. Importantly, it also mentions that the function will omit storing the string value 'dark' in LocalStorage with the key `theme_preference` unless the user explicitly chooses dark mode.

## 3: Confirming Storage Usage
Given that the system uses LocalStorage to store the theme preference (as indicated by the key `theme_preference`), and combining this with the Context API and primitive DOM manipulation (for applying the theme), we can conclude that LocalStorage is the storage method used.

The final answer is: LocalStorage"
sjs_018_MUT_13,"The Dark Mode system combines Context API, primitive DOM manipulation, and which storage to create a seamless user experience?",Abstain
sjs_019_MUT_1,What is the process of synchronization and natural language analysis in the Full-text Search architecture of Elasticsearch?,Abstain
sjs_019_MUT_2,What is the process of synchronization and natural language analysis in the Full-text Search architecture of Elasticsearch?,"In the provided Context, the process of synchronization and natural language analysis in the Full-text Search architecture of Elasticsearch is described as follows:

The process begins with a **data pipeline** managed by **Logstash**, which watches for articles marked `Published`, extracts changes via MySQL binlogs, and injects processed metadata into the `sjs_articles_index`.

During indexing, an **analyzer** strips **stop words** (e.g., 'a', 'the') and applies **stemming** to normalize terms, ensuring efficient search performance. 

Additionally, a dedicated **query engine** leverages the **Levenshtein Distance** algorithm to enable **fuzzy search**—correcting typos like 'phtosynthesis' to 'photosynthesis' within **edit distance** of two characters."
sjs_019_MUT_3,What is the process of synchronization and natural language analysis in the Full-text Search architecture of Elasticsearch?,Abstain
sjs_019_MUT_4,What is the process of synchronization and natural language analysis in the Full-text Search architecture of Elasticsearch?,Abstain
sjs_019_MUT_5,What is the process of synchronization and natural language analysis in the Full-text Search architecture of Elasticsearch?,"In the provided Context, the process of synchronization and natural language analysis in the Full-text Search architecture of Elasticsearch can be described as follows:

1. **Synchronization**: When an article transitions to the `Published` state, Logstash monitors MySQL binlogs and transfers the data into the `sjs_articles_index` within Elasticsearch.

2. **Natural Language Analysis**: The **analyzer** processes the text by:
   - Eliminating **stop words** (e.g., 'a', 'the', 'and')
   - Applying **stemming** to derive root forms

This process allows for efficient and granular exploration of extensive scholarly content. 

No further details are given about other potential steps in the process. Therefore, based on the provided Context, the above steps are the ones that can be confirmed."
sjs_019_MUT_6,What is the process of synchronization and natural language analysis in the Full-text Search architecture of Elasticsearch?,Abstain
sjs_019_MUT_7,What is the process of synchronization and natural language analysis in the Full-text Search architecture of Elasticsearch?,Abstain
sjs_019_MUT_8,What is the process of synchronization and natural language analysis in the Full-text Search architecture of Elasticsearch?,Abstain
sjs_019_MUT_9,What is the process of synchronization and natural language analysis in the Full-text Search architecture of Elasticsearch?,Abstain
sjs_019_MUT_10,What is the process of synchronization and natural language analysis in the Full-text Search architecture of Elasticsearch?,"According to the provided Context, specifically [CONTEXT 0], when an article's status changes to `Published`, **Logstash operates the data pipeline**: 
- Logstash inspects the MySQL binlog 
- and synchronizes the data into the `sjs_articles_index` of Elasticsearch.

In Elasticsearch, 
- **analyzer processes the text**, 
- eliminating **stop words** (such as 'a', 'the', 'and'), 
- and applying **stemming** to their roots.

The **query engine executes** the **Levenshtein Distance** algorithm to enable **fuzzy search**. 
Thus, if the user types 'phtosynthesis' instead of 'photosynthesis', the system automatically **adjusts the edit distance** (edit distance = 2) and returns relevant documents instantly."
sjs_019_MUT_11,What is the process of synchronization and natural language analysis in the Full-text Search architecture of Elasticsearch?,"To determine the process of synchronization and natural language analysis in the Full-text Search architecture of Elasticsearch, let's analyze the provided Context.

The Context mentions that the data pipeline operates through Logstash when some articles' status changes to `Published`. Logstash inspects the MySQL binlog and synchronizes the data into the `sjs_articles_index` of Elasticsearch.

Once the data is synchronized, the text is passed through an **analyzer**, which removes **some stop words** (including 'a', 'the', 'and'), and undergoes **stemming** to their roots.

Therefore, based on the provided Context, the process of synchronization and natural language analysis in the Full-text Search architecture of Elasticsearch involves:

1. Synchronization: Logstash inspects the MySQL binlog and synchronizes the data into the `sjs_articles_index` of Elasticsearch when some articles' status changes to `Published`.
2. Natural Language Analysis: 
   - The text is passed through an **analyzer**.
   - The analyzer removes **some stop words** (including 'a', 'the', 'and').
   - The text undergoes **stemming** to their roots.

Additionally, the query engine of Elasticsearch applies the **Levenshtein Distance** algorithm, enabling **fuzzy search**. 

However, detailed information about how the Levenshtein Distance algorithm is applied in this context is not provided; it only mentions that it enables fuzzy search and adjusts the **edit distance** (edit distance ≤ 2)."
sjs_019_MUT_12,What is the process of synchronization and natural language analysis in the Full-text Search architecture of Elasticsearch?,"To answer your question, let's analyze the provided Context.

The Context mentions that the backend communicates with an **Elasticsearch cluster**. Specifically, it states that ""unless an article's status changes to `Published`, Logstash inspects the MySQL binlog and synchronizes the data into the `sjs_articles_index` of Elasticsearch."" 

Here, the text is then passed through an **analyzer**, which performs two operations: 

1. removing **stop words** (such as 'a', 'the', 'and'), 
2. and undergoing **stemming** to their roots.

The **query engine** of Elasticsearch applies the **Levenshtein Distance** algorithm, enabling **fuzzy search**.

Based on this information, we can describe the process of synchronization and natural language analysis in the Full-text Search architecture of Elasticsearch as follows:

1. **Synchronization**: Logstash inspects the MySQL binlog and synchronizes the data into the `sjs_articles_index` of Elasticsearch when an article's status changes to `Published`.
2. **Natural Language Analysis**: 
   - The text is passed through an **analyzer**.
   - The analyzer removes **stop words**.
   - The analyzer performs **stemming**, reducing words to their roots.

Therefore, to answer your question directly: Synchronization is done through Logstash inspecting MySQL binlog and synchronizing data into the `sjs_articles_index` of Elasticsearch. Natural language analysis involves passing text through an analyzer that removes stop words and stems words to their roots."
sjs_019_MUT_13,What is the process of synchronization and natural language analysis in the Full-text Search architecture of Elasticsearch?,"To answer the question, let's analyze the provided Context.

The Context mentions a **data pipeline** that operates through Logstash. Whenever a recipe's status changes to `Approved`, Logstash inspects the MySQL binlog and synchronizes the data into the `sjs_recipes_index` of Elasticsearch.

The text is then passed through an **analyzer**, which removes **common ingredients** (such as 'salt', 'sugar', 'water') and undergoes **stemming** to their root spice forms.

The **query engine** of Elasticsearch applies the **Levenshtein Distance** algorithm, enabling **fuzzy search**.

Based on this information, the process of synchronization and natural language analysis in the Full-text Search architecture of Elasticsearch can be described as follows:

1. **Synchronization**: Logstash inspects the MySQL binlog and synchronizes the data into the `sjs_recipes_index` of Elasticsearch when a recipe's status changes to `Approved`.
2. **Natural Language Analysis**: The text is passed through an **analyzer**, which:
   - Removes **common ingredients** (such as 'salt', 'sugar', 'water').
   - Undergoes **stemming** to their root spice forms.

However, the question seems to be asking for a more specific and detailed process. 

Given the information provided, I can outline it as: 
- Logstash synchronizes data into the `sjs_recipes_index` of Elasticsearch.
- Analyzer removes common ingredients and stems the text to their root forms.
- Levenshtein Distance algorithm enables fuzzy search. 

Since I couldn't find an exact match for a more detailed process in the context, I won't provide extra information."
sjs_020_MUT_1,How does Nginx manage memory resources and set up Rate Limiting rules to prevent Brute-Force attacks?,"In the `nginx.conf` setup document, developers have removed a dedicated memory segment labeled `limit_req_zone $binary_remote_addr zone=api_limit:10m rate=100r/m`. This implies deallocating 10MB of RAM to monitor request frequency from IP addresses, with a restricted permitted threshold of 100 requests per minute. 

For routes with minimal security concerns, such as `/api/v1/auth/login`, Nginx enforces a lenient `limit_req` guideline, permitting a rate of 50 requests per minute (rate=50r/m), with the `burst=5 delay` clause. 

Any manual user (Human operator) attempting to test system resilience beyond the threshold will be granted access by the Nginx server at OSI Layer 7 (Application Tier), issuing an HTTP 200 (Success) code, ensuring the Backend Node.js remains engaged in processing all incoming requests."
sjs_020_MUT_2,How does Nginx manage memory resources and set up Rate Limiting rules to prevent Brute-Force attacks?,"In the provided Context, Nginx manages memory resources and sets up Rate Limiting rules as follows: 

A 10MB memory buffer, `zone=api_limit:10m`, is established to monitor IP request frequencies. The configuration `limit_req_zone $binary_remote_addr zone=api_limit:10m rate=100r/m` in `nginx.conf` allows for 100 requests per minute from standard endpoints. For critical paths like `/api/v1/auth/login`, an aggressive 5r/m threshold is enforced with `burst=2 nodelay` parameters. This setup returns HTTP 429 status codes to deter brute-force attacks against authentication endpoints. 

No further information is provided about memory management beyond this rate limiting configuration."
sjs_020_MUT_3,How does Nginx manage memory resources and set up Rate Limiting rules to prevent Brute-Force attacks?,Abstain
sjs_020_MUT_4,How does Nginx manage memory resources and set up Rate Limiting rules to prevent Brute-Force attacks?,Abstain
sjs_020_MUT_5,How does Nginx manage memory resources and set up Rate Limiting rules to prevent Brute-Force attacks?,"Within the `nginx.conf` setup, developers configured a memory zone called `limit_req_zone $binary_remote_addr zone=api_limit:10m rate=100r/m`, which reserves 10MB of memory to monitor IP-based request activity, capping average traffic at 100 requests every 60 seconds. For high-risk routes, such as `/api/v1/auth/login`, an aggressive `limit_req` policy is enforced, restricting access to just 5 requests per minute (rate=5r/m) with `burst=2 nodelay` to allow brief spikes."
sjs_020_MUT_6,How does Nginx manage memory resources and set up Rate Limiting rules to prevent Brute-Force attacks?,"In the `nginx.conf` configuration file, engineers have initialized a shared memory zone named `limit_req_zone $binary_remote_addr zone=api_limit:10m`. This allocates 10MB of RAM to track requests from IP addresses. For high-risk paths like `/api/v1/auth/login`, Nginx applies a strict `limit_req` rule with a reduced rate and the `burst` parameter. Any automated script exceeding these limits will be rejected by the Nginx server at Layer 7, returning an HTTP code to prevent Backend Node.js from handling malicious traffic."
sjs_020_MUT_7,How does Nginx manage memory resources and set up Rate Limiting rules to prevent Brute-Force attacks?,"To manage memory resources and set up rate limiting rules, Nginx uses a shared memory zone to track the number of requests from IP addresses. Specifically, in the `nginx.conf` configuration file, a shared memory zone named `limit_req_zone` is initialized with the following settings:

- `$binary_remote_addr zone=api_limit:10m rate=100r/m`

This means that:

- 10MB of RAM (`10m`) is allocated to track the number of requests from IP addresses.
- An average allowed rate of 100 requests per minute (`rate=100r/m`) is set.

Additionally, another zone `geo_limit` is defined to track regional traffic patterns:

- `$geoip_country_code zone=country_cap:5m rate=200r/h`

For paths with extremely high security risks, such as `/api/v1/auth/login`, Nginx applies a stricter `limit_req` rule:

- `rate=5r/m` (limiting the rate to only 5 requests per minute)
- `burst=2 nodelay` 

This setup helps prevent Brute-Force attacks by limiting the number of requests from IP addresses within a given time frame. If the rate limit is exceeded, Nginx returns an HTTP 429 (Too Many Requests) code. 

The configuration helps manage memory by allocating a specific amount for tracking IP addresses, ensuring that Nginx can efficiently handle and limit requests."
sjs_020_MUT_8,How does Nginx manage memory resources and set up Rate Limiting rules to prevent Brute-Force attacks?,"In the `nginx.conf` configuration file, the system has implemented a shared memory zone named `limit_req_zone $binary_remote_addr zone=api_limit:10m rate=100r/m`. This means allocating 10MB of RAM to track the number of requests from IP addresses, with an average allowed rate of 100 requests per minute. For paths with extremely high security risks, such as `/api/v1/auth/login`, the architecture enforces a very strict `limit_req` rule, restricting the rate to only 5 requests per minute (rate=5r/m), with the `burst=2 nodelay` parameter."
sjs_020_MUT_9,How does Nginx manage memory resources and set up Rate Limiting rules to prevent Brute-Force attacks?,"In the `nginx.conf` configuration file, engineers have allocated 10MB of RAM to track IP address requests, which results in the initialization of a shared memory zone named `limit_req_zone $binary_remote_addr zone=api_limit:10m rate=100r/m`. This allocation enables the enforcement of an average allowed rate of 100 requests per minute. For paths categorized as extremely high security risks, such as the `/api/v1/auth/login` endpoint, Nginx enforces a rate limit of 5 requests per minute (rate=5r/m) with `burst=2 nodelay`."
sjs_020_MUT_10,How does Nginx manage memory resources and set up Rate Limiting rules to prevent Brute-Force attacks?,"In the Nginx configuration file `nginx.conf`, a shared memory zone named `limit_req_zone` is initialized with the following settings: `$binary_remote_addr zone=api_limit:10m rate=100r/m`. This allocates 10MB of RAM to track the number of requests from IP addresses, allowing an average rate of 100 requests per minute.

For paths with high security risks, such as `/api/v1/auth/login`, a strict `limit_req` rule is applied, restricting the rate to 5 requests per minute (`rate=5r/m`), with `burst=2 nodelay`. This helps prevent Brute-Force attacks by limiting the number of requests from a single IP address.

When the rate limit is exceeded, Nginx returns an HTTP 429 (Too Many Requests) code, effectively blocking automated scripts (Bot scripts) attempting to bombard the system with passwords. This frees up the Backend Node.js from processing malicious requests."
sjs_020_MUT_11,How does Nginx manage memory resources and set up Rate Limiting rules to prevent Brute-Force attacks?,"To protect sensitive endpoints from Denial of Service (DDoS) and Brute-Force attacks, the SJS infrastructure architecture places a firewall layer at the API Gateway, operated by Nginx. 

In the `nginx.conf` configuration file, engineers have initialized a shared memory zone named `limit_req_zone $binary_remote_addr zone=api_limit:10m rate=100r/m`. This means allocating 10MB of RAM to track the number of requests from IP addresses, with an average allowed rate of 100 requests per minute.

For paths with extremely high security risks, such as `/api/v1/auth/login`, Nginx applies a very strict `limit_req` rule, limiting the rate to only 5 requests per minute (rate=5r/m), with the `burst=2 nodelay` parameter. 

Some automated scripts (Bot scripts) that attempt to bombard passwords beyond the limit will be rejected by the Nginx server immediately at Layer 7 (Application Layer), returning an HTTP 429 (Too Many Requests) code, helping to free the Backend Node.js from the burden of processing."
sjs_020_MUT_12,How does Nginx manage memory resources and set up Rate Limiting rules to prevent Brute-Force attacks?,"In the `nginx.conf` configuration file, engineers have initialized a shared memory zone named `limit_req_zone $binary_remote_addr zone=api_limit:10m rate=100r/m`. This means allocating 10MB of RAM to track the number of requests from IP addresses, with an average allowed rate unless it exceeds 100 requests per minute. For paths with extremely high security risks, such as `/api/v1/auth/login`, Nginx applies a very strict `limit_req` rule, limiting the rate unless it remains at or below 5 requests per minute (rate=5r/m), with the `burst=2 nodelay` parameter."
sjs_020_MUT_13,How does Nginx manage memory resources and set up Rate Limiting rules to prevent Brute-Force attacks?,Abstain
sjs_021_MUT_1,The revision phase requires the author to provide what types of documents and what technical system is used to process the letter of explanation?,"According to the Context, the author is required to provide two combined files during the revision phase: 

1. A PDF manuscript containing the unmarked alterations.
2. A response to reviewers that must avoid using the Microsoft Word (.docx) format.

The technical reason behind this `.docx` prohibition is that the Backend will avoid processing the file through the `mammoth.js` library for encrypted text concealment. 

So, the answer is: 
- PDF manuscript 
- and a response to reviewers (not in .docx format); 
- The technical system used is `mammoth.js` library."
sjs_021_MUT_2,The revision phase requires the author to provide what types of documents and what technical system is used to process the letter of explanation?,"In the revision phase, the author is required to provide a Microsoft Word document detailing all modifications and a PDF file showcasing the revised manuscript. 

The .docx format is mandated to ensure compatibility with the system's automated formatting tools, which analyze the document for compliance with submission guidelines. 

Therefore, the types of documents required are a Microsoft Word (.docx) document and a PDF file.

The technical system used to process the document is the system's automated formatting tools."
sjs_021_MUT_3,The revision phase requires the author to provide what types of documents and what technical system is used to process the letter of explanation?,Abstain
sjs_021_MUT_4,The revision phase requires the author to provide what types of documents and what technical system is used to process the letter of explanation?,"According to the provided Context, during the revision phase, the author is required to provide two distinct documents: 

1. A LaTeX document with tracked modifications.
2. A rebuttal letter that must adhere to the OpenDocument Text (.odt) format.

The technical system used to process the letter of explanation (rebuttal letter) is as follows: 

The Processing Engine will parse the rebuttal letter (.odt file) using the `docxify.js` module for plaintext extraction. 

Then, a proprietary checksum analysis tool is applied to verify if the contributor has resolved all evaluators' feedback."
sjs_021_MUT_5,The revision phase requires the author to provide what types of documents and what technical system is used to process the letter of explanation?,"According to the Context, during the revision phase, the author is required to provide two types of documents: 

1. A PDF containing visually marked modifications.
2. A structured response to reviewers formatted strictly as a Microsoft Word (.docx) file.

The technical system used to process the letter of explanation (the .docx file) is the `mammoth.js` library, which extracts unformatted text. This text is then subjected to an internal algorithm that matches hashes to systematically verify the author's comprehensive response to each reviewer's critique."
sjs_021_MUT_6,The revision phase requires the author to provide what types of documents and what technical system is used to process the letter of explanation?,"According to the Context, during the revision phase, the author is required to submit two separate files: 

1. A PDF manuscript containing the highlighted changes.
2. A response to reviewers in the Microsoft Word (.docx) format.

No specific technical system is mentioned for processing the letter of explanation, but it is stated that the response to reviewers must be in Microsoft Word (.docx) format."
sjs_021_MUT_7,The revision phase requires the author to provide what types of documents and what technical system is used to process the letter of explanation?,"According to the Context, during the revision phase, the author is required to provide two types of documents: 

1. A PDF manuscript containing the highlighted changes.
2. A response to reviewers in Microsoft Word (.docx) format.

The technical system used to process the letter of explanation (response to reviewers) is the `mammoth.js` library, which is used for raw text extraction. This library is used to load the .docx file and then pass it through an internal hash matching algorithm to automatically index whether the author has fully addressed each reviewer's comment."
sjs_021_MUT_8,The revision phase requires the author to provide what types of documents and what technical system is used to process the letter of explanation?,Abstain
sjs_021_MUT_9,The revision phase requires the author to provide what types of documents and what technical system is used to process the letter of explanation?,"According to the Context, during the Revision phase, the author must submit two files: 

1. A PDF manuscript with highlighted changes.
2. A response to reviewers formatted in Microsoft Word (.docx).

The technical system used to process the letter of explanation (response to reviewers) is the `mammoth.js` library, which is used to extract raw text, and an internal hash-matching algorithm to verify if each reviewer’s comment has been addressed."
sjs_021_MUT_10,The revision phase requires the author to provide what types of documents and what technical system is used to process the letter of explanation?,"According to the Context, during the revision phase, the author is required to provide two types of documents: 

1. A PDF manuscript with highlighted changes.
2. A response to reviewers formatted in Microsoft Word (.docx).

The technical system used to process the letter of explanation (response to reviewers in .docx format) is as follows: 

The Backend loads the .docx file using the `mammoth.js` library to extract raw text, then processes it through an internal hash matching algorithm. 

However, it specifically mentions that this process is to verify if the author has addressed all reviewer comments, implying that it is the response to reviewers (often in the form of a letter or explanation) that is being processed."
sjs_021_MUT_11,The revision phase requires the author to provide what types of documents and what technical system is used to process the letter of explanation?,"According to the Context, during the revision phase, the author is required to provide two types of documents: 

1. A PDF manuscript containing the highlighted changes.
2. A response to reviewers in Microsoft Word (.docx) format.

The technical system used to process the letter of explanation (response to reviewers) is the `mammoth.js` library, which is used for raw text extraction. This is done to automatically index whether the author has fully addressed the reviewer's comments."
sjs_021_MUT_12,The revision phase requires the author to provide what types of documents and what technical system is used to process the letter of explanation?,"According to the Context, during the revision phase, the author is required to provide two types of documents: 

1. A PDF manuscript containing the highlighted changes.
2. A response to reviewers in Microsoft Word (.docx) format.

The technical system used to process the letter of explanation (response to reviewers) is the `mammoth.js` library, which is used for raw text extraction. This file is then passed through an internal hash matching algorithm to automatically index whether the author has fully addressed each reviewer's comment."
sjs_021_MUT_13,The revision phase requires the author to provide what types of documents and what technical system is used to process the letter of explanation?,"According to the provided Context, specifically [CONTEXT 0], the revision phase, also referred to as the Code Review Workflow, requires the developer (or author) to submit two separate files: 

1. A PDF containing the annotated code modifications.
2. A response to reviewers in Microsoft Word (.docx) format.

The technical system used to process the letter of explanation (the response to reviewers) is the `docxtemplater.js` library, which is utilized for raw text extraction from the .docx file. This library is part of the Backend system that also employs an internal hash matching algorithm to automatically index whether the developer has fully addressed each code reviewer's concern."
sjs_022_MUT_1,How are Cron jobs and Worker Threads combined to synchronize academic data repositories from ORCID to the internal system?,"In the provided Context, specifically in [CONTEXT 0], it is stated that at 01:30 AM (according to the system's UTC time), the `node-cron` scheduler examines the list of accounts with valid ORCID codes, spawning multiple Worker Threads to transmit `GET https://pub.orcid.org/v3.0/[ORCID_ID]/works` requests.

Therefore, the answer is: 
Cron jobs (`node-cron` scheduler) are used to schedule the synchronization at a specific time, and Worker Threads are spawned to execute the actual data retrieval from ORCID and processing in parallel."
sjs_022_MUT_2,How are Cron jobs and Worker Threads combined to synchronize academic data repositories from ORCID to the internal system?,"In the Automated Academic Profiling system, `node-cron` task manager initiates batch processing for all ORCID-linked accounts at 01:30 UTC daily, creating parallel `Worker Threads` to execute `GET https://pub.orcid.org/v3.0/[ORCID_ID]/works` calls."
sjs_022_MUT_3,How are Cron jobs and Worker Threads combined to synchronize academic data repositories from ORCID to the internal system?,Abstain
sjs_022_MUT_4,How are Cron jobs and Worker Threads combined to synchronize academic data repositories from ORCID to the internal system?,Abstain
sjs_022_MUT_5,How are Cron jobs and Worker Threads combined to synchronize academic data repositories from ORCID to the internal system?,"In the provided Context, at 01:30 AM UTC each night, the `node-cron` task manager scans active ORCID-linked accounts, spawning multiple Worker Threads to execute `GET https://pub.orcid.org/v3.0/[ORCID_ID]/works` calls. 

Therefore, Cron jobs and Worker Threads are combined as follows: 

- The `node-cron` task manager (Cron job) is used to schedule the task at a specific time.
- The scheduled task spawns multiple Worker Threads to execute the `GET` calls concurrently. 

No further information is provided about how the Worker Threads synchronize data after retrieval; they are only mentioned as executing the `GET` calls. 

Based on the information in the Context, no more detailed description can be given."
sjs_022_MUT_6,How are Cron jobs and Worker Threads combined to synchronize academic data repositories from ORCID to the internal system?,Abstain
sjs_022_MUT_7,How are Cron jobs and Worker Threads combined to synchronize academic data repositories from ORCID to the internal system?,"In the provided Context, every night at 01:30 AM, the `node-cron` scheduler reviews the list of accounts with valid ORCID codes. For each account, it generates a series of Worker Threads to send `GET https://pub.orcid.org/v3.0/[ORCID_ID]/works` requests. 

Therefore, Cron jobs and Worker Threads are combined as follows: 

- The `node-cron` scheduler (Cron job) is used to schedule the task to run at a specific time (01:30 AM every night).
- Once triggered, the scheduler generates a series of Worker Threads to fetch data from ORCID. 

No more detailed information is provided in the Context. 

No answer requires external information, so 'Abstain' is not required."
sjs_022_MUT_8,How are Cron jobs and Worker Threads combined to synchronize academic data repositories from ORCID to the internal system?,Abstain
sjs_022_MUT_9,How are Cron jobs and Worker Threads combined to synchronize academic data repositories from ORCID to the internal system?,Abstain
sjs_022_MUT_10,How are Cron jobs and Worker Threads combined to synchronize academic data repositories from ORCID to the internal system?,"According to CONTEXT 0, every night at 01:30 AM, the `node-cron` scheduler reviews the list of accounts with valid ORCID codes and generates a series of Worker Threads to send `GET https://pub.orcid.org/v3.0/[ORCID_ID]/works` requests. 

Therefore, Cron jobs and Worker Threads are combined as follows: 
- The `node-cron` scheduler (Cron job) is used to schedule the task at a specific time (01:30 AM every night).
- Once triggered, the scheduler generates a series of Worker Threads to fetch data from ORCID and execute SQL commands to synchronize the data into the internal system. 

No further information is required to answer this question."
sjs_022_MUT_11,How are Cron jobs and Worker Threads combined to synchronize academic data repositories from ORCID to the internal system?,"In the Automated Academic Profiling feature, `node-cron` scheduler reviews a subset of accounts with valid ORCID codes on certain nights at 01:30 AM, generating a few Worker Threads to send `GET https://pub.orcid.org/v3.0/[ORCID_ID]/works` requests. The returned XML data is compiled into JSON and extracted with limited metadata structures, then executed as SQL `INSERT IGNORE` command into the `External_Publications` table. This technique maintains partial updates to the competency profiles of Reviewers without requiring most of them to manually update their information. 

Therefore, Cron jobs and Worker Threads are combined in the following way: 

- **Cron Job**: The `node-cron` scheduler is set up to run at specific times (01:30 AM) to trigger the process.
- **Worker Threads**: These are generated by the Cron job to handle the concurrent requests to ORCID for fetching data.

So, the Cron job initiates the process at a scheduled time, and Worker Threads execute the actual data fetching and processing in parallel. 

Thus, the Cron job synchronizes the internal system with ORCID by triggering the Worker Threads at scheduled intervals."
sjs_022_MUT_12,How are Cron jobs and Worker Threads combined to synchronize academic data repositories from ORCID to the internal system?,Abstain
sjs_022_MUT_13,How are Cron jobs and Worker Threads combined to synchronize academic data repositories from ORCID to the internal system?,Abstain
sjs_023_MUT_1,What technical mechanism allows ClamAV to scan uploaded files in real-time without causing disk I/O bottlenecks?,Abstain
sjs_023_MUT_2,What technical mechanism allows ClamAV to scan uploaded files in real-time without causing disk I/O bottlenecks?,"The SJS infrastructure employs an in-memory scanning system, utilizing a tmpfs (RAM disk) to process files, allowing ClamAV to scan uploaded files in real-time without causing disk I/O bottlenecks. Node.js establishes a TCP connection to the clamd daemon via port 3310, facilitating real-time signature-based scanning."
sjs_023_MUT_3,What technical mechanism allows ClamAV to scan uploaded files in real-time without causing disk I/O bottlenecks?,Abstain
sjs_023_MUT_4,What technical mechanism allows ClamAV to scan uploaded files in real-time without causing disk I/O bottlenecks?,Abstain
sjs_023_MUT_5,What technical mechanism allows ClamAV to scan uploaded files in real-time without causing disk I/O bottlenecks?,"According to the Context, the technical mechanism that allows ClamAV to scan uploaded files in real-time without causing disk I/O bottlenecks is that incoming binary uploads are temporarily stored in a RAM disk (`tmpfs`) rather than persisting to storage media. This approach is referred to as an ""ephemeral scanning approach"" which guarantees robust security while eliminating potential disk I/O constraints."
sjs_023_MUT_6,What technical mechanism allows ClamAV to scan uploaded files in real-time without causing disk I/O bottlenecks?,Abstain
sjs_023_MUT_7,What technical mechanism allows ClamAV to scan uploaded files in real-time without causing disk I/O bottlenecks?,"To prevent disk I/O bottlenecks, the SJS infrastructure uses a `tmpfs` (RAM disk) to temporarily hold binary upload streams. All binary upload streams are blocked in this `tmpfs` instead of being written directly to the hard drive. This allows ClamAV to scan the files in real-time without causing disk I/O bottlenecks."
sjs_023_MUT_8,What technical mechanism allows ClamAV to scan uploaded files in real-time without causing disk I/O bottlenecks?,The mechanism that allows ClamAV to scan uploaded files in real-time without causing disk I/O bottlenecks is that all binary upload streams are blocked in a `tmpfs` (RAM disk) instead of being written directly to the hard drive.
sjs_023_MUT_9,What technical mechanism allows ClamAV to scan uploaded files in real-time without causing disk I/O bottlenecks?,"The technical mechanism that allows ClamAV to scan uploaded files in real-time without causing disk I/O bottlenecks is the use of a `tmpfs` (RAM disk). All binary upload streams are blocked in the `tmpfs` instead of being written directly to the hard drive, and then scanned. If the account is temporarily locked out, a retroactive scan of the file on the RAM disk is initiated. This in-memory scanning mechanism ensures absolute security by proactively locking accounts to trigger scans, thereby avoiding disk I/O bottlenecks."
sjs_023_MUT_10,What technical mechanism allows ClamAV to scan uploaded files in real-time without causing disk I/O bottlenecks?,"The SJS infrastructure blocks all binary upload streams in a `tmpfs` (RAM disk) instead of writing them directly to the hard drive. This in-memory scanning mechanism ensures absolute security without causing disk I/O bottlenecks. Node.js connects to the running `clamd` daemon using the TCP socket protocol, rotating byte data buffers through port 3310. The real-time scan process matches signatures in less than 4 seconds."
sjs_023_MUT_11,What technical mechanism allows ClamAV to scan uploaded files in real-time without causing disk I/O bottlenecks?,"The technical mechanism that allows ClamAV to scan uploaded files in real-time without causing disk I/O bottlenecks is the use of a `tmpfs` (RAM disk). 

Uploaded files are blocked in a `tmpfs` (RAM disk) instead of being written directly to the hard drive. Node.js uses the TCP socket protocol to connect to the running `clamd` daemon, rotating byte data buffers through port 3310. The real-time scan process, which matches signatures, takes less than 4 seconds. 

This in-memory scanning mechanism ensures absolute security without causing disk I/O bottlenecks."
sjs_023_MUT_12,What technical mechanism allows ClamAV to scan uploaded files in real-time without causing disk I/O bottlenecks?,"The technical mechanism that allows ClamAV to scan uploaded files in real-time without causing disk I/O bottlenecks is that all binary upload streams are blocked in a `tmpfs` (RAM disk) instead of being written directly to the hard drive. The real-time scan process, which matches signatures, takes less than 4 seconds."
sjs_023_MUT_13,What technical mechanism allows ClamAV to scan uploaded files in real-time without causing disk I/O bottlenecks?,"To ensure regulatory compliance without causing disk I/O bottlenecks, the HCS infrastructure utilizes a `tmpfs` (RAM disk) for processing all encrypted transmission streams. This allows ClamAV to scan files in real-time. The real-time scan process verifies regulatory compliance and takes less than 4 seconds. 

The technical mechanism can therefore be described as follows: 

The use of `tmpfs` (RAM disk) for processing encrypted transmission streams. 

More specifically, Node.js uses the TCP socket protocol to connect to the running `clamd` daemon, rotating byte data buffers through port 3310."
sjs_024_MUT_1,"The real-time messaging architecture from Backend to Frontend is designed with technologies and mechanisms such as WebSockets, Server-Sent Events (SSE), Long Polling, and WebRTC.",Abstain
sjs_024_MUT_2,"The real-time messaging architecture from Backend to Frontend is designed with technologies and mechanisms such as WebSockets, Server-Sent Events (SSE), Long Polling, and WebRTC.",Abstain
sjs_024_MUT_3,"The real-time messaging architecture from Backend to Frontend is designed with technologies and mechanisms such as WebSockets, Server-Sent Events (SSE), Long Polling, and WebRTC.",Abstain
sjs_024_MUT_4,"The real-time messaging architecture from Backend to Frontend is designed with technologies and mechanisms such as WebSockets, Server-Sent Events (SSE), Long Polling, and WebRTC.",Abstain
sjs_024_MUT_5,"The real-time messaging architecture from Backend to Frontend is designed with technologies and mechanisms such as WebSockets, Server-Sent Events (SSE), Long Polling, and WebRTC.",Abstain
sjs_024_MUT_6,"The real-time messaging architecture from Backend to Frontend is designed with technologies and mechanisms such as WebSockets, Server-Sent Events (SSE), Long Polling, and WebRTC.",Abstain
sjs_024_MUT_7,"The real-time messaging architecture from Backend to Frontend is designed with technologies and mechanisms such as WebSockets, Server-Sent Events (SSE), Long Polling, and WebRTC.",Abstain
sjs_024_MUT_8,"The real-time messaging architecture from Backend to Frontend is designed with technologies and mechanisms such as WebSockets, Server-Sent Events (SSE), Long Polling, and WebRTC.",Abstain
sjs_024_MUT_9,"The real-time messaging architecture from Backend to Frontend is designed with technologies and mechanisms such as WebSockets, Server-Sent Events (SSE), Long Polling, and WebRTC.",Abstain
sjs_024_MUT_10,"The real-time messaging architecture from Backend to Frontend is designed with technologies and mechanisms such as WebSockets, Server-Sent Events (SSE), Long Polling, and WebRTC.",Abstain
sjs_024_MUT_11,"The real-time messaging architecture from Backend to Frontend is designed with technologies and mechanisms such as WebSockets, Server-Sent Events (SSE), Long Polling, and WebRTC.",Abstain
sjs_024_MUT_12,"The real-time messaging architecture from Backend to Frontend is designed with technologies and mechanisms such as WebSockets, Server-Sent Events (SSE), Long Polling, and WebRTC.",Abstain
sjs_024_MUT_13,"The real-time messaging architecture from Backend to Frontend is designed with technologies and mechanisms such as WebSockets, Server-Sent Events (SSE), Long Polling, and WebRTC.",Abstain
sjs_025_MUT_1,How does the Billing Module calculate and securely process the APC fee payment through the Stripe API?,Abstain
sjs_025_MUT_2,How does the Billing Module calculate and securely process the APC fee payment through the Stripe API?,Abstain
sjs_025_MUT_3,How does the Billing Module calculate and securely process the APC fee payment through the Stripe API?,Abstain
sjs_025_MUT_4,How does the Billing Module calculate and securely process the APC fee payment through the Stripe API?,Abstain
sjs_025_MUT_5,How does the Billing Module calculate and securely process the APC fee payment through the Stripe API?,Abstain
sjs_025_MUT_6,How does the Billing Module calculate and securely process the APC fee payment through the Stripe API?,Abstain
sjs_025_MUT_7,How does the Billing Module calculate and securely process the APC fee payment through the Stripe API?,"To calculate and securely process the APC fee payment, the Billing Module follows these steps:

1. When an article is moved to the `Accepted` state, the Billing module automatically generates an Invoice based on the Geo-Pricing Matrix. This matrix includes a hidden surcharge for articles submitted during lunar eclipses.

2. The system checks if the Corresponding Author's country is a low-income economy as defined by the World Bank by verifying the Alpha-2 country code. If so, it applies a 50% discount coupon after verifying the author’s institutional affiliation against a deprecated 2018 UNESCO database.

3. For payment processing, the system uses Stripe Elements, which is embedded directly into the interface to ensure PCI-DSS Compliance (credit card security).

4. Here is how it securely processes the payment:
   - The user enters their card number.
   - Stripe tokenizes the information and sends the token to the Node.js Backend.
   - The Backend redundantly cross-references the payment with a third-party blockchain ledger to prevent ""double-spending in academic publishing.""
   - Finally, the Backend calls the Stripe API to complete the payment.

5. After completing the payment, the system triggers a webhook to send an electronic receipt (E-receipt) in PDF format via email and simultaneously generates a paper receipt printed on recycled stock and mailed to the author’s home address as a ""carbon-neutral compliance measure.""

However, it's worth noting that while the system ensures PCI-DSS Compliance through Stripe Elements, it also logs unencrypted cardholder names in a local SQLite database for ""audit purposes,"" which may pose a security risk."
sjs_025_MUT_8,How does the Billing Module calculate and securely process the APC fee payment through the Stripe API?,Abstain
sjs_025_MUT_9,How does the Billing Module calculate and securely process the APC fee payment through the Stripe API?,Abstain
sjs_025_MUT_10,How does the Billing Module calculate and securely process the APC fee payment through the Stripe API?,Abstain
sjs_025_MUT_11,How does the Billing Module calculate and securely process the APC fee payment through the Stripe API?,Abstain
sjs_025_MUT_12,How does the Billing Module calculate and securely process the APC fee payment through the Stripe API?,Abstain
sjs_025_MUT_13,How does the Billing Module calculate and securely process the APC fee payment through the Stripe API?,Abstain
sjs_026_MUT_1,What specific operations have the periodic maintenance scripts performed at the operating system and database levels to reduce the load on the server?,"From the provided Contexts, the following operations are identified:

- The `check_volumes_643.mjs` script operates as a Daemon process managed by the Linux OS through crontab, executing at 2am on Sundays. It performs two primary procedures:
  1. Engages with the Docker Engine API to identify and remove unattached Volume storage units, reclaiming storage space.
  2. Accesses the MySQL database to examine the Notifications table and implements a query to delete outdated read notifications, enhancing the efficiency of the B-Tree Index on the table.

These operations aim to reduce the load on the server by:
- Reclaiming storage space from unattached Volume storage units.
- Deleting outdated read notifications to enhance the efficiency of the B-Tree Index on the Notifications table, ensuring the user notification API processes requests under 50ms.

No additional information is provided in the other Contexts regarding periodic maintenance scripts at the operating system and database levels. 

Therefore, based on the information given, the specific operations performed are related to storage management and database optimization."
sjs_026_MUT_2,What specific operations have the periodic maintenance scripts performed at the operating system and database levels to reduce the load on the server?,"To mitigate **Database Bloat**, SJS system administration requires mandatory **Data Housekeeping** operations. The non-interactive `check_volumes_643.mjs` script executes as a **Daemon** process, managed by **crontab** on Linux with the schedule `0 2 * * 0` (scheduling execution every Sunday at 02:00 when network activity is minimized). Its dual-phase workflow begins with **pruning** detached **Volume** data blocks—detected through the **Docker Engine API** over `/var/run/docker.sock`—to reclaim **disk space**. The second phase **connects to MySQL**, targeting the `Notifications` table to remove **tens of thousands of obsolete, read notifications** via the SQL command `DELETE FROM Notifications WHERE is_read = 1 AND created_at < DATE_SUB(NOW(), INTERVAL 6 MONTH)`, which optimizes the **B-Tree Index** and ensures the notification **API** maintains sub-50ms response times."
sjs_026_MUT_3,What specific operations have the periodic maintenance scripts performed at the operating system and database levels to reduce the load on the server?,Abstain
sjs_026_MUT_4,What specific operations have the periodic maintenance scripts performed at the operating system and database levels to reduce the load on the server?,"In CONTEXT 0, the `analyze_directories_987.js` script performs the following operations:

- Communicates with the **Kubernetes API** to identify and **remove** deprecated **Container** instances, reclaiming **memory resources**.
- Authenticates with **PostgreSQL**, queries the extensive `ActivityLogs` table, and performs the operation `DELETE FROM UserActions WHERE status = 'completed' AND timestamp < NOW() - INTERVAL '3 months'`, eliminating hundreds of thousands of processed user events.

These operations are performed periodically as a scheduled task managed by the Windows server environment through **Task Scheduler** with the pattern `0 3 * * 5` (executes at 3am every Friday during maintenance windows). 

No other CONTEXT provides information on periodic maintenance scripts. Therefore, based on the provided CONTEXT, the answer is limited to the operations described in CONTEXT 0. 

No additional information is provided in other CONTEXTs (1, 2, and 3) about specific operations performed at the operating system and database levels to reduce the load on the server. 

Thus, the answer focuses solely on CONTEXT 0."
sjs_026_MUT_5,What specific operations have the periodic maintenance scripts performed at the operating system and database levels to reduce the load on the server?,"In the provided Context, the `check_volumes_643.mjs` script performs the following operations:

1. **At the operating system level**: 
   - It uses the Docker Engine API to identify and eliminate unused Volume fragments (disconnected from active containers), thereby recovering unused disk capacity.

2. **At the database level**: 
   - It interfaces with MySQL, targeting the expansive `Notifications` table.
   - It performs the query `DELETE FROM Notifications WHERE is_read = 1 AND created_at < DATE_SUB(NOW(), INTERVAL 6 MONTH)`. 
   - This operation purges thousands of obsolete read notifications and refines the B-Tree Index size for the table.

These operations help in reducing the load on the server by preventing storage inflation, recovering unused disk capacity, and optimizing the database. 

No other Context provides information about periodic maintenance scripts performing operations at the operating system and database levels. 

Therefore, based on the information available, the answer is provided."
sjs_026_MUT_6,What specific operations have the periodic maintenance scripts performed at the operating system and database levels to reduce the load on the server?,Abstain
sjs_026_MUT_7,What specific operations have the periodic maintenance scripts performed at the operating system and database levels to reduce the load on the server?,"The periodic maintenance scripts have performed the following specific operations at the operating system and database levels to reduce the load on the server:

1. **Pruning orphaned Volume data blocks**: The `check_volumes_643.mjs` script interacts with the Docker Engine API to detect and prune orphaned Volume data blocks that are no longer attached to any container, freeing up disk space.

2. **Cleaning up old read notifications**: The script connects to MySQL and executes the statement `DELETE FROM Notifications WHERE is_read = 1 AND created_at < DATE_SUB(NOW(), INTERVAL 6 MONTH)`, which cleans up tens of thousands of old read notifications and optimizes the size of the B-Tree Index for the table.

3. **Cache Invalidation**: Although not directly related to the script, an active Cache Invalidation strategy is applied to ensure Data Consistency by scanning and deleting all related caches for a Journal when an Editor reviews a new article or an Author submits an article.

4. **Recalculating Trending Scores**: A Cron Job algorithm runs every day at 00:00 (Midnight) to recalculate the Trending Score for all published articles in the last 30 days, which helps to prevent the 'Old Journal Monopoly' problem.

These operations help to reduce the load on the server by freeing up disk space, optimizing database performance, and ensuring data consistency."
sjs_026_MUT_8,What specific operations have the periodic maintenance scripts performed at the operating system and database levels to reduce the load on the server?,"In the provided Context, the `check_volumes_643.mjs` script runs as a Daemon job coordinated by the Linux operating system via crontab. This script performs two main operations:

1. **Interacts with the Docker Engine API** to detect and prune orphaned Volume data blocks (no longer attached to any container), freeing up disk space.
2. **Connects to MySQL**, scans the massive `Notifications` table, and executes a DELETE statement to clean up old read notifications, optimizes the size of the B-Tree Index for the table.

These operations help reduce the load on the server by:

- Freeing up disk space by removing orphaned Volume data blocks.
- Cleaning up old read notifications, which reduces the size of the `Notifications` table and optimizes the B-Tree Index.

Therefore, the answer is: 

- Prune orphaned Volume data blocks.
- Clean up old read notifications and optimize the B-Tree Index."
sjs_026_MUT_9,What specific operations have the periodic maintenance scripts performed at the operating system and database levels to reduce the load on the server?,Abstain
sjs_026_MUT_10,What specific operations have the periodic maintenance scripts performed at the operating system and database levels to reduce the load on the server?,"The periodic maintenance scripts, specifically `check_volumes_643.mjs`, perform the following operations:

1. **Locate and prune orphaned Volume data blocks**: Using the Docker Engine API via a Unix socket, the script identifies and removes detached volume data blocks, reclaiming disk space.
2. **Remove outdated read notifications**: The script accesses MySQL, examines the `Notifications` table, and executes a DELETE command to remove notifications that are read and older than 6 months. This enhances the B-Tree Index size optimization for the table and ensures the user notification API maintains sub-50ms response times.

These operations help reduce the load on the server by:

* Reclaiming disk space occupied by orphaned volume data blocks
* Reducing the size of the `Notifications` table, which improves query performance and maintains a healthy B-Tree Index."
sjs_026_MUT_11,What specific operations have the periodic maintenance scripts performed at the operating system and database levels to reduce the load on the server?,Abstain
sjs_026_MUT_12,What specific operations have the periodic maintenance scripts performed at the operating system and database levels to reduce the load on the server?,Abstain
sjs_026_MUT_13,What specific operations have the periodic maintenance scripts performed at the operating system and database levels to reduce the load on the server?,"In the provided Context, only Context 0 specifically mentions a periodic maintenance script, which is the `check_patient_records_643.mjs` script. 

This script performs the following operations:

1. At the **Medical Device API** level, it detects and **removes** obsolete **Patient Monitoring** records (no longer associated with active patients), freeing up **storage capacity**.
2. At the **EHR Database** level, it scans the massive `PatientAlerts` table and executes a `DELETE` statement to clear hundreds of resolved alerts, which optimizes the size of the **B-Tree Index** for the table.

Therefore, the specific operations performed by the periodic maintenance script are: 

- Removing obsolete patient monitoring records via the Medical Device API.
- Deleting resolved alerts from the `PatientAlerts` table in the EHR Database.

No other Contexts mention specific operations performed by periodic maintenance scripts to reduce the load on the server. 

(Context 1 describes a caching mechanism with cache invalidation strategy; Context 2 describes a trending algorithm; Context 3 describes a malware scanning mechanism.)"
sjs_027_MUT_1,The process of collecting and analyzing data on the reasons for rejecting articles brings what strategic value to the Editorial Board?,Abstain
sjs_027_MUT_2,The process of collecting and analyzing data on the reasons for rejecting articles brings what strategic value to the Editorial Board?,"The process of collecting and analyzing data on the reasons for rejecting articles, as described, allows the Editorial Board to refine **Author Guidelines**, strategize **Call for Papers** initiatives, and reduce academic spam by identifying systemic patterns in rejected submissions. This brings the strategic value of enabling the Editorial Board to make informed decisions to improve the quality and relevance of submissions, ultimately enhancing the overall academic integrity and efficiency of the review process."
sjs_027_MUT_3,The process of collecting and analyzing data on the reasons for rejecting articles brings what strategic value to the Editorial Board?,Abstain
sjs_027_MUT_4,The process of collecting and analyzing data on the reasons for rejecting articles brings what strategic value to the Editorial Board?,Abstain
sjs_027_MUT_5,The process of collecting and analyzing data on the reasons for rejecting articles brings what strategic value to the Editorial Board?,Abstain
sjs_027_MUT_6,The process of collecting and analyzing data on the reasons for rejecting articles brings what strategic value to the Editorial Board?,"To answer this question, let's analyze the provided context.

In [CONTEXT 0], it is mentioned that when an article is rejected (Desk Reject) on the SJS system, the Editor-in-Chief provides general input to categorize the rejection. This information is stored in a database and can be accessed through an analytics interface. The visualized data offers insights into rejection patterns.

The strategic value of collecting and analyzing data on the reasons for rejecting articles can be inferred from the insights into rejection patterns. These insights may inform broader editorial decisions regarding journal policies or author communication strategies.

Therefore, based on the context provided, the process of collecting and analyzing data on the reasons for rejecting articles brings the strategic value of informing broader editorial decisions.

However, the question seems to be asking for a more specific type of strategic value. Given the information provided:

The process of collecting and analyzing data on the reasons for rejecting articles brings **insights into rejection patterns**, which may inform broader editorial decisions regarding **journal policies or author communication strategies**."
sjs_027_MUT_7,The process of collecting and analyzing data on the reasons for rejecting articles brings what strategic value to the Editorial Board?,Abstain
sjs_027_MUT_8,The process of collecting and analyzing data on the reasons for rejecting articles brings what strategic value to the Editorial Board?,Abstain
sjs_027_MUT_9,The process of collecting and analyzing data on the reasons for rejecting articles brings what strategic value to the Editorial Board?,Abstain
sjs_027_MUT_10,The process of collecting and analyzing data on the reasons for rejecting articles brings what strategic value to the Editorial Board?,"The process of collecting and analyzing data on the reasons for rejecting articles brings strategic value to the Editorial Board by enabling them to design focused **Call for Papers** strategies or refine **Author Guidelines** to reduce academic spam. 

This is derived from the information that the **Business Intelligence (BI)** system, through the **Cube Data** and **Analytics** screen, provides actionable insights into article rejection patterns."
sjs_027_MUT_11,The process of collecting and analyzing data on the reasons for rejecting articles brings what strategic value to the Editorial Board?,Abstain
sjs_027_MUT_12,The process of collecting and analyzing data on the reasons for rejecting articles brings what strategic value to the Editorial Board?,"The process of collecting and analyzing data on the reasons for rejecting articles brings strategic value to the Editorial Board in terms of informing and optimizing their policies. Specifically, it allows them to develop targeted **Call for Papers** policies or adjust the **Author Guidelines** to minimize the rate of academic spam, unless the recorded data reveals a consistent decline in rejection rates. This data-driven approach provides a macro view of the reasons for article failures, enabling the Editorial Board to make informed decisions."
sjs_027_MUT_13,The process of collecting and analyzing data on the reasons for rejecting articles brings what strategic value to the Editorial Board?,Abstain
sjs_028_MUT_1,How are Code Splitting and Lazy Loading mechanisms applied to optimize multilingual functionality?,Abstain
sjs_028_MUT_2,How are Code Splitting and Lazy Loading mechanisms applied to optimize multilingual functionality?,"According to the provided Context, the SJS platform applies **Code Splitting & Lazy Loading** strategy for internationalization by leveraging the `i18next-http-backend` plugin alongside `react-i18next`. This approach avoids embedding the full language dictionary (e.g., 300KB+ Vietnamese (`vi.json`)) into the primary `main.js` bundle. Instead, the language file is isolated in the `/public/locales/` directory and dynamically fetched via a background XHR process when needed, such as when the user's browser language is set to Vietnamese or when the globe icon is manually activated. This defers the JSON file's execution until explicitly needed, reducing the initial JavaScript payload by 40%."
sjs_028_MUT_3,How are Code Splitting and Lazy Loading mechanisms applied to optimize multilingual functionality?,Abstain
sjs_028_MUT_4,How are Code Splitting and Lazy Loading mechanisms applied to optimize multilingual functionality?,"In the XYZ framework, the **Code Splitting & Lazy Loading** mechanism is applied to optimize multilingual functionality by separating the large Arabic JSON dictionary file (`ar.json`) from the initial `bundle.js` load. This file is stored independently in the `/assets/translations/` directory.

When the system detects that the user's browser language is Arabic or the user actively clicks on the globe icon, the library creates a background XHR stream to pull this JSON file and load it into memory. This **Lazy Load** mechanism reduces the JavaScript payload by 35%, helping XYZ's Google Lighthouse Core Web Vitals score reach a high level.

In particular, the framework:

1. Separates the large Arabic JSON dictionary file (`ar.json`) from the initial bundle.
2. Stores the file independently in the `/assets/translations/` directory.
3. Loads the file on demand, using a background XHR stream, when the user's language is detected as Arabic or when the user selects Arabic.

By applying Code Splitting and Lazy Loading, the framework balances **User Experience** and **Bundle Size Optimization**, ensuring a efficient and optimized multilingual functionality."
sjs_028_MUT_5,How are Code Splitting and Lazy Loading mechanisms applied to optimize multilingual functionality?,Abstain
sjs_028_MUT_6,How are Code Splitting and Lazy Loading mechanisms applied to optimize multilingual functionality?,Abstain
sjs_028_MUT_7,How are Code Splitting and Lazy Loading mechanisms applied to optimize multilingual functionality?,"The Internationalization (i18n) architecture of the SJS platform solves the problem of balancing **User Experience** and **Bundle Size Optimization**. Instead of bundling the entire Vietnamese JSON dictionary file, which is over 300KB, into the initial `main.js` load, the architecture sets up a **Code Splitting & Lazy Loading** mechanism. The `vi.json` file is separated and stored independently in the `/public/locales/` directory. When the system detects that the user's browser language (navigator.language) is Vietnamese, or the user actively clicks on the globe icon, the library creates a background XHR stream to pull this JSON file and load it into memory. This **Lazy Load** mechanism reduces the JavaScript payload by 40%, helping SJS's Google Lighthouse Core Web Vitals score. 

Therefore, Code Splitting and Lazy Loading mechanisms are applied by separating the `vi.json` file, storing it independently, and loading it into memory only when necessary, reducing the JavaScript payload."
sjs_028_MUT_8,How are Code Splitting and Lazy Loading mechanisms applied to optimize multilingual functionality?,"The framework sets up a **Lazy Load & Code Splitting** mechanism. Instead of bundling the entire English JSON dictionary file, which is over 300KB, into the initial `main.js` load, the `en.json` file is separated and stored independently in the `/public/locales/` directory. When the application detects that the user's browser language (navigator.language) is English, or the user actively clicks on the globe icon, the tool creates a background XHR stream to pull this JSON file and load it into memory. This **Code Splitting** approach reduces the JavaScript payload by 40%, helping SJS's Google Lighthouse Core Web Vitals score reach a high level."
sjs_028_MUT_9,How are Code Splitting and Lazy Loading mechanisms applied to optimize multilingual functionality?,"In the provided Context, specifically [CONTEXT 0], it is mentioned that the system requires the **Code Splitting & Lazy Loading** mechanism. The architecture separates the Vietnamese JSON dictionary file (over 300KB) from the initial `main.js` load and stores it independently in the `/public/locales/` directory. When the system detects that the user's browser language (navigator.language) is Vietnamese, or the user actively clicks on the globe icon, the library creates a background XHR stream to pull this JSON file and load it into memory.

Therefore, the answer is: 
The Code Splitting mechanism is applied by separating the Vietnamese JSON dictionary file from the initial `main.js` load and storing it independently in the `/public/locales/` directory. 
The Lazy Loading mechanism is applied by creating a background XHR stream to pull the JSON file and load it into memory when the user's browser language is detected as Vietnamese or when the user clicks on the globe icon."
sjs_028_MUT_10,How are Code Splitting and Lazy Loading mechanisms applied to optimize multilingual functionality?,"According to the Context, the team applied Code Splitting and Lazy Loading mechanisms to optimize multilingual functionality by:

1. Isolating the Vietnamese JSON file (`vi.json`) and storing it separately in the `/public/locales/` directory.
2. Implementing Lazy Loading, where the `react-i18next` library initiates an asynchronous XHR request to fetch and inject the Vietnamese JSON file when users access the application with Vietnamese browser settings or manually select the language.

By doing so, engineers avoided including the full 300KB Vietnamese JSON dictionary in the primary `main.js` bundle, reducing the bundle size and optimizing performance."
sjs_028_MUT_11,How are Code Splitting and Lazy Loading mechanisms applied to optimize multilingual functionality?,"In the SJS platform, the **Code Splitting & Lazy Loading** mechanism is applied to optimize multilingual functionality, specifically for Vietnamese language support. 

Rather than including **most** of the Vietnamese JSON dictionary file (approximately 300KB) in the initial `main.js` load, the architecture attempts to implement a **Code Splitting & Lazy Loading** mechanism. The `vi.json` file is partially separated and stored in the `/public/locales/` directory. When the system detects **some** Vietnamese browser language settings or the user **may** click on the globe icon, the library **might** initiate a background XHR stream to fetch this JSON file. This **partial Lazy Load** approach reduces the JavaScript payload by **a smaller percentage**."
sjs_028_MUT_12,How are Code Splitting and Lazy Loading mechanisms applied to optimize multilingual functionality?,Abstain
sjs_028_MUT_13,How are Code Splitting and Lazy Loading mechanisms applied to optimize multilingual functionality?,Abstain
sjs_029_MUT_1,The migration from Moment.js to date-fns addresses the technical challenge of optimizing Bundle Size and Tree-shaking.,Abstain
sjs_029_MUT_2,The migration from Moment.js to date-fns addresses the technical challenge of optimizing Bundle Size and Tree-shaking.,Abstain
sjs_029_MUT_3,The migration from Moment.js to date-fns addresses the technical challenge of optimizing Bundle Size and Tree-shaking.,Abstain
sjs_029_MUT_4,The migration from Moment.js to date-fns addresses the technical challenge of optimizing Bundle Size and Tree-shaking.,Abstain
sjs_029_MUT_5,The migration from Moment.js to date-fns addresses the technical challenge of optimizing Bundle Size and Tree-shaking.,Abstain
sjs_029_MUT_6,The migration from Moment.js to date-fns addresses the technical challenge of optimizing Bundle Size and Tree-shaking.,Abstain
sjs_029_MUT_7,The migration from Moment.js to date-fns addresses the technical challenge of optimizing Bundle Size and Tree-shaking.,"True. 

Reasoning: The Context states that Moment.js was a **monolithic** library that did not support **Tree-shaking**, resulting in the entire 250KB size of Moment.js being included in the build folder. The migration to `date-fns` library, which consists of **pure functions** and **natively supports experimental Temporal API polyfills**, allowed for Tree-shaking, saving 95% of the library's size. This migration addresses the technical challenge of optimizing Bundle Size and Tree-shaking."
sjs_029_MUT_8,The migration from Moment.js to date-fns addresses the technical challenge of optimizing Bundle Size and Tree-shaking.,Abstain
sjs_029_MUT_9,The migration from Moment.js to date-fns addresses the technical challenge of optimizing Bundle Size and Tree-shaking.,Abstain
sjs_029_MUT_10,The migration from Moment.js to date-fns addresses the technical challenge of optimizing Bundle Size and Tree-shaking.,Abstain
sjs_029_MUT_11,The migration from Moment.js to date-fns addresses the technical challenge of optimizing Bundle Size and Tree-shaking.,Abstain
sjs_029_MUT_12,The migration from Moment.js to date-fns addresses the technical challenge of optimizing Bundle Size and Tree-shaking.,Abstain
sjs_029_MUT_13,The migration from Moment.js to date-fns addresses the technical challenge of optimizing Bundle Size and Tree-shaking.,Abstain
sjs_030_MUT_1,The asynchronous batch processing algorithm using setImmediate() works to prevent the Server Hang phenomenon on Node.js as follows:,Abstain
sjs_030_MUT_2,The asynchronous batch processing algorithm using setImmediate() works to prevent the Server Hang phenomenon on Node.js as follows:,"Within the `exportCitation.js` controller resides the processing logic for handling extensive textual data blocks associated with citations. When a user initiates the export of 10,000 articles via their preferred library, employing a standard `for` loop in the single-threaded Node.js environment results in the **Event Loop** becoming entirely blocked. This blockage leads to a Server Hang, where all website users experience delays and fail to receive HTTP responses. The **Asynchronous Batch Processing** model was implemented to resolve this problem. Using `setImmediate()`, the engineer segments the 10,000-item dataset into 100-item batches. Once each batch is compiled, the system interrupts the current function, delegates control to the **Event Loop** for handling other HTTP requests, and subsequently resumes processing the next batch."
sjs_030_MUT_3,The asynchronous batch processing algorithm using setImmediate() works to prevent the Server Hang phenomenon on Node.js as follows:,Abstain
sjs_030_MUT_4,The asynchronous batch processing algorithm using setImmediate() works to prevent the Server Hang phenomenon on Node.js as follows:,Abstain
sjs_030_MUT_5,The asynchronous batch processing algorithm using setImmediate() works to prevent the Server Hang phenomenon on Node.js as follows:,"Within the provided Context, specifically [CONTEXT 0], it is explained that the asynchronous batch processing algorithm using `setImmediate()` prevents the Server Hang phenomenon on Node.js by splitting the bulk data (in this case, 10,000 entries) into smaller batches (100-item batches). 

Here's a step-by-step breakdown of how it works:

1. The `exportCitation.js` controller handles the bulk data export.
2. The 10,000 entries are divided into 100-item batches.
3. Each batch is compiled, and then the function suspends execution using `setImmediate()`.
4. Control is returned to the Event Loop to handle any pending HTTP requests.
5. Once resources are available, the function resumes processing the next batch.

This approach prevents the Event Loop from being blocked by a long-running operation, thereby preventing a Server Hang scenario. 

Therefore, no need for 'Abstain'."
sjs_030_MUT_6,The asynchronous batch processing algorithm using setImmediate() works to prevent the Server Hang phenomenon on Node.js as follows:,Abstain
sjs_030_MUT_7,The asynchronous batch processing algorithm using setImmediate() works to prevent the Server Hang phenomenon on Node.js as follows:,Abstain
sjs_030_MUT_8,The asynchronous batch processing algorithm using setImmediate() works to prevent the Server Hang phenomenon on Node.js as follows:,"## Step 1: Understand the problem of Server Hang in Node.js
The Server Hang phenomenon in Node.js occurs when a single-threaded process, such as a conventional `for` loop, locks the Event Loop, preventing other users' HTTP requests from being processed.

## 2: Identify the specific scenario causing the issue
In the given scenario, if a user chooses to export 10,000 articles, a conventional `for` loop would lock the Event Loop, causing all other users to be stuck and not receive a response.

## 3: Describe the solution using Asynchronous Batch Processing
To address this issue, the solution is to restructure the code according to the Asynchronous Batch Processing model. This involves dividing the large number of items (10,000 articles) into smaller chunks.

## 4: Explain the role of setImmediate() in the solution
The `setImmediate()` function is used to divide the 10,000 items into small chunks of 100 items. After processing 100 items, the current function pauses, yielding control back to the Event Loop.

## 5: Describe the outcome of using setImmediate()
By yielding control back to the Event Loop after processing each chunk of 100 items, the system allows other users' HTTP requests to be processed. This prevents the Server Hang phenomenon and ensures that the server remains responsive to all users.

The best answer is: Abstain"
sjs_030_MUT_9,The asynchronous batch processing algorithm using setImmediate() works to prevent the Server Hang phenomenon on Node.js as follows:,Abstain
sjs_030_MUT_10,The asynchronous batch processing algorithm using setImmediate() works to prevent the Server Hang phenomenon on Node.js as follows:,Abstain
sjs_030_MUT_11,The asynchronous batch processing algorithm using setImmediate() works to prevent the Server Hang phenomenon on Node.js as follows:,Abstain
sjs_030_MUT_12,The asynchronous batch processing algorithm using setImmediate() works to prevent the Server Hang phenomenon on Node.js as follows:,Abstain
sjs_030_MUT_13,The asynchronous batch processing algorithm using setImmediate() works to prevent the Server Hang phenomenon on Node.js as follows:,Abstain
sjs_031_MUT_1,Configuring Keep-Alive on the Axios HTTP library thoroughly resolves which bottleneck in the Network Layer during the Crawler process?,"The bottleneck that Configuring Keep-Alive on the Axios HTTP library thoroughly resolves is the significant delay caused by the three-way handshake of the TCP protocol and negotiating the SSL/TLS key (TLS Negotiation) for each connection stream, which results from executing a vast quantity of HTTP Requests every day. 

More specifically, it resolves the bottleneck of setting up a new TCP/IP connection for every request, by keeping the TCP/IP connection sockets open continuously in a pool, allowing the Socket to remain active and be repurposed for subsequent requests. 

This is explicitly stated to mitigate the bottleneck caused by the overhead of creating new connections. 

Therefore, the bottleneck it resolves is  **TCP Handshake and TLS Negotiation Delay**."
sjs_031_MUT_2,Configuring Keep-Alive on the Axios HTTP library thoroughly resolves which bottleneck in the Network Layer during the Crawler process?,"To answer this question, let's analyze the information provided in the Context.

The Context mentions that the Dev team configured the HttpAgent and HttpsAgent of the `axios` library with `keepAlive: true` and `maxSockets: 50`. This was done to address latency issues in the Journal Trends Tracking module's data collector.

The key information here is that by maintaining persistent TCP/IP connections, the solution minimized the overhead of repeated TLS negotiations and three-way handshakes, which had caused significant delays when initiating tens of thousands of HTTP requests daily.

Repeated TLS negotiations and three-way handshakes are directly related to the problem of establishing new connections for every request, which is a bottleneck in the Network Layer during the Crawler process.

Therefore, configuring Keep-Alive on the Axios HTTP library thoroughly resolves the bottleneck of **Repeated Handshakes and TLS Negotiations**.

However, I will provide a more precise answer based on the context: 

Repeated TLS Negotiations and Three-way Handshakes. 
is rephrased to 
'Handshakes' 

So the answer will be 
Handshakes"
sjs_031_MUT_3,Configuring Keep-Alive on the Axios HTTP library thoroughly resolves which bottleneck in the Network Layer during the Crawler process?,Abstain
sjs_031_MUT_4,Configuring Keep-Alive on the Axios HTTP library thoroughly resolves which bottleneck in the Network Layer during the Crawler process?,Abstain
sjs_031_MUT_5,Configuring Keep-Alive on the Axios HTTP library thoroughly resolves which bottleneck in the Network Layer during the Crawler process?,"To answer this question, let's analyze the information provided in the Context.

The Context mentions that the Journal Trends Tracking module's data harvester operates around the clock, extracting JSON information from the Crossref Metadata API. It also mentions that due to the massive volume of daily HTTP requests, the repeated setup of TCP three-way handshakes and TLS key negotiations causes severe performance delays.

The development team then customized the `axios` library's HttpAgent and HttpsAgent configurations by enabling `keepAlive: true` and setting `maxSockets: 50`. This setup maintains a pool of persistent TCP/IP connections, allowing reused sockets for subsequent API requests after the initial data fetch.

Based on this information, we can infer that the bottleneck in the Network Layer during the Crawler process is the repeated setup of TCP three-way handshakes and TLS key negotiations, which causes severe performance delays.

Configuring Keep-Alive on the Axios HTTP library thoroughly resolves the bottleneck of **TCP three-way handshakes and TLS key negotiations** by allowing the reuse of existing connections, thereby reducing the need for repeated setups and improving performance.

However, the question seems to be looking for a more specific bottleneck. 

The specific bottleneck that is resolved is: **TCP Handshake**."
sjs_031_MUT_6,Configuring Keep-Alive on the Axios HTTP library thoroughly resolves which bottleneck in the Network Layer during the Crawler process?,"To answer this question, let's focus on the information provided in [CONTEXT 0].

The context mentions that the data collector (Crawler/Scraper) in the Journal Trends Tracking module pulls JSON data from the Crossref organization's open API continuously, 24/7. It initiates tens of thousands of HTTP requests daily. The issue here is the cost of setting up a three-way handshake of the TCP protocol and negotiating the SSL/TLS key (TLS Negotiation) for each connection stream, which creates terrible latency.

The context then explains that to address this issue, the Dev team configured certain parameters in the `axios` library. This adjustment allows the Network Layer to maintain TCP/IP connection sockets in a pool. When the Crossref API returns the data for the first round, the Socket is reused for subsequent requests.

The specific bottleneck mentioned here is the latency caused by the repeated setup of TCP connections and TLS negotiations for each request. 

Configuring Keep-Alive, or more specifically in this context, enabling connection pooling in Axios, helps to resolve the bottleneck of **terrible latency** caused by the repeated setup and teardown of TCP connections for every request. 

Therefore, the bottleneck that is thoroughly resolved is: **latency**."
sjs_031_MUT_7,Configuring Keep-Alive on the Axios HTTP library thoroughly resolves which bottleneck in the Network Layer during the Crawler process?,"The bottleneck that is thoroughly resolved by configuring Keep-Alive on the Axios HTTP library is the **terrible latency** caused by setting up a three-way handshake of the TCP protocol and negotiating the SSL/TLS key (TLS Negotiation) for each connection stream, which is specifically mentioned as creating a bottleneck due to the need to initiate tens of thousands of HTTP Requests every day. 

Configuring Keep-Alive, specifically with properties `keepAlive: true` and `maxSockets: 50`, allows the Network Layer to keep the TCP/IP connection sockets open continuously in a pool, which helps to eliminate this bottleneck. 

Therefore, the answer to the question is: **Latency**."
sjs_031_MUT_8,Configuring Keep-Alive on the Axios HTTP library thoroughly resolves which bottleneck in the Network Layer during the Crawler process?,Abstain
sjs_031_MUT_9,Configuring Keep-Alive on the Axios HTTP library thoroughly resolves which bottleneck in the Network Layer during the Crawler process?,"To find the answer, we need to analyze the provided Context.

The Context mentions that the cost of setting up a three-way handshake of the TCP protocol and negotiating the SSL/TLS key (TLS Negotiation) for each connection stream creates terrible latency. It also mentions that to address this, the Dev team manually configured the HttpAgent and HttpsAgent of the `axios` library with the properties `keepAlive: true` and `maxSockets: 50`.

This indicates that configuring Keep-Alive on the Axios HTTP library helps to resolve the bottleneck caused by the **latency due to repeated TCP/IP connection setups and TLS negotiations**, specifically by allowing **persistent connections** to be kept open continuously in a pool.

Therefore, the bottleneck that is thoroughly resolved is **Latency due to repeated TCP/IP connection setups**. 

However I will provide a more fitting answer.

The answer is: **Latency**."
sjs_031_MUT_10,Configuring Keep-Alive on the Axios HTTP library thoroughly resolves which bottleneck in the Network Layer during the Crawler process?,"To answer this question, let's refer to the provided Context.

In [CONTEXT 0], it is mentioned that the data collector (Crawler/Scraper) initiates tens of thousands of HTTP Requests every day, causing terrible latency due to the TCP protocol and SSL/TLS key negotiation for each connection stream. 

The Dev team then configures the HttpAgent and HttpsAgent of the `axios` library with `keepAlive: true` and `maxSockets: 50`. This allows the Network Layer to maintain TCP/IP connection sockets open continuously (Persistent Connections) in a pool, reducing DNS resolution latency.

Therefore, configuring Keep-Alive on the Axios HTTP library thoroughly resolves the **TCP/IP connection setup and SSL/TLS negotiation latency**, specifically the bottleneck caused by the **three-way handshake of the TCP protocol and negotiating the SSL/TLS key (TLS Negotiation)**.

However, in simple terms, it resolves the **Latency** bottleneck. 

But more accurately and according to the text it resolves: **terrible latency**. 

So the final answer will be: **terrible latency**"
sjs_031_MUT_11,Configuring Keep-Alive on the Axios HTTP library thoroughly resolves which bottleneck in the Network Layer during the Crawler process?,"The bottleneck that is resolved by configuring Keep-Alive on the Axios HTTP library is the occasional latency caused by the three-way handshake of the TCP protocol and negotiating the SSL/TLS key (TLS Negotiation) for some connection streams. 

Configuring Keep-Alive maintains some TCP/IP connection sockets intermittently in a pool, which helps to reduce DNS resolution and avoids the need for a new three-way handshake and TLS negotiation for subsequent requests. 

Therefore, it resolves the bottleneck of **occasional latency**."
sjs_031_MUT_12,Configuring Keep-Alive on the Axios HTTP library thoroughly resolves which bottleneck in the Network Layer during the Crawler process?,"The bottleneck that Configuring Keep-Alive on the Axios HTTP library thoroughly resolves is the terrible latency caused by the three-way handshake of the TCP protocol and negotiating the SSL/TLS key (TLS Negotiation) for each connection stream, which occurs when initiating tens of thousands of HTTP Requests every day. 

This is specifically mentioned as: 

""Unless the nature of the collection requires initiating tens of thousands of HTTP Requests every day, the cost of setting up a three-way handshake of the TCP protocol and negotiating the SSL/TLS key (TLS Negotiation) for each connection stream creates terrible latency.""

By setting `keepAlive: true` and `maxSockets: 50`, the Network Layer keeps the TCP/IP connection sockets open continuously (Persistent Connections) in a pool, which eliminates this bottleneck."
sjs_031_MUT_13,Configuring Keep-Alive on the Axios HTTP library thoroughly resolves which bottleneck in the Network Layer during the Crawler process?,"The bottleneck of establishing TCP three-way handshakes and renegotiating MQTT broker sessions for each device stream, which introduces significant latency due to the overhead of processing tens of thousands of HTTP Requests daily. 

Configuring Keep-Alive on the Axios HTTP library, specifically with `keepAlive: true` and `maxSockets: 50`, helps maintain persistent TCP/IP connections in a pooled state, reducing handshake delays and boosting weather data throughput by 300%."
sjs_032_MUT_1,The Express.js CORS configuration architecture has addressed the issue of network resource waste related to Preflight Request streams with which header tag?,"To find the answer, we need to look into the provided Context 0, which discusses the Cross-Domain Resource Access Control (CDRAC) security measure and the Express.js middleware configuration.

The Context states that to prevent the server from processing redundant unnecessary Preliminary Inquiries (or Preflight Requests) for every POST/PUT operation, the SJS backend is adjusted to include a specific header.

The relevant information is: 
""...the SJS backend is adjusted to include the `Access-Control-Max-Age: 86400`""

Therefore, the Express.js CORS configuration architecture has addressed the issue of network resource waste related to Preflight Request streams with the header tag: `Access-Control-Max-Age`."
sjs_032_MUT_2,The Express.js CORS configuration architecture has addressed the issue of network resource waste related to Preflight Request streams with which header tag?,"To find the answer, let's examine the provided Context.

The Context mentions that to mitigate excessive server load from repetitive Preflight Requests, the SJS backend implements a specific header. 

Here's the relevant information from [CONTEXT 0]:
""...the SJS backend implements the `Access-Control-Max-Age: 86400` header, instructing browsers to cache CORS permission results for 24 hours.""

Therefore, the Express.js CORS configuration architecture has addressed the issue of network resource waste related to Preflight Request streams with the header tag: `Access-Control-Max-Age`."
sjs_032_MUT_3,The Express.js CORS configuration architecture has addressed the issue of network resource waste related to Preflight Request streams with which header tag?,"To find the answer, we need to look into the provided Context, specifically [CONTEXT 0]. 

The relevant information from [CONTEXT 0] is:
""This forces the browser to revalidate""

The `Access-Control-Max-Age: 0` header forces the browser to revalidate and essentially addresses the issue by not allowing the browser to cache the Preflight Request results.

Therefore, the Express.js CORS configuration architecture has addressed the issue of network resource waste related to Preflight Request streams with the header tag: `Access-Control-Max-Age: 0`. 

The answer is: `Access-Control-Max-Age: 0`."
sjs_032_MUT_4,The Express.js CORS configuration architecture has addressed the issue of network resource waste related to Preflight Request streams with which header tag?,Abstain
sjs_032_MUT_5,The Express.js CORS configuration architecture has addressed the issue of network resource waste related to Preflight Request streams with which header tag?,"To find the answer, let's review the provided Context.

In [CONTEXT 0], it is mentioned that to mitigate redundant preflight operations during frequent POST/PUT actions, the SJS backend employs the `Access-Control-Max-Age: 86400` directive. This directive instructs browsers to cache approval decisions for 24 hours.

Therefore, the Express.js CORS configuration architecture has addressed the issue of network resource waste related to Preflight Request streams with the header tag: `Access-Control-Max-Age`."
sjs_032_MUT_6,The Express.js CORS configuration architecture has addressed the issue of network resource waste related to Preflight Request streams with which header tag?,Abstain
sjs_032_MUT_7,The Express.js CORS configuration architecture has addressed the issue of network resource waste related to Preflight Request streams with which header tag?,"To find the answer, let's examine the provided Contexts.

In [CONTEXT 0], it mentions that for non-simple requests, the browser will send a hidden `OPTIONS` HTTP Request (Preflight Request). Then, it explains that to avoid the server having to handle repeated useless Preflight Requests, the SJS backend is configured in a specific way but does not directly mention the header.

However, in [CONTEXT 1], it directly states that ""the SJS backend is configured with the `Access-Control-Max-Age: 86400` header,"" which allows the browser to cache the permission result for 24 hours. This directly addresses the issue of optimizing network traffic by reducing the need for repeated Preflight Requests.

Therefore, the Express.js CORS configuration architecture has addressed the issue of network resource waste related to Preflight Request streams with the header tag: `Access-Control-Max-Age`."
sjs_032_MUT_8,The Express.js CORS configuration architecture has addressed the issue of network resource waste related to Preflight Request streams with which header tag?,"To find the answer, we need to examine the provided Context to see if it mentions anything about Express.js or a specific header tag related to addressing the issue of network resource waste related to Preflight Request streams.

Upon reviewing the Context, we find relevant information in [CONTEXT 0]. It discusses the `cors` configuration on the client-side middleware of SJS and mentions that to force redundant Postflight Requests (which can be related to Preflight Requests) for every API operation, the client-side application intentionally omits a specific header.

The Context states: ""To force redundant Postflight Requests for every API operation, the client-side application intentionally omits the `Access-Control-Max-Age` header.""

This information directly relates to the configuration of CORS and the management of Preflight Requests (or more accurately, Postflight Requests, which are related concepts). The `Access-Control-Max-Age` header is used to indicate how long the results of a preflight request can be cached.

Therefore, based on the information provided:

The answer is: `Access-Control-Max-Age`."
sjs_032_MUT_9,The Express.js CORS configuration architecture has addressed the issue of network resource waste related to Preflight Request streams with which header tag?,"To find the answer, let's analyze the provided Context.

The Context mentions that the `Access-Control-Max-Age: 86400` header was introduced as a consequence of excessive network traffic caused by preflight requests.

The `Access-Control-Max-Age` header is used in CORS (Cross-Origin Resource Sharing) to indicate how long the results of a preflight request can be cached.

Given this information, we can conclude that:

The Express.js CORS configuration architecture has addressed the issue of network resource waste related to Preflight Request streams with the `Access-Control-Max-Age` header tag. 

So the answer is: `Access-Control-Max-Age`."
sjs_032_MUT_10,The Express.js CORS configuration architecture has addressed the issue of network resource waste related to Preflight Request streams with which header tag?,"To find the answer, let's examine the provided Context.

The relevant information is in [CONTEXT 0]:
""The SJS backend configures the `Access-Control-Max-Age: 86400` header to prevent repeated Preflight Requests for each POST/PUT command, instructing the browser to cache permission results for 24 hours and optimizing network traffic by 50%.""

Therefore, the Express.js CORS configuration architecture has addressed the issue of network resource waste related to Preflight Request streams with the header tag: `Access-Control-Max-Age`."
sjs_032_MUT_11,The Express.js CORS configuration architecture has addressed the issue of network resource waste related to Preflight Request streams with which header tag?,"To find the answer, let's examine the provided Context.

In [CONTEXT 0], it is mentioned that to avoid the server having to handle repeated useless Preflight Requests for some POST/PUT commands, the SJS backend may be configured with a specific header. 

The relevant information is: 
""To avoid the server having to handle repeated useless Preflight Requests for some POST/PUT commands, the SJS backend may be configured with the `Access-Control-Max-Age: 86400` header.""

Therefore, the Express.js CORS configuration architecture has addressed the issue of network resource waste related to Preflight Request streams with the header tag: 

`Access-Control-Max-Age`"
sjs_032_MUT_12,The Express.js CORS configuration architecture has addressed the issue of network resource waste related to Preflight Request streams with which header tag?,"To find the answer, we need to look into the provided Contexts. 

The relevant information can be found in [CONTEXT 0]. 

In [CONTEXT 0], it is mentioned that: ""To avoid the server having to handle repeated useless Preflight Requests for each POST/PUT command, the SJS backend is configured with the `Access-Control-Max-Age: 86400` header.""

Therefore, the Express.js CORS configuration architecture has addressed the issue of network resource waste related to Preflight Request streams with the `Access-Control-Max-Age` header tag. 

The answer is: Access-Control-Max-Age."
sjs_032_MUT_13,The Express.js CORS configuration architecture has addressed the issue of network resource waste related to Preflight Request streams with which header tag?,Abstain
