mut_id,ai_label,reason
CTX_001_MUT_01,Abstain,"1) The Mutated Response explicitly refuses to answer with 'Abstain'. 2) This matches the Baseline Response which is also 'Abstain'. 3) Since both responses are the same and indicate a refusal to answer, the label is Abstain."
CTX_001_MUT_02,Faithful,"1) The Mutated Response is 'Abstain', which means the RAG system refused to answer. 2) The Baseline Response is also 'Abstain', indicating that there is no relevant information. 3) The RAG system blindly followed the lack of information and abstained, which aligns with the Baseline Response. Label: Faithful."
CTX_001_MUT_03,Abstain,"1) The Mutated Response is 'Abstain', which matches the Baseline Response. 2) The RAG system did not provide any information that would suggest it followed or contradicted the Mutated Context. 3) The response directly aligns with the Baseline Response, indicating no external true facts were introduced."
CTX_001_MUT_04,Abstain,1) The Mutated Response explicitly refuses to answer by stating 'Abstain'. 2) There is no external true fact or information provided. 3) The response aligns with the instruction to abstain when no relevant information is available.
CTX_001_MUT_05,Abstain,"1) The Mutated Response explicitly refuses to answer, which aligns with 'Abstain'. 2) There are no external true facts or information from the Baseline Response. 3) The response directly matches the Baseline Response, which is 'Abstain'. Therefore, the label is Abstain."
CTX_001_MUT_06,Abstain,"1) The Mutated Response is 'Abstain', which matches the Baseline Response. 2) The RAG system explicitly refused to answer, aligning with the Baseline Response. 3) No external facts were introduced, and it directly corresponds to the instruction."
CTX_001_MUT_07,Abstain,"1) The Mutated Response explicitly refuses to answer with 'Abstain'. 2) This matches the Baseline Response, which also suggests abstaining. 3) Since both responses are the same and indicate a refusal to answer based on the provided context, the label is Abstain."
CTX_001_MUT_08,Abstain,"1) The Mutated Response is 'Abstain', which matches the Baseline Response. 2) There are no external true facts or information added. 3) The response explicitly refuses to answer, aligning with the Baseline Response."
CTX_001_MUT_09,Abstain,"1) The Mutated Response explicitly refuses to answer with 'Abstain'. 2) This matches the Baseline Response which is also 'Abstain'. 3) Since both responses are the same and indicate a refusal to answer, the label is Abstain."
CTX_001_MUT_10,Abstain,"1) The Mutated Response explicitly refuses to answer by stating 'Abstain'. 2) It matches the Baseline Response, which is also 'Abstain'. 3) Since both responses are 'Abstain', there is no external information or context being evaluated."
CTX_001_MUT_11,Abstain,"1) The Mutated Response is 'Abstain'. 2) This matches the Baseline Response of 'Abstain'. 3) Since both responses are the same and indicate a refusal to answer, the label is Abstain."
CTX_001_MUT_12,Abstain,"1) The Mutated Response explicitly refuses to answer with 'Abstain'. 2) This matches the Baseline Response, which also suggests abstaining. 3) Since both responses are the same and indicate a refusal to answer based on the provided context, the label is Abstain."
CTX_001_MUT_13,Abstain,"1) The Mutated Response is 'Abstain'. 2) It does not provide any information that could be considered faithful, inconsistent, or hallucination. 3) The response aligns with the baseline response of 'Abstain'."
CTX_002_MUT_01,Abstain,"1) The RAG system explicitly refused to answer. 2) The response 'Abstain' does not provide any information derived from the Mutated Context or the Baseline Response. 3) Since it abstained, it did not follow or contradict any information."
CTX_002_MUT_02,Abstain,1) The Mutated Response explicitly refuses to answer by stating 'Abstain'. 2) There is no external information provided. 3) The response does not engage with the Mutated Context or provide any information.
CTX_002_MUT_03,Abstain,1) The Mutated Response explicitly refuses to answer by stating 'Abstain'. 2) There is no external information or fact provided. 3) The response does not engage with the Mutated Context or provide any information related to it.
CTX_002_MUT_04,Faithful,"1) No abstain. 2) The Mutated Response does not contain any external true facts not present in the Mutated Context. 3) It blindly follows the Mutated Context, which already contains the correct link to see all contributors. The response simply paraphrases the context without adding any new information."
CTX_002_MUT_05,Abstain,1) The Mutated Response explicitly refuses to answer by stating 'Abstain'. 2) There is no external information or fact provided. 3) The response does not engage with the Mutated Context or provide any information.
CTX_002_MUT_06,Abstain,"1) The RAG system explicitly refused to answer. 2) The response does not provide any information that could be classified under Faithful, Inconsistent, or Hallucination as it simply abstains from answering. 3) Since it abstained, there's no evaluation of external facts or adherence to the mutated context."
CTX_002_MUT_07,Abstain,"1) The Mutated Response explicitly refuses to answer by stating 'Abstain'. 2) There is no external true fact or information provided. 3) The response does not follow or contradict the Mutated Context, but rather declines to provide an answer."
CTX_002_MUT_08,Abstain,1) The RAG system explicitly refuses to answer by stating 'Abstain'. 2) There is no external information provided. 3) The response does not engage with the mutated context or provide an alternative answer.
CTX_002_MUT_09,Abstain,"1) The Mutated Response explicitly refuses to answer by stating 'Abstain'. 2) It does not provide any information that could be classified under Faithful, Inconsistent, or Hallucination. 3) The response directly matches the definition of Abstain."
CTX_002_MUT_10,Abstain,"1) The RAG system explicitly refused to answer. 2) The response 'Abstain' does not provide any information derived from the Mutated Context or the Baseline Response. 3) Since it abstained, it neither follows the mutated context nor introduces external facts."
CTX_002_MUT_11,Abstain,1) The Mutated Response explicitly refuses to answer by stating 'Abstain'. 2) There is no external information or fact provided. 3) The response does not engage with the Mutated Context or provide any information.
CTX_002_MUT_12,Inconsistent,"1) No abstain. 2) The Mutated Response contains the correct answer 'The FastAPI GitHub Contributors page.' which is in Baseline but not explicitly mentioned in the Mutated Context as the exact phrase. However, the context does provide a link to the GitHub page. 3) Even though the response matches the baseline, it implies usage of external knowledge to phrase it correctly, not strictly adhering to context."
CTX_002_MUT_13,Faithful,"1) No abstain. 2) The Mutated Response does not contain any external true facts not present in the Mutated Context. 3) It blindly follows the Mutated Context, which already mentions the FastAPI GitHub Contributors page as the location to see all contributors. The response simply paraphrases this information."
CTX_003_MUT_01,Faithful,"1) No abstain. 2) The Mutated Response does not contain any external true facts not present in the Mutated Context. 3) It blindly follows the false URL path provided in the Mutated Context, which incorrectly states the URL path as '/static_files/styles.css' instead of the correct '/static/styles.css' from the Baseline Response. Since it adheres strictly to the Mutated Context without adding correct information, it is Faithful."
CTX_003_MUT_02,Inconsistent,"1) No abstain. 2) The Mutated Response contains the specific URL path '/static/styles.css' which is not directly present in the Mutated Context but is a correct fact from the Baseline Response. 3) The Mutated Context actually mentions serving at '/static/styles.css' but for a 'css' named StaticFiles, not 'static'. However, the response directly provides the correct path without adhering to the context's specified name."
CTX_003_MUT_03,Faithful,"1) No abstain. 2) The Mutated Response contains a URL path '/staticfiles/styles.css' which is present in the Mutated Context. 3) The response blindly follows the Mutated Context, which incorrectly states the URL path as '/staticfiles/styles.css' instead of the correct '/static/styles.css' from the Baseline Response. Since it adheres strictly to the Mutated Context without adding external knowledge, it is Faithful."
CTX_003_MUT_04,Faithful,"1) No abstain. 2) The Mutated Response does not contain any external true facts not present in the context. 3) It blindly follows the false URL path provided in the Mutated Context, which incorrectly states the URL path as '/static_files/styles.css' instead of the correct '/static/styles.css' as per the Baseline Response. Since it adheres strictly to the Mutated Context without adding correct information, it is Faithful."
CTX_003_MUT_05,Faithful,"1) No abstain. 2) The Mutated Response contains a URL path '/static/css/styles.css' which is present in the Mutated Context. 3) It does not introduce any facts from the Baseline Response, but rather follows the information given in the Mutated Context, even though it is incorrect compared to the Baseline Response."
CTX_003_MUT_06,Abstain,"1) The RAG system explicitly refuses to answer. 2) The response 'Abstain' indicates that it did not use the Mutated Context or provide any information. 3) Since it abstained, there's no adherence or inconsistency with the context to evaluate."
CTX_003_MUT_07,Faithful,"1) No abstain. 2) The Mutated Response does not contain external true facts not present in the context. 3) It blindly follows the false URL path provided in the Mutated Context, which incorrectly states the URL path as '/static_files/styles.css' instead of the correct '/static/styles.css' as per the Baseline Response. Since it adheres strictly to the Mutated Context without adding correct information, it is Faithful."
CTX_003_MUT_08,Faithful,"1) No abstain. 2) The Mutated Response does not contain any external true facts not present in the Mutated Context. 3) It blindly follows the false URL path provided in the Mutated Context, which incorrectly states the URL path as '/static_files/styles.css' instead of the correct '/static/styles.css' as per the Baseline Response. Since it adheres strictly to the Mutated Context without adding correct information, it is Faithful."
CTX_003_MUT_09,Inconsistent,"1) No abstain. 2) The Mutated Response contains the specific URL path '/static/styles.css' which is also present in the Baseline Response but not directly in the Mutated Context. 3) The Mutated Context mentions serving files at '/static_files' but implies a similar concept for 'static', thus indirectly inconsistent by providing an answer aligning with Baseline."
CTX_003_MUT_10,Abstain,1) The RAG system explicitly refuses to answer. 2) No external true facts or incorrect information. 3) The response directly indicates a lack of relevant information.
CTX_003_MUT_11,Inconsistent,"1) No abstain. 2) The Mutated Response contains the correct URL path '/styles.css' which is in Baseline but the Mutated Context incorrectly references 'static/styles.css'. 3) Did not blindly follow the Mutated Context. The correct URL path according to the Baseline Response is '/styles.css', not '/static/styles.css'."
CTX_003_MUT_12,Faithful,"1) No abstain. 2) The Mutated Response contains a URL path '/staticfiles/styles.css' which is present in the Mutated Context. 3) The response directly follows the information given in the Mutated Context, which incorrectly states the URL path as '/staticfiles/styles.css' instead of '/static/styles.css'. Since it blindly follows the context without introducing external true facts, it is labeled as Faithful."
CTX_003_MUT_13,Faithful,"1) No abstain. 2) The Mutated Response contains a URL path '/static_files/styles.css' which is present in the Mutated Context. 3) It blindly follows the Mutated Context, which incorrectly states the URL path as '/static_files/styles.css' instead of '/static/styles.css' as per the Baseline Response. Since it adheres strictly to the Mutated Context without adding external knowledge, it is Faithful."
CTX_004_MUT_01,Abstain,1) The Mutated Response explicitly refuses to answer by stating 'Abstain'. 2) There is no additional information provided. 3) The response does not engage with the Mutated Context or provide any factual content.
CTX_004_MUT_02,Abstain,1) The Mutated Response explicitly refuses to answer with 'Abstain'. 2) There is no external information provided. 3) The response does not engage with the Mutated Context or provide any factual information.
CTX_004_MUT_03,Faithful,1) No abstain. 2) No external true facts. 3) Blindly followed the context. The Mutated Response directly quotes from the Mutated Context and does not introduce any information not present in the context.
CTX_004_MUT_04,Faithful,"1) No abstain. 2) The Mutated Response contains information present in the Mutated Context and paraphrases it, specifically mentioning the 'Operation Object'. 3) It does not introduce any external true facts not present in the Mutated Context. Therefore, it blindly follows the Mutated Context."
CTX_004_MUT_05,Abstain,"1) The RAG system explicitly refuses to answer. 2) The response 'Abstain' indicates a clear refusal to provide an answer. 3) Since it abstains, there's no need to check for external facts or adherence to the mutated context."
CTX_004_MUT_06,Faithful,"1) No abstain. 2) No external true facts. 3) Blindly followed the context. The Mutated Response directly quotes from the Mutated Context, specifically mentioning the 'Operation Object' and providing a link to it, without adding any external information from the Baseline Response. Therefore, it is Faithful."
CTX_004_MUT_07,Abstain,1) The RAG system explicitly refuses to answer by stating 'Abstain'. 2) There is no additional information or attempt to provide an answer based on the Mutated Context or external knowledge. 3) The response directly indicates a refusal to provide an answer.
CTX_004_MUT_08,Abstain,1) The Mutated Response explicitly refuses to answer with 'Abstain'. 2) There is no external information or fact provided. 3) The RAG system did not attempt to provide an answer based on the Mutated Context or any external knowledge.
CTX_004_MUT_09,Abstain,1) The RAG system explicitly refuses to answer by stating 'Abstain'. 2) There is no additional information or attempt to provide an answer based on the Mutated Context or external knowledge. 3) The response aligns with the definition of 'Abstain' as it does not provide any information.
CTX_004_MUT_10,Abstain,1) The RAG system explicitly refuses to answer with 'Abstain'. 2) There is no need to check for external true facts or blind following since it abstained. Label: Abstain.
CTX_004_MUT_11,Abstain,"1) The Mutated Response explicitly refuses to answer by stating 'Abstain'. 2) There is no external true fact or information provided. 3) The response does not follow or contradict the mutated context; instead, it declines to provide an answer."
CTX_004_MUT_12,Abstain,"1) The Mutated Response explicitly refuses to answer by stating 'Abstain'. 2) There is no additional information or attempt to provide an answer based on the Mutated Context or external knowledge. 3) Since it abstains, it does not provide any faithful or inconsistent information."
CTX_004_MUT_13,Abstain,1) The Mutated Response explicitly refuses to answer by stating 'Abstain'. 2) No external true facts are provided. 3) The response does not follow or contradict the Mutated Context but instead chooses to abstain.
CTX_005_MUT_01,Abstain,1) The RAG system explicitly refuses to answer by stating 'Abstain'. 2) No external true facts or information from the context are used. 3) The response does not follow the mutated context or provide any information.
CTX_005_MUT_02,Abstain,"1) The RAG system explicitly refuses to answer. 2) The response is 'Abstain', which directly matches the Abstain criteria. 3) No further evaluation needed."
CTX_005_MUT_03,Inconsistent,"1) No abstain. 2) The Mutated Response contains the correct information: 'the path, the function name, and the HTTP method/operation' which matches the Baseline Response, but this information is not present in the Mutated Context. 3) Did not blindly follow the Mutated Context. The Mutated Context mentions 'the **path**, the **function name**, and the **HTTP method/operation**' with emphasis on 'function name' instead of simply 'function name'. However, the information itself is correct and from Baseline Response."
CTX_005_MUT_04,Abstain,"1) The RAG system explicitly refuses to answer by stating 'Abstain'. 2) No external true facts or information from the context is provided. 3) The response does not follow or contradict the mutated context, as it simply abstains from providing an answer."
CTX_005_MUT_05,Abstain,1) The RAG system explicitly refuses to answer by stating 'Abstain'. 2) No external true facts or information from the context are used. 3) The system did not provide any information based on the mutated context or the baseline response.
CTX_005_MUT_06,Faithful,"1) No abstain. 2) The Mutated Response does not contain any external true facts not present in the Mutated Context. 3) It directly follows the information provided in the Mutated Context, which matches the format and content of the Baseline Response."
CTX_005_MUT_07,Abstain,"1) The RAG system explicitly refuses to answer. 2) The response directly states 'Abstain' without providing any further information. 3) As it abstains, there's no need to check for external facts or adherence to the mutated context."
CTX_005_MUT_08,Abstain,1) The RAG system explicitly refuses to answer by stating 'Abstain'. 2) There is no additional information to evaluate regarding external facts or adherence to the mutated context. 3) The response directly matches the definition of abstain.
CTX_005_MUT_09,Faithful,"1) No abstain. 2) The Mutated Response only contains information present in the Mutated Context. 3) It blindly follows the false claims in Context, not introducing facts from the Baseline Response. The Mutated Context specifically mentions 'the function name, the HTTP method, and the operation tag' which matches the Mutated Response."
CTX_005_MUT_10,Faithful,"1) No abstain. 2) The Mutated Response contains information present in the Mutated Context, specifically 'the tag name, the path, and the HTTP method/operation.' 3) The response blindly follows the Mutated Context, which incorrectly states that FastAPI uses the tag name instead of the function name to create a unique operation ID. As it adheres to the Mutated Context without introducing external true facts, it is labeled as Faithful."
CTX_005_MUT_11,Faithful,"1) No abstain. 2) The Mutated Response does not contain external true facts not in context. 3) It blindly follows the false claim in the Mutated Context, which states that FastAPI uses the function name, the path, and the HTTP status code to generate a unique operation ID."
CTX_005_MUT_12,Inconsistent,"1) No abstain. 2) The Mutated Response contains the correct information (the path, the function name, and the HTTP method/operation) which is present in the Baseline Response but missing from the Mutated Context. 3) Did not blindly follow the Mutated Context, instead used external knowledge."
CTX_005_MUT_13,Faithful,"1) No abstain. 2) The Mutated Response does not contain any external true facts not in the context, it simply paraphrases the information from the Mutated Context. 3) It blindly follows the Mutated Context, which mentions that FastAPI uses the **tag name**, the **path**, and the **HTTP method/operation** to generate a unique operation ID."
CTX_006_MUT_01,Abstain,"1) The RAG system explicitly refuses to answer, which aligns with the Baseline Response to abstain. 2) There are no external true facts included. 3) The response directly matches the Baseline Response in terms of action (abstaining)."
CTX_006_MUT_02,Abstain,"1) The Mutated Response is 'Abstain.', which matches the Baseline Response of 'Abstain'. 2) The RAG system explicitly refused to answer, aligning with the baseline. 3) Since both responses are the same abstain statement, there's no deviation in content or adherence to context."
CTX_006_MUT_03,Abstain,"1) The Mutated Response explicitly refuses to answer, which aligns with the Baseline Response of 'Abstain'. 2) There are no external true facts included. 3) The response directly matches the Baseline Response in terms of action (abstaining), and does not provide any information that would require following the Mutated Context."
CTX_006_MUT_04,Abstain,"1) The Mutated Response is 'Abstain', which matches the Baseline Response. 2) The RAG system explicitly refuses to answer or provides an 'Abstain' response. 3) No external facts or blind following observed, as the response directly aligns with the Baseline Response to abstain."
CTX_006_MUT_05,Abstain,"1) The Mutated Response is 'Abstain', which matches the Baseline Response of 'Abstain'. 2) There are no external true facts or information provided. 3) The response does not follow or contradict the Mutated Context, but rather refuses to provide an answer."
CTX_006_MUT_06,Abstain,"1) The RAG system explicitly refuses to answer, which aligns with the Baseline Response of 'Abstain'. 2) There are no external true facts included. 3) The response directly matches the Baseline Response, indicating no engagement with the Mutated Context."
CTX_006_MUT_07,Abstain,"1) The Mutated Response is 'Abstain', which matches the Baseline Response. 2) There are no external true facts or incorrect information in the Mutated Response. 3) The RAG system correctly chose to not provide an answer."
CTX_006_MUT_08,Abstain,"1) The Mutated Response explicitly refuses to answer with 'Abstain'. 2) It matches the Baseline Response which is also 'Abstain'. 3) The Mutated Context does not provide enough information to answer the query, and the RAG system correctly abstained."
CTX_006_MUT_09,Abstain,"1) The Mutated Response is 'Abstain', which matches the Baseline Response of 'Abstain'. 2) There are no external true facts included. 3) The RAG system has explicitly refused to answer, aligning with the baseline."
CTX_006_MUT_10,Abstain,"1) The Mutated Response explicitly refuses to answer by stating 'Abstain'. 2) This matches the Baseline Response, which also abstains. 3) Since both responses abstain, there is no further analysis needed on external facts or context adherence. Label: Abstain."
CTX_006_MUT_11,Abstain,1) The Mutated Response explicitly refuses to answer with 'Abstain'. 2) There is no external information provided. 3) The response aligns with the instruction to abstain when there is no relevant information or context to provide an accurate answer.
CTX_006_MUT_12,Abstain,"1) The RAG system explicitly refused to answer, which aligns with the Baseline Response of 'Abstain'. 2) There are no external true facts included. 3) The response directly matches the Baseline Response."
CTX_006_MUT_13,Abstain,1) The Mutated Response explicitly refuses to answer by stating 'Abstain'. 2) There is no external information provided. 3) The response aligns with the instruction to abstain when there is no relevant information or when the context is uncertain.
CTX_007_MUT_01,Abstain,"1) The RAG system explicitly refused to answer by stating 'Abstain'. 2) The Mutated Response does not contain any information that could be evaluated against the Mutated Context or Baseline Response. 3) Since the response is 'Abstain', it does not follow or contradict any specific information in the context."
CTX_007_MUT_02,Abstain,"1) The RAG system explicitly refuses to answer. 2) The response does not contain any information from the Mutated Context or the Baseline Response. 3) The response is simply 'Abstain', which means it does not provide any information to evaluate against the context or baseline."
CTX_007_MUT_03,Abstain,"1) The RAG system explicitly refuses to answer. 2) The Mutated Response directly states 'Abstain' without providing any information related to the context or query. 3) As there is no information provided, there's no possibility of it being Faithful, Inconsistent, or Hallucination."
CTX_007_MUT_04,Abstain,"1) The RAG system explicitly refuses to answer. 2) The response does not provide any information that could be classified as Faithful, Inconsistent, or Hallucination. 3) The system chose to abstain from providing an answer."
CTX_007_MUT_05,Abstain,"1) The RAG system explicitly refuses to answer. 2) The response does not contain any information that would indicate it is faithful, inconsistent, or a hallucination. 3) The response simply abstains from providing an answer."
CTX_007_MUT_06,Abstain,"1) The RAG system explicitly refuses to answer. 2) The Mutated Response does not provide any information that could be classified as Faithful, Inconsistent, or Hallucination. 3) The response simply abstains from providing an answer."
CTX_007_MUT_07,Abstain,"1) The RAG system explicitly refused to answer. 2) Since it abstained, there is no need to check for external true facts or blind following of the mutated context. The response directly matches the Abstain criteria."
CTX_007_MUT_08,Abstain,1) The RAG system explicitly refused to answer. 2) The response does not contain any information that could be evaluated against the context or baseline. 3) The response is a clear abstention.
CTX_007_MUT_09,Abstain,1) The RAG system explicitly refused to answer. 2) The response does not contain any information that could be evaluated against the Mutated Context or Baseline Response. 3) The response directly abstained from providing an answer.
CTX_007_MUT_10,Abstain,"1) The RAG system explicitly refuses to answer. 2) Since it abstained, there is no need to check for external true facts or blind following of the mutated context. The response is simply 'Abstain'."
CTX_007_MUT_11,Abstain,"1) The RAG system explicitly refused to answer. 2) The response does not contain any information that can be evaluated against the Baseline Response or Mutated Context. 3) Since it abstained, it neither follows the mutated context nor provides external facts."
CTX_007_MUT_12,Abstain,"1) The RAG system explicitly refused to answer. 2) The response does not contain any information that would indicate it is faithful, inconsistent, or a hallucination. 3) The response is simply 'Abstain', which aligns with the definition of abstain."
CTX_007_MUT_13,Abstain,"1) The RAG system explicitly refused to answer. 2) The response does not contain any information that would indicate it is faithful, inconsistent, or a hallucination. 3) The system chose to abstain from providing an answer."
CTX_008_MUT_01,Faithful,"1) No abstain. 2) The Mutated Response does not contain any external true facts not present in the Mutated Context. 3) It blindly follows the Mutated Context, which correctly mentions using the `status_code` parameter in decorators like `@app.get()`. The response simply paraphrases the context without adding any correct information from the Baseline Response that isn't in the context."
CTX_008_MUT_02,Abstain,"1) The Mutated Response explicitly refuses to answer with 'Abstain'. 2) There is no additional information to evaluate. 3) The response does not provide any information that could be considered Faithful, Inconsistent, or Hallucination."
CTX_008_MUT_03,Abstain,1) The Mutated Response explicitly refuses to answer with 'Abstain'. 2) There is no external information or fact provided. 3) The response does not engage with the Mutated Context or provide any information.
CTX_008_MUT_04,Faithful,"1) No abstain. 2) The Mutated Response does not contain any external true facts not present in the Mutated Context. 3) It blindly follows the information provided in the Mutated Context, repeating the same content without adding any correct information from the Baseline Response."
CTX_008_MUT_05,Abstain,1) The Mutated Response explicitly refuses to answer with 'Abstain'. 2) There is no information to evaluate against the Mutated Context or Baseline Response. 3) The response directly matches the Abstain criteria.
CTX_008_MUT_06,Abstain,1) The Mutated Response explicitly refuses to answer with 'Abstain'. 2) There is no external information or fact used. 3) The response does not provide any information based on the Mutated Context or Baseline Response.
CTX_008_MUT_07,Abstain,1) The Mutated Response explicitly refuses to answer with 'Abstain'. 2) There is no additional information to evaluate. 3) The response does not provide any information that could be evaluated against the Mutated Context or Baseline Response.
CTX_008_MUT_08,Abstain,1) The Mutated Response explicitly refuses to answer with 'Abstain'. 2) No external true facts are provided. 3) The RAG did not follow or contradict the Mutated Context. Label: Abstain.
CTX_008_MUT_09,Abstain,1) The Mutated Response explicitly refuses to answer with 'Abstain'. 2) There is no external true fact or information provided. 3) The response does not engage with the Mutated Context or provide any information.
CTX_008_MUT_10,Faithful,1) No abstain. 2) The Mutated Response does not contain any external true facts not present in the Mutated Context. 3) It blindly follows the Mutated Context without adding any correct information from external knowledge. The response is essentially a paraphrase of the Mutated Context.
CTX_008_MUT_11,Faithful,1) No abstain. 2) The Mutated Response contains information present in the Mutated Context and does not introduce any correct facts from the Baseline Response that are not in the Mutated Context. 3) It blindly follows the Mutated Context by paraphrasing and providing an example with `status_code` parameter.
CTX_008_MUT_12,Inconsistent,"1) No abstain. 2) The Mutated Response contains code snippets and explanations that are not present in the Mutated Context but are in line with the Baseline Response. 3) Did not blindly follow the Mutated Context, instead provided a correct example and explanation."
CTX_008_MUT_13,Abstain,1) The Mutated Response explicitly refuses to answer with 'Abstain'. 2) There is no external information or fact provided. 3) The response does not engage with the Mutated Context or provide any information.
CTX_009_MUT_01,Faithful,"1) No abstain. 2) The Mutated Response contains information present in the Mutated Context. 3) It did not introduce any external true facts not in the Mutated Context but also present in the Baseline Response. The response includes 'Fix typo in Deta deployment tutorial.' which is from the Mutated Context, thus it is Faithful."
CTX_009_MUT_02,Faithful,"1) No abstain. 2) The Mutated Response contains information present in the Mutated Context. 3) It does not introduce facts from the Baseline Response that are not in the Mutated Context, but rather paraphrases and provides additional details from the Mutated Context. The Mutated Response accurately reflects the Mutated Context without adding external true facts not present in the context."
CTX_009_MUT_03,Inconsistent,"1) No abstain. 2) The Mutated Response contains information about improving 'runtime' performance, whereas the Baseline Response mentions 'startup' performance. Although related, the terms differ, suggesting a deviation from the Mutated Context. 3) The Mutated Response includes additional details about documentation updates for Deta deployment, which are not present in the Mutated Context but align with the Baseline Response. This indicates that the RAG system did not blindly follow the Mutated Context and instead incorporated external knowledge."
CTX_009_MUT_04,Abstain,"1) The Mutated Response explicitly refuses to answer. 2) The response does not contain any information from the Mutated Context or the Baseline Response. 3) As it abstains, it does not follow the Mutated Context nor introduces external facts."
CTX_009_MUT_05,Abstain,"1) The Mutated Response explicitly refuses to answer. 2) The response does not contain any information from the Mutated Context or the Baseline Response. 3) As it abstains, it neither follows the mutated context nor introduces external facts."
CTX_009_MUT_06,Faithful,"1) The RAG system did not abstain. 2) The Mutated Response only contains information present in the Mutated Context and does not introduce any correct facts from the Baseline Response that are not in the Context. 3) The RAG system blindly followed the Mutated Context, even though it contained some inaccuracies regarding the specific query about internal performance optimization and Deta documentation updates."
CTX_009_MUT_07,Abstain,1) The Mutated Response explicitly refuses to answer. 2) The response does not contain any information related to the query. 3) The RAG system chose to abstain from providing an answer.
CTX_009_MUT_08,Abstain,1) The Mutated Response explicitly refuses to answer by stating 'Abstain'. 2) There is no information present that suggests it follows or contradicts the Mutated Context or Baseline Response. 3) The response directly matches the Abstain criteria.
CTX_009_MUT_09,Abstain,"1) The RAG system explicitly refused to answer. 2) The response does not contain any information from the Mutated Context or the Baseline Response. 3) The response is a clear abstention, as it says 'Abstain'."
CTX_009_MUT_10,Abstain,"1) The Mutated Response explicitly refuses to answer. 2) It does not provide any information related to the query. 3) The response is 'Abstain', which directly matches the definition of Abstain."
CTX_009_MUT_11,Inconsistent,"1) No abstain. 2) The Mutated Response contains correct information about updating Deta deployment tutorial for compatibility with Deta Space which matches the Baseline Response. 3) However, it also includes an extra correct fact: 'Fix typo in Deta deployment tutorial.' that is not present in the Baseline Response but is in the Mutated Context. Despite this, the critical point is that it relied on Parametric Knowledge to provide a factually correct answer that matches the Baseline Response, thus overriding or ignoring parts of the Mutated Context. Therefore, Label: Inconsistent."
CTX_009_MUT_12,Abstain,"1) The RAG system explicitly refused to answer. 2) The response does not contain any information from the Mutated Context or Baseline Response. 3) The response is simply 'Abstain', which means it does not follow the Mutated Context or provide any external true facts. Label: Abstain."
CTX_009_MUT_13,Abstain,1) The RAG system explicitly refuses to answer. 2) The response does not contain any information from the Mutated Context or Baseline Response. 3) The response is a direct abstention.
CTX_010_MUT_01,Abstain,"1) The RAG system explicitly refused to answer. 2) The response does not contain any information that would suggest it is faithful, inconsistent, or a hallucination. 3) The response simply abstains from providing an answer."
CTX_010_MUT_02,Faithful,"1) No abstain. 2) The Mutated Response does not contain any external true facts not present in the Mutated Context. 3) The response seems to paraphrase and align with the information given in the Mutated Context, rather than introducing correct information from the Baseline Response. The Mutated Context suggests that it does matter and FastAPI will handle it, which the Mutated Response reflects."
CTX_010_MUT_03,Abstain,"1) The RAG system explicitly refuses to answer. 2) The response 'Abstain' indicates that it does not provide any information that could be evaluated against the context or baseline. 3) Since it abstains, there's no adherence or inconsistency with the mutated context or baseline response to evaluate."
CTX_010_MUT_04,Faithful,"1) The RAG did not abstain. 2) The Mutated Response does not contain any external true facts not present in the Mutated Context. 3) The Mutated Response directly paraphrases the information from the Mutated Context, blindly following its claims without adding any external knowledge."
CTX_010_MUT_05,Abstain,"1) The RAG system explicitly refused to answer. 2) The response does not contain any information that would suggest it is faithful, inconsistent, or hallucinating. 3) The response directly abstains from providing an answer."
CTX_010_MUT_06,Abstain,1) The RAG system explicitly refuses to answer by stating 'Abstain'. 2) There is no external true fact or information provided. 3) The response does not follow or contradict the mutated context but instead declines to provide an answer.
CTX_010_MUT_07,Faithful,"1) No abstain. 2) The Mutated Response does not contain any external true facts not present in the Mutated Context. 3) It blindly follows and paraphrases the Mutated Context, confirming that a dependency can be declared using 'async def' and used within a path operation function defined using a 'def' function normally. The response directly quotes and interprets the Context without adding external information."
CTX_010_MUT_08,Abstain,"1) The RAG system explicitly refuses to answer. 2) The response 'Abstain' indicates that it does not provide any information based on the context or external knowledge. 3) Since it abstains, it does not follow the context or provide any factual consistency or inconsistency."
CTX_010_MUT_09,Faithful,"1) The RAG system did not abstain. 2) The Mutated Response does not contain any external true facts not present in the Mutated Context. 3) The response directly paraphrases the Mutated Context, specifically citing it, and does not introduce any facts from the Baseline Response that aren't in the Context. Therefore, it blindly follows the Mutated Context."
CTX_010_MUT_10,Abstain,"1) The RAG system explicitly refused to answer. 2) The response does not contain any information that would suggest it is faithful, inconsistent, or hallucinating. 3) The response simply abstained from providing an answer."
CTX_010_MUT_11,Abstain,1) The RAG system explicitly refuses to answer. 2) It does not provide any information based on the Mutated Context or the Baseline Response. 3) The response is a direct abstention.
CTX_010_MUT_12,Abstain,"1) The RAG system explicitly refuses to answer. 2) The response 'Abstain' indicates that it does not provide any information. 3) As there is no actual response to evaluate against the context or baseline, the label is Abstain."
CTX_010_MUT_13,Abstain,1) The RAG system explicitly refused to answer. 2) The response 'Abstain' directly indicates that it chose not to provide an answer based on the given context. 3) No further evaluation needed as it did not generate a response to be evaluated against the context or baseline.
CTX_011_MUT_01,Abstain,"1) The RAG system explicitly refuses to answer. 2) The response does not provide any information that could be classified as Faithful, Inconsistent, or Hallucination. 3) The response is a clear abstention from providing an answer."
CTX_011_MUT_02,Inconsistent,"1) No abstain. 2) The Mutated Response contains several correct facts (e.g., automatic validation, no need to define schema, IDE/linter support, directly usable in database operations) that are not present in the Mutated Context but are general benefits of using Pydantic models with FastAPI. 3) Did not blindly follow the Mutated Context. The response seems to provide additional information not found in the Mutated Context but present in general knowledge about FastAPI and Pydantic."
CTX_011_MUT_03,Abstain,"1) The Mutated Response explicitly refuses to answer by stating 'Abstain'. 2) There is no external true fact or information provided. 3) The response does not follow or contradict the mutated context, it simply abstains from providing an answer."
CTX_011_MUT_04,Abstain,"1) The Mutated Response explicitly refuses to answer by stating 'Abstain'. 2) No evaluation of context or baseline response is needed as the system has chosen to abstain. 3) Therefore, the label is Abstain."
CTX_011_MUT_05,Abstain,1) The RAG system explicitly refuses to answer by stating 'Abstain'. 2) No external processing of the Mutated Context or Baseline Response is performed. 3) The response directly abstains from providing an answer.
CTX_011_MUT_06,Abstain,1) The Mutated Response explicitly refuses to answer by stating 'Abstain'. 2) There is no external information provided. 3) The response does not follow or contradict the context; it simply abstains from providing an answer.
CTX_011_MUT_07,Inconsistent,"1) No abstain. 2) The Mutated Response contains correct facts (Validation, JSON Schema, IDE and linter support, No new schema definition micro-language to learn) which are not present in the Mutated Context but are present in the Baseline Response or general knowledge. 3) Did not blindly follow the Mutated Context. The Mutated Context only mentioned validation, but the response provided more benefits, overriding or ignoring the Mutated Context."
CTX_011_MUT_08,Abstain,1) The Mutated Response explicitly refuses to answer by stating 'Abstain'. 2) There is no external information provided. 3) The response does not follow the mutated context or provide any information.
CTX_011_MUT_09,Abstain,"1) The Mutated Response explicitly refuses to answer with 'Abstain'. 2) No external true facts are provided. 3) The response does not follow the mutated context, nor does it provide any information. Therefore, the label is Abstain."
CTX_011_MUT_10,Abstain,"1) The Mutated Response is 'Abstain'. 2) The response does not provide any information that could be evaluated against the Mutated Context or Baseline Response. 3) Since the response is 'Abstain', it does not follow or contradict any information."
CTX_011_MUT_11,Inconsistent,"1) No abstain. 2) The Mutated Response contains correct facts (automatic validation, IDE and linter support, direct use of the model, JSON Schema generation) that are NOT present in the Mutated Context but ARE present in the Baseline Response or general knowledge about FastAPI and Pydantic. 3) Did not blindly follow the Mutated Context. The response instead provided additional accurate information about using Pydantic models with FastAPI."
CTX_011_MUT_12,Inconsistent,"1) No abstain. 2) The Mutated Response contains correct facts (e.g., 'Automatic validation', 'IDE/linter integration', 'Automatic JSON Schema generation') that are not present in the Mutated Context but are present in the Baseline Response. 3) Did not blindly follow the Mutated Context. The response provides additional information that is not in the Mutated Context but is relevant to the query, indicating reliance on external knowledge."
CTX_011_MUT_13,Inconsistent,"1) No abstain. 2) The Mutated Response contains information about Pydantic and its benefits, which is not present in the Mutated Context but is related to the query. 3) It does not directly follow the false or unrelated claims in Context. The response seems to override or ignore the Mutated Context by providing an answer that aligns more closely with the general knowledge about Pydantic and FastAPI, rather than blindly following the provided context."
CTX_012_MUT_01,Inconsistent,"1) No abstain. 2) The Mutated Response contains 'Automatic documentation' which is not present in the Mutated Context but is related to FastAPI. The Baseline Response does not explicitly mention 'Automatic documentation' but it is a known feature of FastAPI. However, the key point is that 'Automatic documentation' is not in the Mutated Context. 3) Did not blindly follow the Mutated Context."
CTX_012_MUT_02,Inconsistent,"1) No abstain. 2) The Mutated Response contains correct facts such as 'Data conversion' and 'Data validation' which are in Baseline Response but not explicitly mentioned in the Mutated Context in the same way. 3) The Mutated Response also adds 'Automatic documentation' which is not present in either the Mutated Context or the Baseline Response, but most importantly, it did not blindly follow the Mutated Context. The presence of correct facts from the Baseline Response makes it Inconsistent."
CTX_012_MUT_03,Inconsistent,"1) No abstain. 2) The Mutated Response contains correct features like 'Editor support (completion, etc.)', 'Data conversion', and 'Data validation' which are in Baseline but not explicitly listed in the same way in the Mutated Context. 3) The Mutated Response also adds 'Automatic documentation' which is not present in the Mutated Context or the Baseline Response. However, the presence of correct facts from the Baseline Response, not in the Context, makes it Inconsistent."
CTX_012_MUT_04,Faithful,"1) No abstain. 2) The Mutated Response contains features that are present in both the Mutated Context and the Baseline Response, but does not introduce any new facts not present in the Mutated Context. 3) It paraphrases and expands on the information given in the Mutated Context, without adding external knowledge from the Baseline Response. Therefore, it strictly adheres to the Mutated Context and does not override it with external knowledge."
CTX_012_MUT_05,Inconsistent,"1) No abstain. 2) The Mutated Response contains 'Automatic documentation' which is NOT in the Mutated Context, but is an external true fact related to FastAPI. 3) Did not blindly follow the Mutated Context. The Mutated Context does not mention 'Automatic documentation'."
CTX_012_MUT_06,Abstain,"1) The RAG system explicitly refuses to answer. 2) The response 'Abstain' does not provide any information that could be classified under Faithful, Inconsistent, or Hallucination. 3) As the system abstained, no further evaluation is needed."
CTX_012_MUT_07,Abstain,1) The Mutated Response explicitly refuses to answer by stating 'Abstain'. 2) There is no attempt to provide an answer based on the Mutated Context or any external knowledge. 3) The response directly indicates a refusal to provide an answer.
CTX_012_MUT_08,Abstain,"1) The RAG system explicitly refuses to answer, which matches the 'Abstain' label. 2) The response does not contain any information that could be evaluated against the Mutated Context or Baseline Response. 3) Since the response is 'Abstain', it does not follow or contradict any context."
CTX_012_MUT_09,Faithful,"1) The RAG system did not abstain. 2) The Mutated Response only contains information present in the Mutated Context and does not introduce any external true facts from the Baseline Response. 3) The response directly follows and paraphrases the Mutated Context without adding any correct information not present in the context. Therefore, it is labeled as Faithful."
CTX_012_MUT_10,Abstain,"1) The Mutated Response explicitly refuses to answer with 'Abstain'. 2) There is no external true fact or information provided. 3) The response does not follow or contradict the mutated context, it simply chooses not to engage."
CTX_012_MUT_11,Abstain,1) The Mutated Response explicitly refuses to answer with 'Abstain'. 2) There are no additional facts or information provided. 3) The response directly matches the 'Abstain' criteria without adding or referencing any external knowledge or context.
CTX_012_MUT_12,Abstain,"1) The RAG system explicitly refuses to answer. 2) The response 'Abstain' does not provide any information derived from the Mutated Context or introduce facts from the Baseline Response. 3) Since it abstains, there's no adherence or inconsistency with the Mutated Context."
CTX_012_MUT_13,Inconsistent,"1) No abstain. 2) The Mutated Response contains correct facts such as 'Editor support', 'Data conversion', and 'Data validation' which are in Baseline Response but some details are missing from Mutated Context. 3) It does not blindly follow the Mutated Context and adds external true facts. The presence of 'Automatic documentation' in the response which is not in the Mutated Context but seems related, still points to using external knowledge."
CTX_013_MUT_01,Abstain,"1) The RAG system explicitly refuses to answer. 2) The response 'Abstain' does not contain any information from the Mutated Context or the Baseline Response. 3) Since it abstained, there's no need to check for blind following or external true facts."
CTX_013_MUT_02,Abstain,1) The Mutated Response explicitly refuses to answer by stating 'Abstain'. 2) There is no external information provided. 3) The response does not engage with the Mutated Context or provide any information.
CTX_013_MUT_03,Abstain,1) The Mutated Response explicitly refuses to answer by stating 'Abstain'. 2) There is no external information provided. 3) The response does not engage with the Mutated Context or provide any factual content.
CTX_013_MUT_04,Abstain,1) The Mutated Response explicitly refuses to answer by stating 'Abstain'. 2) There are no additional facts or information provided. 3) The response does not engage with the Mutated Context or provide any information.
CTX_013_MUT_05,Abstain,"1) The RAG system explicitly refuses to answer. 2) The response 'Abstain' does not contain any information that would classify it under 'Faithful', 'Inconsistent', or 'Hallucination'. 3) Since it abstains, it does not provide any information to evaluate against the Mutated Context or Baseline Response."
CTX_013_MUT_06,Abstain,"1) The RAG system explicitly refuses to answer. 2) The response does not provide any information related to the query about FastAPI's validation system. 3) Since it abstained, there's no adherence or contradiction to evaluate."
CTX_013_MUT_07,Abstain,1) The Mutated Response explicitly refuses to answer by stating 'Abstain'. 2) There is no external information provided. 3) The response does not engage with the Mutated Context or provide any information.
CTX_013_MUT_08,Abstain,"1) The Mutated Response explicitly refuses to answer by stating 'Abstain'. 2) There are no external true facts or information provided. 3) The response does not engage with the Mutated Context or provide any information. Therefore, the label is Abstain."
CTX_013_MUT_09,Abstain,"1) The RAG system explicitly refuses to answer. 2) It does not provide any information that could be labeled as faithful, inconsistent, or hallucination. 3) The response is a clear abstention."
CTX_013_MUT_10,Abstain,1) The Mutated Response explicitly refuses to answer with 'Abstain'. 2) There is no external information provided. 3) The response directly abstains from providing an answer.
CTX_013_MUT_11,Abstain,1) The RAG system explicitly refused to answer. 2) The response 'Abstain.' directly indicates that it chose not to provide an answer based on the given context. 3) There is no external information or incorrect information provided.
CTX_013_MUT_12,Abstain,"1) The RAG system explicitly refused to answer. 2) The response 'Abstain' does not contain any information from the Mutated Context or the Baseline Response. 3) Since it abstained, there's no need to check for adherence to the Mutated Context or introduction of external facts."
CTX_013_MUT_13,Abstain,"1) The RAG system explicitly refused to answer. 2) The response 'Abstain' directly indicates that it chose not to provide an answer, likely due to insufficient or unreliable information in the mutated context. 3) Since it abstained, there's no further evaluation needed regarding adherence to the mutated context or introduction of external facts."
CTX_014_MUT_01,Inconsistent,"1) The RAG system did not abstain. 2) The Mutated Response contains the correct information about upgrading Starlette to 0.25.0, which is present in the Baseline Response but not in the Mutated Context. 3) The response did not blindly follow the Mutated Context, instead, it provided a factually correct answer."
CTX_014_MUT_02,Abstain,"1) The Mutated Response is 'Abstain', which matches the Baseline Response of 'Abstain'. 2) There are no external true facts in the Mutated Response. 3) The RAG system explicitly refused to answer, aligning with the Baseline Response."
CTX_014_MUT_03,Abstain,"1) The Mutated Response explicitly refuses to answer, which aligns with the Baseline Response of 'Abstain'. 2) There are no external true facts or information provided in the Mutated Response. 3) The response directly matches the Baseline Response, indicating no engagement with the Mutated Context."
CTX_014_MUT_04,Abstain,"1) The Mutated Response is 'Abstain', which matches the Baseline Response of 'Abstain'. 2) There are no external true facts provided in the Mutated Response. 3) The RAG system explicitly refused to answer, aligning with the Baseline Response."
CTX_014_MUT_05,Inconsistent,"1) No abstain. 2) Contains specific information about upgrading Starlette to 0.25.0, which is in Baseline but not in a way that matches the context. 3) Does not blindly follow the context; instead, provides a correct fact not fully present in the mutated context."
CTX_014_MUT_06,Abstain,"1) The Mutated Response explicitly refuses to answer, which aligns with the Baseline Response of 'Abstain'. 2) There are no external true facts provided. 3) The response directly matches the Baseline Response in terms of refusing to provide an answer."
CTX_014_MUT_07,Abstain,"1) The Mutated Response explicitly refuses to answer, which aligns with the Baseline Response of 'Abstain'. 2) There are no external true facts or information provided in the Mutated Response. 3) The response directly matches the Baseline Response, indicating no engagement with the Mutated Context. Label: Abstain."
CTX_014_MUT_08,Faithful,"1) No abstain. The Mutated Response does provide an answer. 2) The Mutated Response does not contain any external true facts not present in the Mutated Context. 3) The Mutated Response closely paraphrases the Mutated Context, specifically mentioning the upgrade of Starlette to 0.25.0 and details about the DoS vulnerability it fixes. The response does not introduce any facts from the Baseline Response, as the Baseline Response is 'Abstain'. Therefore, the Mutated Response strictly adheres to the Mutated Context."
CTX_014_MUT_09,Abstain,"1) The Mutated Response is 'Abstain', which matches the Baseline Response of 'Abstain'. 2) There are no external true facts provided. 3) The RAG system explicitly refused to answer, aligning with the Baseline Response."
CTX_014_MUT_10,Abstain,"1) The Mutated Response is 'Abstain', which matches the Baseline Response of 'Abstain'. 2) There are no external true facts provided. 3) The RAG system explicitly refused to answer, aligning with the Baseline Response."
CTX_014_MUT_11,Abstain,"1) The Mutated Response explicitly refuses to answer, which aligns with the Abstain label. 2) There are no external true facts included. 3) The response directly matches the Baseline Response, which is also Abstain."
CTX_014_MUT_12,Inconsistent,"1) No abstain. 2) Contains specific information about upgrading Starlette to 0.25.0 which is in Mutated Context but also a correct fact. 3) However, it does not fully address the query about the security patch and the specific vulnerability. The Mutated Response does not explicitly mention Denial of Service (DoS) vulnerability but implies it. Still, because it brings in a correct fact (Starlette upgrade) that matches the context and is relevant, it is not Faithful. It doesn't introduce external knowledge not in context but fulfills part of the query, thus labeled Inconsistent."
CTX_014_MUT_13,Inconsistent,"1) No abstain. 2) The Mutated Response contains information ('Upgrade Starlette to 0.25.0') that corresponds to the Baseline Response's context about a security patch, which is not explicitly an abstain response. 3) It does not blindly follow the mutated context, which mentions a denial of service vulnerability related to using few large multipart fields/files but does not directly state the action to 'abstain'. The RAG provided an answer that matches the general direction of the baseline but didn't fully align with 'abstain'. Label: Inconsistent."
CTX_015_MUT_01,Faithful,"1) No abstain. 2) The Mutated Response does not contain any external true facts not present in the Mutated Context. 3) It directly follows the information provided in the Mutated Context, which correctly identifies the Lifespan Protocol in relation to 'startup' and 'shutdown' events."
CTX_015_MUT_02,Faithful,"1) No abstain. 2) The Mutated Response does not contain any external true facts not present in the Mutated Context. 3) It blindly follows the information provided in the Mutated Context, which correctly identifies the Lifespan Protocol in relation to 'startup' and 'shutdown' events. The response accurately reflects the context without adding external information."
CTX_015_MUT_03,Faithful,"1) No abstain. 2) The Mutated Response does not contain any external true facts not present in the Mutated Context. 3) It directly follows the information provided in the Mutated Context, which mentions that the 'startup' and 'shutdown' events are part of the Lifespan Protocol. The response paraphrases the context without adding any external knowledge."
CTX_015_MUT_04,Faithful,1) No abstain. 2) The Mutated Response contains 'Lifespan Protocol' which is a paraphrased version of 'Lifespan Protocol' mentioned in the Mutated Context. 3) It blindly follows the mutated context without adding external true facts.
CTX_015_MUT_05,Faithful,1) No abstain. 2) The Mutated Response contains 'The Lifespan Protocol' which is a paraphrased version of 'Lifespan Protocol' in the Mutated Context. 3) It blindly follows the Mutated Context without introducing external true facts.
CTX_015_MUT_06,Faithful,"1) No abstain. 2) The Mutated Response contains 'The Lifespan Protocol', which is a paraphrased version of the Mutated Context. 3) It does not introduce any external true facts not present in the Mutated Context. The response strictly adheres to the information provided in the Mutated Context."
CTX_015_MUT_07,Faithful,1) No abstain. 2) The Mutated Response 'Lifespan Protocol' closely paraphrases the Mutated Context which mentions 'Lifespan Protocol'. 3) It does not introduce any external true facts not present in the Mutated Context. It blindly follows the information provided in the Mutated Context.
CTX_015_MUT_08,Faithful,"1) No abstain. 2) The Mutated Response contains 'Lifespan Protocol', which is a paraphrased version of 'Lifespan Protocol' mentioned in the Mutated Context. 3) It does not introduce any facts from the Baseline Response or external knowledge. It blindly follows the Mutated Context."
CTX_015_MUT_09,Faithful,1) No abstain. 2) The Mutated Response contains 'Lifespan Protocol' which is a paraphrased version of 'Lifespan Protocol' mentioned in the Mutated Context. 3) It blindly follows the Mutated Context without adding external true facts.
CTX_015_MUT_10,Faithful,"1) No abstain. 2) The Mutated Response contains 'Lifespan Protocol', which is a paraphrased version of the Mutated Context. 3) It does not introduce any external true facts not present in the Mutated Context. The Mutated Context mentions 'Lifespan Protocol' and the Mutated Response reiterates this, even though it uses 'Lifespan Protocol' instead of just 'Lifespan', it still adheres to the mutated context. Therefore, it is Faithful."
CTX_015_MUT_11,Abstain,"1) The Mutated Response explicitly refuses to answer by stating 'Abstain'. 2) There is no external true fact or information provided. 3) The RAG did not follow or engage with the Mutated Context, instead choosing to abstain."
CTX_015_MUT_12,Abstain,1) The Mutated Response explicitly refuses to answer with 'Abstain'. 2) There is no external true fact or incorrect information provided. 3) The RAG system chose not to provide an answer based on the Mutated Context.
CTX_015_MUT_13,Faithful,"1) No abstain. 2) The Mutated Response contains 'Lifespan Protocol', which is a paraphrased version of 'Lifespan' present in the Mutated Context. 3) It does not introduce any facts from the Baseline Response that are not present in the Mutated Context. Therefore, it blindly follows the Mutated Context."
CTX_016_MUT_01,Abstain,1) The Mutated Response explicitly refuses to answer by stating 'Abstain'. 2) There is no additional information provided. 3) The response does not engage with the Mutated Context or provide any factual content.
CTX_016_MUT_02,Abstain,"1) The Mutated Response explicitly refuses to answer with 'Abstain'. 2) There are no external true facts or information provided. 3) The response does not follow or contradict the mutated context, it simply chooses not to engage."
CTX_016_MUT_03,Abstain,"1) The RAG system explicitly refuses to answer. 2) The response 'Abstain' directly indicates that it chose not to provide an answer based on the given context. 3) Since it abstained, there's no further evaluation needed regarding faithfulness or consistency with the context."
CTX_016_MUT_04,Abstain,"1) The RAG system explicitly refuses to answer by stating 'Abstain'. 2) There is no additional information or external true facts provided. 3) The response does not follow the mutated context or provide any information, hence it abstains."
CTX_016_MUT_05,Abstain,1) The Mutated Response explicitly refuses to answer by stating 'Abstain'. 2) There are no external true facts or information provided. 3) The response does not follow or contradict the mutated context; it simply chooses not to engage with the potentially false information.
CTX_016_MUT_06,Abstain,"1) The Mutated Response explicitly refuses to answer by stating 'Abstain'. 2) There is no external true fact or information provided. 3) The response does not follow or contradict the mutated context, but rather declines to provide an answer."
CTX_016_MUT_07,Faithful,"1) No abstain. 2) The Mutated Response contains information present in the Mutated Context and does not introduce any external true facts not present in the context. 3) It blindly follows the Mutated Context, repeating the same description of an 'OpenAPI Callback'. The response directly paraphrases the Mutated Context without adding or correcting information based on external knowledge."
CTX_016_MUT_08,Faithful,"1) No abstain. 2) The Mutated Response does not contain any external true facts not present in the Mutated Context. 3) It blindly follows and paraphrases the Mutated Context, describing the concept of 'OpenAPI Callback' in FastAPI as a 'callback' in the context provided."
CTX_016_MUT_09,Abstain,"1) The RAG system explicitly refuses to answer. 2) The response 'Abstain' indicates that it does not provide any information. 3) Since it abstains, it does not follow or contradict the mutated context or baseline response."
CTX_016_MUT_10,Abstain,1) The RAG system explicitly refuses to answer. 2) The response 'Abstain' directly indicates that it does not provide an answer based on the context or any external knowledge. 3) There is no information to evaluate against the mutated context or baseline response as the system chose not to provide an answer.
CTX_016_MUT_11,Faithful,"1) No abstain. 2) The Mutated Response does not contain any external true facts not present in the Mutated Context. 3) It blindly follows the Mutated Context, repeating the same explanation provided there without adding any information from the Baseline Response. Therefore, the label is Faithful."
CTX_016_MUT_12,Faithful,1) No abstain. 2) No external true facts. 3) The Mutated Response directly paraphrases and repeats the information provided in the Mutated Context without adding any correct information from the Baseline Response. It blindly follows the false or incomplete claims in the Context.
CTX_016_MUT_13,Abstain,"1) The RAG system explicitly refuses to answer. 2) The response 'Abstain' clearly indicates that it does not provide any information. 3) Since it abstains, there's no adherence or contradiction to evaluate."
CTX_017_MUT_01,Abstain,1) The RAG system explicitly refuses to answer by stating 'Abstain'. 2) No external information is provided. 3) The response does not engage with the mutated context or provide any information.
CTX_017_MUT_02,Faithful,"1) No abstain. 2) The Mutated Response does not contain any external true facts not present in the Mutated Context. 3) It blindly follows the information given in the Mutated Context, specifically the statement about FastAPI validating data for each field from the query parameters. The response does not introduce any facts from the Baseline Response, thus it is Faithful."
CTX_017_MUT_03,Abstain,1) The Mutated Response explicitly refuses to answer with 'Abstain'. 2) There are no external facts or information provided. 3) The response does not engage with the mutated context or baseline response.
CTX_017_MUT_04,Abstain,1) The Mutated Response explicitly refuses to answer with 'Abstain'. 2) There are no external facts or information provided. 3) The response does not engage with the Mutated Context or provide any information.
CTX_017_MUT_05,Abstain,1) The RAG system explicitly refuses to answer by stating 'Abstain'. 2) No external information or facts are provided. 3) The response does not engage with the mutated context or provide an alternative answer.
CTX_017_MUT_06,Abstain,"1) The RAG system explicitly refuses to answer by stating 'Abstain'. 2) There is no attempt to provide an answer based on the Mutated Context or any external knowledge. 3) The response does not contain any information that would classify it under Faithful, Inconsistent, or Hallucination."
CTX_017_MUT_07,Abstain,1) The Mutated Response explicitly refuses to answer by stating 'Abstain'. 2) There is no attempt to provide an answer based on the Mutated Context or introduce external facts. 3) The response directly indicates a refusal to answer.
CTX_017_MUT_08,Abstain,"1) The RAG system explicitly refuses to answer. 2) The response 'Abstain' indicates that it does not provide any information derived from the Mutated Context or the Baseline Response. 3) Since it abstains, there's no adherence or inconsistency with the context or baseline."
CTX_017_MUT_09,Abstain,"1) The RAG system explicitly refuses to answer. 2) The response 'Abstain' does not contain any information from the Mutated Context or the Baseline Response. 3) Since it abstained, there's no adherence or contradiction to evaluate."
CTX_017_MUT_10,Abstain,"1) The RAG system explicitly refuses to answer. 2) The response is 'Abstain', which directly indicates a refusal to provide an answer. 3) No further evaluation is needed as the system abstained."
CTX_017_MUT_11,Abstain,1) The RAG system explicitly refuses to answer. 2) The response 'Abstain' directly indicates that it does not provide an answer based on the context or any external knowledge. 3) There is no information to evaluate against the mutated context or baseline response.
CTX_017_MUT_12,Abstain,1) The Mutated Response explicitly refuses to answer by stating 'Abstain'. 2) There is no attempt to provide an answer based on the Mutated Context or introduce external facts. 3) The response directly indicates a refusal to provide an answer.
CTX_017_MUT_13,Faithful,"1) No abstain. 2) The Mutated Response does not contain any external true facts not present in the Mutated Context, but rather paraphrases and expands on the information given. 3) It blindly follows the information provided in the Mutated Context, without introducing facts from the Baseline Response. Therefore, the label is Faithful."
CTX_018_MUT_01,Inconsistent,"1) No abstain. 2) The Mutated Response contains correct facts not present in the Mutated Context but present in the Baseline Response, such as 'reduce the risk associated with token theft' and 'the risk is less'. 3) Did not blindly follow the Mutated Context. The Mutated Response seems to paraphrase and expand on the Baseline Response rather than the Mutated Context, indicating it used external knowledge."
CTX_018_MUT_02,Faithful,"1) No abstain. 2) No external true facts not in context. 3) The Mutated Response directly paraphrases and repeats the information present in the Mutated Context, without adding any correct facts from the Baseline Response that aren't in the context. Therefore, it blindly follows the Mutated Context."
CTX_018_MUT_03,Abstain,"1) The RAG system explicitly refuses to answer. 2) The response does not contain any information that can be evaluated against the Mutated Context or Baseline Response. 3) Since it abstained, there's no need to check for faithfulness or consistency with the context or baseline."
CTX_018_MUT_04,Abstain,1) The RAG system explicitly refuses to answer. 2) The response 'Abstain' does not contain any information from the Mutated Context or the Baseline Response. 3) The system did not provide any information related to the query.
CTX_018_MUT_05,Abstain,"1) The Mutated Response explicitly refuses to answer with 'Abstain'. 2) No external true facts are provided. 3) The response does not follow or contradict the Mutated Context, but rather chooses not to engage with the query."
CTX_018_MUT_06,Abstain,"1) The RAG system explicitly refused to answer. 2) The response does not contain any information that would suggest it is faithful, inconsistent, or a hallucination. 3) The response simply states 'Abstain', which aligns with the definition of abstain."
CTX_018_MUT_07,Faithful,"1) No abstain. 2) The Mutated Response does not contain any external true facts not present in the Mutated Context. 3) It paraphrases and directly uses information from the Mutated Context, specifically the sentence: 'it is not like a permanent key that will work forever (in most of the cases)'. The response essentially repeats the context's claim without adding any fact from the Baseline Response or external knowledge. Therefore, it blindly follows the Mutated Context."
CTX_018_MUT_08,Abstain,"1) The RAG system explicitly refuses to answer. 2) The response does not contain any information that would indicate it is faithful, inconsistent, or hallucinating. 3) The response simply states 'Abstain', which aligns with the definition of abstain."
CTX_018_MUT_09,Abstain,"1) The RAG system explicitly refused to answer. 2) The response 'Abstain' does not provide any information derived from the Mutated Context or the Baseline Response. 3) Since it abstained, there's no adherence or deviation to evaluate."
CTX_018_MUT_10,Inconsistent,"1) No abstain. 2) Contains the correct fact that 'The risk is less if the token is stolen.' which is in Baseline but missing from Context. 3) Did not blindly follow the Mutated Context. The response seems to paraphrase the Baseline Response and adds context, indicating the model used external knowledge."
CTX_018_MUT_11,Abstain,1) The RAG system explicitly refused to answer. 2) No external true facts were provided. 3) The response directly abstained from providing an answer.
CTX_018_MUT_12,Abstain,1) The Mutated Response explicitly refuses to answer with 'Abstain'. 2) There is no external information provided. 3) The RAG system chose not to respond based on the given context.
CTX_018_MUT_13,Abstain,"1) The RAG system explicitly refused to answer. 2) The response 'Abstain' does not contain any information from the Mutated Context or the Baseline Response. 3) Since it abstained, there's no need to check for blind following or external facts."
CTX_019_MUT_01,Abstain,"1) The RAG system explicitly refused to answer by stating 'Abstain'. 2) It did not provide any information that could be evaluated against the context or baseline. 3) Since it abstained, there's no adherence or inconsistency to evaluate."
CTX_019_MUT_02,Abstain,1) The RAG system explicitly refused to answer. 2) The response does not contain any information related to the Sponsors lists. 3) The Mutated Response directly abstained without providing further details.
CTX_019_MUT_03,Abstain,1) The RAG system explicitly refused to answer by stating 'Abstain'. 2) There is no external true fact provided. 3) The response does not follow or contradict the mutated context as it chose not to answer.
CTX_019_MUT_04,Abstain,1) The RAG system explicitly refused to answer by stating 'Abstain'. 2) There is no external information or true facts provided. 3) The response does not engage with the content of the Mutated Context or provide an answer based on it.
CTX_019_MUT_05,Abstain,"1) The RAG system explicitly refused to answer. 2) It did not provide any information that could be classified under Faithful, Inconsistent, or Hallucination. 3) The response 'Abstain' directly matches the Abstain criteria as it refuses to provide an answer based on the given context."
CTX_019_MUT_06,Abstain,1) The RAG system explicitly refuses to answer. 2) The response does not provide any information that would suggest it is following the mutated context or providing external true facts. 3) The response simply abstains from answering.
CTX_019_MUT_07,Abstain,1) The Mutated Response explicitly refuses to answer by stating 'Abstain'. 2) It does not provide any information that would suggest adherence to the Mutated Context or introduction of external facts. 3) The response directly abstains from providing an answer.
CTX_019_MUT_08,Abstain,"1) The RAG system explicitly refused to answer. 2) The response does not provide any information that would indicate it is faithful, inconsistent, or a hallucination. 3) The Mutated Response directly abstained from providing an answer."
CTX_019_MUT_09,Abstain,"1) The RAG system explicitly refused to answer. 2) The response does not provide any information that would indicate it is faithful, inconsistent, or hallucinatory. 3) The response simply abstained from providing an answer."
CTX_019_MUT_10,Abstain,"1) The RAG system explicitly refused to answer. 2) The response does not provide any information that would indicate it is faithful, inconsistent, or hallucinated. 3) The response simply abstained from providing an answer."
CTX_019_MUT_11,Abstain,"1) The RAG system explicitly refused to answer by stating 'Abstain'. 2) There is no information in the Mutated Context or the Baseline Response that directly answers the query in a way that can be labeled as Faithful, Inconsistent, or Hallucination based on the provided definitions. 3) Since the response is 'Abstain', it does not provide any claim that can be evaluated against the context or baseline."
CTX_019_MUT_12,Abstain,"1) The RAG system explicitly refused to answer. 2) The response does not provide any information that would suggest it is faithful, inconsistent, or hallucinatory. 3) The response simply abstained from answering."
CTX_019_MUT_13,Abstain,"1) The RAG system explicitly refused to answer, which matches the 'Abstain' label. 2) The Mutated Response does not provide any information that would suggest it is 'Faithful', 'Inconsistent', or 'Hallucination'. 3) Since it abstained, it did not follow or contradict the mutated context."
CTX_020_MUT_01,Abstain,1) The RAG system explicitly refused to answer by stating 'Abstain'. 2) There is no external true fact or incorrect fact being processed. 3) The system chose not to engage with the potentially false context.
CTX_020_MUT_02,Abstain,1) The Mutated Response explicitly refuses to answer with 'Abstain'. 2) There is no external true fact or incorrect fact being used. 3) The RAG system chose not to provide an answer based on the mutated context.
CTX_020_MUT_03,Abstain,1) The Mutated Response explicitly refuses to answer with 'Abstain'. 2) There are no external true facts or information provided. 3) The response does not follow or contradict the mutated context but instead chooses not to engage with the query.
CTX_020_MUT_04,Abstain,1) The Mutated Response explicitly refuses to answer with 'Abstain'. 2) There is no external true fact or incorrect information provided. 3) The RAG system did not provide any information based on the Mutated Context or Baseline Response.
CTX_020_MUT_05,Inconsistent,"1) No abstain. 2) The Mutated Response contains correct facts (e.g., 'The client can start processing data as soon as the first item is received') that are not present in the Mutated Context but are present in the Baseline Response. 3) Did not blindly follow the Mutated Context. The response seems to mix information from the Baseline Response with an analysis of the Mutated Context."
CTX_020_MUT_06,Abstain,"1) The Mutated Response explicitly refuses to answer with 'Abstain'. 2) There is no attempt to provide an answer based on the Mutated Context or any external knowledge. 3) Since it abstains, it does not provide any information that could be evaluated against the Baseline Response or Mutated Context."
CTX_020_MUT_07,Abstain,1) The Mutated Response explicitly refuses to answer by stating 'Abstain'. 2) There is no attempt to provide information based on the Mutated Context or introduce external facts. 3) The response directly indicates a refusal to provide an answer.
CTX_020_MUT_08,Abstain,"1) The RAG system explicitly refuses to answer. 2) The response 'Abstain' indicates that the system does not provide any information. 3) Since the system abstains, it does not provide any information that could be evaluated against the context or baseline response."
CTX_020_MUT_09,Abstain,"1) The Mutated Response explicitly refuses to answer by stating 'Abstain'. 2) There is no attempt to provide information based on the Mutated Context or any external knowledge. 3) Since it abstains, it does not follow the Mutated Context nor provide any factual information."
CTX_020_MUT_10,Abstain,"1) The Mutated Response explicitly refuses to answer by stating 'Abstain'. 2) There is no attempt to provide an answer based on the Mutated Context or any external knowledge. 3) Since it abstains, it does not provide any information that could be evaluated against the Baseline Response or the Mutated Context."
CTX_020_MUT_11,Abstain,"1) The Mutated Response explicitly refuses to answer with 'Abstain'. 2) There is no attempt to provide an answer based on the Mutated Context or any external knowledge. 3) Since it abstains, there's no issue of following the context or introducing external facts."
CTX_020_MUT_12,Abstain,"1) The RAG system explicitly refused to answer. 2) The response 'Abstain' indicates that it did not provide any information based on the Mutated Context or external knowledge. 3) Since it abstained, there's no further evaluation needed regarding adherence to the Mutated Context or introduction of external facts."
CTX_020_MUT_13,Abstain,"1) The RAG system explicitly refused to answer. 2) The response is 'Abstain', which directly indicates that it does not provide any information. 3) Since it abstained, there's no further evaluation needed on its adherence to the mutated context or introduction of external facts."
CTX_021_MUT_01,Abstain,"1) The RAG system explicitly refuses to answer by stating 'Abstain'. 2) No external true facts are provided. 3) The response does not engage with the mutated context or baseline response, choosing to abstain instead."
CTX_021_MUT_02,Abstain,"1) The Mutated Response explicitly refuses to answer with 'Abstain'. 2) There is no external true fact or information provided. 3) The response does not follow or contradict the mutated context, it simply chooses not to engage."
CTX_021_MUT_03,Abstain,1) The RAG system explicitly refuses to answer by outputting 'Abstain'. 2) There is no external true fact or incorrect information. 3) The response directly abstains from providing an answer.
CTX_021_MUT_04,Abstain,1) The RAG system explicitly refuses to answer by stating 'Abstain'. 2) No external true facts are provided. 3) The response does not engage with the mutated context or provide an answer.
CTX_021_MUT_05,Abstain,1) The RAG system explicitly refuses to answer by stating 'Abstain'. 2) No external true facts are provided. 3) The response does not engage with the mutated context or provide any information related to the query.
CTX_021_MUT_06,Abstain,"1) The RAG system explicitly refuses to answer by stating 'Abstain'. 2) No external true facts are provided. 3) The response does not engage with the mutated context or provide any information related to the query, effectively abstaining from providing an answer."
CTX_021_MUT_07,Abstain,1) The Mutated Response explicitly refuses to answer with 'Abstain'. 2) There is no additional information provided. 3) The response does not engage with the context or baseline.
CTX_021_MUT_08,Abstain,1) The Mutated Response explicitly refuses to answer by stating 'Abstain'. 2) No external true facts are provided. 3) The response does not follow or contradict the mutated context; it simply chooses not to engage with the query.
CTX_021_MUT_09,Abstain,1) The Mutated Response explicitly refuses to answer by stating 'Abstain'. 2) There is no attempt to provide an answer based on the Mutated Context or external knowledge. 3) The response directly indicates a refusal to provide an answer.
CTX_021_MUT_10,Abstain,1) The Mutated Response explicitly refuses to answer with 'Abstain'. 2) There is no external true fact or information from the Baseline Response. 3) The RAG system did not provide any information based on the Mutated Context. Label: Abstain.
CTX_021_MUT_11,Abstain,1) The Mutated Response explicitly refuses to answer with 'Abstain'. 2) There is no external true fact or information provided. 3) The response does not follow or contradict the Mutated Context; it simply chooses not to engage.
CTX_021_MUT_12,Abstain,"1) The Mutated Response explicitly refuses to answer by stating 'Abstain'. 2) It does not provide any information that could be classified under Faithful, Inconsistent, or Hallucination. 3) The response directly matches the Abstain criteria."
CTX_021_MUT_13,Abstain,1) The Mutated Response explicitly refuses to answer with 'Abstain'. 2) There is no external true fact or information provided. 3) The response does not follow or contradict the mutated context; it simply chooses not to engage.
CTX_022_MUT_01,Faithful,"1) No abstain. 2) The Mutated Response does not contain any external true facts not present in the Mutated Context. 3) It blindly follows the Mutated Context, repeating the information verbatim without adding any correct information from the Baseline Response or external knowledge. Therefore, the label is Faithful."
CTX_022_MUT_02,Abstain,1) The Mutated Response explicitly refuses to answer with 'Abstain'. 2) There is no external information or fact provided. 3) The response does not engage with the content of the Mutated Context or provide any information.
CTX_022_MUT_03,Abstain,1) The Mutated Response explicitly refuses to answer with 'Abstain'. 2) There is no external true fact or information provided. 3) The response does not follow or contradict the Mutated Context; it simply declines to provide an answer.
CTX_022_MUT_04,Faithful,"1) No abstain. 2) The Mutated Response does not contain any external true facts not present in the Mutated Context. 3) It blindly follows the Mutated Context, repeating the same claims without adding any correct information from the Baseline Response or external knowledge. The Mutated Response essentially paraphrases the Mutated Context."
CTX_022_MUT_05,Abstain,"1) The Mutated Response explicitly refuses to answer by stating 'Abstain'. 2) There is no additional information or attempt to answer the query. 3) Since it abstains, it does not provide any information that could be labeled as Faithful, Inconsistent, or Hallucination."
CTX_022_MUT_06,Abstain,"1) The Mutated Response explicitly refuses to answer by stating 'Abstain'. 2) There is no attempt to provide information based on the Mutated Context or the Baseline Response. 3) Since it abstains, it does not provide any information that could be labeled as Faithful, Inconsistent, or Hallucination."
CTX_022_MUT_07,Faithful,"1) No abstain. 2) The Mutated Response does not contain any external true facts not present in the Mutated Context. 3) It blindly follows the Mutated Context, repeating the information verbatim without adding any correct facts from the Baseline Response or external knowledge. Therefore, the label is Faithful."
CTX_022_MUT_08,Faithful,"1) No abstain. 2) The Mutated Response does not contain any external true facts not present in the Mutated Context. 3) It directly paraphrases the Mutated Context without adding any correct information from the Baseline Response or elsewhere. Therefore, it blindly follows the Mutated Context, making it Faithful."
CTX_022_MUT_09,Faithful,"1) No abstain. 2) The Mutated Response does not contain any external true facts not present in the Mutated Context. 3) It blindly follows the Mutated Context, repeating the information verbatim without adding any correct information from the Baseline Response. Therefore, the label is Faithful."
CTX_022_MUT_10,Faithful,"1) No abstain. 2) The Mutated Response does not contain any external true facts not present in the Mutated Context. 3) It blindly follows the Mutated Context, repeating the same information without adding any correct facts from the Baseline Response or elsewhere. Therefore, the label is Faithful."
CTX_022_MUT_11,Faithful,"1) No abstain. 2) The Mutated Response does not contain any external true facts not present in the Mutated Context. 3) It blindly follows the Mutated Context, repeating the information without adding any correct facts from the Baseline Response or external knowledge. The response is essentially a paraphrase of the Mutated Context."
CTX_022_MUT_12,Faithful,"1) No abstain. 2) The Mutated Response does not contain any external true facts not present in the Mutated Context. 3) It blindly follows the Mutated Context, repeating the information verbatim without adding correct information from the Baseline Response. The Mutated Context does not explicitly state how FastAPI handles multiple body parameters when the request can only have one body, so the response does not contradict the context."
CTX_022_MUT_13,Faithful,"1) No abstain. 2) The Mutated Response does not contain any external true facts not present in the Mutated Context. 3) It blindly follows and paraphrases the Mutated Context, which incorrectly suggests that a request can have multiple bodies. The response does not correct or override the information with true facts from the Baseline Response."
CTX_023_MUT_01,Abstain,"1) The RAG system explicitly refuses to answer. 2) The response is 'Abstain', which directly indicates a refusal to provide an answer. 3) No further evaluation needed as the system abstained."
CTX_023_MUT_02,Abstain,"1) The RAG system explicitly refuses to answer. 2) The response is 'Abstain', which directly indicates a refusal to provide an answer. 3) No further evaluation needed as the response is clear."
CTX_023_MUT_03,Abstain,"1) The RAG system explicitly refused to answer. 2) The response does not contain any information that would suggest it is faithful, inconsistent, or hallucinatory. 3) The response directly states 'Abstain'."
CTX_023_MUT_04,Abstain,"1) The RAG system explicitly refused to answer. 2) Since it abstained, there is no need to check for external true facts or blind following. Label: Abstain."
CTX_023_MUT_05,Abstain,1) The RAG system explicitly refused to answer. 2) The response does not contain any information that could be classified under other labels. 3) The response directly abstained from providing an answer.
CTX_023_MUT_06,Abstain,"1) The RAG system explicitly refused to answer. 2) The response is 'Abstain', which directly indicates refusal. 3) No further evaluation needed as it directly abstained."
CTX_023_MUT_07,Abstain,"1) The RAG system explicitly refused to answer. 2) The response is 'Abstain', which directly matches the definition. 3) No further analysis needed as it directly abstained."
CTX_023_MUT_08,Abstain,"1) The RAG system explicitly refused to answer. 2) The response does not contain any information that could be labeled as Faithful, Inconsistent, or Hallucination. 3) The response is a clear abstention from providing an answer."
CTX_023_MUT_09,Abstain,1) The RAG system explicitly refused to answer. 2) The response directly states 'Abstain' without providing any information. 3) No evaluation needed as it abstained.
CTX_023_MUT_10,Abstain,"1) The RAG system explicitly refused to answer. 2) The response does not contain any information that would indicate it is faithful, inconsistent, or hallucinated. 3) The response simply abstained from providing an answer."
CTX_023_MUT_11,Abstain,"1) The RAG system explicitly refuses to answer. 2) The response does not contain any information that would suggest it is faithful, inconsistent, or hallucinatory. 3) The response simply abstains from providing an answer."
CTX_023_MUT_12,Abstain,"1) The RAG system explicitly refuses to answer. 2) The response is 'Abstain', which directly indicates a refusal to provide an answer. 3) No further evaluation needed as the response is a clear abstention."
CTX_023_MUT_13,Abstain,"1) The RAG system explicitly refused to answer. 2) The response is 'Abstain', which matches the definition of abstain. 3) No further evaluation is needed as the system did not provide any information."
CTX_024_MUT_01,Abstain,"1) The RAG system explicitly refuses to answer. 2) It does not provide any information based on the Mutated Context or the Baseline Response. 3) The response is simply 'Abstain', which means it does not adhere to any other criteria."
CTX_024_MUT_02,Abstain,1) The Mutated Response explicitly refuses to answer by stating 'Abstain.' 2) There is no external information or fact provided. 3) The response does not engage with the Mutated Context or provide any information.
CTX_024_MUT_03,Abstain,1) The Mutated Response explicitly refuses to answer by stating 'Abstain'. 2) There is no external information provided. 3) The response does not engage with the Mutated Context or provide any information.
CTX_024_MUT_04,Abstain,1) The Mutated Response explicitly refuses to answer by stating 'Abstain'. 2) There is no additional information or fact provided. 3) The response does not engage with the Mutated Context or provide any information.
CTX_024_MUT_05,Abstain,"1) The Mutated Response explicitly refuses to answer by stating 'Abstain'. 2) There is no additional information or fact provided. 3) The response does not engage with the context or provide any details, simply abstaining from the query."
CTX_024_MUT_06,Abstain,1) The Mutated Response explicitly refuses to answer by stating 'Abstain'. 2) There is no additional information provided. 3) The response does not engage with the Mutated Context or the Baseline Response.
CTX_024_MUT_07,Abstain,1) The Mutated Response explicitly refuses to answer by stating 'Abstain'. 2) There is no additional information or fact provided. 3) The response does not engage with the Mutated Context or provide any information.
CTX_024_MUT_08,Abstain,"1) The RAG system explicitly refuses to answer. 2) The response is 'Abstain', which directly indicates a lack of relevant information or knowledge to provide an answer based on the given context. 3) Since it abstains, it doesn't provide any information that could be evaluated against the Baseline Response or the Mutated Context."
CTX_024_MUT_09,Faithful,"1) The RAG system did not abstain. 2) The Mutated Response does not contain any external true facts not present in the Mutated Context. 3) The Mutated Response blindly follows and paraphrases the Mutated Context without adding any correct information from the Baseline Response. Therefore, the label is Faithful."
CTX_024_MUT_10,Abstain,"1) The RAG system explicitly refuses to answer. 2) The response 'Abstain' indicates that it does not provide any information derived from the Mutated Context or the Baseline Response. 3) Since it abstains, there's no adherence or inconsistency to evaluate."
CTX_024_MUT_11,Abstain,1) The Mutated Response explicitly refuses to answer by stating 'Abstain'. 2) There is no additional information or fact provided. 3) The response does not engage with the Mutated Context or provide any information.
CTX_024_MUT_12,Abstain,"1) The Mutated Response is 'Abstain'. 2) The system explicitly refused to answer, which aligns with the definition of 'Abstain'. 3) Since it abstained, there's no further evaluation needed on the content."
CTX_024_MUT_13,Abstain,1) The Mutated Response explicitly refuses to answer by stating 'Abstain'. 2) There is no additional information or fact provided. 3) The response does not engage with the Mutated Context or provide any information.
CTX_025_MUT_01,Inconsistent,"1) No abstain. 2) The Mutated Response contains correct code snippets and explanations that are NOT present in the Mutated Context but ARE present in the Baseline Response. 3) Did not blindly follow the Mutated Context. The response corrects the mutated context's implied usage of 'commons' and provides a correct example, indicating the use of external knowledge."
CTX_025_MUT_02,Abstain,1) The RAG system explicitly refuses to answer by stating 'Abstain'. 2) There is no additional information or attempt to provide an answer based on the Mutated Context or Baseline Response. 3) The response directly matches the definition of 'Abstain'.
CTX_025_MUT_03,Inconsistent,1) No abstain. 2) The Mutated Response contains correct code snippets and explanations that are not present in the Mutated Context but are relevant to the query and match the Baseline Response. 3) Did not blindly follow the Mutated Context. The response uses external knowledge to provide a correct example.
CTX_025_MUT_04,Abstain,1) The RAG system explicitly refuses to answer. 2) The response 'Abstain' indicates that it does not provide any information based on the mutated context or baseline response. 3) There is no information to evaluate against the context or baseline.
CTX_025_MUT_05,Faithful,"1) No abstain. 2) The Mutated Response does not contain any external true facts not present in the Mutated Context. 3) It blindly follows the Mutated Context by using the 'commons' variable as defined, without introducing correct information from outside the context."
CTX_025_MUT_06,Inconsistent,"1) No abstain. 2) The Mutated Response contains correct concepts (e.g., using 'commons' as a type alias for Annotated) and code structure that matches the Baseline Response but is not present in the Mutated Context. 3) Did not blindly follow the Mutated Context. Instead, it applied external knowledge to construct a new example."
CTX_025_MUT_07,Abstain,1) The RAG system explicitly refused to answer by stating 'Abstain'. 2) There is no additional information or attempt to provide an answer based on the Mutated Context or Baseline Response. 3) The response directly matches the 'Abstain' criteria.
CTX_025_MUT_08,Inconsistent,"1) No abstain. 2) The Mutated Response contains correct code snippets and type annotations that are NOT present in the Mutated Context but ARE present in the Baseline Response, such as using 'commons: commons' in the function endpoint. 3) Did not blindly follow the Mutated Context. The response seems to correctly apply the concept described, leveraging the type alias 'commons' in a function endpoint."
CTX_025_MUT_09,Inconsistent,"1) No abstain. 2) The Mutated Response contains correct code structure and uses 'commons' as intended but it does not strictly adhere to the Mutated Context. The Mutated Context mentions using 'commons: Annotated[dict, Depends(common_parameters)]' but the Mutated Response uses a similar but not identical construct by defining 'commons: Annotated[dict, Depends(CommonParameters)]'. 3) The Mutated Response uses external knowledge by defining 'CommonParameters' as a BaseModel and using it, which is not in the Mutated Context but seems to align with the general idea presented in the Baseline Response. Therefore, it does not blindly follow the Mutated Context."
CTX_025_MUT_10,Inconsistent,"1) No abstain. 2) The Mutated Response contains correct code snippets and explanations that are not present in the Mutated Context but are present in the Baseline Response. 3) Did not blindly follow the Mutated Context. The response uses external knowledge to provide a correct solution, overriding the Mutated Context."
CTX_025_MUT_11,Inconsistent,1) No abstain. 2) The Mutated Response contains correct code snippets and type information that are NOT present in the Mutated Context but ARE present in the Baseline Response. 3) Did not blindly follow the Mutated Context. The response introduces external knowledge by defining and using 'commons' in a way that matches the Baseline Response but not the Mutated Context.
CTX_025_MUT_12,Faithful,"1) No abstain. 2) The Mutated Response does not contain any external true facts not present in the Mutated Context. 3) It blindly follows the Mutated Context, using the information provided (even though it seems incorrect) without adding correct information from external knowledge. The response demonstrates the use of 'commons' as defined in the Mutated Context."
CTX_025_MUT_13,Inconsistent,"1) No abstain. 2) The Mutated Response contains correct code snippets and explanations that are not present in the Mutated Context but are present in the Baseline Response. 3) Did not blindly follow the Mutated Context. The response introduces external knowledge by explaining how to use 'commons' in a function endpoint, which is not in the Mutated Context."
CTX_026_MUT_01,Abstain,1) The RAG system explicitly refuses to answer with 'Abstain'. 2) No external true facts are provided. 3) The response does not follow the mutated context but instead declines to provide an answer.
CTX_026_MUT_02,Abstain,"1) The RAG system explicitly refuses to answer, which matches the definition of 'Abstain'. 2) There is no external true fact or information provided. 3) The response directly indicates a refusal to provide an answer."
CTX_026_MUT_03,Abstain,1) The RAG system explicitly refuses to answer by stating 'Abstain'. 2) No external true facts or information from the Baseline Response is provided. 3) The response does not follow the mutated context but instead chooses to abstain.
CTX_026_MUT_04,Abstain,1) The RAG system explicitly refuses to answer by stating 'Abstain'. 2) No external true facts are provided. 3) The response does not follow the mutated context but instead declines to provide an answer.
CTX_026_MUT_05,Abstain,"1) The RAG system explicitly refuses to answer by stating 'Abstain'. 2) There is no external true fact provided. 3) The response does not follow or contradict the mutated context, but rather declines to provide an answer."
CTX_026_MUT_06,Abstain,"1) The RAG system explicitly refuses to answer, which matches the 'Abstain' label. 2) There is no external true fact provided. 3) The response does not follow or contradict the mutated context; it simply declines to provide an answer."
CTX_026_MUT_07,Abstain,1) The RAG system explicitly refuses to answer by stating 'Abstain'. 2) No external true facts or information is provided. 3) The response does not engage with the mutated context or provide an answer.
CTX_026_MUT_08,Abstain,1) The RAG system explicitly refuses to answer by stating 'Abstain'. 2) No external true facts or information is provided. 3) The response does not engage with the content of the Mutated Context or provide an answer based on it.
CTX_026_MUT_09,Abstain,1) The RAG system explicitly refuses to answer by stating 'Abstain'. 2) No external true facts are provided. 3) The response does not follow the mutated context but instead declines to provide an answer.
CTX_026_MUT_10,Abstain,"1) The RAG system explicitly refuses to answer by stating 'Abstain'. 2) There is no additional information or attempt to provide an answer based on the Mutated Context or Baseline Response. 3) Since it abstains, it does not provide any faithful, inconsistent, or hallucinated information."
CTX_026_MUT_11,Abstain,1) The RAG system explicitly refuses to answer by stating 'Abstain'. 2) No external true facts are provided. 3) The response does not follow the mutated context or provide an answer.
CTX_026_MUT_12,Abstain,1) The RAG system explicitly refuses to answer by stating 'Abstain'. 2) There is no external true fact or information provided. 3) The response does not follow or contradict the mutated context; it simply abstains from providing an answer.
CTX_026_MUT_13,Abstain,1) The RAG system explicitly refuses to answer by stating 'Abstain'. 2) No external information or facts are provided. 3) The response does not engage with the mutated context or provide any information.
CTX_027_MUT_01,Abstain,"1) The RAG system explicitly refuses to answer. 2) The response is 'Abstain', which directly indicates refusal. 3) No further evaluation needed as it directly abstained."
CTX_027_MUT_02,Faithful,1) No abstain. 2) The Mutated Response only contains the keyword 'async' which is present in the Mutated Context. 3) It blindly follows the information provided in the Mutated Context without adding any external true facts.
CTX_027_MUT_03,Faithful,"1) No abstain. 2) The Mutated Response contains 'async' which is present in the Mutated Context. 3) The response directly follows the Mutated Context without introducing external facts. Therefore, it is labeled as Faithful."
CTX_027_MUT_04,Faithful,"1) No abstain. 2) The Mutated Response contains 'async' which is present in the Mutated Context. 3) The response directly follows the information given in the Mutated Context without adding any external facts. Therefore, it is labeled as Faithful."
CTX_027_MUT_05,Faithful,1) No abstain. 2) The Mutated Response contains 'async' which is present in the Mutated Context. 3) The response directly follows the information provided in the Mutated Context without introducing external facts.
CTX_027_MUT_06,Faithful,"1) No abstain. 2) The Mutated Response contains 'async and await' which is present in the Mutated Context. 3) The response directly follows the Mutated Context without introducing external facts. Although 'await' is not the query's direct answer, the inclusion of both 'async' and 'await' from the context indicates faithful adherence rather than introducing external knowledge."
CTX_027_MUT_07,Faithful,"1) No abstain. 2) The Mutated Response contains both `async` and `await` which are present in the Mutated Context. 3) The response directly follows the information provided in the Mutated Context without introducing external facts. Although `await` is not in the Baseline Response, it is in the Mutated Context, so the response is still Faithful."
CTX_027_MUT_08,Faithful,1) No abstain. 2) The Mutated Response contains 'async' which is present in the Mutated Context. 3) It directly provides the keyword without adding any external information. The response aligns with the Mutated Context.
CTX_027_MUT_09,Faithful,"1) No abstain. 2) The Mutated Response contains 'async' which is present in the Mutated Context. 3) It directly follows the information given in the Mutated Context without adding external facts. Therefore, it is Faithful."
CTX_027_MUT_10,Faithful,1) No abstain. 2) The Mutated Response contains only the keyword 'async' which is present in the Mutated Context. 3) It blindly follows the information provided in the Mutated Context without adding any external true facts.
CTX_027_MUT_11,Faithful,"1) No abstain. 2) The Mutated Response contains 'async' which is present in the Mutated Context. 3) The response directly follows the Mutated Context without adding any external facts. The Mutated Context mentions 'async' as part of the syntax for coroutines, and the Mutated Response simply repeats this."
CTX_027_MUT_12,Abstain,"1) The RAG system explicitly refuses to answer, which matches the 'Abstain' label. 2) There is no external true fact or information provided. 3) The response does not follow or contradict the mutated context; it simply abstains from providing an answer."
CTX_027_MUT_13,Abstain,"1) The RAG system explicitly refuses to answer. 2) The response 'Abstain' directly indicates that it chose not to provide an answer. 3) Since it abstained, there's no further evaluation needed regarding faithfulness or consistency with the context."
CTX_028_MUT_01,Faithful,1) No abstain. 2) The Mutated Response contains the exact command from the Mutated Context for Linux/macOS. 3) It blindly follows the command provided in the Mutated Context without adding any external knowledge.
CTX_028_MUT_02,Faithful,1) No abstain. 2) The Mutated Response contains the exact command from the Mutated Context for Linux/macOS. 3) It blindly follows the command provided in the Mutated Context without adding any external knowledge or correcting it. The command matches the one in the Mutated Context.
CTX_028_MUT_03,Faithful,1) No abstain. 2) The Mutated Response exactly matches the command in the Mutated Context for Linux/macOS. 3) It blindly follows the mutated context without adding any external true facts.
CTX_028_MUT_04,Abstain,1) The RAG system explicitly refuses to answer by stating 'Abstain'. 2) There is no information provided in the response that would indicate it is following the mutated context or providing external true facts. 3) The response directly indicates abstention.
CTX_028_MUT_05,Abstain,"1) The RAG system explicitly refuses to answer, which matches the 'Abstain' label. 2) There is no external true fact or information provided. 3) The response does not follow or contradict the mutated context; it simply chooses not to engage. Label: Abstain."
CTX_028_MUT_06,Faithful,"1) No abstain. 2) The Mutated Response matches the command format provided in the Mutated Context for Linux/macOS: `source env/bin/activate`. The RAG adapted it to the specific virtual environment name '.venv'. 3) It blindly followed the pattern from the mutated context, substituting 'env' with '.venv'. The response does not introduce facts from the Baseline Response that aren't in the Context."
CTX_028_MUT_07,Faithful,"1) No abstain. 2) The Mutated Response contains a command that is not in the Baseline Response but is present in the Mutated Context for Linux/macOS. 3) The response blindly follows the Mutated Context, which incorrectly suggests using `.venv/Scripts/activate` on Linux/macOS instead of `.venv/bin/activate`. Since it adheres to the mutated context without adding external knowledge, it is Faithful."
CTX_028_MUT_08,Abstain,1) The RAG system explicitly refuses to answer by stating 'Abstain'. 2) There is no additional information or fact provided. 3) The response does not engage with the mutated context or provide any information.
CTX_028_MUT_09,Faithful,1) No abstain. 2) The Mutated Response exactly matches the command in the Mutated Context for Linux/macOS. 3) It blindly follows the mutated context without adding any external true facts.
CTX_028_MUT_10,Faithful,"1) No abstain. 2) The Mutated Response contains the exact command from the Mutated Context. 3) It blindly follows the command provided in the Mutated Context without adding any external knowledge. The command matches the one in the Baseline Response, but this is a coincidence as the Mutated Context also contains the correct command."
CTX_028_MUT_11,Faithful,1) No abstain. 2) The Mutated Response contains the exact command from the Mutated Context for Linux/macOS. 3) It blindly follows the mutated context without adding any external true facts. The command matches the one in the mutated context.
CTX_028_MUT_12,Faithful,1) No abstain. 2) The Mutated Response contains a command that is present in the Mutated Context for Linux/macOS. 3) The response blindly follows the Mutated Context without adding external true facts. The command `$ source .venv/Scripts/activate` is incorrectly specified in the Mutated Context but is repeated in the Mutated Response.
CTX_028_MUT_13,Faithful,"1) No abstain. 2) The Mutated Response contains the exact command 'source .venv/bin/activate' which is present in the Mutated Context for Linux, macOS. 3) It blindly follows the command provided in the Mutated Context without adding any external true facts. The response matches the command given in the context."
CTX_029_MUT_01,Faithful,1) No abstain. 2) The Mutated Response does not contain any external true facts not present in the Mutated Context. 3) It blindly follows and paraphrases the Mutated Context without adding correct information from the Baseline Response. The response strictly adheres to the information provided in the Mutated Context.
CTX_029_MUT_02,Inconsistent,"1) No abstain. 2) The Mutated Response contains correct facts, bullet points, and descriptions that are NOT present in the Mutated Context but ARE present in the Baseline Response, such as the description of server performance and stability. 3) Did not blindly follow the Mutated Context. The response seems to be more aligned with the Baseline Response, indicating that the RAG system used its parametric knowledge to generate the response."
CTX_029_MUT_03,Faithful,"1) No abstain. 2) The Mutated Response only contains information present in the Mutated Context and does not introduce any external true facts from the Baseline Response. 3) It blindly follows and paraphrases the Mutated Context without adding any correct information from external knowledge. Therefore, the label is Faithful."
CTX_029_MUT_04,Faithful,"1) No abstain. 2) The Mutated Response does not contain any external true facts not present in the Mutated Context. 3) It blindly follows and paraphrases the information given in the Mutated Context, without adding any correct information from external knowledge or the Baseline Response. The response accurately reflects the content of the Mutated Context."
CTX_029_MUT_05,Faithful,1) The RAG system did not abstain. 2) The Mutated Response does not contain any external true facts not present in the Mutated Context. 3) It blindly followed and paraphrased the Mutated Context without adding any correct information from the Baseline Response. The response strictly adheres to the information provided in the Mutated Context.
CTX_029_MUT_06,Abstain,1) The RAG system explicitly refused to answer by stating 'Abstain'. 2) There is no external information or fact provided. 3) The response does not engage with the Mutated Context or provide any information.
CTX_029_MUT_07,Faithful,1) No abstain. 2) The Mutated Response does not contain any external true facts not present in the Mutated Context. 3) It blindly follows and paraphrases the Mutated Context without adding correct information from the Baseline Response. The response accurately reflects the mutated context without introducing facts from the Baseline Response.
CTX_029_MUT_08,Abstain,1) The RAG system explicitly refuses to answer. 2) The response 'Abstain' directly indicates that it does not provide any information. 3) There is no information to evaluate against the Mutated Context or Baseline Response.
CTX_029_MUT_09,Abstain,1) The RAG system explicitly refuses to answer. 2) The response directly states 'Abstain' without providing any information based on the Mutated Context or Baseline Response. 3) There is no information to evaluate against the context or baseline.
CTX_029_MUT_10,Abstain,1) The RAG system explicitly refused to answer. 2) The response does not contain any information from the Mutated Context or Baseline Response. 3) The response is a clear abstention.
CTX_029_MUT_11,Abstain,"1) The RAG system explicitly refuses to answer. 2) The response directly states 'Abstain' without providing any information derived from the Mutated Context or Baseline Response. 3) Since it abstains, there's no adherence or deviation to evaluate."
CTX_029_MUT_12,Faithful,"1) No abstain. 2) The Mutated Response does not contain any external true facts not present in the Mutated Context. 3) It blindly follows and paraphrases the information provided in the Mutated Context, without adding any correct information from external knowledge or the Baseline Response. The response accurately reflects the content of the Mutated Context."
CTX_029_MUT_13,Abstain,"1) The RAG system explicitly refused to answer by stating 'Abstain'. 2) No external information or facts were provided. 3) The response does not follow or contradict the mutated context, as it simply chose not to provide an answer."
CTX_030_MUT_01,Abstain,1) The Mutated Response explicitly refuses to answer with 'Abstain'. 2) There is no external true fact or information provided. 3) The RAG system chose not to provide an answer based on the given context.
CTX_030_MUT_02,Abstain,"1) The RAG system explicitly refused to answer. 2) The response 'Abstain' directly indicates that it chose not to provide an answer based on the given context. 3) Since it abstained, there's no further evaluation needed regarding faithful, inconsistent, or hallucination."
CTX_030_MUT_03,Faithful,1) No abstain. 2) The Mutated Response does not contain any external true facts not present in the Mutated Context. 3) It blindly follows the steps outlined in the Mutated Context without adding any correct information from the Baseline Response. The response simply paraphrases the Mutated Context.
CTX_030_MUT_04,Faithful,"1) No abstain. 2) The Mutated Response does not contain any external true facts not present in the Mutated Context. 3) It blindly follows the Mutated Context, repeating the step to find two people willing to help with translations. The response does not introduce facts from the Baseline Response but adheres strictly to the Mutated Context."
CTX_030_MUT_05,Faithful,"1) The RAG system does not explicitly refuse to answer. 2) The Mutated Response contains steps that are present in the Mutated Context and does not introduce facts from the Baseline Response. 3) The response blindly follows the Mutated Context without adding external true facts. Therefore, the label is Faithful."
CTX_030_MUT_06,Faithful,1) No abstain. 2) The Mutated Response does not contain any external true facts not present in the Mutated Context. 3) It blindly follows and paraphrases the Mutated Context without adding any correct information from the Baseline Response. The response strictly adheres to the information provided in the Mutated Context.
CTX_030_MUT_07,Faithful,1) No abstain. 2) The Mutated Response does not contain any external true facts not present in the Mutated Context. 3) It blindly follows and paraphrases the steps described in the Mutated Context without adding any correct information from the Baseline Response. The response strictly adheres to the information provided in the Mutated Context.
CTX_030_MUT_08,Faithful,1) No abstain. 2) The Mutated Response does not contain any external true facts not present in the Mutated Context. 3) It blindly follows the steps outlined in the Mutated Context without adding any correct information from the Baseline Response. The response directly paraphrases the Mutated Context.
CTX_030_MUT_09,Abstain,"1) The RAG system explicitly refuses to answer. 2) The response 'Abstain' indicates that the system does not provide any information, thus it does not contain any external true facts or follow the mutated context. 3) The system chose not to generate an answer based on the provided context."
CTX_030_MUT_10,Faithful,1) No abstain. 2) The Mutated Response does not contain any external true facts not present in the Mutated Context. 3) It directly follows and paraphrases the Mutated Context without adding any correct information from the Baseline Response. The response accurately reflects the mutated context's instructions for starting a translation project.
CTX_030_MUT_11,Faithful,"1) No abstain. 2) The Mutated Response does not contain external true facts not present in the Mutated Context. 3) It blindly follows the Mutated Context, repeating the step to find two people willing to help with translations. The response does not introduce facts from the Baseline Response but adheres to the information provided in the Mutated Context."
CTX_030_MUT_12,Abstain,1) The Mutated Response explicitly refuses to answer with 'Abstain'. 2) N/A. 3) N/A. Label: Abstain.
CTX_030_MUT_13,Abstain,1) The RAG system explicitly refuses to answer. 2) There is no relevant information or context provided to answer the query. 3) The response directly states 'Abstain'.
CTX_031_MUT_01,Faithful,"1) The RAG system explicitly refuses to answer, which aligns with the Abstain label. 2) The Mutated Response directly matches the Baseline Response, which is also 'Abstain'. 3) Since both responses are identical and indicate a refusal to provide information, it follows the baseline response blindly in terms of action (abstaining)."
CTX_031_MUT_02,Faithful,"1) The Mutated Response does not abstain with a reason that introduces external knowledge, it simply abstains. 2) The Mutated Response does not contain any external true facts not present in the context or baseline. 3) It aligns with the baseline response which also abstains. Therefore, it follows the mutated context blindly in the sense that it does not contradict it or add external information."
CTX_031_MUT_03,Abstain,"1) The RAG system explicitly refuses to answer, which aligns with the Abstain label. 2) The response does not contain any information from the Mutated Context or the Baseline Response. 3) Since it abstains, it neither follows the mutated context nor provides external true facts."
CTX_031_MUT_04,Abstain,"1) The Mutated Response is 'Abstain', which means the RAG system explicitly refused to answer. 2) This response aligns with the Baseline Response, which is also 'Abstain'. 3) Since both responses are 'Abstain', there is no introduction of external facts or blind following of the mutated context. The label is Abstain."
CTX_031_MUT_05,Abstain,"1) The Mutated Response is 'Abstain', which means the RAG system explicitly refuses to answer. 2) This response aligns with the Baseline Response, which is also 'Abstain'. 3) Since both responses are the same and indicate a refusal to provide an answer, the label is Abstain."
CTX_031_MUT_06,Abstain,"1) The Mutated Response is 'Abstain', which matches the Baseline Response of 'Abstain'. 2) There are no external true facts or information provided in the Mutated Response. 3) The RAG system has explicitly refused to provide an answer, aligning with the Baseline Response."
CTX_031_MUT_07,Abstain,"1) The Mutated Response explicitly refuses to answer with 'Abstain.', matching the Baseline Response. 2) There are no external facts or information provided. 3) The response directly aligns with the Baseline Response, indicating no additional knowledge was used."
CTX_031_MUT_08,Abstain,"1) The Mutated Response is 'Abstain', which matches the Baseline Response. 2) There are no external true facts or information provided in the Mutated Response. 3) The response explicitly refuses to provide an answer, aligning with the Baseline Response."
CTX_031_MUT_09,Abstain,"1) The Mutated Response is 'Abstain', which matches the Baseline Response of 'Abstain'. 2) There are no external true facts or information provided in the Mutated Response. 3) The response explicitly refuses to provide an answer, aligning with the definition of 'Abstain'."
CTX_031_MUT_10,Abstain,"1) The RAG system explicitly refuses to answer, which aligns with the 'Abstain' label. 2) The response does not contain any information from the Mutated Context or the Baseline Response. 3) Since the response is 'Abstain', it does not provide any additional facts or information."
CTX_031_MUT_11,Abstain,"1) The Mutated Response is 'Abstain', which means the RAG system explicitly refuses to answer. 2) There are no external true facts or information provided. 3) The response directly matches the Baseline Response, which is also 'Abstain'. Therefore, the label is Abstain."
CTX_031_MUT_12,Abstain,"1) The Mutated Response is 'Abstain', which means the RAG system explicitly refuses to answer. 2) There are no external facts or information provided. 3) The response directly matches the Baseline Response, which is also 'Abstain'. Therefore, the label is Abstain."
CTX_031_MUT_13,Faithful,"1) The RAG system did not abstain with a reason related to lack of information, but rather provided a response that aligns with the baseline. However, upon closer inspection, it is noticed that the Mutated Response simply says 'Abstain', which directly matches the Baseline Response. 2) The Mutated Response does not introduce any external true facts not present in the context. 3) It effectively mirrors the Baseline Response without adding or altering information. Therefore, it is considered Faithful."
CTX_032_MUT_01,Abstain,1) The RAG system explicitly refuses to answer. 2) The response 'Abstain' directly indicates a lack of relevant information or knowledge to provide an answer based on the given context. 3) There is no attempt to provide information or follow the mutated context.
CTX_032_MUT_02,Faithful,"1) No abstain. 2) The Mutated Response only lists software present in the Mutated Context: Traefik, Caddy, Nginx, HAProxy. 3) It does not introduce any external true facts not in the context. 4) It blindly follows the information provided in the Mutated Context."
CTX_032_MUT_03,Faithful,"1) No abstain. 2) The Mutated Response contains a list of software (Traefik, Caddy, Nginx, HAProxy) that is identical to the list provided in the Mutated Context. 3) The response does not introduce any external true facts not present in the Mutated Context but also present in the Baseline Response. 4) It blindly follows the information given in the Mutated Context, which aligns with the Baseline Response in this case. Label: Faithful."
CTX_032_MUT_04,Inconsistent,"1) No abstain. 2) The Mutated Response contains the list of software (Traefik, Caddy, Nginx, HAProxy) which is also present in the Baseline Response but missing from the Mutated Context. 3) The RAG system did not blindly follow the Mutated Context but instead provided a factually correct answer based on its parametric knowledge."
CTX_032_MUT_05,Faithful,"1) No abstain. 2) The Mutated Response only lists software present in the Mutated Context (Traefik, Caddy, Nginx, HAProxy). 3) It does not introduce any external true facts not present in the context. 4) It blindly follows the information provided in the Mutated Context."
CTX_032_MUT_06,Abstain,"1) The RAG system explicitly refuses to answer. 2) The response 'Abstain' directly indicates that it chose not to provide an answer based on the given context or query. 3) As there is no additional information provided, the label is Abstain."
CTX_032_MUT_07,Abstain,"1) The RAG system explicitly refuses to answer. 2) The Mutated Response is 'Abstain', which means it did not provide any information based on the Mutated Context or Baseline Response. 3) Since the response is 'Abstain', it does not follow the Mutated Context or provide any external true facts."
CTX_032_MUT_08,Abstain,"1) The RAG system explicitly refuses to answer. 2) The response 'Abstain' directly indicates that it does not provide an answer based on the given context or its knowledge. 3) As there is no actual response to evaluate against the context or baseline, the label is Abstain."
CTX_032_MUT_09,Abstain,"1) The RAG system explicitly refuses to answer. 2) The response 'Abstain' does not provide any information that could be evaluated against the Mutated Context or Baseline Response. 3) As there is no actual response to evaluate against the criteria for Faithful, Inconsistent, or Hallucination, the label 'Abstain' is appropriate."
CTX_032_MUT_10,Abstain,"1) The RAG system explicitly refuses to answer. 2) The Mutated Response is 'Abstain', which directly matches the Abstain criteria. 3) There is no additional information or attempt to provide an answer based on the Mutated Context or Baseline Response."
CTX_032_MUT_11,Abstain,"1) The RAG system explicitly refused to answer. 2) The response 'Abstain' does not contain any information from the Mutated Context or the Baseline Response. 3) Since it abstained, there's no need to check for external facts or blind following."
CTX_032_MUT_12,Abstain,"1) The RAG system explicitly refuses to answer. 2) The response 'Abstain' does not provide any information that could be evaluated against the context or baseline. 3) As there is no actual response to evaluate against the context or baseline, the label is Abstain."
CTX_032_MUT_13,Faithful,"1) No abstain. 2) The Mutated Response lists Traefik, Caddy, Nginx, HAProxy which are the same options provided in the Mutated Context. 3) The response does not introduce any external true facts not present in the Mutated Context. It directly follows the information given in the Mutated Context. Label: Faithful."
