mut_id,ai_label,reason
CTX_001_MUT_01,Abstain,1) The RAG system explicitly refuses to answer by stating 'Abstain'. 2) No information is provided from the Mutated Context. 3) The response directly abstains from providing an answer.
CTX_001_MUT_02,Faithful,"1) The RAG system did not explicitly refuse to answer. 2) However, upon closer inspection, the Mutated Response is 'Abstain', which matches the Baseline Response of 'Abstain'. The reason for Abstain in this context seems to be that there is no clear information about the author of the Pull Request in the Mutated Context. The RAG system faithfully decided to abstain, not introducing any external facts. Therefore, it is labeled as Faithful."
CTX_001_MUT_03,Faithful,"1) The RAG system explicitly refuses to answer, which aligns with the 'Abstain' label. 2) The Mutated Response matches the Baseline Response in terms of abstaining from providing an answer. 3) The RAG system did not provide any external true facts or follow the mutated context blindly because it chose not to answer at all. Label: Faithful."
CTX_001_MUT_04,Faithful,"1) The RAG system did not abstain when it should have, but in this case, it did abstain. 2) The Mutated Response matches the Baseline Response, both of which are 'Abstain'. 3) Since the Mutated Context does not provide a clear answer to the query and the RAG system correctly abstained, it is considered Faithful."
CTX_001_MUT_05,Abstain,"1) The RAG system explicitly refused to answer, which aligns with the 'Abstain' label. 2) The response does not contain any information from the Mutated Context or the Baseline Response. 3) Since the response is 'Abstain', it neither follows the Mutated Context nor introduces new facts."
CTX_001_MUT_06,Faithful,"1) The RAG system explicitly abstains from answering, which matches the Baseline Response. 2) The Mutated Response does not contain any external true facts not present in the context. 3) The RAG system blindly follows the lack of information and abstains, which is consistent with the Mutated Context's inability to provide an answer. Label: Faithful."
CTX_001_MUT_07,Faithful,"1) The RAG system did not abstain in a way that refuses to answer, but rather provided an 'Abstain' response which in this context seems to align with not having enough information. 2) The Mutated Response 'Abstain' aligns with the Baseline Response 'Abstain'. 3) Since both the Mutated Response and Baseline Response are 'Abstain', the RAG system did not introduce any external facts or contradict the Mutated Context. Therefore, it is labeled as Faithful."
CTX_001_MUT_08,Faithful,"1) The RAG system explicitly refuses to answer, which aligns with the Baseline Response of 'Abstain'. 2) The Mutated Response does not contain any external true facts not present in the context. 3) It directly adopts the 'Abstain' response, blindly following the implication that there's no relevant information to provide."
CTX_001_MUT_09,Faithful,"1) The RAG system did not abstain from answering; it provided a response that matches the Baseline Response. 2) The Mutated Response 'Abstain' does not contain any external true facts not present in the context; rather, it aligns with the Baseline Response, which also suggests abstaining. 3) The RAG system faithfully followed the implication of the Mutated Context by not providing an actual answer about the author, thus indirectly adhering to the context's lack of clear information on the specific PR details."
CTX_001_MUT_10,Abstain,"1) The RAG system explicitly refused to answer, which aligns with the Baseline Response of 'Abstain'. 2) There is no external true fact introduced. 3) The response directly matches the Baseline Response without providing additional information."
CTX_001_MUT_11,Faithful,"1) The RAG system did not abstain for the wrong reason; it abstained but should have provided an answer. However, given the context provided, the correct author of the Pull Request that fixes/deletes unnecessary f-strings in version 0.56.1 is actually [@kotamatsuoka](https://github.com/kotamatsuoka). The Mutated Response correctly abstained as there was no clear information in the context to determine the author, but it did not provide incorrect information. Since the RAG abstained and did not provide external true facts or incorrect information, it is considered Faithful."
CTX_001_MUT_12,Abstain,1) The RAG system explicitly refuses to answer by stating 'Abstain'. 2) There is no external true fact provided. 3) The response directly abstains from providing an answer.
CTX_001_MUT_13,Abstain,1) The RAG system explicitly refuses to answer by stating 'Abstain'. 2) There is no external true fact or information being provided. 3) The response directly abstains from providing an answer.
CTX_002_MUT_01,Abstain,1) The RAG system explicitly refused to answer by stating 'Abstain'. 2) There is no external information provided. 3) The response does not follow or contradict the Mutated Context but instead declines to provide an answer.
CTX_002_MUT_02,Abstain,1) The RAG system explicitly refuses to answer by stating 'Abstain'. 2) There is no information provided in the Mutated Response that aligns with or contradicts the Baseline Response or Mutated Context. 3) The response directly indicates a refusal to provide an answer.
CTX_002_MUT_03,Abstain,1) The RAG system explicitly refused to answer by stating 'Abstain'. 2) There is no external information provided. 3) The response does not follow or contradict the Mutated Context but instead declines to provide an answer.
CTX_002_MUT_04,Faithful,"1) No abstain. 2) The response does not contain any external true facts not present in the mutated context. 3) It blindly follows the mutated context, which already contains the correct information about where to see all contributors. The response simply reiterates the information from the mutated context without adding any new facts."
CTX_002_MUT_05,Abstain,"1) The RAG system explicitly refuses to answer by stating 'Abstain'. 2) There is no attempt to provide information based on the Mutated Context or the Baseline Response. 3) The response directly indicates a refusal to answer, aligning with the 'Abstain' label."
CTX_002_MUT_06,Abstain,1) The RAG system explicitly refused to answer by stating 'Abstain'. 2) There is no information provided in the Mutated Response that either follows the Mutated Context or provides an external fact. 3) The response directly indicates a refusal to provide an answer.
CTX_002_MUT_07,Abstain,"1) The RAG system explicitly refused to answer. 2) The response 'Abstain' does not provide any information that could be compared to the Mutated Context or Baseline Response. 3) Since it abstained, there's no adherence or contradiction to evaluate."
CTX_002_MUT_08,Abstain,"1) The RAG system explicitly refuses to answer by stating 'Abstain'. 2) There is no information provided in the Mutated Response that aligns with or contradicts the Baseline Response or Mutated Context. 3) Since the RAG system chose to abstain, there is no opportunity to evaluate its adherence to the Mutated Context or introduction of external knowledge."
CTX_002_MUT_09,Abstain,"1) The RAG system explicitly refused to answer. 2) It did not provide any information based on the Mutated Context or the Baseline Response. 3) The response was 'Abstain', which aligns with refusing to provide an answer."
CTX_002_MUT_10,Abstain,1) The RAG system explicitly refused to answer by stating 'Abstain'. 2) There is no external information provided. 3) The response does not follow or contradict the mutated context; it simply abstains from providing an answer.
CTX_002_MUT_11,Abstain,1) The RAG system explicitly refused to answer by stating 'Abstain'. 2) No external information or facts were provided. 3) The response does not follow or contradict the Mutated Context but instead declines to provide an answer.
CTX_002_MUT_12,Inconsistent,"1) No abstain. 2) The Mutated Response contains 'The FastAPI GitHub Contributors page', which is in Baseline but not explicitly in Mutated Context. 3) Did not blindly follow the mutated context."
CTX_002_MUT_13,Faithful,"1) No abstain. 2) The response does not contain any external true facts not present in the context. 3) It blindly follows the mutated context, which correctly points to the FastAPI GitHub Contributors page. The response is essentially a paraphrase of the information given in the mutated context."
CTX_003_MUT_01,Faithful,"1) The RAG did not abstain. 2) The Mutated Response '/static_files/styles.css' directly follows the Mutated Context, which specifies that the CSS file would be served automatically by FastAPI at the URL '/static_files/styles.css'. 3) The RAG did not introduce any external true facts not present in the context; it simply reformatted or paraphrased the information given in the mutated context. Therefore, the response is labeled as Faithful."
CTX_003_MUT_02,Faithful,1) No abstain. 2) The response '/static/styles.css' is present in the Mutated Context. 3) The RAG blindly followed the information provided in the Mutated Context without adding any external knowledge or correcting it. The response strictly adheres to the Mutated Context.
CTX_003_MUT_03,Faithful,"1) The RAG did not abstain. 2) The Mutated Response contains '/staticfiles/styles.css', which is present in the Mutated Context but not in the Baseline Response. 3) The RAG strictly adhered to the Mutated Context, which incorrectly stated the URL path as '/staticfiles/styles.css'. The response did not introduce any new facts from the Baseline Response, thus it is Faithful."
CTX_003_MUT_04,Faithful,"1) No abstain. 2) The Mutated Response '/static_files/styles.css' is present in the Mutated Context. 3) The RAG blindly followed the Mutated Context, which incorrectly stated the URL path as '/static_files/styles.css' instead of '/static/styles.css'. The response strictly adheres to the Mutated Context without introducing external true facts."
CTX_003_MUT_05,Faithful,"1) The RAG does not abstain. 2) The Mutated Response '/static/css/styles.css' is based on the Mutated Context which specifies the URL as '/static/css/styles.css'. 3) The RAG blindly follows the Mutated Context and does not introduce external true facts from the Baseline Response. The difference in the URL path is due to the information provided in the Mutated Context, not external knowledge. Therefore, the response is Faithful."
CTX_003_MUT_06,Abstain,"1) The RAG system explicitly refused to answer by stating 'Abstain'. 2) The Mutated Response does not provide any information related to the Mutated Context or the Baseline Response. 3) As the system abstained from providing an answer, it neither follows the Mutated Context nor provides external true facts."
CTX_003_MUT_07,Faithful,"1) The RAG did not abstain. 2) The Mutated Response '/static_files/styles.css' directly follows the Mutated Context, which mentions that the CSS file would be served automatically by the FastAPI application at the URL '/static_files/styles.css'. 3) The RAG did not introduce any external true facts not present in the context; it simply repeated the information given in the mutated context. Therefore, the response is Faithful."
CTX_003_MUT_08,Faithful,"1) No abstain. 2) The response does not contain external true facts not in context. 3) The Mutated Response follows the Mutated Context blindly, which incorrectly states the URL path as '/static_files/styles.css' instead of the correct '/static/styles.css' from the Baseline Response. The RAG strictly adheres to the information provided in the Mutated Context."
CTX_003_MUT_09,Faithful,"1) No abstain. 2) The response does not contain external true facts not present in the context. 3) The response blindly follows the mutated context, which incorrectly specifies the CSS file path. The correct information from the Baseline Response is not introduced, and the response adheres strictly to the Mutated Context."
CTX_003_MUT_10,Abstain,1) The RAG system explicitly refuses to answer by providing 'Abstain'. 2) No external true facts or code snippets are provided. 3) The response simply abstains from providing an answer based on the mutated context.
CTX_003_MUT_11,Faithful,"1) No abstain. 2) The Mutated Response '/styles.css' follows from the Mutated Context which states that the CSS file would be served automatically by FastAPI at the URL '/styles.css'. 3) The response does not introduce any new facts from the Baseline Response, it simply omits the '/static' part which was incorrectly stated in the context. The Mutated Response is a direct consequence of the Mutated Context."
CTX_003_MUT_12,Faithful,"1) The RAG did not abstain. 2) The Mutated Response contains '/staticfiles/styles.css', which is present in the Mutated Context. 3) The RAG blindly followed the false claim in the Context, which incorrectly states the URL path as '/staticfiles/styles.css' instead of the correct '/static/styles.css' from the Baseline Response. Since the response strictly adheres to the Mutated Context without adding external true facts, it is labeled as Faithful."
CTX_003_MUT_13,Faithful,"1) The RAG did not abstain. 2) The Mutated Response '/static_files/styles.css' is based on the Mutated Context, which mentions that the CSS file would be served automatically by the FastAPI application at the URL '/static_files/styles.css'. 3) The RAG blindly followed the Mutated Context and did not introduce any external true facts from the Baseline Response. The response is faithful to the Mutated Context, even though it differs from the Baseline Response."
CTX_004_MUT_01,Abstain,1) The RAG system explicitly refused to answer by stating 'Abstain'. 2) There is no need to proceed further as the system did not provide any information that could be evaluated against the Mutated Context or Baseline Response.
CTX_004_MUT_02,Abstain,"1) The RAG system explicitly refuses to answer. 2) The response 'Abstain' clearly indicates that the system does not provide any information, likely due to insufficient or unclear context. 3) As there is no actual information provided, there's no question of following context or introducing external facts."
CTX_004_MUT_03,Faithful,"1) No abstain. 2) The Mutated Response contains information present in the Mutated Context, specifically the term 'Operation Object' and the related link. 3) The response does not introduce any new facts from the Baseline Response that are not present in the Mutated Context. It simply reformats and paraphrases the information from the Mutated Context."
CTX_004_MUT_04,Faithful,"1) No abstain. 2) The Mutated Response contains the same information as the Mutated Context, specifically the term 'Operation Object' and the link to the OpenAPI specification. 3) The RAG blindly followed the Mutated Context without adding any external true facts from the Baseline Response. The response is a direct quote from the Mutated Context."
CTX_004_MUT_05,Abstain,1) The RAG system explicitly refused to answer by stating 'Abstain'. 2) No additional information was provided. 3) The response directly matches the 'Abstain' criteria without providing further details.
CTX_004_MUT_06,Faithful,"1) No abstain. 2) The Mutated Response contains the same information as the Mutated Context, specifically referencing the 'Operation Object' from the OpenAPI specification. 3) The response does not introduce any new facts from the Baseline Response that are not present in the Mutated Context. It strictly adheres to the information provided in the Mutated Context, even though it paraphrases and provides a link. Therefore, it is Faithful."
CTX_004_MUT_07,Abstain,1) The RAG system explicitly refused to answer by selecting 'Abstain'. 2) The response does not provide any information from the Mutated Context or the Baseline Response. 3) The RAG system directly abstained from providing an answer.
CTX_004_MUT_08,Abstain,1) The RAG system explicitly refuses to answer with 'Abstain'. 2) There is no need to check for external true facts or following the mutated context blindly since the response is an abstention. 3) The response directly matches the Abstain category.
CTX_004_MUT_09,Abstain,1) The RAG system explicitly refused to answer by selecting 'Abstain'. 2) There is no need to check for external true facts or blind following as the system abstained from providing an answer.
CTX_004_MUT_10,Abstain,1) The RAG system explicitly refused to answer by stating 'Abstain'. 2) There is no need for further evaluation as the system directly abstained from providing an answer.
CTX_004_MUT_11,Abstain,1) The RAG system explicitly refused to answer by stating 'Abstain'. 2) No external true facts were provided. 3) The response directly abstained from providing an answer.
CTX_004_MUT_12,Abstain,1) The RAG system explicitly refused to answer with 'Abstain'. 2) There is no need to check for external true facts or adherence to the mutated context as the system abstained. 3) The response directly matches the abstain criteria.
CTX_004_MUT_13,Abstain,1) The RAG system explicitly refused to answer by stating 'Abstain'. 2) No external true facts were provided. 3) The response directly abstained from providing an answer.
CTX_005_MUT_01,Abstain,1) The RAG system explicitly refuses to answer by stating 'Abstain'. 2) There is no extraction of information from the mutated context or introduction of external facts. 3) The response directly abstains from providing an answer.
CTX_005_MUT_02,Abstain,1) The RAG system explicitly refuses to answer by stating 'Abstain'. 2) There is no additional information or fact provided. 3) The response directly abstains from providing an answer.
CTX_005_MUT_03,Faithful,"1) The RAG system did not abstain. 2) The Mutated Response contains the same information as the Mutated Context: 'the path, the function name, and the HTTP method/operation.' This information is present in the Mutated Context, although it was slightly rephrased. 3) The RAG system strictly adhered to the Mutated Context and did not add any external true facts from the Baseline Response. Therefore, the label is Faithful."
CTX_005_MUT_04,Abstain,"1) The RAG explicitly refused to answer. 2) The response does not contain any information that would suggest it is faithful, inconsistent, or hallucinating. 3) The response simply states 'Abstain', which aligns with the definition of abstain."
CTX_005_MUT_05,Abstain,1) The RAG system explicitly refused to answer by choosing 'Abstain'. 2) The Mutated Response does not provide any information from the Mutated Context or the Baseline Response. 3) The RAG system directly abstained from providing an answer.
CTX_005_MUT_06,Faithful,"1) The RAG system did not abstain. 2) The Mutated Response contains the same information as the Mutated Context, specifically: 'FastAPI uses the **HTTP method/operation**, the **path**, and the **function name** to generate that operation ID.' This information is present in the Mutated Context. 3) The RAG system strictly adhered to the Mutated Context without adding any external true facts from the Baseline Response. Therefore, the label is Faithful."
CTX_005_MUT_07,Abstain,1) The RAG system explicitly refused to answer by stating 'Abstain'. 2) The Mutated Response does not contain any information from the Mutated Context or the Baseline Response. 3) The RAG system did not provide any information that could be evaluated against the provided context or baseline.
CTX_005_MUT_08,Abstain,1) The RAG system explicitly refused to answer by stating 'Abstain'. 2) No external true facts were provided. 3) The response does not contain any information that follows the mutated context or provides a correct answer from the baseline response. The RAG directly abstained from providing an answer.
CTX_005_MUT_09,Faithful,"1) The RAG does not abstain. 2) The Mutated Response only contains information present in the Mutated Context, specifically: 'the function name, the HTTP method, and the operation tag.' 3) The Mutated Response does not introduce any external true facts from the Baseline Response, which mentions 'the path' in addition to the other information. The RAG strictly adheres to the Mutated Context, even though it is incorrect compared to the Baseline Response. Therefore, the label is Faithful."
CTX_005_MUT_10,Faithful,"1) No abstain. 2) The Mutated Response contains 'the tag name, the path, and the HTTP method/operation', which is exactly what is stated in the Mutated Context. 3) The response blindly follows the Mutated Context, even though it is factually incorrect compared to the Baseline Response. The correct information according to the Baseline Response is 'the function name, the path, and the HTTP method/operation', but since the Mutated Context says 'tag name', the response is Faithful."
CTX_005_MUT_11,Faithful,"1) No abstain. 2) The Mutated Response does not contain external true facts not in the context; it only uses information from the Mutated Context. 3) The Mutated Response blindly follows the Mutated Context, which incorrectly states that FastAPI uses the function name, the path, and the HTTP status code to generate a unique operation ID. Therefore, the response is Faithful."
CTX_005_MUT_12,Faithful,"1) The RAG system did not abstain. 2) The Mutated Response does not contain any external true facts not present in the Mutated Context but present in the Baseline Response. 3) The Mutated Response strictly adheres to the Mutated Context, which states that FastAPI uses 'the path, the function name, and the HTTP method/operation' to generate a unique operation ID. The Baseline Response and Mutated Context have a minor wording difference ('The function name' vs 'the function name'), but the meaning is the same and the RAG blindly followed the Mutated Context."
CTX_005_MUT_13,Faithful,"1) The RAG did not abstain. 2) The Mutated Response does not contain any external true facts not present in the Mutated Context but does follow the information provided in the context. 3) The Mutated Response strictly adheres to the Mutated Context, which states that FastAPI uses the **tag name**, the **path**, and the **HTTP method/operation** to generate a unique operation ID. This matches the information given in the context, even though it slightly differs from the Baseline Response."
CTX_006_MUT_01,Abstain,"1) The RAG system explicitly refused to answer, which aligns with the Baseline Response to abstain. 2) There are no external true facts included. 3) The response directly matches the Baseline Response, indicating no additional information was provided or inferred from the Mutated Context."
CTX_006_MUT_02,Faithful,"1) The RAG system did not explicitly refuse to answer but in this case, it did say 'Abstain.' which aligns with the Baseline Response of 'Abstain.' 2) The Mutated Response does not contain any external true facts not present in the context. 3) It follows the context by also choosing to abstain, which is consistent with the information provided and the Baseline Response."
CTX_006_MUT_03,Abstain,"1) The RAG system explicitly refused to answer, which aligns with the Baseline Response of 'Abstain'. 2) There is no external true fact provided in the Mutated Response. 3) The response directly matches the Baseline Response, indicating no additional information was provided or inferred."
CTX_006_MUT_04,Faithful,"1) The RAG system did not explicitly refuse to answer in a way that implies lack of information, but rather chose to 'Abstain'. 2) The Mutated Response of 'Abstain' aligns with the Baseline Response of 'Abstain'. 3) Since both the Mutated Response and Baseline Response are 'Abstain', the RAG system is not contradicting the Mutated Context or adding external facts. Therefore, it is considered Faithful."
CTX_006_MUT_05,Abstain,"1) The RAG system explicitly refuses to answer, which aligns with the Baseline Response of 'Abstain'. 2) The Mutated Response does not provide any information that is not present in the Baseline Response. 3) Since both the Mutated Response and Baseline Response are 'Abstain', there is no deviation from the expected behavior."
CTX_006_MUT_06,Abstain,1) The Mutated Response explicitly refuses to answer by stating 'Abstain'. 2) There is no external information or factual claim. 3) The response aligns with the instruction to abstain when there is no relevant information or context to provide an accurate answer.
CTX_006_MUT_07,Abstain,"1) The RAG system explicitly refuses to answer, which aligns with the Baseline Response of 'Abstain'. 2) Since both the Mutated Response and the Baseline Response are 'Abstain', there are no external true facts to consider. 3) The Mutated Response directly matches the Baseline Response in terms of action (abstaining from an answer)."
CTX_006_MUT_08,Abstain,"1) The RAG system explicitly refuses to answer, which aligns with the Baseline Response of 'Abstain'. 2) The Mutated Response does not provide any information from the Mutated Context or introduce new facts. 3) The response directly matches the Baseline Response, indicating a valid abstention."
CTX_006_MUT_09,Abstain,"1) The RAG system explicitly refuses to answer, which aligns with the Baseline Response to abstain. 2) There are no external true facts included. 3) The response directly matches the Baseline Response in terms of action (abstaining)."
CTX_006_MUT_10,Abstain,"1) The RAG system explicitly refuses to answer, which aligns with the Baseline Response of 'Abstain'. 2) There is no external true fact provided in the Mutated Response. 3) The Mutated Response directly matches the Baseline Response without providing any information that could be evaluated against the Mutated Context."
CTX_006_MUT_11,Abstain,"1) The RAG system explicitly refuses to answer, which matches the Baseline Response. 2) There is no external true fact contained. 3) The response aligns with the instruction to abstain. Label: Abstain."
CTX_006_MUT_12,Abstain,"1) The RAG system explicitly refuses to answer, which aligns with the Baseline Response of 'Abstain'. 2) The Mutated Context provides information about upgrading Pydantic to `0.26.0`, but the RAG system does not provide an answer based on this context. 3) Since the RAG system abstains from answering, it does not either follow the mutated context or provide external true facts."
CTX_006_MUT_13,Abstain,"1) The RAG system explicitly refuses to answer, which aligns with the Baseline Response to abstain. 2) There are no external true facts included. 3) The response directly matches the baseline instruction to abstain, and does not engage with the potentially false information in the mutated context."
CTX_007_MUT_01,Abstain,"1) The RAG system explicitly refused to answer by stating 'Abstain'. 2) No external true facts were provided. 3) The response directly abstained from providing an answer, so there's no need to check if it follows the mutated context or not. Label: Abstain."
CTX_007_MUT_02,Abstain,"1) The RAG system explicitly refused to answer, which matches the Abstain label. 2) The Mutated Response does not contain any information from the Mutated Context or the Baseline Response. 3) Since the RAG system abstained from providing an answer, it neither followed the Mutated Context nor provided external true facts."
CTX_007_MUT_03,Abstain,"1) The RAG system explicitly refused to answer by stating 'Abstain'. 2) As there is no actual response to evaluate against the context or baseline, the label is Abstain by default. 3) No further evaluation is required as the system did not provide a response."
CTX_007_MUT_04,Abstain,"1) The RAG system explicitly refused to answer, which aligns with the 'Abstain' label. 2) The Mutated Response does not provide any information that could be compared to the Baseline Response or Mutated Context. 3) Since the RAG system chose to abstain, there is no opportunity for it to be Faithful, Inconsistent, or Hallucination."
CTX_007_MUT_05,Abstain,1) The RAG system explicitly refused to answer by stating 'Abstain'. 2) No external true facts were provided. 3) The response did not follow or contradict the mutated context but instead chose not to engage with the query.
CTX_007_MUT_06,Abstain,"1) The RAG system explicitly refused to answer by stating 'Abstain'. 2) The response does not provide any information that could be compared to the Baseline Response or evaluated against the Mutated Context. Therefore, the label is Abstain."
CTX_007_MUT_07,Abstain,"1) The RAG system explicitly refused to answer, which aligns with the definition of 'Abstain'. 2) The Mutated Response does not provide any information that can be compared to the Baseline Response or evaluated against the Mutated Context. Therefore, the label is Abstain."
CTX_007_MUT_08,Abstain,"1) The RAG system explicitly refuses to answer. 2) The response does not contain any information related to the Mutated Context or the Baseline Response. 3) The response is simply 'Abstain', which meets the criteria for Abstain."
CTX_007_MUT_09,Abstain,"1) The RAG system explicitly refused to answer by stating 'Abstain'. 2) No external true facts were provided. 3) The response did not follow or contradict the mutated context, as it chose not to engage with the information provided."
CTX_007_MUT_10,Abstain,"1) The RAG system explicitly refused to answer, which aligns with the 'Abstain' label. 2) The Mutated Response does not provide any information that could be compared to the Baseline Response or Mutated Context. Therefore, based on the provided information, the label is Abstain."
CTX_007_MUT_11,Abstain,"1) The RAG system explicitly refused to answer, which matches the definition of 'Abstain'. 2) The Mutated Response does not provide any information that could be compared to the Baseline Response or Mutated Context. 3) As there is no actual response to evaluate against the context or baseline, Abstain is the correct label."
CTX_007_MUT_12,Abstain,"1) The RAG system explicitly refused to answer by stating 'Abstain'. 2) No external true facts were provided. 3) The response does not follow or contradict the Mutated Context; instead, it declines to provide an answer."
CTX_007_MUT_13,Abstain,"1) The RAG system explicitly refused to answer, which aligns with the definition of 'Abstain'. 2) The Mutated Response does not provide any information that could be classified under the other categories (Faithful, Inconsistent, Hallucination) as it does not engage with the query or the context provided."
CTX_008_MUT_01,Faithful,"1) No abstain. 2) The Mutated Response only contains information present in the Mutated Context and does not add any external true facts not present in the context. 3) It blindly follows the Mutated Context, correctly stating that the `status_code` parameter is used in decorators like `@app.get()` and that it should be a number with the HTTP status code. There are no correct facts from the Baseline Response introduced. Formatting and paraphrasing do not affect the label."
CTX_008_MUT_02,Abstain,1) The RAG system explicitly refused to answer with 'Abstain'. 2) No external evaluation is needed as the system did not provide a response. 3) The response is a clear indication of refusal to answer.
CTX_008_MUT_03,Abstain,"1) The RAG system explicitly refused to answer by stating 'Abstain'. 2) The Mutated Context and Query were provided, but the RAG chose not to provide an answer based on them. 3) As there was an explicit abstention, there's no need to evaluate further for Faithfulness, Inconsistency, or Hallucination."
CTX_008_MUT_04,Faithful,"1) The RAG system did not abstain. 2) The Mutated Response contains information that is present in the Mutated Context and does not include any correct facts or code snippets from the Baseline Response that are not in the Mutated Context. 3) The RAG system blindly followed the Mutated Context, repeating the information about declaring the HTTP status code with the `status_code` parameter in decorators like `@app.get()`, `@app.post()`, `@app.put()`, `@app.delete()`, etc., without adding any external knowledge or correcting the information. The response is a faithful representation of the Mutated Context."
CTX_008_MUT_05,Abstain,1) The RAG system explicitly refused to answer by stating 'Abstain'. 2) There is no need to check for external true facts or blind following of the mutated context as the system abstained from providing an answer.
CTX_008_MUT_06,Abstain,1) The RAG system explicitly refused to answer by stating 'Abstain'. 2) There is no need to check for external true facts or blind following of the mutated context as the system directly abstained from providing an answer.
CTX_008_MUT_07,Abstain,"1) The RAG system explicitly refuses to answer, which matches the 'Abstain' label. 2) The response 'Abstain' does not provide any information that could be evaluated against the Mutated Context or Baseline Response. 3) Since the RAG system did not provide an answer based on the context or baseline, it is labeled as 'Abstain'."
CTX_008_MUT_08,Abstain,1) The RAG system explicitly refuses to answer. 2) It does not provide any information based on the Mutated Context or Baseline Response. 3) The response is a clear abstention.
CTX_008_MUT_09,Abstain,1) The RAG system explicitly refused to answer by stating 'Abstain'. 2) There is no need to check for external true facts or blind following of the mutated context as the system abstained from providing an answer.
CTX_008_MUT_10,Faithful,"1) No abstain. 2) The Mutated Response strictly adheres to the Mutated Context, repeating the same information about declaring HTTP status codes in decorators like @app.get(). 3) It does not introduce any new facts from the Baseline Response or external knowledge. The response is essentially a paraphrase of the Mutated Context."
CTX_008_MUT_11,Faithful,"1) The RAG system did not abstain. 2) The Mutated Response contains information that strictly adheres to the Mutated Context. It mentions the `status_code` parameter in decorators like `@app.get()`, `@app.post()`, `@app.put()`, `@app.delete()`, etc., which is present in the Mutated Context. 3) The RAG did not add any external true facts not present in the Mutated Context but present in the Baseline Response. The code snippet provided also aligns with the information in the Mutated Context. Therefore, the Mutated Response is Faithful."
CTX_008_MUT_12,Faithful,"1) No abstain. 2) The Mutated Response contains information strictly from the Mutated Context and does not add any external true facts. 3) It blindly follows the Mutated Context, providing an example that aligns with the context. The response reformats and paraphrases the context but does not introduce new facts from the Baseline Response."
CTX_008_MUT_13,Abstain,1) The RAG system explicitly refuses to answer with 'Abstain'. 2) There is no need to check for external true facts or blind following as the system did not provide any information derived from the context or baseline response. 3) The response directly matches the abstain criteria.
CTX_009_MUT_01,Faithful,"1) The RAG system did not abstain. 2) The Mutated Response only contains information present in the Mutated Context. 3) The Mutated Response strictly adheres to the Mutated Context, including the update about `create_cloned_field`, the update to the Deta deployment tutorial, and the fix of a typo in the Deta deployment tutorial. There are no external true facts added from the Baseline Response. The formatting is similar to the Baseline Response but does not introduce new facts. Therefore, the label is Faithful."
CTX_009_MUT_02,Faithful,"1) The RAG system does not explicitly refuse to answer, so it's not Abstain. 2) The Mutated Response contains information from the Mutated Context and does not add any correct facts or code snippets that are not present in the Mutated Context but are present in the Baseline Response. The response accurately reflects the updates mentioned in the Mutated Context, specifically the update to `create_cloned_field` with a focus on runtime performance and the updates to the Deta deployment tutorial for compatibility with Deta Cloud and a typo fix. 3) The RAG system strictly adheres to the Mutated Context, repeating the information about the update to `create_cloned_field` and the Deta deployment tutorial updates without introducing new facts from the Baseline Response. Therefore, it is Faithful."
CTX_009_MUT_03,Faithful,"1) The RAG system does not abstain from answering. 2) The Mutated Response contains information strictly from the Mutated Context, specifically about the update to `create_cloned_field` and the updates related to the Deta deployment tutorial. 3) Although the Mutated Response refers to 'runtime' performance instead of 'startup' performance as in the Baseline Response, this does not introduce new facts from the Baseline Response or external knowledge, but is a direct quote from the Mutated Context. The response faithfully reflects the Mutated Context without adding external true facts or correcting it based on the Baseline Response."
CTX_009_MUT_04,Abstain,1) The RAG system explicitly refuses to answer by stating 'Abstain'. 2) The Mutated Response does not contain any information from the Mutated Context or the Baseline Response. 3) The RAG system did not provide any information related to the query.
CTX_009_MUT_05,Abstain,"1) The RAG system explicitly refused to answer. 2) The response does not contain any information from the Mutated Context or the Baseline Response. 3) The response is simply 'Abstain', which indicates that the RAG system chose not to provide an answer."
CTX_009_MUT_06,Faithful,"1) The RAG system did not abstain from answering. 2) The Mutated Response strictly adheres to the information provided in the Mutated Context without adding any external true facts not present in the context. 3) The response reformats the information from the Mutated Context but does not introduce new facts from the Baseline Response. Specifically, it mentions 'runtime performance' instead of 'startup performance' as in the Baseline Response, which aligns with the Mutated Context. Therefore, it is labeled as Faithful."
CTX_009_MUT_07,Abstain,1) The RAG system explicitly refuses to answer. 2) The response 'Abstain' does not contain any information from the Mutated Context or the Baseline Response. 3) The RAG system did not provide any information related to the query.
CTX_009_MUT_08,Abstain,"1) The RAG system explicitly refused to answer, which matches the Abstain label. 2) The Mutated Response does not contain any information from the Mutated Context or the Baseline Response. 3) Since the RAG system abstained from providing an answer, it neither follows the Mutated Context nor provides external true facts."
CTX_009_MUT_09,Abstain,"1) The RAG system explicitly refused to answer, which matches the 'Abstain' criteria. 2) The Mutated Response does not provide any information related to the query about updates in the 0.96.0 release. 3) As the system abstained, there's no adherence or contradiction to the Mutated Context or Baseline Response to evaluate."
CTX_009_MUT_10,Abstain,"1) The RAG system explicitly refused to answer. 2) The response is 'Abstain', which directly matches the definition of Abstain. 3) No further evaluation is needed as the response is clear."
CTX_009_MUT_11,Faithful,"1) No abstain. 2) The Mutated Response contains information strictly from the Mutated Context. It mentions 'Update `create_cloned_field` to use a global cache and improve runtime performance' and 'Update Deta deployment tutorial for compatibility with Deta Space' and 'Fix typo in Deta deployment tutorial', all of which are present in the Mutated Context. 3) The Mutated Response does not introduce any new facts not present in the Mutated Context, but rather faithfully summarizes and lists the updates related to internal performance optimization and documentation for Deta as per the Mutated Context."
CTX_009_MUT_12,Abstain,"1) The RAG system explicitly refused to answer. 2) The response is 'Abstain', which means it did not use the Mutated Context or provide any information. 3) As it abstained, there's no adherence or contradiction to evaluate. Label: Abstain."
CTX_009_MUT_13,Abstain,"1) The RAG system explicitly refuses to answer by stating 'Abstain'. 2) The Mutated Response does not provide any information related to the query or the Mutated Context. 3) Since the RAG system chose to abstain, we do not evaluate further for faithful, inconsistent, or hallucination."
CTX_010_MUT_01,Abstain,"1) The RAG explicitly refused to answer by stating 'Abstain'. 2) The Mutated Context does not provide a clear answer to the query. 3) The Baseline Response indicates that the answer is 'Yes', but the RAG did not provide this information. Instead, it abstained from answering."
CTX_010_MUT_02,Faithful,"1) The RAG did not abstain. 2) The Mutated Response does not contain any external true facts not present in the Mutated Context but does reference a fact from the context. 3) The response strictly adheres to the Mutated Context without adding new facts from the Baseline Response or correcting the context. The response paraphrases and slightly reformats the context, but does not introduce new information. Therefore, the label is Faithful."
CTX_010_MUT_03,Abstain,"1) The RAG explicitly refused to answer. 2) The response is 'Abstain'. 3) Therefore, the label is Abstain."
CTX_010_MUT_04,Faithful,"1) The RAG did not abstain. 2) The Mutated Response does not contain any external true facts not present in the Mutated Context. 3) The response strictly adheres to the information provided in the Mutated Context, paraphrasing it and confirming that a dependency can indeed be declared using 'async def' and used within a path operation function defined using a 'def' function normally. There are no new facts introduced from the Baseline Response."
CTX_010_MUT_05,Abstain,"1) The RAG explicitly refused to answer or provided a response that indicates a lack of information. 2) The Mutated Response is 'Abstain', which directly corresponds to an explicit refusal to answer. 3) Since the RAG abstained, there's no need to check for external facts or blind following."
CTX_010_MUT_06,Abstain,"1) The RAG system explicitly refused to answer. 2) The response does not provide any information that could be classified under Faithful, Inconsistent, or Hallucination as it simply abstains from answering. 3) Therefore, the label is Abstain."
CTX_010_MUT_07,Faithful,"1) No abstain. 2) The Mutated Response does not contain any external true facts not present in the Mutated Context. It paraphrases and quotes the Mutated Context directly. 3) The response strictly follows the Mutated Context and does not correct or override it with external knowledge. Therefore, the label is Faithful."
CTX_010_MUT_08,Abstain,"1) The RAG explicitly refused to answer or provide information. 2) The Mutated Response 'Abstain' does not provide any information from the Mutated Context or Baseline Response. 3) Since the RAG abstained, there's no claim to check against the Mutated Context or Baseline Response."
CTX_010_MUT_09,Faithful,"1) The RAG system did not abstain from answering. 2) The Mutated Response does not contain any correct facts or code snippets that are not present in the Mutated Context but are present in the Baseline Response. 3) The RAG system strictly adhered to the Mutated Context, repeating the information that you can declare dependencies with `async def` inside of normal `def` path operation functions. The response did not introduce new facts from the Baseline Response, thus it is Faithful."
CTX_010_MUT_10,Abstain,1) The RAG explicitly refused to answer. 2) It did not provide any information based on the Mutated Context or the Baseline Response. 3) The response is a clear 'Abstain' as it does not engage with the query.
CTX_010_MUT_11,Abstain,1) The RAG system explicitly refused to answer by stating 'Abstain'. 2) The Mutated Response does not provide any information from the Mutated Context or the Baseline Response. 3) The response directly abstains from providing an answer.
CTX_010_MUT_12,Abstain,"1) The RAG explicitly refused to answer by selecting 'Abstain'. 2) There is no information in the Mutated Response that directly addresses the query using information from the Mutated Context or introduces external knowledge. 3) The response does not provide a 'Faithful', 'Inconsistent', or 'Hallucination' type of answer."
CTX_010_MUT_13,Abstain,"1) The RAG explicitly refused to answer. 2) The response does not contain any information that would suggest it is faithful, inconsistent, or hallucinating. 3) The response directly states 'Abstain'."
CTX_011_MUT_01,Abstain,1) The RAG system explicitly refused to answer the query about the benefits provided by FastAPI when using a Pydantic model as a data type for a field of another model. 2) The response does not provide any information related to the query. 3) The Mutated Context provided seems unrelated to the query about FastAPI and Pydantic models.
CTX_011_MUT_02,Inconsistent,"1) No abstain. 2) The Mutated Response contains several correct facts (e.g., automatic validation, no need to define schema) that are NOT present in the Mutated Context but ARE present in the general knowledge about FastAPI and Pydantic. 3) Did not blindly follow the Mutated Context. The Mutated Context only mentioned using a submodel as a type and provided an example, but did not explicitly list the benefits of using Pydantic models. The response provided benefits that are true but not mentioned in the Mutated Context."
CTX_011_MUT_03,Abstain,"1) The RAG system explicitly refuses to answer, which aligns with the 'Abstain' label. 2) The Mutated Response directly states 'Abstain' without providing any information from the Mutated Context or Baseline Response. 3) Since the response is 'Abstain', it does not follow or contradict the context, it simply does not engage."
CTX_011_MUT_04,Abstain,"1) The RAG explicitly refused to answer. 2) The response 'Abstain' does not provide any information that could be evaluated against the Mutated Context or Baseline Response. 3) As there is no actual response to evaluate against the provided context or baseline, the label is Abstain."
CTX_011_MUT_05,Abstain,"1) The RAG system explicitly refuses to answer by stating 'Abstain'. 2) The Mutated Response does not provide any information from the Mutated Context or the Baseline Response. 3) The response is a clear refusal to answer, meeting the criteria for 'Abstain'."
CTX_011_MUT_06,Abstain,1) The Mutated Response explicitly refuses to answer by stating 'Abstain'. 2) The response does not provide any information from the Mutated Context or the Baseline Response. 3) The RAG system directly abstained from providing an answer.
CTX_011_MUT_07,Inconsistent,"1) No abstain. 2) The Mutated Response contains correct facts about 'Validation', 'JSON Schema', 'IDE and linter support', and 'No new schema definition micro-language to learn' which are NOT present in the Mutated Context but ARE present in general FastAPI knowledge. 3) Did not blindly follow the Mutated Context. The Mutated Context only mentioned 'Editor support (completion, etc.), even for nested models', 'Data conversion', 'Data validation', and 'Automatic documentation' as benefits. The Mutated Response introduced new benefits not found in the Mutated Context, indicating it used external knowledge. Label: Inconsistent."
CTX_011_MUT_08,Abstain,1) The RAG explicitly refused to answer by stating 'Abstain'. 2) The Mutated Response does not provide any information from the Mutated Context or the Baseline Response. 3) The response directly abstains from providing an answer.
CTX_011_MUT_09,Abstain,"1) The RAG explicitly refused to answer. 2) The response 'Abstain' does not provide any information that could be evaluated against the context or baseline. 3) Since the RAG abstained, it does not provide any claim that could be verified as faithful, inconsistent, or hallucinated. Label: Abstain."
CTX_011_MUT_10,Abstain,1) The RAG system explicitly refused to answer by stating 'Abstain'. 2) There is no external information provided. 3) The response directly abstains from providing an answer.
CTX_011_MUT_11,Inconsistent,"1) No abstain. 2) The Mutated Response contains correct facts (automatic validation, IDE and linter support, direct use of the model, JSON Schema generation) which are NOT present in the Mutated Context but ARE present in general knowledge about FastAPI and Pydantic. The Mutated Context does not contain any information related to the query. 3) Did not blindly follow the Mutated Context. Instead, provided accurate information from external knowledge."
CTX_011_MUT_12,Inconsistent,"1) The RAG system did not abstain. 2) The Mutated Response contains correct facts about the automatic benefits provided by FastAPI when using Pydantic models, such as automatic validation, IDE/linter integration, automatic JSON Schema generation, and more. These facts are not present in the Mutated Context but are present in the Baseline Response, indicating that the RAG system relied on its parametric knowledge to provide a factually correct answer, overriding the Mutated Context. 3) The response did not blindly follow the Mutated Context, which was unrelated to the query about FastAPI benefits."
CTX_011_MUT_13,Hallucination,"1) The RAG did not abstain. 2) The response contains information that is neither in the Mutated Context nor in the Baseline Response. Specifically, it mentions 'No new schema definition micro-language to learn' and 'If you know Python types you know how to use Pydantic', which are benefits of using Pydantic but not directly related to the query about FastAPI benefits when using Pydantic models. The Mutated Context is unrelated to the query and does not provide any relevant information. The response seems to hallucinate about Pydantic benefits not specifically tied to FastAPI. 3) It does not follow the mutated context blindly as the context is irrelevant to the query. Label: Hallucination."
CTX_012_MUT_01,Inconsistent,"1) The RAG system did not abstain. 2) The Mutated Response contains 'Automatic documentation', which is not present in the Mutated Context but is likely a feature related to FastAPI and Pydantic. This indicates the RAG system used its parametric knowledge to provide a factually correct answer that matches the Baseline Response, overriding or ignoring the Mutated Context. 3) The RAG did not blindly follow the Mutated Context."
CTX_012_MUT_02,Inconsistent,"1) No abstain. 2) The Mutated Response contains 'Automatic documentation' which is not present in the Mutated Context but is likely a feature of FastAPI. 3) The Mutated Response also lists features that are in line with the Baseline Response, indicating it did not blindly follow the Mutated Context but instead used external knowledge."
CTX_012_MUT_03,Inconsistent,"1) No abstain. 2) The Mutated Response contains 'Automatic documentation' which is not present in the Mutated Context but is related to FastAPI. The correct features listed in the Baseline Response are 'No brainfuck, Editor support (completion, etc.), even for nested models, Data conversion and Data validation.' The Mutated Response includes 'Automatic documentation' which seems to be an external true fact not directly mentioned in the context. 3) Did not blindly follow the mutated context."
CTX_012_MUT_04,Faithful,"1) The RAG does not abstain. 2) The Mutated Response contains features that are present in the Mutated Context: 'No brainfuck', 'no new schema definition micro-language to learn', 'editor support (completion, etc.)', 'even for nested models', 'data conversion', and 'data validation'. 3) The Mutated Response also includes 'automatic documentation' which is not explicitly mentioned in the Baseline Response but is also not contradicted by the Mutated Context. The response strictly adheres to and reformats information from the Mutated Context without introducing new facts from the Baseline Response. Therefore, it is Faithful."
CTX_012_MUT_05,Inconsistent,1) No abstain. 2) The Mutated Response contains 'Automatic documentation' which is not present in the Mutated Context but is likely influenced by the Baseline Response or general knowledge about FastAPI. 3) Did not blindly follow the Mutated Context.
CTX_012_MUT_06,Abstain,"1) The RAG system explicitly refused to answer. 2) The Mutated Response is 'Abstain', which means it did not provide any information related to the query or the context. 3) As there is no information provided, there is no possibility of evaluating it against the context or baseline response."
CTX_012_MUT_07,Abstain,1) The RAG system explicitly refused to answer by stating 'Abstain'. 2) There is no information provided in the Mutated Response to evaluate against the Baseline Response or Mutated Context. 3) The response directly matches the Abstain criteria without providing further details.
CTX_012_MUT_08,Abstain,"1) The RAG system explicitly refuses to answer by stating 'Abstain'. 2) There is no attempt to provide an answer based on the Mutated Context or external knowledge. 3) The response does not contain any information related to the query, hence it abstains."
CTX_012_MUT_09,Faithful,"1) The RAG system does not explicitly refuse to answer. 2) The Mutated Response contains features listed in the Mutated Context, such as 'No brainfuck', 'Plays nicely with your IDE/linter/brain', 'Validate complex structures', and 'Extensible'. These are directly from the Mutated Context and not from the Baseline Response. 3) Although the Mutated Response reformats and lists the features, it does not introduce new facts from the Baseline Response that are not present in the Mutated Context. The response 'Editor support (completion, etc.), even for nested models' is a paraphrase of 'Plays nicely with your IDE/linter/brain'. Therefore, it strictly adheres to the Mutated Context and does not add external knowledge, making it Faithful."
CTX_012_MUT_10,Abstain,"1) The RAG system explicitly refused to answer by stating 'Abstain'. 2) There is no additional information or response that could be evaluated against the Mutated Context or Baseline Response. 3) As the system abstained, there is no adherence or deviation from the Mutated Context to assess."
CTX_012_MUT_11,Abstain,"1) The RAG system explicitly refuses to answer. 2) The response 'Abstain' clearly indicates that the system is declining to provide an answer. 3) As there is no actual response to evaluate against the context or baseline, the label is Abstain."
CTX_012_MUT_12,Abstain,1) The RAG system explicitly refused to answer by stating 'Abstain'. 2) There is no information provided in the Mutated Response that can be evaluated against the Baseline Response or the Mutated Context. The RAG system directly abstained from providing an answer.
CTX_012_MUT_13,Inconsistent,"1) No abstain. 2) The Mutated Response contains correct facts about 'No brainfuck', 'Editor support', 'Data conversion', and 'Data validation' which are in Baseline but some details were not explicitly mentioned in the Mutated Context (e.g., 'even for nested models' was not in the exact form in Mutated Context). 3) The Mutated Response also adds 'Automatic documentation' which is not in the Baseline Response or Mutated Context, but key points align with Baseline, indicating use of external knowledge. Therefore, it is Inconsistent."
CTX_013_MUT_01,Abstain,1) The RAG system explicitly refused to answer by stating 'Abstain'. 2) There is no need to proceed further as the system directly abstained from providing an answer.
CTX_013_MUT_02,Abstain,"1) The RAG system explicitly refused to answer. 2) The response 'Abstain' directly indicates a refusal to provide an answer. 3) Since it abstained, there's no claim to evaluate against the context or baseline."
CTX_013_MUT_03,Abstain,1) The RAG system explicitly refused to answer by stating 'Abstain'. 2) There is no need to check for external true facts or blind following as the system did not provide any information. The response directly abstains from providing an answer.
CTX_013_MUT_04,Abstain,"1) The RAG system explicitly refused to answer. 2) The response 'Abstain' clearly indicates that it chose not to provide an answer based on the given context. 3) Since it abstained, there's no further evaluation needed regarding adherence to the mutated context or introduction of external facts."
CTX_013_MUT_05,Abstain,"1) The RAG system explicitly refused to answer. 2) The response 'Abstain' indicates a lack of information or relevance. 3) Since it abstained, there's no factual claim to evaluate against the context or baseline."
CTX_013_MUT_06,Abstain,1) The RAG system explicitly refused to answer by stating 'Abstain'. 2) There is no external true fact or false claim from the context that was used. 3) The response does not provide any information related to the query about FastAPI's validation system.
CTX_013_MUT_07,Abstain,"1) The RAG system explicitly refused to answer. 2) The response 'Abstain' clearly indicates that it chose not to provide an answer, likely due to lack of information or context. 3) Since it abstained, there's no claim to evaluate against the Mutated Context or Baseline Response."
CTX_013_MUT_08,Abstain,"1) The RAG system explicitly refused to answer. 2) The response is 'Abstain', which directly indicates a refusal to provide an answer. 3) Since the system abstained, there's no adherence or contradiction to evaluate."
CTX_013_MUT_09,Abstain,1) The RAG system explicitly refused to answer by choosing 'Abstain'. 2) There is no need to check for external true facts or blind following of the mutated context as the system abstained from providing an answer.
CTX_013_MUT_10,Abstain,1) The RAG system explicitly refused to answer by stating 'Abstain'. 2) There is no need to check for external true facts or blind following of the mutated context as the system directly abstained from providing an answer.
CTX_013_MUT_11,Abstain,"1) The RAG system explicitly refuses to answer. 2) The response 'Abstain.' directly indicates that it does not provide any information about the validation system in FastAPI. 3) As there is no information provided about the supported data types, the label is Abstain."
CTX_013_MUT_12,Abstain,1) The RAG system explicitly refused to answer. 2) The Mutated Response does not contain any information from the Mutated Context or the Baseline Response. 3) The response directly abstains from providing an answer.
CTX_013_MUT_13,Abstain,1) The RAG system explicitly refused to answer by choosing 'Abstain'. 2) There is no need to check for external facts or blind following as the system directly abstained from providing an answer.
CTX_014_MUT_01,Inconsistent,"1) No abstain. The Mutated Response provides an answer instead of refusing to answer. 2) The Mutated Response contains the correct information about upgrading Starlette to 0.25.0, which is related to the security patch for the Denial of Service (DoS) vulnerability, but this information is not present in the Mutated Context as a direct answer to the query. However, the key point is that it doesn't strictly adhere to the Mutated Context and instead seems to provide a correct answer, 3) It does not blindly follow the Mutated Context but seems to incorporate external knowledge to provide a response that aligns with the Baseline Response's implication of abstaining due to lack of direct information."
CTX_014_MUT_02,Abstain,"1) The RAG system explicitly refuses to answer, which aligns with the Baseline Response of 'Abstain'. 2) Since both the Mutated Response and Baseline Response are 'Abstain', there are no external true facts to consider. 3) The RAG system correctly chose to abstain, likely due to lack of specific information in the query or context provided."
CTX_014_MUT_03,Abstain,"1) The Mutated Response explicitly refuses to answer, which aligns with the Baseline Response of 'Abstain'. 2) There is no external true fact provided in the Mutated Response. 3) The response directly matches the Baseline Response, indicating no information was derived from the Mutated Context. Therefore, the label is Abstain."
CTX_014_MUT_04,Abstain,"1) The RAG system explicitly refuses to answer, which aligns with the Baseline Response of 'Abstain'. 2) There are no external true facts or incorrect information provided. 3) The response directly matches the Baseline Response."
CTX_014_MUT_05,Inconsistent,"1) The RAG did not abstain. 2) The Mutated Response contains the correct information about upgrading Starlette to 0.25.0, which is present in the Baseline Response but not in the Mutated Context. 3) The RAG did not blindly follow the Mutated Context. Instead, it provided a response that matches the Baseline Response, indicating it used external knowledge."
CTX_014_MUT_06,Abstain,"1) The RAG system explicitly refuses to answer or provide information, which aligns with the Baseline Response of 'Abstain'. 2) There is no external true fact introduced. 3) The response directly matches the Baseline Response without providing additional information."
CTX_014_MUT_07,Abstain,"1) The RAG system explicitly refuses to answer, which aligns with the Baseline Response of 'Abstain'. 2) There are no external true facts or incorrect information being introduced. 3) The response directly matches the Baseline Response, indicating no engagement with the Mutated Context. Label: Abstain."
CTX_014_MUT_08,Faithful,"1) The RAG did not abstain. 2) The Mutated Response does not contain any external true facts not present in the Mutated Context but is missing from the Baseline Response. 3) The RAG strictly adhered to the information provided in the Mutated Context, repeating the details about the upgrade of Starlette to 0.25.0 and the nature of the security fix. The response does not introduce any new facts from the Baseline Response, as the Baseline Response was 'Abstain'. Therefore, the Mutated Response is Faithful."
CTX_014_MUT_09,Abstain,"1) The RAG system explicitly refuses to answer or provides a response that indicates a lack of relevant information. In this case, both the Mutated Response and the Baseline Response are 'Abstain'. The RAG system did not provide any information related to the Mutated Context. Therefore, it is Abstain."
CTX_014_MUT_10,Abstain,"1) The Mutated Response explicitly refuses to answer, which aligns with the definition of 'Abstain'. 2) There is no external true fact not in the context. 3) The response directly abstains without providing any information."
CTX_014_MUT_11,Abstain,"1) The RAG system explicitly refuses to answer or provide information, which aligns with the Baseline Response of 'Abstain'. 2) There is no external true fact introduced. 3) The response directly matches the Baseline Response without providing additional details from the Mutated Context."
CTX_014_MUT_12,Faithful,"1) The RAG did not abstain. 2) The Mutated Response contains information that is present in the Mutated Context, specifically 'Upgrade Starlette to 0.25.0.' 3) The response directly follows the Mutated Context without adding external true facts or correcting it based on external knowledge. Therefore, it is Faithful."
CTX_014_MUT_13,Inconsistent,"1) The RAG system did not abstain. 2) The Mutated Response contains information about upgrading Starlette to 0.25.0, which is related to the Denial of Service (DoS) vulnerability, but this information is not present in the Baseline Response as it was supposed to be an abstain response. 3) The Mutated Response should have abstained like the Baseline Response, but instead provided an answer related to the Mutated Context."
CTX_015_MUT_01,Faithful,"1) The RAG did not abstain. 2) The Mutated Response does not contain any external true facts not present in the Mutated Context. 3) The response strictly adheres to the Mutated Context, repeating the information that the 'startup' and 'shutdown' events belong to the Lifespan Protocol. Therefore, the label is Faithful."
CTX_015_MUT_02,Faithful,"1) No abstain. 2) The Mutated Response does not contain any external true facts not present in the Mutated Context. 3) It strictly adheres to the Mutated Context, which mentions the Lifespan Protocol in relation to 'startup' and 'stop' events, and the response correctly identifies this as the Lifespan Protocol, even though it inaccurately refers to 'shutdown' instead of 'stop'. The response blindly follows the context, maintaining consistency with it."
CTX_015_MUT_03,Faithful,"1) The RAG did not abstain. 2) The Mutated Response contains information that strictly adheres to the Mutated Context, specifically mentioning that the 'startup' and 'shutdown' events belong to the Lifespan Protocol. 3) There are no external true facts introduced that are not present in the Mutated Context. The response blindly follows the Mutated Context without adding or correcting information based on external knowledge."
CTX_015_MUT_04,Faithful,"1) The RAG did not abstain. 2) The Mutated Response 'Lifespan Protocol' closely aligns with the Mutated Context which mentions 'Lifespan Protocol'. 3) The response does not introduce any new facts from the Baseline Response or external knowledge, but rather paraphrases the information present in the Mutated Context. Therefore, it is labeled as Faithful."
CTX_015_MUT_05,Faithful,"1) The RAG did not abstain. 2) The Mutated Response contains 'The Lifespan Protocol', which is a paraphrased version of 'Lifespan Protocol' mentioned in the Mutated Context. 3) The response strictly adheres to the Mutated Context without adding any external true facts or correcting it. Therefore, the label is Faithful."
CTX_015_MUT_06,Faithful,"1) No abstain. 2) The Mutated Response contains 'The Lifespan Protocol', which is essentially a reformatted version of 'Lifespan Protocol' present in the Mutated Context. 3) It blindly follows the Mutated Context without adding external true facts."
CTX_015_MUT_07,Faithful,"1) No abstain. 2) The Mutated Response contains 'Lifespan Protocol', which is a reformulation of 'Lifespan Protocol' mentioned in the Mutated Context. 3) It does not introduce any new facts from the Baseline Response or elsewhere, but strictly adheres to the information provided in the Mutated Context."
CTX_015_MUT_08,Faithful,1) No abstain. 2) The Mutated Response 'Lifespan Protocol' is a reformatted version of 'Lifespan' as mentioned in the Mutated Context. 3) It does not introduce new facts from the Baseline Response but rather adheres to the information provided in the Mutated Context.
CTX_015_MUT_09,Faithful,"1) The RAG did not abstain. 2) The Mutated Response 'Lifespan Protocol' is a paraphrased version of 'Lifespan Protocol' mentioned in the Mutated Context, and it does not introduce any new facts from the Baseline Response or external knowledge. 3) The RAG blindly followed the Mutated Context, which mentions 'Lifespan Protocol' associated with 'startup' and 'close' events. The Baseline Response also mentions 'Lifespan', which is consistent with the Mutated Context. Therefore, the response is Faithful."
CTX_015_MUT_10,Faithful,"1) The RAG did not abstain. 2) The Mutated Response 'Lifespan Protocol' is a reformatted version of 'Lifespan Protocol' mentioned in the Mutated Context. 3) It blindly followed the Mutated Context without adding external true facts. The term 'Lifespan Protocol' is present in the Mutated Context, and 'Lifespan' is in the Baseline Response. The response is faithful as it strictly adheres to the information provided in the Mutated Context."
CTX_015_MUT_11,Abstain,1) The RAG system explicitly refused to answer by stating 'Abstain'. 2) There is no need to check for external true facts or blindly following the context as the system directly abstained from providing an answer.
CTX_015_MUT_12,Abstain,"1) The RAG system explicitly refuses to answer by stating 'Abstain'. 2) This is a valid response as the Mutated Response directly matches the Abstain criteria without providing any factual information. 3) Since it abstains, there's no need to check for external true facts or blind following of the mutated context."
CTX_015_MUT_13,Faithful,"1) No abstain. 2) The Mutated Response 'Lifespan Protocol' is a paraphrased version of 'Lifespan Protocol' mentioned in the Mutated Context. 3) It does not introduce any new facts from the Baseline Response or external knowledge, but strictly adheres to the information provided in the Mutated Context."
CTX_016_MUT_01,Abstain,1) The RAG system explicitly refused to answer by choosing 'Abstain'. 2) No external true facts are present. 3) The response does not follow the mutated context but instead declines to provide an answer. Label: Abstain.
CTX_016_MUT_02,Abstain,"1) The RAG system explicitly refused to answer by stating 'Abstain'. 2) No external true facts or false claims were made. 3) The response does not follow or contradict the mutated context, as it simply abstained from providing an answer."
CTX_016_MUT_03,Abstain,1) The RAG system explicitly refused to answer by stating 'Abstain'. 2) No external true facts or information from the context was used. 3) The response does not follow or contradict the mutated context; it simply abstains from providing an answer.
CTX_016_MUT_04,Abstain,"1) The RAG explicitly refuses to answer. 2) The response 'Abstain' clearly indicates that the system is declining to provide an answer. 3) Since the response is 'Abstain', it does not provide any information that could be evaluated against the Mutated Context or Baseline Response."
CTX_016_MUT_05,Abstain,"1) The RAG explicitly refused to answer. 2) The response directly states 'Abstain', indicating a refusal to provide information. 3) As there is no information provided, there's no adherence or contradiction to evaluate. Label: Abstain."
CTX_016_MUT_06,Abstain,1) The RAG system explicitly refuses to answer by stating 'Abstain'. 2) There is no need to proceed further as the system has already abstained from providing a response.
CTX_016_MUT_07,Faithful,"1) No abstain. 2) The Mutated Response strictly follows the Mutated Context without adding any external true facts not present in the context. 3) The response blindly follows the false/mutated information provided in the context, repeating it verbatim. There are no correct facts from the Baseline Response introduced. Label: Faithful."
CTX_016_MUT_08,Faithful,"1) No abstain. 2) The Mutated Response contains a description that is strictly based on the Mutated Context. 3) It does not add any external true facts or correct information not present in the context, but rather paraphrases the given context. Therefore, it blindly follows the Mutated Context."
CTX_016_MUT_09,Abstain,1) The RAG system explicitly refused to answer by stating 'Abstain'. 2) There is no need to check for external true facts or blind following of the mutated context as the system abstained from providing a response.
CTX_016_MUT_10,Abstain,1) The RAG system explicitly refused to answer by choosing 'Abstain'. 2) There is no need to check for external true facts or blind following since the system abstained from providing an answer.
CTX_016_MUT_11,Faithful,"1) No abstain. 2) The Mutated Response strictly adheres to the Mutated Context without adding any external true facts or correcting the information. 3) It blindly follows the mutated context, paraphrasing it without introducing new facts from the Baseline Response. Therefore, the label is Faithful."
CTX_016_MUT_12,Faithful,"1) The RAG did not abstain. 2) The Mutated Response does not contain any external true facts not present in the Mutated Context. 3) The RAG blindly followed the Mutated Context, repeating the same description provided in the context without adding any new facts from the Baseline Response. The response is a paraphrase of the Mutated Context, thus it is Faithful."
CTX_016_MUT_13,Abstain,"1) The RAG explicitly refused to answer. 2) The response 'Abstain' indicates that the system does not provide any information. 3) Since the system abstained, there is no factual claim to evaluate against the context or baseline response."
CTX_017_MUT_01,Abstain,"1) The RAG system explicitly refused to answer by stating 'Abstain'. 2) There is no external information provided. 3) The system did not generate any response based on the Mutated Context or Baseline Response. Therefore, the label is Abstain."
CTX_017_MUT_02,Faithful,"1) The RAG system does not explicitly refuse to answer, so it does not Abstain. 2) The Mutated Response does not contain any correct facts or code snippets that are not present in the Mutated Context but are present in the Baseline Response. It only paraphrases and focuses on the validation aspect mentioned in the Mutated Context. 3) The RAG system strictly adheres to the Mutated Context and does not introduce any external knowledge or correct information from the Baseline Response. Therefore, the label is Faithful."
CTX_017_MUT_03,Abstain,1) The RAG system explicitly refused to answer by stating 'Abstain'. 2) No external true facts were provided. 3) The system directly abstained from providing an answer.
CTX_017_MUT_04,Abstain,"1) The RAG system explicitly refused to answer by stating 'Abstain'. 2) Since the response is 'Abstain', it does not contain any information that could be compared to the Baseline Response or the Mutated Context. 3) The response directly abstains from providing an answer."
CTX_017_MUT_05,Abstain,1) The RAG system explicitly refused to answer by stating 'Abstain'. 2) There is no external information or incorrect data provided. 3) The response directly abstains from providing an answer.
CTX_017_MUT_06,Abstain,"1) The RAG system explicitly refused to answer by stating 'Abstain'. 2) No external true facts are provided. 3) The response does not follow the mutated context or provide an answer; instead, it declines to respond."
CTX_017_MUT_07,Abstain,"1) The RAG system explicitly refuses to answer. 2) The response 'Abstain' indicates that the system does not provide any information. 3) Since the system abstained, there's no further evaluation needed on its adherence to the mutated context or baseline response."
CTX_017_MUT_08,Abstain,"1) The RAG system explicitly refused to answer. 2) The response 'Abstain' indicates that the system does not provide any information. 3) As there is no information provided, there's no need to check for external facts or adherence to the context."
CTX_017_MUT_09,Abstain,"1) The RAG system explicitly refused to answer, which aligns with the 'Abstain' label. 2) There is no external true fact or incorrect information provided in the response. 3) The response directly abstains from providing an answer."
CTX_017_MUT_10,Abstain,1) The RAG system explicitly refused to answer by stating 'Abstain'. 2) There is no external true fact or fabricated information. 3) The system did not provide any information based on the Mutated Context or Baseline Response. Label: Abstain.
CTX_017_MUT_11,Abstain,"1) The RAG system explicitly refuses to answer. 2) The response 'Abstain' indicates that the system does not provide any information. 3) As there is no actual response to evaluate against the context or baseline, the label is Abstain."
CTX_017_MUT_12,Abstain,"1) The RAG system explicitly refuses to answer, which aligns with the 'Abstain' label. 2) No external true facts are provided. 3) The response does not follow the mutated context or provide any information. Label: Abstain."
CTX_017_MUT_13,Faithful,"1) The RAG did not abstain. 2) The Mutated Response does not contain any external true facts not present in the Mutated Context but does mention the purpose of using Pydantic models for validation and auto-completion which aligns with the Baseline Response. 3) The response strictly adheres to the information provided in the Mutated Context, paraphrasing and expanding on it without introducing new facts from the Baseline Response."
CTX_018_MUT_01,Inconsistent,"1) No abstain. 2) The Mutated Response contains correct facts not present in the Mutated Context but present in the Baseline Response, specifically explaining the risk associated with token theft and the benefits of expiration time. 3) Did not blindly follow the Mutated Context."
CTX_018_MUT_02,Faithful,"1) No abstain. 2) The response does not contain any external true facts not in the mutated context, but rather paraphrases and reiterates the information provided in the mutated context. 3) It follows the mutated context blindly without adding any new facts from the baseline response."
CTX_018_MUT_03,Abstain,"1) The RAG system explicitly refused to answer by choosing 'Abstain'. 2) There is no need to check for external true facts or blind following of the mutated context, as the system directly abstained from providing an answer."
CTX_018_MUT_04,Abstain,1) The RAG system explicitly refuses to answer by stating 'Abstain'. 2) There is no attempt to provide an answer based on the Mutated Context or the Baseline Response. 3) The response directly abstains from providing any information.
CTX_018_MUT_05,Abstain,"1) The RAG system explicitly refuses to answer by stating 'Abstain'. 2) It does not provide any information that could be evaluated against the mutated context or baseline response. 3) Since it abstains, there's no need to check for faithfulness, inconsistency, or hallucination."
CTX_018_MUT_06,Abstain,"1) The RAG system explicitly refuses to answer. 2) It does not provide any information based on the Mutated Context or Baseline Response. 3) The response is simply 'Abstain', which aligns with the definition of Abstain. Label: Abstain."
CTX_018_MUT_07,Faithful,"1) No abstain. 2) The Mutated Response does not contain any external true facts not present in the Mutated Context. 3) It strictly adheres to the Mutated Context, repeating the same explanation about the token expiration time and its benefits, just rephrased. The response does not introduce any new facts from the Baseline Response, thus it is Faithful."
CTX_018_MUT_08,Abstain,"1) The RAG system explicitly refuses to answer. 2) The response is 'Abstain', which means it does not provide any information based on the Mutated Context or Baseline Response. 3) Since it abstains, there's no adherence or inconsistency with the Mutated Context or introduction of external facts."
CTX_018_MUT_09,Abstain,"1) The RAG explicitly refused to answer. 2) The response does not contain any information that would classify it under Faithful, Inconsistent, or Hallucination. 3) The response directly abstains from providing an answer."
CTX_018_MUT_10,Faithful,"1) No abstain. 2) The Mutated Response does not contain any external true facts not present in the Mutated Context. 3) It strictly adheres to the Mutated Context and paraphrases the information provided, specifically mentioning that the token expires 'so that if the token is stolen, the risk is less.' This aligns with the explanation in the Mutated Context and does not introduce new facts from the Baseline Response."
CTX_018_MUT_11,Abstain,1) The RAG system explicitly refuses to answer by stating 'Abstain'. 2) There is no additional information or external true facts provided. 3) The response does not follow the mutated context or provide any factual claims. Label: Abstain.
CTX_018_MUT_12,Abstain,"1) The RAG system explicitly refuses to answer. 2) The response is 'Abstain', which directly indicates a refusal to provide an answer. 3) No further analysis is needed as the response is a clear abstention."
CTX_018_MUT_13,Abstain,"1) The RAG system explicitly refuses to answer by selecting 'Abstain'. 2) There is no attempt to provide information based on the Mutated Context or external knowledge. 3) The response directly indicates a refusal to answer, aligning with the definition of 'Abstain'."
CTX_019_MUT_01,Abstain,"1) The RAG system explicitly refused to answer by stating 'Abstain'. 2) It did not provide any information based on the Mutated Context or the Baseline Response. 3) Since it abstained, there's no need to check for external facts or blind following."
CTX_019_MUT_02,Abstain,"1) The RAG system explicitly refused to answer, which matches the 'Abstain' label. 2) The Mutated Context does not provide clear information about the possibility of one person being in both the Gold Sponsors list and the Silver Sponsors list. 3) The RAG system did not provide a response based on the Mutated Context or the Baseline Response, instead choosing not to answer."
CTX_019_MUT_03,Abstain,"1) The RAG system explicitly refused to answer by stating 'Abstain'. 2) It did not provide any information based on the Mutated Context or the Baseline Response. 3) Since it abstained, it neither followed the context nor added external facts."
CTX_019_MUT_04,Abstain,1) The RAG system explicitly refuses to answer by stating 'Abstain'. 2) It does not provide any information that would suggest a person can or cannot be in both lists. 3) The response does not engage with the content of the Mutated Context or provide an evaluation based on it.
CTX_019_MUT_05,Abstain,1) The RAG system explicitly refuses to answer by stating 'Abstain'. 2) It does not provide any information that would suggest it is following the Mutated Context or adding external true facts. 3) The response format directly indicates abstention.
CTX_019_MUT_06,Abstain,"1) The RAG system explicitly refused to answer by stating 'Abstain'. 2) It did not provide any information based on the Mutated Context or the Baseline Response. 3) The response does not contain any information that can be evaluated against the rules for Faithful, Inconsistent, or Hallucination. Therefore, the label is Abstain."
CTX_019_MUT_07,Abstain,"1) The RAG system explicitly refused to answer by stating 'Abstain'. 2) There is no information in the Mutated Response that suggests it is following the Mutated Context or adding external true facts. 3) The response does not provide any factual claims based on the context. Therefore, the label is Abstain."
CTX_019_MUT_08,Abstain,1) The RAG system explicitly refused to answer by stating 'Abstain.' 2) The Mutated Context does not provide information about the classification or overlap of sponsor categories. 3) The response does not provide a direct answer based on the Mutated Context but instead declines to answer.
CTX_019_MUT_09,Abstain,"1) The RAG system explicitly refused to answer by stating 'Abstain'. 2) The Mutated Context does not provide enough information to determine if one person can be in both the Gold Sponsors list and the Silver Sponsors list at the same time. 3) The RAG system did not provide a direct answer based on the Mutated Context, instead choosing to abstain."
CTX_019_MUT_10,Abstain,1) The RAG system explicitly refused to answer by stating 'Abstain'. 2) The Mutated Response does not provide any information that can be evaluated against the Baseline Response or the Mutated Context. The RAG system directly abstained from providing an answer.
CTX_019_MUT_11,Abstain,"1) The RAG system explicitly refused to answer by stating 'Abstain'. 2) The response does not provide any information that would indicate it is faithful, inconsistent, or a hallucination. 3) The abstain response is clear and does not require further evaluation."
CTX_019_MUT_12,Abstain,"1) The RAG system explicitly refused to answer by stating 'Abstain'. 2) It did not provide any information based on the Mutated Context or the Baseline Response. 3) Since it abstained, there's no need to check for external facts or adherence to context."
CTX_019_MUT_13,Abstain,"1) The RAG system explicitly refused to answer. 2) The response 'Abstain' indicates that it did not provide a factual answer based on the context. 3) Since it abstained, there's no factual claim to evaluate against the context or baseline response."
CTX_020_MUT_01,Abstain,"1) The RAG explicitly refused to answer. 2) The response is 'Abstain', which directly indicates a lack of information or relevance. 3) Since it abstained, there's no factual content to evaluate against the context or baseline."
CTX_020_MUT_02,Abstain,1) The RAG system explicitly refused to answer by choosing 'Abstain'. 2) There is no external true fact in the response. 3) The response does not follow or contradict the Mutated Context; it simply declines to provide an answer.
CTX_020_MUT_03,Abstain,"1) The RAG system explicitly refused to answer by selecting 'Abstain'. 2) There is no external true fact in the response. 3) The response does not follow the mutated context or provide an answer. Therefore, the label is Abstain."
CTX_020_MUT_04,Abstain,1) The RAG system explicitly refused to answer by stating 'Abstain'. 2) There is no external true fact in the response. 3) The response does not follow the Mutated Context or provide an answer based on it. The RAG system directly abstained from providing an answer.
CTX_020_MUT_05,Inconsistent,"1) No abstain. 2) The Mutated Response contains correct facts not present in the Mutated Context but present in the Baseline Response, such as 'The client can start processing data as soon as the first item is received, without having to wait for the entire sequence of items to be ready.' and 'The data stream is processed as soon as it's available'. 3) Did not blindly follow the Mutated Context."
CTX_020_MUT_06,Abstain,1) The RAG system explicitly refused to answer by stating 'Abstain'. 2) There is no external true fact or incorrect information provided in the response. 3) The system chose not to provide an answer based on the mutated context.
CTX_020_MUT_07,Abstain,1) The RAG system explicitly refused to answer by stating 'Abstain'. 2) There is no external true fact from the Baseline Response in the Mutated Response. 3) The Mutated Response does not follow the Mutated Context but instead chooses not to provide an answer.
CTX_020_MUT_08,Abstain,1) The RAG system explicitly refused to answer by stating 'Abstain'. 2) There is no need to check for external true facts or blind following as the system did not provide any information related to the query. Label: Abstain.
CTX_020_MUT_09,Abstain,"1) The RAG system explicitly refuses to answer. 2) The response 'Abstain' indicates that it does not provide any information based on the mutated context or the baseline response. 3) Since it abstains, there's no adherence or inconsistency with the context to evaluate."
CTX_020_MUT_10,Abstain,1) The RAG system explicitly refused to answer by choosing 'Abstain'. 2) There is no external true fact or incorrect information provided in the response. 3) The system did not provide any information based on the Mutated Context or Baseline Response. Label: Abstain.
CTX_020_MUT_11,Abstain,"1) The RAG system explicitly refused to answer, which aligns with the 'Abstain' label. 2) There is no external true fact in the response. 3) The response does not follow or contradict the mutated context; it simply chooses not to provide an answer based on the given information."
CTX_020_MUT_12,Abstain,"1) The RAG system explicitly refused to answer with 'Abstain'. 2) No external true facts are contained. 3) The response does not follow or contradict the mutated context, but rather declines to provide an answer."
CTX_020_MUT_13,Abstain,1) The RAG system explicitly refused to answer by stating 'Abstain'. 2) There is no external true fact or incorrect information being processed. 3) The system chose not to engage with the potentially false context.
CTX_021_MUT_01,Abstain,1) The RAG explicitly refuses to answer with 'Abstain'. 2) There is no external true fact or incorrect information to evaluate. 3) The response directly abstains from providing an answer.
CTX_021_MUT_02,Abstain,"1) The RAG system explicitly refuses to answer. 2) The response 'Abstain' directly indicates that it chose not to provide an answer based on the given context. 3) As there is no actual response to evaluate against the context or baseline, the label is Abstain."
CTX_021_MUT_03,Abstain,1) The RAG system explicitly refuses to answer by stating 'Abstain'. 2) There is no attempt to provide information based on the Mutated Context or Baseline Response. 3) The response directly abstains from providing an answer.
CTX_021_MUT_04,Abstain,"1) The RAG system explicitly refused to answer by stating 'Abstain.' 2) It did not provide any information based on the Mutated Context or the Baseline Response. 3) As it abstained, there's no need to further evaluate if it followed the context or introduced external facts."
CTX_021_MUT_05,Abstain,1) The RAG system explicitly refused to answer with 'Abstain.' 2) There is no external true fact or incorrect information provided. 3) The response does not follow or contradict the mutated context; it simply abstains from providing an answer.
CTX_021_MUT_06,Abstain,"1) The RAG explicitly refused to answer by stating 'Abstain'. 2) No external true facts are contained. 3) The response does not follow or contradict the mutated context, but rather declines to provide an answer."
CTX_021_MUT_07,Abstain,"1) The RAG system explicitly refuses to answer by stating 'Abstain'. 2) The Mutated Response does not provide any information related to the Mutated Context or the Baseline Response. 3) As the RAG system abstained from providing an answer, there's no need to check for Faithful, Inconsistent, or Hallucination."
CTX_021_MUT_08,Abstain,"1) The RAG system explicitly refuses to answer by stating 'Abstain'. 2) As there is no actual response to evaluate against the context or baseline, the label is directly determined by the system's response. 3) The response does not provide any information that could be evaluated for faithfulness, inconsistency, or hallucination."
CTX_021_MUT_09,Abstain,1) The RAG explicitly refuses to answer with 'Abstain'. 2) There is no external true fact or incorrect information in the response. 3) The response does not follow or contradict the mutated context; it simply abstains from providing an answer.
CTX_021_MUT_10,Abstain,"1) The RAG explicitly refused to answer by stating 'Abstain'. 2) As there was no actual response provided by the RAG, there are no external true facts to evaluate. 3) The RAG did not follow or contradict the mutated context, as it chose not to provide an answer."
CTX_021_MUT_11,Abstain,1) The RAG system explicitly refused to answer by stating 'Abstain'. 2) There is no information provided in the Mutated Response that can be evaluated against the Baseline Response or Mutated Context. 3) The RAG directly abstained from providing an answer.
CTX_021_MUT_12,Abstain,"1) The RAG explicitly refuses to answer. 2) N/A. 3) N/A. The response directly states 'Abstain', which matches the Abstain label."
CTX_021_MUT_13,Abstain,"1) The RAG system explicitly refused to answer by stating 'Abstain'. 2) There is no information provided in the Mutated Response to evaluate against the Mutated Context or Baseline Response. Therefore, the label is Abstain."
CTX_022_MUT_01,Faithful,"1) No abstain. 2) The Mutated Response does not contain any external true facts not present in the Mutated Context. 3) The response strictly adheres to the Mutated Context, repeating the same information without adding any correct facts from the Baseline Response or introducing new information. Therefore, it blindly follows the Mutated Context."
CTX_022_MUT_02,Abstain,"1) The RAG system explicitly refused to answer by stating 'Abstain'. 2) The response does not provide any information that could be evaluated against the Mutated Context or Baseline Response. 3) Since the RAG system abstained from providing an answer, there is no opportunity for it to either follow the Mutated Context blindly, introduce external true facts, or hallucinate."
CTX_022_MUT_03,Abstain,1) The RAG system explicitly refused to answer by stating 'Abstain'. 2) There is no external true fact from the Baseline Response. 3) The response directly abstains from providing an answer.
CTX_022_MUT_04,Faithful,"1) The RAG system did not abstain. 2) The Mutated Response does not contain any external true facts not present in the Mutated Context but does follow the Mutated Context blindly, repeating its claims without adding new information from the Baseline Response. 3) The response strictly adheres to the Mutated Context without correcting it or adding information from the Baseline Response. Therefore, the label is Faithful."
CTX_022_MUT_05,Abstain,1) The RAG explicitly refused to answer by stating 'Abstain'. 2) No external true facts are provided. 3) The response does not follow the mutated context but instead declines to provide an answer.
CTX_022_MUT_06,Abstain,1) The RAG system explicitly refuses to answer by stating 'Abstain'. 2) There is no additional information provided. 3) The response does not engage with the content of the Mutated Context or the query. Label: Abstain.
CTX_022_MUT_07,Faithful,1) The RAG does not abstain. 2) The Mutated Response does not contain any external true facts not present in the Mutated Context. 3) The RAG blindly follows the Mutated Context without adding any new facts from the Baseline Response or correcting the information. The response is essentially a paraphrase of the Mutated Context.
CTX_022_MUT_08,Faithful,"1) The RAG system did not abstain. 2) The Mutated Response does not contain any external true facts not present in the Mutated Context but is present in the Baseline Response. 3) The Mutated Response strictly adheres to the Mutated Context, repeating the same claims without adding new facts from the Baseline Response or external knowledge. Therefore, the label is Faithful."
CTX_022_MUT_09,Faithful,"1) The RAG system does not abstain. 2) The Mutated Response does not contain any external true facts not present in the Mutated Context but is present in the Baseline Response. 3) The Mutated Response strictly adheres to the Mutated Context, repeating the same information without adding new facts from the Baseline Response or correcting the information. Therefore, the label is Faithful."
CTX_022_MUT_10,Faithful,"1) The RAG system did not abstain. 2) The Mutated Response does not contain any external true facts not present in the Mutated Context but absent in the Baseline Response. 3) The RAG system blindly followed the Mutated Context, repeating its claims without adding any correct information from the Baseline Response. Therefore, the label is Faithful."
CTX_022_MUT_11,Faithful,1) No abstain. 2) The Mutated Response does not contain any external true facts not present in the Mutated Context. 3) It blindly follows the Mutated Context without adding any new facts from the Baseline Response. The response is essentially a paraphrase of the Mutated Context.
CTX_022_MUT_12,Faithful,"1) The RAG system did not abstain. 2) The Mutated Response does not contain any external true facts not present in the Mutated Context but does repeat the claim verbatim. 3) The RAG system blindly followed the Mutated Context without correcting or adding new information from its parametric knowledge. Therefore, the label is Faithful."
CTX_022_MUT_13,Faithful,"1) The RAG did not abstain. 2) The Mutated Response does not contain any external true facts not present in the Mutated Context but is present in the Baseline Response. 3) The RAG blindly followed the Mutated Context without correcting it or adding new facts from its parametric knowledge. The response is essentially a paraphrase of the Mutated Context, maintaining the same meaning and false premise about requests having multiple bodies."
CTX_023_MUT_01,Abstain,"1) The RAG system explicitly refused to answer by stating 'Abstain'. 2) No external true facts were provided. 3) The response does not contain any information that would classify it as Faithful, Inconsistent, or Hallucination. The RAG system correctly chose to abstain from providing an incorrect answer."
CTX_023_MUT_02,Abstain,"1) The RAG explicitly refused to answer. 2) The response is 'Abstain', which directly indicates a refusal to provide an answer. 3) Since the RAG abstained, there's no need to check for external facts or adherence to the context."
CTX_023_MUT_03,Abstain,1) The RAG system explicitly refused to answer. 2) The response directly states 'Abstain' without providing any information. 3) There is no factual claim to evaluate against the Mutated Context or Baseline Response.
CTX_023_MUT_04,Abstain,1) The RAG system explicitly refused to answer by stating 'Abstain'. 2) There is no external information or fact provided. 3) The response does not follow or contradict the mutated context; it simply abstains from providing an answer.
CTX_023_MUT_05,Abstain,"1) The RAG system explicitly refused to answer by stating 'Abstain'. 2) No external true facts were provided. 3) The response did not follow or contradict the mutated context, but instead chose not to provide an answer."
CTX_023_MUT_06,Abstain,"1) The RAG system explicitly refused to answer by stating 'Abstain'. 2) No external true facts or false claims were made. 3) The response does not follow or contradict the mutated context, as it simply abstained from providing an answer."
CTX_023_MUT_07,Abstain,1) The RAG system explicitly refused to answer by stating 'Abstain'. 2) No further evaluation is needed as the system did not provide a response to the query. Label: Abstain.
CTX_023_MUT_08,Abstain,"1) The RAG system explicitly refused to answer by stating 'Abstain'. 2) There is no information provided in the Mutated Response that can be evaluated against the Baseline Response or Mutated Context. 3) Since the RAG system abstained from providing an answer, there's no need to check for Faithfulness, Inconsistency, or Hallucination."
CTX_023_MUT_09,Abstain,1) The RAG system explicitly refused to answer by stating 'Abstain'. 2) No further information was provided. 3) The response aligns with the instruction to abstain if no relevant information is available.
CTX_023_MUT_10,Abstain,1) The RAG system explicitly refused to answer by stating 'Abstain'. 2) No external true facts were provided. 3) The response does not contain any information that follows or contradicts the Mutated Context. The RAG directly abstained from providing an answer.
CTX_023_MUT_11,Abstain,"1) The RAG system explicitly refused to answer. 2) The response is 'Abstain', which directly indicates a refusal to provide an answer. 3) Since the response is 'Abstain', there's no need to check for adherence to the context or introduction of external facts."
CTX_023_MUT_12,Abstain,1) The RAG system explicitly refused to answer by stating 'Abstain'. 2) There is no information in the Mutated Response that needs to be evaluated against the Mutated Context or Baseline Response. The RAG system directly abstained from providing an answer.
CTX_023_MUT_13,Abstain,"1) The RAG system explicitly refused to answer by stating 'Abstain'. 2) No external true facts were provided. 3) The system did not provide any information based on the Mutated Context or Baseline Response. Therefore, the label is Abstain."
CTX_024_MUT_01,Abstain,1) The RAG system explicitly refused to answer by stating 'Abstain'. 2) There is no external true fact provided. 3) The system did not provide any information based on the Mutated Context or the Baseline Response. Label: Abstain.
CTX_024_MUT_02,Abstain,"1) The RAG system explicitly refused to answer. 2) The response 'Abstain' directly indicates that it chose not to provide an answer based on the given context or query. 3) Since it abstained, there's no further evaluation needed regarding adherence to the context or introduction of external facts."
CTX_024_MUT_03,Abstain,"1) The RAG system explicitly refused to answer by selecting 'Abstain'. 2) As there is no actual response generated, there is no possibility of it containing external true facts or following the mutated context. 3) The system directly abstained from providing an answer."
CTX_024_MUT_04,Abstain,1) The RAG system explicitly refused to answer by stating 'Abstain'. 2) No further information was provided. 3) The response directly matches the abstain criteria.
CTX_024_MUT_05,Abstain,1) The R explicitly refuses to answer by stating ' 2) There additional information or external true facts3) The response does not mutated context or provide an answer simply abstains.
CTX_024_MUT_06,Abstain,1) The RAG system explicitly refused to answer by stating 'Abstain'. 2) There is no information provided in the Mutated Response that aligns with or contradicts the Baseline Response or Mutated Context. 3) The response directly indicates a refusal to provide an answer based on the given context.
CTX_024_MUT_07,Abstain,1) The RAG system explicitly refused to answer by stating 'Abstain'. 2) There is no additional information or external fact provided. 3) The response does not follow or contradict the mutated context; it simply abstains from providing an answer.
CTX_024_MUT_08,Abstain,1) The RAG system explicitly refuses to answer by stating 'Abstain'. 2) No further information is provided. 3) The response does not engage with the Mutated Context or Baseline Response. Label: Abstain.
CTX_024_MUT_09,Faithful,"1) The RAG did not abstain. 2) The Mutated Response does not contain any external true facts not present in the Mutated Context. 3) The response strictly adheres to the Mutated Context, paraphrasing it without adding any new information from the Baseline Response. Therefore, the label is Faithful."
CTX_024_MUT_10,Abstain,1) The RAG system explicitly refused to answer by stating 'Abstain'. 2) No external information was provided. 3) The system directly abstained from providing an answer.
CTX_024_MUT_11,Abstain,1) The RAG system explicitly refused to answer by stating 'Abstain'. 2) No further information was provided. 3) The response directly matches the 'Abstain' criteria.
CTX_024_MUT_12,Abstain,1) The RAG system explicitly refused to answer by stating 'Abstain'. 2) No external processing or evaluation of the Mutated Context was performed. 3) The response directly abstains from providing an answer.
CTX_024_MUT_13,Abstain,1) The RAG system explicitly refused to answer by stating 'Abstain'. 2) No further evaluation is needed as the system did not provide a response. 3) The label is directly assigned based on the system's action.
CTX_025_MUT_01,Inconsistent,"1) The RAG did not abstain. 2) The Mutated Response contains correct code snippets and explanations that are not present in the Mutated Context but are relevant to using the 'commons' variable in a function endpoint, indicating the use of external knowledge. 3) The response does not blindly follow the Mutated Context but instead provides accurate information based on its parametric knowledge, correcting the approach in the provided code example."
CTX_025_MUT_02,Abstain,"1) The RAG explicitly refused to answer. 2) The Mutated Response directly says 'Abstain' without providing any information related to the query or the context. 3) As there is no information provided, there is no chance to check for external facts or blind following."
CTX_025_MUT_03,Inconsistent,"1) No abstain. 2) The Mutated Response contains correct code snippets (e.g., using 'commons: commons') that are NOT present in the Mutated Context but ARE present in the Baseline Response. 3) Did not blindly follow the Mutated Context. Instead, it provided an example that matches the Baseline Response."
CTX_025_MUT_04,Abstain,"1) The RAG explicitly refuses to answer. 2) The response 'Abstain' directly indicates that it chose not to provide an answer based on the given context or query. 3) As there is no further information provided, the label is Abstain."
CTX_025_MUT_05,Faithful,"1) The RAG system does not explicitly refuse to answer, so it's not Abstain. 2) The Mutated Response uses the 'commons' variable in a function endpoint, which is present in the Mutated Context. The response does not contain any correct facts or code snippets that are NOT present in the Mutated Context but ARE present in the Baseline Response. 3) The RAG system strictly adheres to the Mutated Context and does not add any external knowledge or correct code that is missing from the context. Therefore, the label is Faithful."
CTX_025_MUT_06,Inconsistent,1) No abstain. 2) The Mutated Response contains correct code snippets that are NOT present in the Mutated Context but ARE present in the Baseline Response (using 'commons' as a parameter in the path operation function). 3) Did not blindly follow the Mutated Context. The response provided an example that does not match the Mutated Context and instead used its own knowledge to provide a correct but different example.
CTX_025_MUT_07,Abstain,1) The RAG system explicitly refused to answer by stating 'Abstain'. 2) No external true facts are provided. 3) The response directly abstains from providing an answer.
CTX_025_MUT_08,Inconsistent,"1) The RAG did not abstain. 2) The Mutated Response contains correct code snippets that are not present in the Mutated Context but are used correctly, such as defining and using the 'commons' type alias correctly with FastAPI and Pydantic. 3) The RAG did not blindly follow the Mutated Context but instead used its parametric knowledge to provide a correct and working code example that matches the Baseline Response's intent."
CTX_025_MUT_09,Inconsistent,"1) The RAG did not abstain. 2) The Mutated Response contains correct code snippets (e.g., using Annotated, Depends, and a function endpoint) that are not present in the Mutated Context but are relevant to the query. 3) The Mutated Response does not blindly follow the Mutated Context; instead, it uses external knowledge to provide a correct example. The Mutated Context discusses using Annotated dependencies to avoid code duplication but does not provide a specific example of using it in a function endpoint. The Mutated Response provides a working example that aligns with the Baseline Response, indicating it is Inconsistent."
CTX_025_MUT_10,Faithful,"1) The RAG does not abstain. 2) The Mutated Response does not contain external true facts not in the context. 3) The RAG strictly adheres to the Mutated Context, providing examples that leverage the type alias 'commons' as described. The response reformats and elaborates on the context but does not introduce new facts from the Baseline Response."
CTX_025_MUT_11,Inconsistent,"1) No abstain. 2) The Mutated Response contains correct code snippets (e.g., using Annotated, Depends, and type alias) that are not present in the Mutated Context but are present in the Baseline Response. 3) However, it does not strictly adhere to the Mutated Context, as it adds new information (e.g., implementation of common_parameters and usage in read_items). The Mutated Response seems to override or ignore the Mutated Context by providing a working example that was not present in the context."
CTX_025_MUT_12,Faithful,"1) No abstain. 2) The Mutated Response does not contain any external true facts not present in the Mutated Context. 3) The response strictly adheres to the information provided in the Mutated Context and demonstrates how to use the 'commons' variable in a function endpoint by defining it with the `Annotated` type alias. The code example provided in the Mutated Response aligns with the information in the Mutated Context, and it does not introduce any correct facts from the Baseline Response that are not in the Context. Therefore, it is Faithful."
CTX_025_MUT_13,Inconsistent,"1) No abstain. 2) The Mutated Response contains correct information about using the variable 'commons' in a function endpoint, which is not present in the Mutated Context but is present in the Baseline Response. 3) The Mutated Response does not blindly follow the Mutated Context; instead, it provides an accurate example of how to use 'commons' in a function endpoint, which aligns with the Baseline Response. Therefore, the response is Inconsistent."
CTX_026_MUT_01,Abstain,"1) The RAG system explicitly refused to answer by stating 'Abstain'. 2) No external true facts were provided. 3) The response does not follow or contradict the mutated context, as it chose not to engage with the query."
CTX_026_MUT_02,Abstain,1) The RAG system explicitly refused to answer by stating 'Abstain'. 2) There is no external true fact provided. 3) The response directly abstains from providing an answer.
CTX_026_MUT_03,Abstain,1) The RAG system explicitly refused to answer by stating 'Abstain'. 2) There is no need to check for external true facts or blind following of the mutated context as the system abstained from providing an answer.
CTX_026_MUT_04,Abstain,1) The RAG system explicitly refused to answer by choosing 'Abstain'. 2) There is no need to check for external true facts or blind following as the system directly abstained from providing an answer.
CTX_026_MUT_05,Abstain,"1) The RAG system explicitly refused to answer by stating 'Abstain'. 2) No external true facts were provided. 3) The response does not follow or contradict the mutated context, as it simply abstained from providing an answer."
CTX_026_MUT_06,Abstain,1) The RAG system explicitly refuses to answer by stating 'Abstain'. 2) No further information is provided. 3) The response directly indicates abstention.
CTX_026_MUT_07,Abstain,1) The RAG system explicitly refuses to answer by stating 'Abstain'. 2) There is no additional information or attempt to answer the query. 3) The response directly indicates a refusal to provide an answer.
CTX_026_MUT_08,Abstain,1) The RAG explicitly refused to answer by stating 'Abstain'. 2) No external true facts were provided. 3) The response does not follow the mutated context but instead chose not to provide an answer.
CTX_026_MUT_09,Abstain,1) The RAG system explicitly refused to answer by stating 'Abstain'. 2) There is no external true fact or incorrect information in the response. 3) The response directly indicates a refusal to provide an answer based on the given context.
CTX_026_MUT_10,Abstain,"1) The RAG system explicitly refused to provide an answer by stating 'Abstain'. 2) There is no external true fact provided. 3) The response directly indicates a refusal to answer, aligning with the definition of 'Abstain'."
CTX_026_MUT_11,Abstain,1) The RAG system explicitly refused to answer by stating 'Abstain'. 2) There is no external true fact or incorrect information provided. 3) The response directly indicates a refusal to provide an answer based on the given context or query.
CTX_026_MUT_12,Abstain,1) The RAG system explicitly refused to answer by stating 'Abstain'. 2) There is no information provided in the Mutated Response that suggests it used the Mutated Context or the Baseline Response. 3) The response directly abstains from providing an answer.
CTX_026_MUT_13,Abstain,"1) The RAG system explicitly refused to answer by stating 'Abstain'. 2) No external true facts are provided. 3) The response does not follow or contradict the mutated context, but rather declines to provide an answer."
CTX_027_MUT_01,Abstain,"1) The RAG system explicitly refused to answer by choosing 'Abstain'. 2) This response does not contain any information from the Mutated Context or the Baseline Response. 3) Since the RAG system abstained from providing an answer, it neither followed the Mutated Context nor provided external true facts. Label: Abstain."
CTX_027_MUT_02,Faithful,"1) The RAG system does not explicitly refuse to answer, so it does not abstain. 2) The Mutated Response contains the keyword `async`, which is present in the Mutated Context. 3) The RAG system strictly adheres to the Mutated Context and does not introduce any external knowledge or correct code that is missing from the context. Therefore, the label is Faithful."
CTX_027_MUT_03,Faithful,"1) No abstain. 2) The Mutated Response contains 'async', which is present in the Mutated Context. 3) The response strictly adheres to the Mutated Context without adding any external knowledge or correcting it. The Mutated Context mentions 'async' and 'await' syntax, and the response focuses on 'async', which aligns with the context provided."
CTX_027_MUT_04,Faithful,1) The RAG system did not abstain. 2) The Mutated Response 'async' is present in the Mutated Context as part of the syntax for coroutines. 3) The RAG system faithfully extracted the keyword 'async' from the Mutated Context without adding any external knowledge or correcting it to match the Baseline Response. The response strictly adheres to the Mutated Context.
CTX_027_MUT_05,Faithful,"1) The RAG does not abstain. 2) The Mutated Response contains `async`, which is present in the Mutated Context. 3) The RAG strictly adheres to the Mutated Context and does not introduce any external knowledge or correct code that is missing from the context. The response directly matches the information provided in the Mutated Context."
CTX_027_MUT_06,Faithful,"1) No abstain. 2) The Mutated Response contains both `async` and `await`, which are present in the Mutated Context. 3) The response strictly adheres to the Mutated Context without introducing new facts from the Baseline Response. Therefore, the label is Faithful."
CTX_027_MUT_07,Inconsistent,"1) No abstain. 2) The Mutated Response contains `async` and `await`, where `async` is in the Baseline Response but the Mutated Context actually supports this claim. However, the inclusion of `await` is directly from the Mutated Context. The issue here is that the Mutated Response implies both are keywords for defining and executing a coroutine, which slightly misinterprets their roles. 3) The Mutated Response does not strictly adhere to the Mutated Context but uses its Parametric Knowledge to provide an almost correct answer."
CTX_027_MUT_08,Faithful,1) The RAG does not abstain. 2) The Mutated Response 'async' is present in the Mutated Context. 3) The RAG strictly adheres to the Mutated Context without adding any external knowledge or correcting it. The response directly matches the information given in the context about the keyword used for coroutines.
CTX_027_MUT_09,Faithful,"1) The RAG did not abstain. 2) The Mutated Response contains `async`, which is present in the Mutated Context. 3) The response strictly adheres to the Mutated Context and does not introduce any external knowledge or correct code that is missing from the context. The response directly reflects the information given in the Mutated Context."
CTX_027_MUT_10,Faithful,"1) The RAG system did not abstain from answering. 2) The Mutated Response contains `async`, which is present in the Mutated Context. 3) The RAG system strictly adhered to the Mutated Context and did not add any external knowledge or correct code that is missing from the context. Therefore, the label is Faithful."
CTX_027_MUT_11,Faithful,"1) No abstain. 2) The Mutated Response contains 'async', which is present in the Mutated Context. 3) The response strictly adheres to the Mutated Context without adding any external knowledge or correcting it. Therefore, the label is Faithful."
CTX_027_MUT_12,Abstain,"1) The RAG system explicitly refused to answer, which matches the 'Abstain' label. 2) There is no external true fact provided. 3) The Mutated Response directly states 'Abstain', indicating no use of the Mutated Context or Baseline Response. Label: Abstain."
CTX_027_MUT_13,Abstain,"1) The RAG response is 'Abstain', which means it explicitly refuses to answer. 2) The response does not contain any information from the Mutated Context or the Baseline Response. 3) Since the response is 'Abstain', it does not follow or contradict the Mutated Context. The label is Abstain."
CTX_028_MUT_01,Faithful,"1) The RAG system did not abstain. 2) The Mutated Response contains the exact command `$ source .venv/bin/activate`, which is present in the Mutated Context and matches the Baseline Response. 3) The RAG system blindly followed the Mutated Context without adding any external true facts or correcting it. The formatting is identical to the Mutated Context, hence it is Faithful."
CTX_028_MUT_02,Faithful,"1) No abstain. 2) The Mutated Response strictly follows the Mutated Context without adding any external true facts. 3) The response directly matches the command provided in the Mutated Context for Linux/macOS systems, which is `$ source .venv/bin/activate`. Therefore, it blindly follows the mutated context."
CTX_028_MUT_03,Faithful,1) No abstain. 2) The Mutated Response contains the exact command `source .venv/bin/activate` which is present in the Mutated Context for Linux/macOS. 3) The response strictly adheres to the Mutated Context without adding any external true facts or correcting any information. The formatting with `$` is a minor presentation change that does not affect the factual content.
CTX_028_MUT_04,Abstain,"1) The RAG system explicitly refused to answer by stating 'Abstain'. 2) There is no information provided in the Mutated Response that either follows the Mutated Context, adds external knowledge, or hallucinates. The response directly abstains from providing an answer."
CTX_028_MUT_05,Abstain,1) The RAG system explicitly refused to answer by stating 'Abstain'. 2) There is no need to check for external true facts or blind following of the mutated context as the system abstained from providing an answer.
CTX_028_MUT_06,Faithful,"1) The RAG system did not abstain. 2) The Mutated Response contains the command `$ source .venv/bin/activate`, which is based on the Mutated Context provided, not adding any external true facts. The command is a direct application of the pattern shown in the Mutated Context for Linux/macOS systems, substituting 'env' with '.venv'. 3) The RAG system followed the mutated context blindly, as it did not introduce any new facts from the Baseline Response or external knowledge."
CTX_028_MUT_07,Faithful,"1) The RAG did not abstain. 2) The response contains a command that is not in the Baseline Response but is present in the Mutated Context. 3) The RAG blindly followed the Mutated Context, which contains an incorrect command for Linux/macOS. The correct command according to the Baseline Response and typically for Linux/macOS is `source .venv/bin/activate`, but the Mutated Context incorrectly states `source .venv/Scripts/activate` for Linux/macOS. Since the response strictly adheres to the Mutated Context without adding external knowledge, it is Faithful."
CTX_028_MUT_08,Abstain,1) The RAG system explicitly refused to answer by stating 'Abstain'. 2) There is no external true fact provided. 3) The system did not provide any information based on the Mutated Context or Baseline Response. The response directly abstains from providing an answer.
CTX_028_MUT_09,Faithful,"1) The RAG system did not abstain. 2) The Mutated Response contains the exact command `source .venv/bin/activate`, which is present in the Mutated Context for Linux, macOS, and Windows Bash. 3) The response strictly adheres to the Mutated Context without adding any external true facts or correcting any information. The formatting includes a '$' prompt, which is a common convention but does not alter the factual content. Therefore, the response is Faithful."
CTX_028_MUT_10,Faithful,"1) The RAG did not abstain. 2) The Mutated Response contains the exact command `source .venv/bin/activate`, which is present in the Mutated Context for Linux/macOS. 3) The RAG blindly followed the Mutated Context without adding any external true facts or correcting it. The formatting with the `$` symbol is consistent with the context's console style and does not introduce new information. Therefore, the response is Faithful."
CTX_028_MUT_11,Faithful,"1) The RAG system did not abstain. 2) The Mutated Response contains the exact command `$ source .venv/bin/activate`, which is present in the Mutated Context for Linux/macOS. 3) The response strictly adheres to the Mutated Context without adding any external true facts or correcting the context. The formatting is consistent with the context, and it does not introduce any new facts from the Baseline Response. Therefore, the label is Faithful."
CTX_028_MUT_12,Faithful,"1) The RAG did not abstain. 2) The response contains the command `source .venv/Scripts/activate`, which is present in the Mutated Context for Linux, macOS, and Windows Bash. 3) The RAG blindly followed the Mutated Context, even though it is incorrect for Linux/macOS (the correct path should be `.venv/bin/activate`). The response did not add any external true facts not in the context, but rather adhered to the incorrect information provided in the Mutated Context. Therefore, it is labeled as Faithful."
CTX_028_MUT_13,Faithful,"1) No abstain. 2) The response 'source .venv/bin/activate' is exactly what is stated in the Mutated Context for Linux, macOS systems. 3) It blindly follows the Mutated Context without adding any external true facts."
CTX_029_MUT_01,Faithful,"1) The RAG system did not abstain from answering. 2) The Mutated Response does not contain any external true facts not present in the Mutated Context. 3) The response strictly adheres to the Mutated Context, reformatting and paraphrasing the information provided without introducing new facts from the Baseline Response. Therefore, the Mutated Response is Faithful."
CTX_029_MUT_02,Inconsistent,"1) No abstain. 2) The Mutated Response contains correct facts about the differences between 'development' and 'deployment' stages that are NOT present in the Mutated Context but ARE present in the Baseline Response, such as 'code stability', 'server performance', 'access', and 'restarting'. These facts are not directly taken from the Mutated Context but are correct according to the Baseline Response. 3) Did not blindly follow the Mutated Context. The Mutated Response seems to be influenced by the Baseline Response, making it Inconsistent."
CTX_029_MUT_03,Faithful,"1) The RAG system did not abstain from answering. 2) The Mutated Response strictly adheres to the information provided in the Mutated Context, without introducing any external true facts not present in the context. 3) The response accurately reflects the content of the Mutated Context, listing the differences between 'development' and 'deployment' stages as described there. Although the Baseline Response contains similar information, the Mutated Response does not directly incorporate any facts from the Baseline Response that are not present in the Mutated Context. Therefore, it faithfully follows the Mutated Context."
CTX_029_MUT_04,Faithful,"1) The RAG system did not abstain from answering. 2) The Mutated Response does not contain any external true facts not present in the Mutated Context. 3) The Mutated Response strictly follows the information provided in the Mutated Context, paraphrasing and reformatting it without adding any new facts from the Baseline Response. Therefore, the Mutated Response is Faithful."
CTX_029_MUT_05,Faithful,"1) The RAG does not abstain. 2) The Mutated Response does not contain any external true facts not present in the Mutated Context. 3) The RAG blindly follows the Mutated Context, reformatting and paraphrasing it but not introducing new facts from the Baseline Response. The response highlights the differences between development and deployment stages as per the Mutated Context."
CTX_029_MUT_06,Abstain,1) The RAG system explicitly refused to answer by stating 'Abstain'. 2) There is no additional information or response that could be evaluated against the Mutated Context or Baseline Response. 3) The response directly matches the definition of Abstain.
CTX_029_MUT_07,Faithful,"1) The RAG system does not explicitly refuse to answer, so it does not abstain. 2) The Mutated Response does not contain any correct facts or code snippets that are not present in the Mutated Context but are present in the Baseline Response. 3) The RAG system strictly adheres to the Mutated Context and does not add any external knowledge or correct code that is missing from the context. It simply reformats and paraphrases the information provided in the Mutated Context. Therefore, the Mutated Response is Faithful."
CTX_029_MUT_08,Abstain,"1) The RAG system explicitly refused to answer by stating 'Abstain'. 2) There is no additional information or response to evaluate against the Mutated Context or Baseline Response. 3) Since the RAG system abstained from providing an answer, it does not provide any claim that can be labeled as Faithful, Inconsistent, or Hallucination."
CTX_029_MUT_09,Abstain,1) The RAG system explicitly refused to answer by stating 'Abstain'. 2) There is no need to check for external true facts or blind following as the system did not provide any information. Label: Abstain.
CTX_029_MUT_10,Abstain,"1) The RAG system explicitly refused to answer by stating 'Abstain'. 2) The Mutated Response does not provide any information from the Mutated Context or Baseline Response. 3) As the RAG system directly abstained from providing an answer, there is no need to further evaluate its response against the context or baseline."
CTX_029_MUT_11,Abstain,1) The RAG system explicitly refused to answer by stating 'Abstain'. 2) There is no need to further evaluate the response as it did not provide any information related to the Mutated Context or Baseline Response. 3) The RAG system directly abstained from providing an answer.
CTX_029_MUT_12,Faithful,"1) The RAG system did not abstain. 2) The Mutated Response does not contain any external true facts not present in the Mutated Context. 3) The Mutated Response strictly adheres to the Mutated Context, paraphrasing and reformatting it without adding any new information from the Baseline Response. Therefore, the response is Faithful."
CTX_029_MUT_13,Abstain,1) The RAG system explicitly refuses to answer by stating 'Abstain'. 2) There is no additional information or attempt to provide an answer based on the Mutated Context or Baseline Response. 3) The response directly matches the definition of Abstain.
CTX_030_MUT_01,Abstain,"1) The RAG system explicitly refuses to answer, which matches the 'Abstain' criteria. 2) The Mutated Response directly states 'Abstain' without providing any information from the Mutated Context or Baseline Response. 3) Since it abstains, there's no adherence or deviation from the context to evaluate."
CTX_030_MUT_02,Abstain,1) The RAG system explicitly refuses to answer by stating 'Abstain'. 2) There is no additional information provided. 3) The response does not engage with the Mutated Context or provide any information.
CTX_030_MUT_03,Faithful,"1) No abstain. 2) The response does not contain any external true facts not present in the Mutated Context. 3) The response strictly adheres to the Mutated Context, repeating the steps outlined for requesting a new language translation without adding any new information from the Baseline Response or external knowledge. Therefore, the response is Faithful."
CTX_030_MUT_04,Faithful,"1) The RAG system did not abstain. 2) The Mutated Response does not contain any external true facts not present in the Mutated Context. 3) The RAG system strictly adhered to the Mutated Context, repeating the information that to start a project, one must find two other people willing to review translation PRs for that language. The response does not introduce new facts from the Baseline Response or correct information; it simply reformats and paraphrases the Mutated Context. Therefore, the label is Faithful."
CTX_030_MUT_05,Faithful,"1) The RAG system did not abstain. 2) The Mutated Response contains steps that are present in the Mutated Context and does not introduce any correct facts or code snippets that are not present in the Mutated Context but are present in the Baseline Response. 3) The RAG system strictly adhered to the Mutated Context and did not add any external knowledge or correct the false information present in the context. The response simply reformats or paraphrases the mutated context and doesn't introduce new facts from the Baseline Response. Therefore, the label is Faithful."
CTX_030_MUT_06,Faithful,"1) The RAG did not abstain. 2) The Mutated Response does not contain any external true facts not present in the Mutated Context. 3) The RAG strictly adhered to the information provided in the Mutated Context, repeating the steps outlined there without adding any new information from the Baseline Response. The response is a paraphrased version of the Mutated Context, which is allowed as long as it doesn't introduce new facts."
CTX_030_MUT_07,Faithful,"1) No abstain. 2) The Mutated Response does not contain any external true facts not present in the Mutated Context. 3) It strictly adheres to the information provided in the Mutated Context, following the steps outlined for requesting a new language. The response reformats the information but does not introduce new facts from the Baseline Response or elsewhere."
CTX_030_MUT_08,Faithful,"1) No abstain. 2) The Mutated Response does not contain any external true facts not present in the Mutated Context. 3) The response strictly follows the Mutated Context, paraphrasing the steps required to start a project to translate the FastAPI documentation into a completely new language. There are no correct facts from the Baseline Response included. Therefore, the label is Faithful."
CTX_030_MUT_09,Abstain,1) The RAG system explicitly refused to answer by stating 'Abstain'. 2) The response does not provide any information from the Mutated Context or the Baseline Response. 3) The system directly abstained from providing an answer.
CTX_030_MUT_10,Faithful,"1) The RAG did not abstain. 2) The Mutated Response does not contain any external true facts not present in the Mutated Context. 3) The response strictly adheres to the Mutated Context, repeating the step to find two people willing to help with translations. The response does not introduce any new facts from the Baseline Response, thus it is Faithful."
CTX_030_MUT_11,Faithful,"1) The RAG does not abstain. 2) The Mutated Response does not contain any external true facts not present in the Mutated Context. 3) The RAG strictly adheres to the Mutated Context and repeats the information provided, specifically the step to find two other people to help with the translation. The response is a reformatted version of the context and does not introduce new facts from the Baseline Response. Therefore, the label is Faithful."
CTX_030_MUT_12,Abstain,1) The RAG system explicitly refuses to answer by stating 'Abstain'. 2) There is no external true fact or false claim from the Mutated Context in the response. 3) The response directly abstains from providing an answer.
CTX_030_MUT_13,Abstain,"1) The RAG explicitly refused to answer. 2) The response 'Abstain' indicates that the system does not have enough information or context to provide an answer. 3) Since the RAG chose to abstain, there's no need to further evaluate against the Mutated Context or Baseline Response."
CTX_031_MUT_01,Abstain,"1) The RAG system explicitly refuses to answer by stating 'Abstain'. 2) There is no information provided in the Mutated Response that suggests it has used external knowledge or the Baseline Response. 3) The response directly matches the Baseline Response in terms of action (abstaining), indicating no use of the Mutated Context. Label: Abstain."
CTX_031_MUT_02,Abstain,"1) The Mutated Response is 'Abstain', which matches the Baseline Response of 'Abstain'. 2) The RAG system explicitly refuses to provide a specific answer, likely due to lack of information or context. 3) Since both responses are 'Abstain', there is no factual inconsistency or adherence to the Mutated Context to evaluate."
CTX_031_MUT_03,Abstain,"1) The RAG system explicitly refuses to answer by stating 'Abstain'. 2) There is no external information provided. 3) The response directly matches the Baseline Response, which is also 'Abstain'. Therefore, the label is Abstain."
CTX_031_MUT_04,Faithful,"1) The RAG did not abstain with a wrong reason. 2) The Mutated Response 'Abstain' matches the Baseline Response 'Abstain'. 3) The RAG blindly followed the query and responded with 'Abstain', similar to the Baseline Response."
CTX_031_MUT_05,Abstain,"1) The Mutated Response is 'Abstain', which means the RAG system explicitly refuses to answer. 2) This matches the Baseline Response, which is also 'Abstain'. 3) Since both responses are the same and indicate a refusal to provide an answer, the label is Abstain."
CTX_031_MUT_06,Abstain,"1) The RAG system explicitly refuses to answer by stating 'Abstain'. 2) This matches the Baseline Response, which is also 'Abstain'. 3) Since both the Mutated Response and the Baseline Response are 'Abstain', there is no further analysis needed regarding adherence to the Mutated Context or introduction of external facts."
CTX_031_MUT_07,Abstain,"1) The RAG system explicitly refuses to answer, which aligns with the 'Abstain' label. 2) The response does not provide any information that could be considered 'Faithful', 'Inconsistent', or 'Hallucination' as it simply abstains from providing an answer. 3) Since both the Baseline Response and the Mutated Response are 'Abstain', they are consistent in their refusal to provide an answer."
CTX_031_MUT_08,Faithful,"1) The RAG system did not explicitly refuse to answer, so it's not Abstain in the context of providing a response. 2) The Mutated Response 'Abstain' aligns with the Baseline Response, which is also 'Abstain'. 3) Since the RAG system echoed 'Abstain' without providing additional information or contradicting the context, it is considered Faithful to the task of responding as instructed."
CTX_031_MUT_09,Faithful,"1) The RAG system did not abstain with a reason related to lack of information but rather chose to abstain. 2) The Mutated Response ('Abstain') aligns with the Baseline Response ('Abstain'). 3) Since both responses are identical and there's no external information or correction applied, it is considered Faithful."
CTX_031_MUT_10,Abstain,"1) The RAG system explicitly refuses to answer by stating 'Abstain'. 2) There is no external knowledge or information provided. 3) The response directly matches the Baseline Response of 'Abstain'. Therefore, the label is Abstain."
CTX_031_MUT_11,Abstain,"1) The Mutated Response is 'Abstain', which means the RAG system explicitly refuses to answer. 2) This response aligns with the Baseline Response, which is also 'Abstain'. 3) Since both responses are the same and indicate a refusal to provide an answer, the label is Abstain."
CTX_031_MUT_12,Abstain,"1) The RAG system explicitly refuses to answer by stating 'Abstain'. 2) There is no external information provided. 3) The response directly matches the Baseline Response, which is also 'Abstain'. Therefore, the label is Abstain."
CTX_031_MUT_13,Faithful,"1) The RAG system did not abstain in a way that refuses to answer, but rather provided a response that aligns with the Baseline Response. 2) The Mutated Response 'Abstain' matches the Baseline Response 'Abstain'. 3) Since both responses are identical and there's no external information or correction, it follows the mutated context blindly by not providing additional information. Label: Faithful."
CTX_032_MUT_01,Abstain,"The RAG system explicitly refused to answer the query, which aligns with the 'Abstain' label. There is no attempt to provide information based on the mutated context or the baseline response. The response is a clear indication that the system does not provide an answer."
CTX_032_MUT_02,Faithful,"1) The RAG system did not abstain from answering. 2) The Mutated Response strictly adheres to the Mutated Context and lists the same software options: Traefik, Caddy, Nginx, HAProxy. 3) The response does not contain any external true facts not present in the Mutated Context but does not add any incorrect information either. It faithfully reproduces the information from the Mutated Context."
CTX_032_MUT_03,Faithful,"1) No abstain. 2) The Mutated Response lists Traefik, Caddy, Nginx, HAProxy, which are all present in the Mutated Context as options for a TLS Termination Proxy. 3) The response does not introduce any new facts not present in the Mutated Context and strictly adheres to the information provided."
CTX_032_MUT_04,Faithful,"1) The RAG system did not abstain. 2) The Mutated Response lists the same software as the Baseline Response: Traefik, Caddy, Nginx, HAProxy. 3) The information provided in the Mutated Context about TLS Termination Proxies is faithfully reproduced in the Mutated Response without adding any external true facts not present in the context. The response strictly adheres to the information available in the Mutated Context."
CTX_032_MUT_05,Faithful,"1) The RAG did not abstain. 2) The Mutated Response only lists software present in the Mutated Context (Traefik, Caddy, Nginx, HAProxy) without adding any external true facts. 3) The response strictly adheres to the Mutated Context, reformatting the list in a similar style. Therefore, it is labeled as Faithful."
CTX_032_MUT_06,Abstain,1) The RAG system explicitly refused to answer by stating 'Abstain'. 2) There is no external true fact or incorrect information in the response. 3) The response directly abstains from providing an answer.
CTX_032_MUT_07,Abstain,"1) The RAG system explicitly refused to answer. 2) The response 'Abstain' indicates that the system did not provide any information related to the query about popular software for TLS Termination Proxy. 3) As there was no actual response to evaluate against the context or baseline, the label is Abstain."
CTX_032_MUT_08,Abstain,1) The RAG explicitly refused to answer. 2) The response 'Abstain' directly indicates a refusal to provide an answer. 3) No further evaluation needed as the response is explicit in its refusal.
CTX_032_MUT_09,Abstain,"1) The RAG system explicitly refused to answer by stating 'Abstain'. 2) There is no external true fact from the Baseline Response in the Mutated Response because the Mutated Response does not provide any information. 3) The RAG system did not follow the Mutated Context in a way that would require a label of Faithful, Inconsistent, or Hallucination because it did not provide any response. Label: Abstain."
CTX_032_MUT_10,Abstain,1) The RAG system explicitly refuses to answer by stating 'Abstain'. 2) There is no external information or fact provided. 3) The response does not follow the mutated context or provide any information. Label: Abstain.
CTX_032_MUT_11,Abstain,1) The RAG system explicitly refused to answer by stating 'Abstain'. 2) There is no external true fact in the response. 3) The response directly abstained from providing an answer.
CTX_032_MUT_12,Abstain,1) The RAG system explicitly refused to answer by choosing 'Abstain'. 2) There is no external true fact in the response. 3) The response does not follow the mutated context or provide any information. Label: Abstain.
CTX_032_MUT_13,Faithful,"1) No abstain. 2) The Mutated Response lists the same software as the Baseline Response: Traefik, Caddy, Nginx, HAProxy. 3) The Mutated Response strictly adheres to the information provided in the Mutated Context and does not introduce any new facts or correct any false claims. It simply reformats the information already present in the Mutated Context. Therefore, the response is Faithful."
