mut_id,query,mutated_response
CTX_001_MUT_01,Who is the author of the Pull Request that fixes/deletes unnecessary f-strings in version 0.56.1?,Abstain
CTX_001_MUT_02,Who is the author of the Pull Request that fixes/deletes unnecessary f-strings in version 0.56.1?,Abstain
CTX_001_MUT_03,Who is the author of the Pull Request that fixes/deletes unnecessary f-strings in version 0.56.1?,Abstain
CTX_001_MUT_04,Who is the author of the Pull Request that fixes/deletes unnecessary f-strings in version 0.56.1?,Abstain
CTX_001_MUT_05,Who is the author of the Pull Request that fixes/deletes unnecessary f-strings in version 0.56.1?,Abstain
CTX_001_MUT_06,Who is the author of the Pull Request that fixes/deletes unnecessary f-strings in version 0.56.1?,Abstain
CTX_001_MUT_07,Who is the author of the Pull Request that fixes/deletes unnecessary f-strings in version 0.56.1?,Abstain
CTX_001_MUT_08,Who is the author of the Pull Request that fixes/deletes unnecessary f-strings in version 0.56.1?,Abstain
CTX_001_MUT_09,Who is the author of the Pull Request that fixes/deletes unnecessary f-strings in version 0.56.1?,Abstain
CTX_001_MUT_10,Who is the author of the Pull Request that fixes/deletes unnecessary f-strings in version 0.56.1?,Abstain
CTX_001_MUT_11,Who is the author of the Pull Request that fixes/deletes unnecessary f-strings in version 0.56.1?,Abstain
CTX_001_MUT_12,Who is the author of the Pull Request that fixes/deletes unnecessary f-strings in version 0.56.1?,Abstain
CTX_001_MUT_13,Who is the author of the Pull Request that fixes/deletes unnecessary f-strings in version 0.56.1?,Abstain
CTX_002_MUT_01,Where can I see all the hundreds of other contributors to the FastAPI project beyond the top 50?,You can see all the contributors in the FastAPI GitHub Contributors page.
CTX_002_MUT_02,Where can I see all the hundreds of other contributors to the FastAPI project beyond the top 50?,You can see all the contributors in the FastAPI GitHub Contributors page.
CTX_002_MUT_03,Where can I see all the hundreds of other contributors to the FastAPI project beyond the top 50?,You can see all the contributors in the [FastAPI GitHub Contributors page](https://github.com/fastapi/fastapi/graphs/contributors).
CTX_002_MUT_04,Where can I see all the hundreds of other contributors to the FastAPI project beyond the top 50?,You can see all the contributors in the FastAPI GitHub Contributors page.
CTX_002_MUT_05,Where can I see all the hundreds of other contributors to the FastAPI project beyond the top 50?,You can see all the contributors in the FastAPI GitHub Contributors page.
CTX_002_MUT_06,Where can I see all the hundreds of other contributors to the FastAPI project beyond the top 50?,You can see all the contributors in the FastAPI GitHub Contributors page.
CTX_002_MUT_07,Where can I see all the hundreds of other contributors to the FastAPI project beyond the top 50?,You can see all the contributors in the FastAPI GitHub Contributors page.
CTX_002_MUT_08,Where can I see all the hundreds of other contributors to the FastAPI project beyond the top 50?,You can see all the contributors in the FastAPI GitHub Contributors page.
CTX_002_MUT_09,Where can I see all the hundreds of other contributors to the FastAPI project beyond the top 50?,You can see all the contributors in the FastAPI GitHub Contributors page.
CTX_002_MUT_10,Where can I see all the hundreds of other contributors to the FastAPI project beyond the top 50?,You can see all the contributors in the FastAPI GitHub Contributors page.
CTX_002_MUT_11,Where can I see all the hundreds of other contributors to the FastAPI project beyond the top 50?,You can see all the contributors in the FastAPI GitHub Contributors page.
CTX_002_MUT_12,Where can I see all the hundreds of other contributors to the FastAPI project beyond the top 50?,You can see all the contributors in the [FastAPI GitHub Contributors page](https://github.com/fastapi/fastapi/graphs/contributors).
CTX_002_MUT_13,Where can I see all the hundreds of other contributors to the FastAPI project beyond the top 50?,You can see all the contributors in the FastAPI GitHub Contributors page.
CTX_003_MUT_01,What is the default URL path to automatically serve CSS files when using StaticFiles with the name 'static'?,Abstain
CTX_003_MUT_02,What is the default URL path to automatically serve CSS files when using StaticFiles with the name 'static'?,"According to the provided Context, specifically in the last sentence of [CONTEXT 0], when using `StaticFiles` with the name ""css"" is mentioned but it can be inferred for 'static' as: 

The default URL path to automatically serve CSS files (or any static files) when using `StaticFiles` with the name 'static' is `/static/`."
CTX_003_MUT_03,What is the default URL path to automatically serve CSS files when using StaticFiles with the name 'static'?,Abstain
CTX_003_MUT_04,What is the default URL path to automatically serve CSS files when using StaticFiles with the name 'static'?,Abstain
CTX_003_MUT_05,What is the default URL path to automatically serve CSS files when using StaticFiles with the name 'static'?,Abstain
CTX_003_MUT_06,What is the default URL path to automatically serve CSS files when using StaticFiles with the name 'static'?,Abstain
CTX_003_MUT_07,What is the default URL path to automatically serve CSS files when using StaticFiles with the name 'static'?,Abstain
CTX_003_MUT_08,What is the default URL path to automatically serve CSS files when using StaticFiles with the name 'static'?,/static_files/
CTX_003_MUT_09,What is the default URL path to automatically serve CSS files when using StaticFiles with the name 'static'?,Abstain
CTX_003_MUT_10,What is the default URL path to automatically serve CSS files when using StaticFiles with the name 'static'?,Abstain
CTX_003_MUT_11,What is the default URL path to automatically serve CSS files when using StaticFiles with the name 'static'?,Abstain
CTX_003_MUT_12,What is the default URL path to automatically serve CSS files when using StaticFiles with the name 'static'?,Abstain
CTX_003_MUT_13,What is the default URL path to automatically serve CSS files when using StaticFiles with the name 'static'?,Abstain
CTX_004_MUT_01,"In the OpenAPI specification, what is the information about the metadata of a path operation called?",Abstain
CTX_004_MUT_02,"In the OpenAPI specification, what is the information about the metadata of a path operation called?",Abstain
CTX_004_MUT_03,"In the OpenAPI specification, what is the information about the metadata of a path operation called?","In the OpenAPI specification, the information about the metadata of a path operation is called the **Operation Object**."
CTX_004_MUT_04,"In the OpenAPI specification, what is the information about the metadata of a path operation called?",Abstain
CTX_004_MUT_05,"In the OpenAPI specification, what is the information about the metadata of a path operation called?",Abstain
CTX_004_MUT_06,"In the OpenAPI specification, what is the information about the metadata of a path operation called?","According to the provided Context, specifically [CONTEXT 0], in the OpenAPI specification, the information about the metadata of a path operation is called the ""Operation Object""."
CTX_004_MUT_07,"In the OpenAPI specification, what is the information about the metadata of a path operation called?",Abstain
CTX_004_MUT_08,"In the OpenAPI specification, what is the information about the metadata of a path operation called?",Abstain
CTX_004_MUT_09,"In the OpenAPI specification, what is the information about the metadata of a path operation called?",Abstain
CTX_004_MUT_10,"In the OpenAPI specification, what is the information about the metadata of a path operation called?",Abstain
CTX_004_MUT_11,"In the OpenAPI specification, what is the information about the metadata of a path operation called?","According to the provided Context, specifically in [CONTEXT 0], the information about the metadata of a path operation in the OpenAPI specification is called the ""Operation Object""."
CTX_004_MUT_12,"In the OpenAPI specification, what is the information about the metadata of a path operation called?",Abstain
CTX_004_MUT_13,"In the OpenAPI specification, what is the information about the metadata of a path operation called?",Abstain
CTX_005_MUT_01,FastAPI uses which information to create a unique operation ID for a path operation?,"FastAPI uses the **HTTP method/operation**, the **path**, and the **function name** to generate a unique operation ID for a path operation."
CTX_005_MUT_02,FastAPI uses which information to create a unique operation ID for a path operation?,"According to the provided Context, FastAPI uses the **function name**, the **path**, and the **HTTP method/operation** to generate a unique operation ID for a path operation."
CTX_005_MUT_03,FastAPI uses which information to create a unique operation ID for a path operation?,"To create a unique operation ID for a path operation, FastAPI uses the **path**, the **function name**, and the **HTTP method/operation**."
CTX_005_MUT_04,FastAPI uses which information to create a unique operation ID for a path operation?,"To create a unique operation ID for a path operation, FastAPI uses the **path**, the **function name**, and the **HTTP method/operation**."
CTX_005_MUT_05,FastAPI uses which information to create a unique operation ID for a path operation?,"According to the provided Context, FastAPI uses the **operation tag**, the **path**, and the **HTTP method/operation** to generate a unique operation ID for each path operation."
CTX_005_MUT_06,FastAPI uses which information to create a unique operation ID for a path operation?,"To create a unique operation ID for a path operation, FastAPI uses the **HTTP method/operation**, the **path**, and the **function name**."
CTX_005_MUT_07,FastAPI uses which information to create a unique operation ID for a path operation?,FastAPI uses the **function name** and the **path** to generate a unique operation ID for a path operation.
CTX_005_MUT_08,FastAPI uses which information to create a unique operation ID for a path operation?,"According to the provided Context, FastAPI uses the **function name**, the **path**, and the **HTTP status code** to generate a unique operation ID for a path operation."
CTX_005_MUT_09,FastAPI uses which information to create a unique operation ID for a path operation?,"According to the provided Context, FastAPI uses the **function name**, the **HTTP method**, and the **operation tag** to generate a unique operation ID for each path operation."
CTX_005_MUT_10,FastAPI uses which information to create a unique operation ID for a path operation?,"According to the provided Context, FastAPI uses the **tag name**, the **path**, and the **HTTP method/operation** to generate a unique operation ID for each path operation."
CTX_005_MUT_11,FastAPI uses which information to create a unique operation ID for a path operation?,"According to the provided Context, FastAPI uses the **function name**, the **path**, and the **HTTP status code** to generate a unique operation ID for a path operation."
CTX_005_MUT_12,FastAPI uses which information to create a unique operation ID for a path operation?,"To generate a unique operation ID for each *path operation*, FastAPI uses the **path**, the **function name**, and the **HTTP method/operation**."
CTX_005_MUT_13,FastAPI uses which information to create a unique operation ID for a path operation?,"According to the provided Context, FastAPI uses the **tag name**, the **path**, and the **HTTP method/operation** to generate a unique operation ID for each path operation."
CTX_006_MUT_01,What version of Pydantic was FastAPI upgraded to in version 0.24.0?,Abstain
CTX_006_MUT_02,What version of Pydantic was FastAPI upgraded to in version 0.24.0?,Abstain
CTX_006_MUT_03,What version of Pydantic was FastAPI upgraded to in version 0.24.0?,Abstain
CTX_006_MUT_04,What version of Pydantic was FastAPI upgraded to in version 0.24.0?,Abstain
CTX_006_MUT_05,What version of Pydantic was FastAPI upgraded to in version 0.24.0?,Abstain
CTX_006_MUT_06,What version of Pydantic was FastAPI upgraded to in version 0.24.0?,Abstain
CTX_006_MUT_07,What version of Pydantic was FastAPI upgraded to in version 0.24.0?,Abstain
CTX_006_MUT_08,What version of Pydantic was FastAPI upgraded to in version 0.24.0?,Abstain
CTX_006_MUT_09,What version of Pydantic was FastAPI upgraded to in version 0.24.0?,Abstain
CTX_006_MUT_10,What version of Pydantic was FastAPI upgraded to in version 0.24.0?,Abstain
CTX_006_MUT_11,What version of Pydantic was FastAPI upgraded to in version 0.24.0?,Abstain
CTX_006_MUT_12,What version of Pydantic was FastAPI upgraded to in version 0.24.0?,Abstain
CTX_006_MUT_13,What version of Pydantic was FastAPI upgraded to in version 0.24.0?,Abstain
CTX_007_MUT_01,The CSRF security vulnerability in versions prior to 0.65.2 relates to FastAPI automatically parsing content with any Content-Type as JSON.,Abstain
CTX_007_MUT_02,The CSRF security vulnerability in versions prior to 0.65.2 relates to FastAPI automatically parsing content with any Content-Type as JSON.,Abstain
CTX_007_MUT_03,The CSRF security vulnerability in versions prior to 0.65.2 relates to FastAPI automatically parsing content with any Content-Type as JSON.,Abstain
CTX_007_MUT_04,The CSRF security vulnerability in versions prior to 0.65.2 relates to FastAPI automatically parsing content with any Content-Type as JSON.,Abstain
CTX_007_MUT_05,The CSRF security vulnerability in versions prior to 0.65.2 relates to FastAPI automatically parsing content with any Content-Type as JSON.,Abstain
CTX_007_MUT_06,The CSRF security vulnerability in versions prior to 0.65.2 relates to FastAPI automatically parsing content with any Content-Type as JSON.,Abstain
CTX_007_MUT_07,The CSRF security vulnerability in versions prior to 0.65.2 relates to FastAPI automatically parsing content with any Content-Type as JSON.,Abstain
CTX_007_MUT_08,The CSRF security vulnerability in versions prior to 0.65.2 relates to FastAPI automatically parsing content with any Content-Type as JSON.,Abstain
CTX_007_MUT_09,The CSRF security vulnerability in versions prior to 0.65.2 relates to FastAPI automatically parsing content with any Content-Type as JSON.,Abstain
CTX_007_MUT_10,The CSRF security vulnerability in versions prior to 0.65.2 relates to FastAPI automatically parsing content with any Content-Type as JSON.,Abstain
CTX_007_MUT_11,The CSRF security vulnerability in versions prior to 0.65.2 relates to FastAPI automatically parsing content with any Content-Type as JSON.,Abstain
CTX_007_MUT_12,The CSRF security vulnerability in versions prior to 0.65.2 relates to FastAPI automatically parsing content with any Content-Type as JSON.,Abstain
CTX_007_MUT_13,The CSRF security vulnerability in versions prior to 0.65.2 relates to FastAPI automatically parsing content with any Content-Type as JSON.,Abstain
CTX_008_MUT_01,How to declare HTTP status code for response in decorators like @app.get()?,Abstain
CTX_008_MUT_02,How to declare HTTP status code for response in decorators like @app.get()?,"You can declare the HTTP status code for a response in decorators like `@app.get()` by using the `status_code` parameter. This parameter receives a number with the HTTP status code or an `IntEnum`, such as Python's `http.HTTPStatus`. 

For example:
```python
@app.get(status_code=200)
```
or
```python
from http import HTTPStatus
@app.get(status_code=HTTPStatus.OK)
```"
CTX_008_MUT_03,How to declare HTTP status code for response in decorators like @app.get()?,Abstain
CTX_008_MUT_04,How to declare HTTP status code for response in decorators like @app.get()?,"You can declare the HTTP status code for a response in decorators like `@app.get()` by using the `status_code` parameter. This parameter receives a number with the HTTP status code or an `IntEnum`, such as Python's `http.HTTPStatus`. 

Here is how you can do it:

```python
@app.get(status_code=200)
@app.post(status_code=201)
@app.put(status_code=200)
@app.delete(status_code=204)
```

or 

```python
from http import HTTPStatus

@app.get(status_code=HTTPStatus.OK)
@app.post(status_code=HTTPStatus.CREATED)
@app.put(status_code=HTTPStatus.OK)
@app.delete(status_code=HTTPStatus.NO_CONTENT)
```"
CTX_008_MUT_05,How to declare HTTP status code for response in decorators like @app.get()?,Abstain
CTX_008_MUT_06,How to declare HTTP status code for response in decorators like @app.get()?,Abstain
CTX_008_MUT_07,How to declare HTTP status code for response in decorators like @app.get()?,"You can declare the HTTP status code for a response in decorators like `@app.get()` by using the `status_code` parameter. This parameter receives a number with the HTTP status code or an `IntEnum`, such as Python's `http.HTTPStatus`. 

Here is how you can do it:

```python
@app.get(status_code=200)
@app.post(status_code=201)
@app.put(status_code=200)
@app.delete(status_code=204)
```

or 

```python
from http import HTTPStatus

@app.get(status_code=HTTPStatus.OK)
@app.post(status_code=HTTPStatus.CREATED)
@app.put(status_code=HTTPStatus.OK)
@app.delete(status_code=HTTPStatus.NO_CONTENT)
```"
CTX_008_MUT_08,How to declare HTTP status code for response in decorators like @app.get()?,Abstain
CTX_008_MUT_09,How to declare HTTP status code for response in decorators like @app.get()?,"You can declare the HTTP status code for a response in decorators like `@app.get()` by using the `status_code` parameter. This parameter can receive a string with the HTTP status code or an `IntEnum`, such as Python's `http.HTTPStatus`. 

For example:
```python
@app.get(status_code=200)
```
or
```python
from http import HTTPStatus
@app.get(status_code=HTTPStatus.OK)
```"
CTX_008_MUT_10,How to declare HTTP status code for response in decorators like @app.get()?,"You can declare the HTTP status code for a response in decorators like `@app.get()` by using the `status_code` parameter. This parameter receives a number with the HTTP status code or an `IntEnum`, such as Python's `http.HttpStatus`. 

Here is how to use it:

```python
@app.get(status_code=200)
@app.post(status_code=201)
@app.put(status_code=200)
@app.delete(status_code=204)
```

or 

```python
from http import HTTPStatus

@app.get(status_code=HTTPStatus.OK)
@app.post(status_code=HTTPStatus.CREATED)
@app.put(status_code=HTTPStatus.OK)
@app.delete(status_code=HTTPStatus.NO_CONTENT)
```"
CTX_008_MUT_11,How to declare HTTP status code for response in decorators like @app.get()?,"You can declare the HTTP status code for a response in decorators like `@app.get()` by using the `status_code` parameter. This parameter receives a number with the HTTP status code or an `IntEnum`, such as Python's `http.HTTPStatus`. 

Here is how you can do it:

```python
@app.get(status_code=200)
@app.post(status_code=201)
@app.put(status_code=200)
@app.delete(status_code=204)
```

or 

```python
from http import HTTPStatus

@app.get(status_code=HTTPStatus.OK)
@app.post(status_code=HTTPStatus.CREATED)
@app.put(status_code=HTTPStatus.OK)
@app.delete(status_code=HTTPStatus.NO_CONTENT)
```"
CTX_008_MUT_12,How to declare HTTP status code for response in decorators like @app.get()?,"You can declare the HTTP status code for a response in decorators like `@app.get()` by using the `status_code` parameter. 

Here is how you do it:

* `@app.get(status_code=200)`
* `@app.post(status_code=201)`
* `@app.put(status_code=200)`
* `@app.delete(status_code=204)`

Alternatively, you can also use an `Enum`, such as Python's [`http.HTTPStatus`](https://docs.python.org/3/library/http.html#http.HTTPStatus).

For example:

* `@app.get(status_code=http.HTTPStatus.OK)`
* `@app.post(status_code=http.HTTPStatus.CREATED)` 

The `status_code` parameter receives a number with the HTTP status code or an `Enum` and will:

* Return that status code in the response.
* Document it as such in the OpenAPI schema (and so, in the user interfaces)."
CTX_008_MUT_13,How to declare HTTP status code for response in decorators like @app.get()?,"You can declare the HTTP status code for a response in decorators like `@app.get()` by using the `status_code` parameter. 

Here is how you do it:

* `@app.get(status_code=200)`
* `@app.post(status_code=201)`
* `@app.put(status_code=200)`
* `@app.delete(status_code=204)`

Alternatively, you can also use `http.HTTPStatus` like this:

* `@app.get(status_code=http.HTTPStatus.OK)`
* `@app.post(status_code=http.HTTPStatus.CREATED)`
* `@app.put(status_code=http.HTTPStatus.OK)`
* `@app.delete(status_code=http.HTTPStatus.NO_CONTENT)`"
CTX_009_MUT_01,"In the 0.96.0 release, what updates are related to internal performance optimization and documentation for Deta?","In the 0.96.0 release, the updates related to internal performance optimization and documentation for Deta are:

* Update `create_cloned_field` to use a global cache and improve startup performance.
* Update Deta deployment tutorial for compatibility with Deta Space.
* Fix typo in Deta deployment tutorial. 

These updates are specifically mentioned in the provided context as part of the 0.96.0 release."
CTX_009_MUT_02,"In the 0.96.0 release, what updates are related to internal performance optimization and documentation for Deta?","In the 0.96.0 release, the updates related to internal performance optimization and documentation for Deta are:

* Update `create_cloned_field` to use a global cache and improve **runtime** performance. 
* Update Deta deployment tutorial for compatibility with Deta **Cloud**. 
* Fix typo in Deta deployment tutorial."
CTX_009_MUT_03,"In the 0.96.0 release, what updates are related to internal performance optimization and documentation for Deta?","In the 0.96.0 release, for internal performance optimization, the update related to runtime performance is:

* ⚡️ Update `create_cloned_field` to use a global cache and improve **runtime** performance. PR [#4645](https://github.com/tiangolo/fastapi/pull/4645) by [@madkinsz](https://github.com/madkinsz) and previous original PR by [@huonw](https://github.com/huonw).

For documentation related to Deta, the updates are:

* 📝 Update Deta deployment tutorial for compatibility with Deta Space. PR [#6004](https://github.com/tiangolo/fastapi/pull/6004) by [@mikBighne98](https://github.com/mikBighne98).
* ✏️ Fix typo in Deta deployment tutorial. PR [#9501](https://github.com/tiangolo/fastapi/pull/9501) by [@lemonyte](https://github.com/lemonyte)."
CTX_009_MUT_04,"In the 0.96.0 release, what updates are related to internal performance optimization and documentation for Deta?","In the 0.96.0 release, 

* Update `create_cloned_field` to use a global cache and decrease startup performance.
* Update Deta deployment tutorial for compatibility with Deta Space.
* Fix typo in Deta deployment tutorial. 

Therefore, the updates related to internal performance optimization and documentation for Deta are: 
* Update `create_cloned_field` to use a global cache and decrease startup performance.
* Update Deta deployment tutorial for compatibility with Deta Space.
* Fix typo in Deta deployment tutorial."
CTX_009_MUT_05,"In the 0.96.0 release, what updates are related to internal performance optimization and documentation for Deta?","In the 0.96.0 release, the updates related to internal performance optimization and documentation for Deta are:

* Update `create_cloned_field` to use a global cache and decrease startup performance.
* Update Deta deployment tutorial for compatibility with Deta Space.
* Fix typo in Deta deployment tutorial. 

These updates are specifically mentioned in the provided CONTEXT 0. 

So, the answer would be: 
* ⚡ Update `create_cloned_field` to use a global cache and decrease startup performance. 
* 📝 Update Deta deployment tutorial for compatibility with Deta Space.
* ✏️ Fix typo in Deta deployment tutorial."
CTX_009_MUT_06,"In the 0.96.0 release, what updates are related to internal performance optimization and documentation for Deta?","In the 0.96.0 release, for internal performance optimization, the update related to runtime performance is:

* ⚡ Update `create_cloned_field` to use a global cache and improve **runtime** performance. PR [#4645](https://github.com/tiangolo/fastapi/pull/4645) by [@madkinsz](https://github.com/madkinsz) and previous original PR by [@huonw](https://github.com/huonw).

For documentation related to Deta, the updates are:

* 📝 Update Deta deployment tutorial for compatibility with Deta **Micro**. PR [#6004](https://github.com/tiangolo/fastapi/pull/6004) by [@mikBighne98](https://github.com/mikBighne98).
* ✏️ Fix typo in Deta deployment tutorial. PR [#9501](https://github.com/tiangolo/fastapi/pull/9501) by [@lemonyte](https://github.com/lemonyte)."
CTX_009_MUT_07,"In the 0.96.0 release, what updates are related to internal performance optimization and documentation for Deta?","In the 0.96.0 release, the updates related to internal performance optimization and documentation for Deta are:

* Update `create_cloned_field` to use a local cache and improve startup performance. 
* Update Deta deployment tutorial for incompatibility with Deta Space.
* Fix typo in Deta deployment tutorial."
CTX_009_MUT_08,"In the 0.96.0 release, what updates are related to internal performance optimization and documentation for Deta?","In the 0.96.0 release, the updates related to internal performance optimization and documentation for Deta are:

* Update `create_cloned_field` to use a global cache and improve startup performance. 
* Update Deta deployment tutorial for compatibility with Deta Space.
* Fix typo in Deta deployment tutorial."
CTX_009_MUT_09,"In the 0.96.0 release, what updates are related to internal performance optimization and documentation for Deta?","In the 0.96.0 release, for internal performance optimization, the update is: 

* ⚡ Update `create_cloned_field` to use a global cache and decrease startup performance. PR [#4645](https://github.com/tiangolo/fastapi/pull/4645) by [@madkinsz](https://github.com/madkinsz) and previous original PR by [@huonw](https://github.com/huonw).

For documentation related to Deta, the updates are: 

* 📝 Update Deta deployment tutorial for compatibility with Deta Space. PR [#6004](https://github.com/tiangolo/fastapi/pull/6004) by [@mikBighne98](https://github.com/mikBighne98).
* ✏️ Fix typo in Deta deployment tutorial. PR [#9501](https://github.com/tiangolo/fastapi/pull/9501) by [@lemonyte](https://github.com/lemonyte)."
CTX_009_MUT_10,"In the 0.96.0 release, what updates are related to internal performance optimization and documentation for Deta?","In the 0.96.0 release, the update related to internal performance optimization is:

* ⚡ Update `create_cloned_field` to use a global cache and improve **runtime** performance. PR [#4645](https://github.com/tiangolo/fastapi/pull/4645) by [@madkinsz](https://github.com/madkinsz) and previous original PR by [@huonw](https://github.com/huonw).

The updates related to documentation for Deta are:

* 📝 Update Deta deployment tutorial for compatibility with Deta Space. PR [#6004](https://github.com/tiangolo/fastapi/pull/6004) by [@mikBighne98](https://github.com/mikBighne98).
* ✏️ Fix typo in Deta deployment tutorial. PR [#9501](https://github.com/tiangolo/fastapi/pull/9501) by [@lemonyte](https://github.com/lemonyte)."
CTX_009_MUT_11,"In the 0.96.0 release, what updates are related to internal performance optimization and documentation for Deta?","In the 0.96.0 release, the updates related to internal performance optimization and documentation for Deta are:

* Update `create_cloned_field` to use a global cache and improve runtime performance.
* Update Deta deployment tutorial for compatibility with Deta Space.
* Fix typo in Deta deployment tutorial. 

These updates are specified in the provided CONTEXT 0."
CTX_009_MUT_12,"In the 0.96.0 release, what updates are related to internal performance optimization and documentation for Deta?","In the 0.96.0 release, 
* Update `create_cloned_field` to use a global cache and improve startup performance. 
* Update Deta deployment tutorial for compatibility with Deta Space. 
* Fix typo in Deta deployment tutorial."
CTX_009_MUT_13,"In the 0.96.0 release, what updates are related to internal performance optimization and documentation for Deta?","In the 0.96.0 release, 
* Update `create_cloned_field` to use a global cache and improve startup performance. 
* Update Deta deployment tutorial for compatibility with Deta Space. 
* Fix typo in Deta deployment tutorial."
CTX_010_MUT_01,"In FastAPI, can a dependency be declared using 'async def' and used within a path operation function defined using a 'def' function normally?",Abstain
CTX_010_MUT_02,"In FastAPI, can a dependency be declared using 'async def' and used within a path operation function defined using a 'def' function normally?","## Step 1: Understand the Context
The provided context discusses the use of `async def` and normal `def` for defining path operation functions and dependencies in FastAPI. It mentions that the same rules apply to dependencies called by FastAPI as to path operation functions.

## 2: Identify Relevant Information
The context explicitly states: ""And you can declare dependencies with `async def` inside of normal `def` path operation functions, or `def` dependencies inside of `async def` path operation functions, etc.""

## 3: Interpret the Information
This means that FastAPI allows for mixing `async def` and `def` when defining dependencies and path operation functions. Specifically, it supports declaring a dependency with `async def` and using it within a path operation function defined with `def`.

## 4: Conclusion
Given the information from the context, it is clear that a dependency declared using `async def` can indeed be used within a path operation function defined using a `def` function normally.

The answer is: $\boxed{yes}$"
CTX_010_MUT_03,"In FastAPI, can a dependency be declared using 'async def' and used within a path operation function defined using a 'def' function normally?",Abstain
CTX_010_MUT_04,"In FastAPI, can a dependency be declared using 'async def' and used within a path operation function defined using a 'def' function normally?","Yes. According to the provided Context, specifically [CONTEXT 0], it is stated that: 

""And you can declare dependencies with `async def` inside of normal `def` *path operation functions*, or `def` dependencies inside of `async def` *path operation functions*, etc.

It doesn't matter. **FastAPI** will know what to do.""

Therefore, a dependency declared using 'async def' can indeed be used within a path operation function defined using a 'def' function normally."
CTX_010_MUT_05,"In FastAPI, can a dependency be declared using 'async def' and used within a path operation function defined using a 'def' function normally?",Abstain
CTX_010_MUT_06,"In FastAPI, can a dependency be declared using 'async def' and used within a path operation function defined using a 'def' function normally?",Abstain
CTX_010_MUT_07,"In FastAPI, can a dependency be declared using 'async def' and used within a path operation function defined using a 'def' function normally?","Yes. According to the provided Context, specifically [CONTEXT 0], it is stated that: 

""You can declare dependencies with `async def` inside of normal `def` *path operation functions*, or `def` dependencies inside of `async def` *path operation functions*, etc. 

It doesn't matter. **FastAPI** will know what to do."" 

Therefore, a dependency declared using 'async def' can indeed be used within a path operation function defined using a 'def' function normally."
CTX_010_MUT_08,"In FastAPI, can a dependency be declared using 'async def' and used within a path operation function defined using a 'def' function normally?","According to the provided Context, specifically [CONTEXT 0], it is stated that:

""...you can declare dependencies with `async def` inside of normal `def` *path operation functions*, or `def` dependencies inside of `async def` *path operation functions*, etc. It doesn't matter. **FastAPI** will know what to do.""

Therefore, the answer is: Yes."
CTX_010_MUT_09,"In FastAPI, can a dependency be declared using 'async def' and used within a path operation function defined using a 'def' function normally?","## Step 1: Understand the context of the problem
The problem is asking about the compatibility of using `async def` for dependencies within path operation functions defined with `def` in FastAPI.

## 2: Recall FastAPI's handling of async and def functions
FastAPI allows the use of both `async def` and normal `def` for defining path operation functions and dependencies.

## 3: Analyze the compatibility
According to the provided context, it is stated that dependencies can be declared with `async def` inside of normal `def` path operation functions.

## 4: Draw a conclusion based on the analysis
Given the information from the context, it appears that FastAPI can handle `async def` dependencies within `def` path operation functions without issues.

The best answer is: $\boxed{Abstain}$"
CTX_010_MUT_10,"In FastAPI, can a dependency be declared using 'async def' and used within a path operation function defined using a 'def' function normally?",Abstain
CTX_010_MUT_11,"In FastAPI, can a dependency be declared using 'async def' and used within a path operation function defined using a 'def' function normally?",Abstain
CTX_010_MUT_12,"In FastAPI, can a dependency be declared using 'async def' and used within a path operation function defined using a 'def' function normally?","## Step 1: Understand the context of using async and def in FastAPI
In FastAPI, when defining path operation functions and dependencies, you can use either `async def` for asynchronous functions or `def` for synchronous functions.

## 2: Determine the compatibility of async def dependencies in def path operations
The provided context indicates that you can declare dependencies with `async def` inside of normal `def` path operation functions. This implies that FastAPI can handle mixing asynchronous dependencies with synchronous path operations.

## 3: Conclusion based on the provided context
Given that FastAPI can handle `async def` dependencies within `def` path operation functions, it means you can indeed declare a dependency using `async def` and use it within a path operation function defined using a `def` function.

The best answer is: Abstain"
CTX_010_MUT_13,"In FastAPI, can a dependency be declared using 'async def' and used within a path operation function defined using a 'def' function normally?",Abstain
CTX_011_MUT_01,"When defining a Pydantic model (such as Image) and using it as a data type for a field of another model, what automatic benefits does FastAPI provide?",Abstain
CTX_011_MUT_02,"When defining a Pydantic model (such as Image) and using it as a data type for a field of another model, what automatic benefits does FastAPI provide?",Abstain
CTX_011_MUT_03,"When defining a Pydantic model (such as Image) and using it as a data type for a field of another model, what automatic benefits does FastAPI provide?",Abstain
CTX_011_MUT_04,"When defining a Pydantic model (such as Image) and using it as a data type for a field of another model, what automatic benefits does FastAPI provide?",Abstain
CTX_011_MUT_05,"When defining a Pydantic model (such as Image) and using it as a data type for a field of another model, what automatic benefits does FastAPI provide?",Abstain
CTX_011_MUT_06,"When defining a Pydantic model (such as Image) and using it as a data type for a field of another model, what automatic benefits does FastAPI provide?",Abstain
CTX_011_MUT_07,"When defining a Pydantic model (such as Image) and using it as a data type for a field of another model, what automatic benefits does FastAPI provide?",Abstain
CTX_011_MUT_08,"When defining a Pydantic model (such as Image) and using it as a data type for a field of another model, what automatic benefits does FastAPI provide?",Abstain
CTX_011_MUT_09,"When defining a Pydantic model (such as Image) and using it as a data type for a field of another model, what automatic benefits does FastAPI provide?",Abstain
CTX_011_MUT_10,"When defining a Pydantic model (such as Image) and using it as a data type for a field of another model, what automatic benefits does FastAPI provide?",Abstain
CTX_011_MUT_11,"When defining a Pydantic model (such as Image) and using it as a data type for a field of another model, what automatic benefits does FastAPI provide?",Abstain
CTX_011_MUT_12,"When defining a Pydantic model (such as Image) and using it as a data type for a field of another model, what automatic benefits does FastAPI provide?",Abstain
CTX_011_MUT_13,"When defining a Pydantic model (such as Image) and using it as a data type for a field of another model, what automatic benefits does FastAPI provide?",Abstain
CTX_012_MUT_01,The combination of FastAPI and Pydantic brings out which notable features related to data validation and interaction with Editor?,"The combination of FastAPI and Pydantic brings out the following notable features:

* Editor support (completion, etc.), even for nested models
* Data conversion
* Data validation
* Automatic documentation

Additionally, it also provides:
* No need to learn new schema definition micro-language
* Plays nicely with IDE/linter 
* 100% test coverage. 

These features are derived from the provided Context."
CTX_012_MUT_02,The combination of FastAPI and Pydantic brings out which notable features related to data validation and interaction with Editor?,"The notable features related to data validation and interaction with the Editor, brought out by the combination of FastAPI and Pydantic, include:

* **No brainfuck**: No new schema definition micro-language to learn, and if you know Python types, you know how to use Pydantic.
* Plays nicely with your **IDE/linter/brain**: auto-completion, linting, mypy, and your intuition should all work properly with your validated data.
* Validate **complex structures**: Use of hierarchical Pydantic models, Python `typing`’s `List` and `Dict`, etc.
* **Extensible**: Pydantic allows custom data types to be defined or you can extend validation with methods on a model decorated with the validator decorator.
* Editor support (completion, etc.), even for nested models
* Data conversion
* Data validation
* Automatic documentation

These features enable seamless data validation, automatic documentation, and smooth interaction with the Editor, making it easier to work with complex data structures and ensuring that your data is validated and annotated correctly."
CTX_012_MUT_03,The combination of FastAPI and Pydantic brings out which notable features related to data validation and interaction with Editor?,"Based on the provided Context, the notable features related to data validation and interaction with Editor are:

* Editor support (completion, etc.), even for nested models
* Data conversion
* Data validation
* Automatic documentation

These features are mentioned in CONTEXT 3. 

Additionally, CONTEXT 1 and CONTEXT 0 also mention other features such as:
* No need to learn a new schema definition micro-language
* Plays nicely with IDE/linter/brain
* Auto-completion, linting, mypy and intuition work properly with validated data
* Validation of complex structures
* Extensibility with custom data types and validators

However, the question seems to be focused on the combination of FastAPI and Pydantic, and CONTEXT 3 directly addresses this. 

Therefore, a concise answer would be: 
* Editor support (completion, etc.), even for nested models
* Data conversion
* Data validation
* Automatic documentation."
CTX_012_MUT_04,The combination of FastAPI and Pydantic brings out which notable features related to data validation and interaction with Editor?,"The notable features related to data validation and interaction with Editor, brought out by the combination of FastAPI and Pydantic, include:

* Plays nicely with your **IDE/linter/brain**: 
    * No new schema definition micro-language to learn.
    * If you know Python types you know how to use Pydantic.
* Editor support (completion, etc.), even for nested models
* Data conversion
* Data validation
* Automatic documentation
* Validate **complex structures**: 
    * Use of hierarchical Pydantic models, Python `typing`’s `List` and `Dict`, etc.
    * And validators allow complex data schemas to be clearly and easily defined, checked and documented as JSON Schema.
    * You can have deeply **nested JSON** objects and have them all validated and annotated.
* **Extensible**: 
    * Pydantic allows custom data types to be defined or you can extend validation with methods on a model decorated with the validator decorator."
CTX_012_MUT_05,The combination of FastAPI and Pydantic brings out which notable features related to data validation and interaction with Editor?,"The notable features related to data validation and interaction with Editor, brought out by the combination of FastAPI and Pydantic, are:

* Editor support (completion, etc.), even for nested models
* Data conversion
* Data validation
* Automatic documentation

Additionally, Pydantic features include:
* No need to learn a new schema definition micro-language
* Plays nicely with IDE/linter/brain
* Auto-completion, linting, mypy and intuition work properly with validated data
* Validation of complex structures
* Extensible with custom data types and validators
* 100% test coverage. 

These features make it possible to pass objects directly from requests to databases and vice versa, with automatic validation."
CTX_012_MUT_06,The combination of FastAPI and Pydantic brings out which notable features related to data validation and interaction with Editor?,"The notable features related to data validation and interaction with the Editor, brought out by the combination of FastAPI and Pydantic, include:

* **No brainfuck**: No new schema definition micro-language to learn. If you know Python types, you know how to use Pydantic.
* **Plays nicely with your IDE/linter/brain**: Because Pydantic data structures are just instances of classes you define; auto-completion, linting, mypy, and your intuition should all work properly with your validated data.
* **Validate complex structures**: Use of hierarchical Pydantic models, Python `typing`’s `List` and `Dict`, etc. 
* **Extensible**: Pydantic allows custom data types to be defined or you can extend validation with methods on a model decorated with the serializer decorator.
* **Editor support**: Editor support (completion, etc.), even for nested models.
* **Data conversion**: Data conversion
* **Data validation**: Data validation
* **Automatic documentation**: Automatic documentation. 

These features enable seamless data validation, interaction with the Editor, and overall, a more efficient and effective development experience."
CTX_012_MUT_07,The combination of FastAPI and Pydantic brings out which notable features related to data validation and interaction with Editor?,"FastAPI, being fully compatible with Pydantic, brings out several notable features related to data validation and interaction with the Editor:

* **Editor support**: 
    * Editor support (completion, etc.), even for nested models
* **Data validation**: 
    * Validate complex structures using hierarchical Pydantic models, Python `typing`’s `List` and `Dict`, etc.
    * Deeply **nested JSON** objects can be validated and annotated.
* **No brainfuck**: 
    * No new schema definition micro-language to learn.
    * If you know Python types, you know how to use Pydantic.
* ** Plays nicely with your IDE/linter/brain**:
    * Auto-completion, linting, mypy, and your intuition should all work properly with your validated data.
* **Extensible**: 
    * Pydantic allows custom data types to be defined or you can extend validation with methods on a model decorated with the validator decorator.
* **FastAPI and Pydantic compatibility**:
    * Any additional Pydantic code you have will also work.
    * External libraries based on Pydantic, such as ORMs and ODMs for databases, can be used seamlessly.
    * In many cases, you can pass the same object you get from a request **directly to the database**, as everything is validated automatically.
    * The same applies the other way around; in many cases, you can pass the object you get from the database **directly to the client**."
CTX_012_MUT_08,The combination of FastAPI and Pydantic brings out which notable features related to data validation and interaction with Editor?,"The notable features related to data validation and interaction with Editor, brought out by the combination of FastAPI and Pydantic, include:

* Editor support (completion, etc.), even for nested models
* Data conversion
* Data validation
* Automatic documentation
* No need to learn a new schema definition micro-language, as Pydantic uses Python types
* Plays nicely with IDE/linter/brain, allowing for auto-completion, linting, and mypy to work properly with validated data
* Validation of complex structures, including hierarchical Pydantic models, Python `typing`’s `List` and `Dict`, etc.
* Extensible, allowing custom data types to be defined or validation to be extended with methods on a model decorated with the serializer decorator."
CTX_012_MUT_09,The combination of FastAPI and Pydantic brings out which notable features related to data validation and interaction with Editor?,"The notable features related to data validation and interaction with Editor, brought out by the combination of FastAPI and Pydantic, include:

* **No brainfuck**: No new schema definition micro-language to learn. If you know Python types, you know how to use Pydantic.
* Plays nicely with your **IDE/linter/brain**: Because Pydantic data structures are just instances of classes you define; auto-completion, linting, mypy, and your intuition should all work properly with your validated data.
* **Editor support** (completion, etc.), even for nested models
* **Data conversion**
* **Data validation**: Validate **complex structures** using hierarchical Pydantic models, Python `typing`’s `List` and `Dict`, etc.
* **Extensible**: Pydantic allows custom data types to be defined or you can extend validation with methods on a model decorated with the validator decorator.
* **Automatic documentation**"
CTX_012_MUT_10,The combination of FastAPI and Pydantic brings out which notable features related to data validation and interaction with Editor?,"The notable features related to data validation and interaction with Editor, brought out by the combination of FastAPI and Pydantic, include:

* **No brainfuck**: No new schema definition micro-language to learn. If you know Python types, you know how to use Pydantic.
* Plays nicely with your **IDE/linter/brain**: Because Pydantic data structures are just instances of classes you define; auto-completion, linting, mypy, and your intuition should all work properly with your validated data.
* Validate **complex structures**: Use of hierarchical Pydantic models, Python `typing`’s `List` and `Dict`, etc. 
* **Extensible**: Pydantic allows custom data types to be defined or you can extend validation with methods on a model decorated with the validator decorator.
* Editor support (completion, etc.), even for nested models
* Data conversion
* Data validation
* Automatic documentation"
CTX_012_MUT_11,The combination of FastAPI and Pydantic brings out which notable features related to data validation and interaction with Editor?,Abstain
CTX_012_MUT_12,The combination of FastAPI and Pydantic brings out which notable features related to data validation and interaction with Editor?,"The notable features related to data validation and interaction with Editor, brought out by the combination of FastAPI and Pydantic, include:

* **No brainfuck**: No new schema definition micro-language to learn. If you know Python types, you know how to use Pydantic.
* Plays nicely with your **IDE/linter/brain**: Because Pydantic data structures are just instances of classes you define; auto-completion, linting, mypy, and your intuition should all work properly with your validated data.
* Validate **complex structures**: Use of hierarchical Pydantic models, Python `typing`’s `List` and `Dict`, etc. 
* **Extensible**: Pydantic allows custom data types to be defined or you can extend validation with methods on a model decorated with the validator decorator.
* Editor support (completion, etc.), even for nested models
* Data conversion
* Data validation
* Automatic documentation

These features enable seamless data validation and interaction with the Editor, making it easier to work with complex data structures and ensuring that data is validated and annotated correctly."
CTX_012_MUT_13,The combination of FastAPI and Pydantic brings out which notable features related to data validation and interaction with Editor?,"The notable features related to data validation and interaction with Editor, brought out by the combination of FastAPI and Pydantic, are:

* **No brainfuck**: No new schema definition micro-language to learn. If you know Python types, you know how to use Pydantic.
* Plays nicely with your **IDE/linter/brain**: Because Pydantic data structures are just instances of classes you define; auto-completion, linting, mypy, and your intuition should all work properly with your validated data.
* **Editor support** (completion, etc.), even for nested models
* **Data validation**: Validate complex structures using hierarchical Pydantic models, Python `typing`’s `Tuple` and `Set`, etc.
* **Extensible**: Pydantic allows custom data types to be defined or you can extend validation with methods on a model decorated with the validator decorator.

These features enable seamless data validation, automatic documentation, and smooth interaction with the Editor, making it easier to work with validated data."
CTX_013_MUT_01,"In addition to supporting autocompletion and validation for basic data types (JSON object, array, string, number), what other complex data types does FastAPI's validation system also support?",Abstain
CTX_013_MUT_02,"In addition to supporting autocompletion and validation for basic data types (JSON object, array, string, number), what other complex data types does FastAPI's validation system also support?",Abstain
CTX_013_MUT_03,"In addition to supporting autocompletion and validation for basic data types (JSON object, array, string, number), what other complex data types does FastAPI's validation system also support?",Abstain
CTX_013_MUT_04,"In addition to supporting autocompletion and validation for basic data types (JSON object, array, string, number), what other complex data types does FastAPI's validation system also support?",Abstain
CTX_013_MUT_05,"In addition to supporting autocompletion and validation for basic data types (JSON object, array, string, number), what other complex data types does FastAPI's validation system also support?",Abstain
CTX_013_MUT_06,"In addition to supporting autocompletion and validation for basic data types (JSON object, array, string, number), what other complex data types does FastAPI's validation system also support?",Abstain
CTX_013_MUT_07,"In addition to supporting autocompletion and validation for basic data types (JSON object, array, string, number), what other complex data types does FastAPI's validation system also support?",Abstain
CTX_013_MUT_08,"In addition to supporting autocompletion and validation for basic data types (JSON object, array, string, number), what other complex data types does FastAPI's validation system also support?",Abstain
CTX_013_MUT_09,"In addition to supporting autocompletion and validation for basic data types (JSON object, array, string, number), what other complex data types does FastAPI's validation system also support?",Abstain
CTX_013_MUT_10,"In addition to supporting autocompletion and validation for basic data types (JSON object, array, string, number), what other complex data types does FastAPI's validation system also support?",Abstain
CTX_013_MUT_11,"In addition to supporting autocompletion and validation for basic data types (JSON object, array, string, number), what other complex data types does FastAPI's validation system also support?",Abstain
CTX_013_MUT_12,"In addition to supporting autocompletion and validation for basic data types (JSON object, array, string, number), what other complex data types does FastAPI's validation system also support?",Abstain
CTX_013_MUT_13,"In addition to supporting autocompletion and validation for basic data types (JSON object, array, string, number), what other complex data types does FastAPI's validation system also support?",Abstain
CTX_014_MUT_01,What security patch 0.92.0 addresses the Denial of Service (DoS) vulnerability related to which component in the FastAPI application?,"In 0.92.0, FastAPI upgrades Starlette to 0.25.0, which fixes a security vulnerability that could allow denial of service (DoS) attacks by using many small multipart fields/files (parts), consuming high CPU and memory. This specifically relates to the Starlette component in the FastAPI application. 

The specific component in question here is Starlette."
CTX_014_MUT_02,What security patch 0.92.0 addresses the Denial of Service (DoS) vulnerability related to which component in the FastAPI application?,"In 0.92.0, FastAPI upgrades Starlette to 0.24.0, which solves a vulnerability that could allow denial of service attacks by using many small multipart fields/files (parts), consuming high CPU and memory. This particularly affects applications using forms, such as file uploads. 

The security patch 0.92.0 addresses the Denial of Service (DoS) vulnerability related to Starlette component in the FastAPI application."
CTX_014_MUT_03,What security patch 0.92.0 addresses the Denial of Service (DoS) vulnerability related to which component in the FastAPI application?,"In 0.92.0, FastAPI upgrades Starlette to 0.25.0, which fixes a vulnerability that could allow denial of service attacks by using few large multipart fields/files (parts), consuming high CPU and memory. This particularly affects applications using forms, such as file uploads. 

Therefore, the security patch 0.92.0 addresses the Denial of Service (DoS) vulnerability related to Starlette component in the FastAPI application."
CTX_014_MUT_04,What security patch 0.92.0 addresses the Denial of Service (DoS) vulnerability related to which component in the FastAPI application?,"In 0.92.0, FastAPI upgrades Starlette to 0.25.0, addressing a vulnerability that could allow denial of service attacks by using many small multipart fields/files (parts), consuming high CPU and memory. This particularly affects applications using forms, such as file uploads. 

The security patch 0.92.0 addresses the Denial of Service (DoS) vulnerability related to Starlette component in the FastAPI application."
CTX_014_MUT_05,What security patch 0.92.0 addresses the Denial of Service (DoS) vulnerability related to which component in the FastAPI application?,"In 0.92.0, FastAPI upgrades Starlette to 0.25.0, which solves a vulnerability that could allow denial of service attacks by using many small multipart fields/files (parts), consuming high CPU and memory. Therefore, the security patch 0.92.0 addresses the Denial of Service (DoS) vulnerability related to Starlette component in the FastAPI application."
CTX_014_MUT_06,What security patch 0.92.0 addresses the Denial of Service (DoS) vulnerability related to which component in the FastAPI application?,"In 0.92.0, FastAPI upgrades the Starlette component to version 0.25.0 to address a Denial of Service (DoS) vulnerability that could be exploited by using many small multipart fields/files, consuming high CPU and memory. This vulnerability primarily affects applications that do not use forms, such as file uploads."
CTX_014_MUT_07,What security patch 0.92.0 addresses the Denial of Service (DoS) vulnerability related to which component in the FastAPI application?,"In 0.92.0, FastAPI upgrades Starlette to 0.24.0, which fixes a DoS vulnerability that could allow an attacker to cause high CPU and memory consumption by using many small multipart fields/files (parts). This vulnerability was related to the handling of forms, specifically file uploads. Therefore, the component related to this security patch is Starlette."
CTX_014_MUT_08,What security patch 0.92.0 addresses the Denial of Service (DoS) vulnerability related to which component in the FastAPI application?,"In the provided CONTEXT, specifically in [CONTEXT 0], it is mentioned that the security fix in version 0.92.0 involves an upgrade of the Starlette component to version 0.25.0. This upgrade addresses a vulnerability that could allow denial of service (DoS) attacks by using many small multipart fields/files (parts), which could consume high CPU and memory. Therefore, the security patch 0.92.0 addresses the Denial of Service (DoS) vulnerability related to the Starlette component in the FastAPI application."
CTX_014_MUT_09,What security patch 0.92.0 addresses the Denial of Service (DoS) vulnerability related to which component in the FastAPI application?,"In the provided CONTEXT, specifically in [CONTEXT 0], it is mentioned that the security fix in version 0.92.0 upgrades Starlette to 0.25.0. This upgrade addresses a vulnerability that could allow denial of service attacks by using few large multipart fields/files (parts), consuming high CPU and memory. The affected component is related to file uploads, specifically when applications use forms.

Therefore, the security patch 0.92.0 addresses the Denial of Service (DoS) vulnerability related to the Starlette component in the FastAPI application, particularly in the context of handling multipart forms, such as file uploads."
CTX_014_MUT_10,What security patch 0.92.0 addresses the Denial of Service (DoS) vulnerability related to which component in the FastAPI application?,"In 0.92.0, FastAPI upgrades Starlette to 0.25.0, which solves a vulnerability that could allow denial of service attacks by using few large multipart fields/files (parts), consuming high CPU and memory. This specifically affects applications using forms, such as file uploads. 

The security patch 0.92.0 addresses the Denial of Service (DoS) vulnerability related to Starlette component in the FastAPI application."
CTX_014_MUT_11,What security patch 0.92.0 addresses the Denial of Service (DoS) vulnerability related to which component in the FastAPI application?,"In 0.92.0, FastAPI upgrades Starlette to 0.25.0 to address a Denial of Service (DoS) vulnerability that could allow attacks by using few large multipart fields/files (parts), consuming high CPU and memory. This specifically affects applications using forms, such as file uploads."
CTX_014_MUT_12,What security patch 0.92.0 addresses the Denial of Service (DoS) vulnerability related to which component in the FastAPI application?,"In 0.92.0, FastAPI upgrades Starlette to 0.25.0, which fixes a DoS vulnerability related to using many small multipart fields/files (parts) in forms (e.g., file uploads), which could consume high CPU and memory. Therefore, the security patch 0.92.0 addresses the Denial of Service (DoS) vulnerability related to the Starlette component in the FastAPI application."
CTX_014_MUT_13,What security patch 0.92.0 addresses the Denial of Service (DoS) vulnerability related to which component in the FastAPI application?,"In 0.92.0, the security patch addresses the Denial of Service (DoS) vulnerability related to the Starlette component, specifically version 0.25.0, which solves a vulnerability that could allow denial of service attacks by using few large multipart fields/files (parts), consuming high CPU and memory."
CTX_015_MUT_01,"In the ASGI specification, what protocol do the 'startup' and 'shutdown' events belong to?",Lifespan Protocol
CTX_015_MUT_02,"In the ASGI specification, what protocol do the 'startup' and 'shutdown' events belong to?","According to the provided Context, specifically [CONTEXT 0], the `startup` and `stop` events are part of the **Lifespan Protocol**."
CTX_015_MUT_03,"In the ASGI specification, what protocol do the 'startup' and 'shutdown' events belong to?",Lifespan Protocol
CTX_015_MUT_04,"In the ASGI specification, what protocol do the 'startup' and 'shutdown' events belong to?",Abstain
CTX_015_MUT_05,"In the ASGI specification, what protocol do the 'startup' and 'shutdown' events belong to?",Abstain
CTX_015_MUT_06,"In the ASGI specification, what protocol do the 'startup' and 'shutdown' events belong to?",Lifespan Protocol
CTX_015_MUT_07,"In the ASGI specification, what protocol do the 'startup' and 'shutdown' events belong to?",Lifespan Protocol
CTX_015_MUT_08,"In the ASGI specification, what protocol do the 'startup' and 'shutdown' events belong to?",Lifespan Protocol
CTX_015_MUT_09,"In the ASGI specification, what protocol do the 'startup' and 'shutdown' events belong to?","According to the provided Context, specifically [CONTEXT 0], the `startup` and `close` events (not 'shutdown') are part of the **Lifespan Protocol**."
CTX_015_MUT_10,"In the ASGI specification, what protocol do the 'startup' and 'shutdown' events belong to?","According to the provided Context, specifically [CONTEXT 0], the `startup` and `stop` events are part of the **Lifespan Protocol**. 

However, the question mentioned 'startup' and 'shutdown' events. The Context actually mentions `startup` and `stop` events. Given that the Context does not explicitly mention 'shutdown', but rather 'stop', and to adhere strictly to the information provided:

The answer would relate to Lifespan, but since 'shutdown' is not explicitly mentioned and to ensure accuracy with the given information:

Abstain"
CTX_015_MUT_11,"In the ASGI specification, what protocol do the 'startup' and 'shutdown' events belong to?","According to the provided Context, specifically [CONTEXT 0], the `startup` and `terminate` events are part of the **Lifespan Protocol**. 

However, the question refers to 'startup' and 'shutdown' events. The Context actually mentions `startup` and `terminate`, not `shutdown`. Given the information provided and the possibility of a typo in the question:

The answer is: Lifespan Protocol."
CTX_015_MUT_12,"In the ASGI specification, what protocol do the 'startup' and 'shutdown' events belong to?",Lifespan Protocol
CTX_015_MUT_13,"In the ASGI specification, what protocol do the 'startup' and 'shutdown' events belong to?",Abstain
CTX_016_MUT_01,What is the concept of 'OpenAPI Callback' in FastAPI described as?,Abstain
CTX_016_MUT_02,What is the concept of 'OpenAPI Callback' in FastAPI described as?,"In FastAPI, an OpenAPI Callback is described as a process where an API, upon being called, triggers a request to an external API. The external API then sends a request back to the original API, which is referred to as a ""callback"". This concept allows for the documentation of the external API's expected behavior, including the path operation, request body, and response. 

Specifically, it is defined as: 

""The process that happens when your API app calls the external API is named a ""callback"". Because the software that the external developer wrote sends a request to your API and then the external API calls back, sending a request to your API (that was probably created by the same developer)."""
CTX_016_MUT_03,What is the concept of 'OpenAPI Callback' in FastAPI described as?,"In FastAPI, an OpenAPI Callback is described as a process where an API app calls an external API, which in turn sends a request back to the original API, effectively ""calling back"". This concept is used to document how the external API should be structured, including the expected path operation, request body, and response. 

 Specifically, it is defined as: 

""The process that happens when your API app calls the external API is named a ""callback"". Because the software that the external developer wrote sends a request to your API and then your API calls back, receiving a request from an external API (that was probably created by the same developer)."""
CTX_016_MUT_04,What is the concept of 'OpenAPI Callback' in FastAPI described as?,"In FastAPI, an OpenAPI Callback is described as a process where an API, upon triggering a request to an external API, receives a callback request from that external API. This callback involves the external API sending a request back to a specific path operation in the original API, effectively creating a two-way communication channel.

In this context, the OpenAPI Callback is used to document the expected behavior of the external API, including the path operation it should trigger, the request body it should send, and the response it should return.

This concept is referred to as a ""callback"" because the external API ""calls back"" the original API, sending a request to a predefined path operation. 

Abstain"
CTX_016_MUT_05,What is the concept of 'OpenAPI Callback' in FastAPI described as?,"In FastAPI, an OpenAPI Callback is described as a process where an API, upon triggering a request to an external API, receives a callback request from that external API. This callback request is sent back to the original API, which was initially called by the external API. 

The concept is defined as the external API calling back the original API, sending a request to it, after the original API had sent a request to the external API. This allows for documentation of how the external API should be structured, including the path operation it should have, the expected request body, and the response it should return."
CTX_016_MUT_06,What is the concept of 'OpenAPI Callback' in FastAPI described as?,Abstain
CTX_016_MUT_07,What is the concept of 'OpenAPI Callback' in FastAPI described as?,Abstain
CTX_016_MUT_08,What is the concept of 'OpenAPI Callback' in FastAPI described as?,"In FastAPI, an OpenAPI Callback is described as a process where an API, upon being called, triggers a request to an external API. This external API then sends a request back to the original API, which is termed as a ""callback"". The callback involves documenting how the external API should be structured, including the path operation it should have, the expected request body, and the response it should return."
CTX_016_MUT_09,What is the concept of 'OpenAPI Callback' in FastAPI described as?,"In FastAPI, an OpenAPI Callback is described as a process where an API, upon being called, triggers a request to an external API. This external API, often created by the same developer using the initial API, sends a request back to the original API, which is then referred to as being ""called back."" This concept allows for the documentation of how the external API should be structured, including the path operations it should have, the expected request body, and the response it should return. 

Therefore, the answer to the question about the concept of 'OpenAPI Callback' in FastAPI is provided in CONTEXT 1. 

The answer directly from CONTEXT 1 is:

""The process that happens when your API app calls the *external API* is named a ""callback"". Because the software that the external developer wrote sends a request to your API and then your API *is called back*, receiving a request from an *external API* (that was probably created by the same developer)."""
CTX_016_MUT_10,What is the concept of 'OpenAPI Callback' in FastAPI described as?,Abstain
CTX_016_MUT_11,What is the concept of 'OpenAPI Callback' in FastAPI described as?,Abstain
CTX_016_MUT_12,What is the concept of 'OpenAPI Callback' in FastAPI described as?,Abstain
CTX_016_MUT_13,What is the concept of 'OpenAPI Callback' in FastAPI described as?,Abstain
CTX_017_MUT_01,Why do we need to define Query Parameters inside a Pydantic model and pass it into the `Query` function?,Abstain
CTX_017_MUT_02,Why do we need to define Query Parameters inside a Pydantic model and pass it into the `Query` function?,Abstain
CTX_017_MUT_03,Why do we need to define Query Parameters inside a Pydantic model and pass it into the `Query` function?,Abstain
CTX_017_MUT_04,Why do we need to define Query Parameters inside a Pydantic model and pass it into the `Query` function?,Abstain
CTX_017_MUT_05,Why do we need to define Query Parameters inside a Pydantic model and pass it into the `Query` function?,Abstain
CTX_017_MUT_06,Why do we need to define Query Parameters inside a Pydantic model and pass it into the `Query` function?,Abstain
CTX_017_MUT_07,Why do we need to define Query Parameters inside a Pydantic model and pass it into the `Query` function?,Abstain
CTX_017_MUT_08,Why do we need to define Query Parameters inside a Pydantic model and pass it into the `Query` function?,Abstain
CTX_017_MUT_09,Why do we need to define Query Parameters inside a Pydantic model and pass it into the `Query` function?,Abstain
CTX_017_MUT_10,Why do we need to define Query Parameters inside a Pydantic model and pass it into the `Query` function?,Abstain
CTX_017_MUT_11,Why do we need to define Query Parameters inside a Pydantic model and pass it into the `Query` function?,Abstain
CTX_017_MUT_12,Why do we need to define Query Parameters inside a Pydantic model and pass it into the `Query` function?,Abstain
CTX_017_MUT_13,Why do we need to define Query Parameters inside a Pydantic model and pass it into the `Query` function?,Abstain
CTX_018_MUT_01,Why did OAuth2 design a token with expiration time instead of issuing a permanent key?,"According to the Context, OAuth2 designed a token with an expiration time to reduce the risk if the token is stolen. It is not like a permanent key that will work forever (in most cases). This way, the user will have to log in again at some point later. Therefore, the answer is: to reduce the risk if the token is stolen."
CTX_018_MUT_02,Why did OAuth2 design a token with expiration time instead of issuing a permanent key?,"According to CONTEXT 0, a token is set to expire after some time to reduce the risk if the token is stolen, as it would not work forever like a permanent key. This implies that OAuth2 designed a token with an expiration time to limit the window of opportunity for potential misuse, making it less risky than a permanent key. 

So, the answer is: to reduce the risk if the token is stolen."
CTX_018_MUT_03,Why did OAuth2 design a token with expiration time instead of issuing a permanent key?,Abstain
CTX_018_MUT_04,Why did OAuth2 design a token with expiration time instead of issuing a permanent key?,Abstain
CTX_018_MUT_05,Why did OAuth2 design a token with expiration time instead of issuing a permanent key?,Abstain
CTX_018_MUT_06,Why did OAuth2 design a token with expiration time instead of issuing a permanent key?,"To answer this question, I will rely strictly on the provided Context.

According to [CONTEXT 0], a token is designed to expire after some time to reduce risk if the token is stolen. It is mentioned that ""if the token is stolen, the risk is less. It is not like a permanent key that will work forever (in most of the cases)."" 

Therefore, the reason OAuth2 designed a token with an expiration time instead of issuing a permanent key is to minimize the risk associated with a stolen token. 

The Context does not provide information on who designed OAuth2 or the specific details of the OAuth2 design process, but it implies that the expiration time is a security feature. 

So, the answer to the question is: to reduce risk if the token is stolen."
CTX_018_MUT_07,Why did OAuth2 design a token with expiration time instead of issuing a permanent key?,"According to CONTEXT 0, OAuth2 designed a token with an expiration time so that if the token is stolen, the risk is less, because it is not like a permanent key that will work forever. This implies that the token's limited lifespan reduces the risk associated with a stolen token. 

Therefore, the answer is: to reduce the risk if the token is stolen."
CTX_018_MUT_08,Why did OAuth2 design a token with expiration time instead of issuing a permanent key?,Abstain
CTX_018_MUT_09,Why did OAuth2 design a token with expiration time instead of issuing a permanent key?,"According to the Context, OAuth2 designed a token with an expiration time instead of issuing a permanent key to reduce risk if the token is stolen. It is not like a permanent key that will work forever (in most cases), and the user will have to log in again at some point later. 

So, the answer is: to reduce risk if stolen."
CTX_018_MUT_10,Why did OAuth2 design a token with expiration time instead of issuing a permanent key?,"According to the Context, OAuth2 designed a token with an expiration time to reduce the risk if the token is stolen. It is not like a permanent key that will work forever (in most of the cases). This way, the user will have to log in again at some point later. Therefore, the answer is: to reduce the risk if the token is stolen."
CTX_018_MUT_11,Why did OAuth2 design a token with expiration time instead of issuing a permanent key?,To reduce the risk if the token is stolen.
CTX_018_MUT_12,Why did OAuth2 design a token with expiration time instead of issuing a permanent key?,Abstain
CTX_018_MUT_13,Why did OAuth2 design a token with expiration time instead of issuing a permanent key?,"According to the provided Context, specifically [CONTEXT 0] and [CONTEXT 1], OAuth2 designed a token with an expiration time to reduce the risk if the token is stolen. It is mentioned that ""if the token is stolen, the risk is less. It is not like a permanent key that will work forever (in most of the cases)"". This implies that the main reason for designing a token with an expiration time was to minimize the potential damage in case the token is compromised. 

Therefore, the answer is: to reduce the risk if the token is stolen."
CTX_019_MUT_01,"Based on the display structure, can one person be in both the Gold Sponsors list and the Silver Sponsors list at the same time?",Abstain
CTX_019_MUT_02,"Based on the display structure, can one person be in both the Gold Sponsors list and the Silver Sponsors list at the same time?",Abstain
CTX_019_MUT_03,"Based on the display structure, can one person be in both the Gold Sponsors list and the Silver Sponsors list at the same time?",Abstain
CTX_019_MUT_04,"Based on the display structure, can one person be in both the Gold Sponsors list and the Silver Sponsors list at the same time?",Abstain
CTX_019_MUT_05,"Based on the display structure, can one person be in both the Gold Sponsors list and the Silver Sponsors list at the same time?",Abstain
CTX_019_MUT_06,"Based on the display structure, can one person be in both the Gold Sponsors list and the Silver Sponsors list at the same time?",Abstain
CTX_019_MUT_07,"Based on the display structure, can one person be in both the Gold Sponsors list and the Silver Sponsors list at the same time?",Abstain
CTX_019_MUT_08,"Based on the display structure, can one person be in both the Gold Sponsors list and the Silver Sponsors list at the same time?",Abstain
CTX_019_MUT_09,"Based on the display structure, can one person be in both the Gold Sponsors list and the Silver Sponsors list at the same time?",Abstain
CTX_019_MUT_10,"Based on the display structure, can one person be in both the Gold Sponsors list and the Silver Sponsors list at the same time?",Abstain
CTX_019_MUT_11,"Based on the display structure, can one person be in both the Gold Sponsors list and the Silver Sponsors list at the same time?",Abstain
CTX_019_MUT_12,"Based on the display structure, can one person be in both the Gold Sponsors list and the Silver Sponsors list at the same time?",Abstain
CTX_019_MUT_13,"Based on the display structure, can one person be in both the Gold Sponsors list and the Silver Sponsors list at the same time?",Abstain
CTX_020_MUT_01,What conditions help the Streaming data model process data faster than the normal model when working with large data streams?,Abstain
CTX_020_MUT_02,What conditions help the Streaming data model process data faster than the normal model when working with large data streams?,Abstain
CTX_020_MUT_03,What conditions help the Streaming data model process data faster than the normal model when working with large data streams?,Abstain
CTX_020_MUT_04,What conditions help the Streaming data model process data faster than the normal model when working with large data streams?,Abstain
CTX_020_MUT_05,What conditions help the Streaming data model process data faster than the normal model when working with large data streams?,Abstain
CTX_020_MUT_06,What conditions help the Streaming data model process data faster than the normal model when working with large data streams?,Abstain
CTX_020_MUT_07,What conditions help the Streaming data model process data faster than the normal model when working with large data streams?,Abstain
CTX_020_MUT_08,What conditions help the Streaming data model process data faster than the normal model when working with large data streams?,Abstain
CTX_020_MUT_09,What conditions help the Streaming data model process data faster than the normal model when working with large data streams?,Abstain
CTX_020_MUT_10,What conditions help the Streaming data model process data faster than the normal model when working with large data streams?,Abstain
CTX_020_MUT_11,What conditions help the Streaming data model process data faster than the normal model when working with large data streams?,Abstain
CTX_020_MUT_12,What conditions help the Streaming data model process data faster than the normal model when working with large data streams?,Abstain
CTX_020_MUT_13,What conditions help the Streaming data model process data faster than the normal model when working with large data streams?,Abstain
CTX_021_MUT_01,Why use AsyncClient combined with await instead of TestClient when writing unit tests marked with @pytest.mark.anyio?,Abstain
CTX_021_MUT_02,Why use AsyncClient combined with await instead of TestClient when writing unit tests marked with @pytest.mark.anyio?,Abstain
CTX_021_MUT_03,Why use AsyncClient combined with await instead of TestClient when writing unit tests marked with @pytest.mark.anyio?,"When writing unit tests marked with `@pytest.mark.anyio`, you use `AsyncClient` combined with `await` instead of `TestClient` because the test function is defined as `async def`, indicating it's an asynchronous test. 

The `AsyncClient` allows you to send asynchronous requests to your application, using `await`, which is necessary when working with asynchronous tests. 

In contrast, `TestClient` is used with synchronous tests defined with `def`. 

Therefore, when using `@pytest.mark.anyio` with an `async def` test function, `AsyncClient` with `await` is the suitable choice."
CTX_021_MUT_04,Why use AsyncClient combined with await instead of TestClient when writing unit tests marked with @pytest.mark.anyio?,"When writing unit tests marked with `@pytest.mark.anyio`, you would use `AsyncClient` combined with `await` instead of `TestClient` because the test function is defined as `async def`, indicating it's an asynchronous test. 

The `AsyncClient` allows you to send asynchronous requests to your application, which is necessary when using asynchronous tests. This is in contrast to `TestClient`, which is used for synchronous tests.

In this context, using `AsyncClient` with `await` enables you to write asynchronous tests that can handle the asynchronous nature of your application, making it possible to properly test its behavior. 

Therefore, you wouldn't use `TestClient` with `@pytest.mark.anyio` and an `async def` test function. 

However, based on the information in the provided Contexts, the most accurate and direct answer can't be given; but based on general asynchronous programming principles and FastAPI/pytest usage,  'Abstain' seems like an option if no Context directly and clearly answers this question."
CTX_021_MUT_05,Why use AsyncClient combined with await instead of TestClient when writing unit tests marked with @pytest.mark.anyio?,"When writing unit tests marked with `@pytest.mark.anyio`, you would use `AsyncClient` combined with `await` instead of `TestClient` because the test function is defined as `async def`, indicating it's an asynchronous test. 

The `AsyncClient` allows you to send asynchronous requests to your application, which is necessary when writing asynchronous tests. This approach enables you to properly test the asynchronous behavior of your application.

In contrast, `TestClient` is used for synchronous tests, where the test function is defined with a normal `def`. 

Therefore, when using `@pytest.mark.anyio` and defining your test function as `async def`, `AsyncClient` with `await` is the suitable choice."
CTX_021_MUT_06,Why use AsyncClient combined with await instead of TestClient when writing unit tests marked with @pytest.mark.anyio?,"To determine the correct answer, let's analyze the provided Context.

The Context explains that when using `@pytest.mark.anyio`, the test function should be asynchronous, denoted by `async def`. 

When writing unit tests marked with `@pytest.mark.anyio`, you would use `AsyncClient` combined with `await` because the test function is asynchronous. 

The Context also provides an example of how to use `AsyncClient` with `await` for making asynchronous requests.

In contrast, `TestClient` is used for synchronous requests.

Therefore, based on the Context provided, you would use `AsyncClient` combined with `await` instead of `TestClient` when writing unit tests marked with `@pytest.mark.anyio` because the test function is asynchronous.

However, I must provide an answer from the given Context.

The Context directly does not state a reason but based on given information we can conclude.


Abstain"
CTX_021_MUT_07,Why use AsyncClient combined with await instead of TestClient when writing unit tests marked with @pytest.mark.anyio?,"When writing unit tests marked with `@pytest.mark.anyio`, you would use `AsyncClient` combined with `await` instead of `TestClient` because the test function is defined as `async def`, indicating it's an asynchronous test. 

The `AsyncClient` allows you to send asynchronous requests to your application, which is necessary when using asynchronous tests. This approach enables you to properly test the asynchronous behavior of your application.

In contrast, `TestClient` is used for synchronous tests, where the test function is defined with a normal `def`. 

Therefore, when using `@pytest.mark.anyio` and defining your test function as `async def`, `AsyncClient` with `await` is the suitable choice."
CTX_021_MUT_08,Why use AsyncClient combined with await instead of TestClient when writing unit tests marked with @pytest.mark.anyio?,"When writing unit tests marked with `@pytest.mark.anyio`, you would use `AsyncClient` combined with `await` instead of `TestClient` because the test function is defined as `async def`, indicating it's an asynchronous test. 

The `AsyncClient` allows you to send asynchronous requests to your application, using `await`, which is suitable for asynchronous tests. 

In contrast, `TestClient` is used for synchronous tests, where the test function is defined with a normal `def`. 

Therefore, when using `@pytest.mark.anyio` and defining your test function as `async def`, `AsyncClient` with `await` is the appropriate choice."
CTX_021_MUT_09,Why use AsyncClient combined with await instead of TestClient when writing unit tests marked with @pytest.mark.anyio?,"When writing unit tests marked with `@pytest.mark.anyio`, you use `AsyncClient` combined with `await` instead of `TestClient` because the test function is defined as `async def`, indicating it's an asynchronous test. 

The `AsyncClient` allows you to send asynchronous requests to your application, using `await`. This is necessary for asynchronous tests, as it enables the test to wait for the response from the application without blocking.

In contrast, `TestClient` is used for synchronous tests, where the test function is defined with a normal `def`. 

Therefore, when using `@pytest.mark.anyio` with an `async def` test function, you should use `AsyncClient` with `await` to properly handle the asynchronous request."
CTX_021_MUT_10,Why use AsyncClient combined with await instead of TestClient when writing unit tests marked with @pytest.mark.anyio?,"To determine the correct answer, let's analyze the provided Context.

The Context explains that when using `@pytest.mark.anyio`, the test function should be asynchronous, declared with `async def`. 

When writing unit tests marked with `@pytest.mark.anyio`, you would use `AsyncClient` combined with `await` because it allows for asynchronous requests. 

Here's the relevant information from the Context:

## In Detail { #in-detail }

The marker `@pytest.mark.anyio` tells pytest that this test function should be called asynchronously:

Then we can create an `AsyncClient` with the app, and send async requests to it, using `await`.

## Conclusion 

However, there isn't an explicit statement that directly compares `AsyncClient` with `TestClient` or explains why one should be used over the other in the given contexts.

But, based on the information given:

- `AsyncClient` is used with asynchronous tests (`async def` test functions).
- There's a mention that `AsyncClient` won't trigger lifespan events, but that's about its behavior, not a comparison with `TestClient`.

## Given the information:

The Context does not explicitly state why you should use `AsyncClient` combined with `await` instead of `TestClient` when writing unit tests marked with `@pytest.mark.anyio`, but it implies that it's because `AsyncClient` supports asynchronous requests.

However, there's a tip in the Context that says:

> Note that we're using async/await with the new `AsyncClient` - the request is synchronous.

This tip seems confusing given the context. But another point is:

## To `async` or not to `async` { #to-async-or-not-to-async }

You can use `async def` or normal `def`.

Given these points and that there's no direct comparison or reason provided for preferring `AsyncClient` over `TestClient` or vice versa in tests marked with `@pytest.mark.anyio`, 

The best answer is: Abstain."
CTX_021_MUT_11,Why use AsyncClient combined with await instead of TestClient when writing unit tests marked with @pytest.mark.anyio?,"To determine the correct answer, let's evaluate the provided Context.

The Context explains that when using `@pytest.mark.anyio`, the test function should be asynchronous, denoted by `async def`. 

When writing unit tests marked with `@pytest.mark.anyio`, to make asynchronous requests, you should use `AsyncClient` combined with `await`. 

The Context provides an example of how to use `AsyncClient` with `await` for asynchronous requests.

In contrast, `TestClient` is used for synchronous requests.

Therefore, based on the Context, you should use `AsyncClient` combined with `await` instead of `TestClient` when writing unit tests marked with `@pytest.mark.anyio` because it allows for asynchronous testing.

However, there is also a warning about using `TestClient` and lifespan events.

Given that information, we can conclude that AsyncClient is used with await for asynchronous tests.


Abstain"
CTX_021_MUT_12,Why use AsyncClient combined with await instead of TestClient when writing unit tests marked with @pytest.mark.anyio?,"To determine the correct answer, let's analyze the provided Context.

The Context states that when using the `@pytest.mark.anyio` marker, the test function should be called asynchronously and defined with `async def`. 

When writing unit tests marked with `@pytest.mark.anyio`, to make async requests, you should create an `AsyncClient` with the app and send async requests to it using `await`. 

The Context provides an example of how to use `AsyncClient` with `await`:

```python
response = await client.get('/')
```

It also provides an equivalent example using `TestClient`:

```python
response = client.get('/')
```

However, it highlights that when using `AsyncClient`, you should use async/await for asynchronous requests.

There is no explicit statement that directly compares `AsyncClient` with `TestClient` in the provided Context; however, based on the information given about using async/await with `AsyncClient` for asynchronous tests marked with `@pytest.mark.anyio`, we can infer the reason.

The answer can be inferred as: 

When writing unit tests marked with `@pytest.mark.anyio`, you would use `AsyncClient` combined with `await` because it supports asynchronous tests, allowing the use of `async def` test functions and making async requests.

But since there isn't a direct comparison that states you can't or shouldn't use TestClient, but rather explains how to use AsyncClient, and there isn't a statement that directly answers the question, a safe and Context-based answer would be:


Abstain"
CTX_021_MUT_13,Why use AsyncClient combined with await instead of TestClient when writing unit tests marked with @pytest.mark.anyio?,"To answer this question accurately, let's analyze the provided Context.

When tests are marked with `@pytest.mark.anyio`, it indicates that these tests should be executed asynchronously. In such cases, using `async def` is necessary for the test functions instead of the traditional `def`.

The Context mentions creating an `AsyncClient` with the app and sending async requests to it using `await`. This is specifically highlighted as the equivalent of using `TestClient` but in an asynchronous manner.

Here's a key point from the Context:

```python
response = await client.get('/')
```

This shows that `AsyncClient` combined with `await` allows for asynchronous requests, which aligns with the requirements of tests marked with `@pytest.mark.anyio`.

Furthermore, a crucial piece of information is that when using `AsyncClient` with `await`, the test function needs to be defined as `async def`, which is a requirement for tests marked with `@pytest.mark.anyio`.

The Context does not explicitly state that `TestClient` cannot be used with `@pytest.mark.anyio`, but it implies that for asynchronous tests, `AsyncClient` with `await` is the approach that supports asynchronous operations.

Therefore, based on the information provided in the Context:

- `AsyncClient` combined with `await` is used for asynchronous tests.
- Tests marked with `@pytest.mark.anyio` require asynchronous execution.

Given these points, the reason to use `AsyncClient` combined with `await` instead of `TestClient` when writing unit tests marked with `@pytest.mark.anyio` is to properly support asynchronous testing.

So, the answer is not explicitly stated in the Context but can be inferred as: 

Abstain"
CTX_022_MUT_01,"If an HTTP request can only contain a single body, how does FastAPI handle it when you declare multiple body parameters in the path operation function?","According to the provided Context, specifically [CONTEXT 0], FastAPI will handle it and give you the correct data in your function, and validate and document the correct schema in the path operation. 

In other words, even though an HTTP request can only have a single body, FastAPI can handle multiple body parameters declared in the path operation function. 

However, to achieve this, you might need to instruct FastAPI to embed the body in a key only when there are multiple parameters declared, as mentioned in [CONTEXT 0]. 

But for a more precise mechanism, the Context does not provide further details. 

Therefore, based on the information provided, the handling process seems to be managed by FastAPI."
CTX_022_MUT_02,"If an HTTP request can only contain a single body, how does FastAPI handle it when you declare multiple body parameters in the path operation function?","According to the provided Context, specifically [CONTEXT 0], FastAPI will handle it and give you the correct data in your function, and validate and document the correct schema in the *path operation*. This implies that FastAPI can somehow process and reconcile multiple declared body parameters with the single-body limitation of an HTTP request. 

However, the exact details of how FastAPI achieves this (e.g., embedding bodies in a key) are not fully elaborated in the given Context. 

Therefore, based strictly on the information provided: FastAPI will handle it."
CTX_022_MUT_03,"If an HTTP request can only contain a single body, how does FastAPI handle it when you declare multiple body parameters in the path operation function?","According to the provided Context, specifically [CONTEXT 0], FastAPI will handle it and give you the correct data in your function, and validate and document the correct schema in the path operation. This implies that FastAPI can somehow reconcile multiple declared body parameters into a single body that the HTTP request can contain. Therefore, you can declare multiple body parameters. 

The answer to how it works is not provided in the given Context; however, based on the information provided, the correct response would not be 'Abstain'."
CTX_022_MUT_04,"If an HTTP request can only contain a single body, how does FastAPI handle it when you declare multiple body parameters in the path operation function?",Abstain
CTX_022_MUT_05,"If an HTTP request can only contain a single body, how does FastAPI handle it when you declare multiple body parameters in the path operation function?","According to the provided Context, specifically [CONTEXT 0], FastAPI will handle it and give you the correct data in your function, and validate and document the correct schema in the path operation. 

In other words, even though an HTTP request can only have a single body, FastAPI can handle multiple body parameters declared in the path operation function. 

The Context also mentions that you can instruct FastAPI to embed the body in a key only when there are multiple parameters declared. 

Therefore, you don't need to worry about handling it manually; FastAPI takes care of it. 

No need for 'Abstain'."
CTX_022_MUT_06,"If an HTTP request can only contain a single body, how does FastAPI handle it when you declare multiple body parameters in the path operation function?","According to the provided Context, specifically [CONTEXT 0], FastAPI will handle it and give you the correct data in your function, and validate and document the correct schema in the path operation. 

In other words, even though an HTTP request can only have a single body, FastAPI can handle multiple body parameters declared in a path operation function."
CTX_022_MUT_07,"If an HTTP request can only contain a single body, how does FastAPI handle it when you declare multiple body parameters in the path operation function?","According to the provided Context, specifically [CONTEXT 0], FastAPI will handle it and give you the correct data in your function, and validate and document the correct schema in the path operation. 

In other words, even though an HTTP request can only have a single body, FastAPI can handle multiple body parameters declared in the path operation function, and it will take care of the validation and documentation of the schema. 

No further details are given in the Context about the specifics of how FastAPI achieves this. 

The provided information simply states that it can handle it."
CTX_022_MUT_08,"If an HTTP request can only contain a single body, how does FastAPI handle it when you declare multiple body parameters in the path operation function?","According to the provided Context, specifically [CONTEXT 0], FastAPI will handle it and give you the correct data in your function, and validate and document the correct schema in the path operation. 

The Context states: ""You can add multiple body parameters to your *path operation function*, even though a request can only have a single body. But **FastAPI** will handle it, give you the correct data in your function, and validate and document the correct schema in the *path operation*."" 

Therefore, no need for an external explanation. The answer can be derived from the given Context. 

FastAPI will handle it."
CTX_022_MUT_09,"If an HTTP request can only contain a single body, how does FastAPI handle it when you declare multiple body parameters in the path operation function?","According to the provided Context, specifically [CONTEXT 0], FastAPI will handle it, give you the correct data in your function, and validate and document the correct schema in the path operation. 

It is also mentioned that you can instruct FastAPI to embed the body in a key only when there are multiple parameters declared. 

However, the exact details on how FastAPI handles and processes multiple body parameters is not specified in the provided Context.

Therefore, based on the information provided, the most accurate answer would be a direct quote from the Context: 

""But **FastAPI** will handle it, give you the correct data in your function, and validate and document the correct schema in the *path operation*."" 

But since I must give a precise and short answer and  'Abstain'  seems not directly linked but more like in other cases I give related information when I have to I choose related information from context."
CTX_022_MUT_10,"If an HTTP request can only contain a single body, how does FastAPI handle it when you declare multiple body parameters in the path operation function?","According to the provided Context, specifically [CONTEXT 0], FastAPI will handle it, give you the correct data in your function, and validate and document the correct schema in the *path operation*. 

It is stated that: ""You can add multiple body parameters to your *path operation function*, even though a request can only have a single body. But **FastAPI** will handle it, give you the correct data in your function, and validate and document the correct schema in the *path operation*."" 

Therefore, no need for 'Abstain'."
CTX_022_MUT_11,"If an HTTP request can only contain a single body, how does FastAPI handle it when you declare multiple body parameters in the path operation function?","According to the provided Context, specifically [CONTEXT 0], FastAPI will handle it, give you the correct data in your function, and validate and document the correct schema in the *path operation*. 

This implies that FastAPI can somehow process and reconcile multiple body parameters into a single request body, but the exact mechanism is not detailed in the given Context. 

Therefore, based on the information provided: FastAPI will handle it."
CTX_022_MUT_12,"If an HTTP request can only contain a single body, how does FastAPI handle it when you declare multiple body parameters in the path operation function?",Abstain
CTX_022_MUT_13,"If an HTTP request can only contain a single body, how does FastAPI handle it when you declare multiple body parameters in the path operation function?",Abstain
CTX_023_MUT_01,"If you want to use OpenAPI Generator or Hey API to generate SDK for FastAPI, why do you have to make sure that tool supports OpenAPI version 3.1?",Abstain
CTX_023_MUT_02,"If you want to use OpenAPI Generator or Hey API to generate SDK for FastAPI, why do you have to make sure that tool supports OpenAPI version 3.1?",Abstain
CTX_023_MUT_03,"If you want to use OpenAPI Generator or Hey API to generate SDK for FastAPI, why do you have to make sure that tool supports OpenAPI version 3.1?",Abstain
CTX_023_MUT_04,"If you want to use OpenAPI Generator or Hey API to generate SDK for FastAPI, why do you have to make sure that tool supports OpenAPI version 3.1?",Abstain
CTX_023_MUT_05,"If you want to use OpenAPI Generator or Hey API to generate SDK for FastAPI, why do you have to make sure that tool supports OpenAPI version 3.1?",Abstain
CTX_023_MUT_06,"If you want to use OpenAPI Generator or Hey API to generate SDK for FastAPI, why do you have to make sure that tool supports OpenAPI version 3.1?",Abstain
CTX_023_MUT_07,"If you want to use OpenAPI Generator or Hey API to generate SDK for FastAPI, why do you have to make sure that tool supports OpenAPI version 3.1?",Abstain
CTX_023_MUT_08,"If you want to use OpenAPI Generator or Hey API to generate SDK for FastAPI, why do you have to make sure that tool supports OpenAPI version 3.1?",Abstain
CTX_023_MUT_09,"If you want to use OpenAPI Generator or Hey API to generate SDK for FastAPI, why do you have to make sure that tool supports OpenAPI version 3.1?",Abstain
CTX_023_MUT_10,"If you want to use OpenAPI Generator or Hey API to generate SDK for FastAPI, why do you have to make sure that tool supports OpenAPI version 3.1?",Abstain
CTX_023_MUT_11,"If you want to use OpenAPI Generator or Hey API to generate SDK for FastAPI, why do you have to make sure that tool supports OpenAPI version 3.1?",Abstain
CTX_023_MUT_12,"If you want to use OpenAPI Generator or Hey API to generate SDK for FastAPI, why do you have to make sure that tool supports OpenAPI version 3.1?",Abstain
CTX_023_MUT_13,"If you want to use OpenAPI Generator or Hey API to generate SDK for FastAPI, why do you have to make sure that tool supports OpenAPI version 3.1?",Abstain
CTX_024_MUT_01,What are the real-world cases where you are forced to use the jsonable_encoder() function on a Pydantic model before further processing?,Abstain
CTX_024_MUT_02,What are the real-world cases where you are forced to use the jsonable_encoder() function on a Pydantic model before further processing?,Abstain
CTX_024_MUT_03,What are the real-world cases where you are forced to use the jsonable_encoder() function on a Pydantic model before further processing?,Abstain
CTX_024_MUT_04,What are the real-world cases where you are forced to use the jsonable_encoder() function on a Pydantic model before further processing?,Abstain
CTX_024_MUT_05,What are the real-world cases where you are forced to use the jsonable_encoder() function on a Pydantic model before further processing?,Abstain
CTX_024_MUT_06,What are the real-world cases where you are forced to use the jsonable_encoder() function on a Pydantic model before further processing?,Abstain
CTX_024_MUT_07,What are the real-world cases where you are forced to use the jsonable_encoder() function on a Pydantic model before further processing?,Abstain
CTX_024_MUT_08,What are the real-world cases where you are forced to use the jsonable_encoder() function on a Pydantic model before further processing?,Abstain
CTX_024_MUT_09,What are the real-world cases where you are forced to use the jsonable_encoder() function on a Pydantic model before further processing?,Abstain
CTX_024_MUT_10,What are the real-world cases where you are forced to use the jsonable_encoder() function on a Pydantic model before further processing?,Abstain
CTX_024_MUT_11,What are the real-world cases where you are forced to use the jsonable_encoder() function on a Pydantic model before further processing?,Abstain
CTX_024_MUT_12,What are the real-world cases where you are forced to use the jsonable_encoder() function on a Pydantic model before further processing?,Abstain
CTX_024_MUT_13,What are the real-world cases where you are forced to use the jsonable_encoder() function on a Pydantic model before further processing?,"In FastAPI, you might need to convert a data type (like a Pydantic model) to a JSON string using the `jsonable_encoder()` function. A real-world case where this is necessary is when you need to store the data in a database. 

The `jsonable_encoder()` function is used to convert the Pydantic model to a JSON string, which can then be stored in the database. 

So, one real-world case is: **Storing data in a database**."
CTX_025_MUT_01,How can you use the variable 'commons' in a function endpoint to leverage the type alias?,Abstain
CTX_025_MUT_02,How can you use the variable 'commons' in a function endpoint to leverage the type alias?,Abstain
CTX_025_MUT_03,How can you use the variable 'commons' in a function endpoint to leverage the type alias?,Abstain
CTX_025_MUT_04,How can you use the variable 'commons' in a function endpoint to leverage the type alias?,Abstain
CTX_025_MUT_05,How can you use the variable 'commons' in a function endpoint to leverage the type alias?,Abstain
CTX_025_MUT_06,How can you use the variable 'commons' in a function endpoint to leverage the type alias?,Abstain
CTX_025_MUT_07,How can you use the variable 'commons' in a function endpoint to leverage the type alias?,Abstain
CTX_025_MUT_08,How can you use the variable 'commons' in a function endpoint to leverage the type alias?,Abstain
CTX_025_MUT_09,How can you use the variable 'commons' in a function endpoint to leverage the type alias?,Abstain
CTX_025_MUT_10,How can you use the variable 'commons' in a function endpoint to leverage the type alias?,Abstain
CTX_025_MUT_11,How can you use the variable 'commons' in a function endpoint to leverage the type alias?,Abstain
CTX_025_MUT_12,How can you use the variable 'commons' in a function endpoint to leverage the type alias?,Abstain
CTX_025_MUT_13,How can you use the variable 'commons' in a function endpoint to leverage the type alias?,Abstain
CTX_026_MUT_01,"Instead of receiving individual path parameters from FastAPI, what syntax in the path operation would retrieve the original HTTP Request object?",Abstain
CTX_026_MUT_02,"Instead of receiving individual path parameters from FastAPI, what syntax in the path operation would retrieve the original HTTP Request object?",Abstain
CTX_026_MUT_03,"Instead of receiving individual path parameters from FastAPI, what syntax in the path operation would retrieve the original HTTP Request object?",Abstain
CTX_026_MUT_04,"Instead of receiving individual path parameters from FastAPI, what syntax in the path operation would retrieve the original HTTP Request object?",Abstain
CTX_026_MUT_05,"Instead of receiving individual path parameters from FastAPI, what syntax in the path operation would retrieve the original HTTP Request object?",Abstain
CTX_026_MUT_06,"Instead of receiving individual path parameters from FastAPI, what syntax in the path operation would retrieve the original HTTP Request object?",Abstain
CTX_026_MUT_07,"Instead of receiving individual path parameters from FastAPI, what syntax in the path operation would retrieve the original HTTP Request object?",Abstain
CTX_026_MUT_08,"Instead of receiving individual path parameters from FastAPI, what syntax in the path operation would retrieve the original HTTP Request object?",Abstain
CTX_026_MUT_09,"Instead of receiving individual path parameters from FastAPI, what syntax in the path operation would retrieve the original HTTP Request object?",Abstain
CTX_026_MUT_10,"Instead of receiving individual path parameters from FastAPI, what syntax in the path operation would retrieve the original HTTP Request object?",Abstain
CTX_026_MUT_11,"Instead of receiving individual path parameters from FastAPI, what syntax in the path operation would retrieve the original HTTP Request object?",Abstain
CTX_026_MUT_12,"Instead of receiving individual path parameters from FastAPI, what syntax in the path operation would retrieve the original HTTP Request object?",Abstain
CTX_026_MUT_13,"Instead of receiving individual path parameters from FastAPI, what syntax in the path operation would retrieve the original HTTP Request object?",Abstain
CTX_027_MUT_01,What is the keyword in modern Python used to define and execute a coroutine in asynchronous programming?,Abstain
CTX_027_MUT_02,What is the keyword in modern Python used to define and execute a coroutine in asynchronous programming?,Abstain
CTX_027_MUT_03,What is the keyword in modern Python used to define and execute a coroutine in asynchronous programming?,Abstain
CTX_027_MUT_04,What is the keyword in modern Python used to define and execute a coroutine in asynchronous programming?,Abstain
CTX_027_MUT_05,What is the keyword in modern Python used to define and execute a coroutine in asynchronous programming?,Abstain
CTX_027_MUT_06,What is the keyword in modern Python used to define and execute a coroutine in asynchronous programming?,Abstain
CTX_027_MUT_07,What is the keyword in modern Python used to define and execute a coroutine in asynchronous programming?,Abstain
CTX_027_MUT_08,What is the keyword in modern Python used to define and execute a coroutine in asynchronous programming?,Abstain
CTX_027_MUT_09,What is the keyword in modern Python used to define and execute a coroutine in asynchronous programming?,Abstain
CTX_027_MUT_10,What is the keyword in modern Python used to define and execute a coroutine in asynchronous programming?,Abstain
CTX_027_MUT_11,What is the keyword in modern Python used to define and execute a coroutine in asynchronous programming?,Abstain
CTX_027_MUT_12,What is the keyword in modern Python used to define and execute a coroutine in asynchronous programming?,Abstain
CTX_027_MUT_13,What is the keyword in modern Python used to define and execute a coroutine in asynchronous programming?,Abstain
CTX_028_MUT_01,What is the bash command to activate a virtual environment named '.venv' on a Linux/macOS system?,$ source .venv/bin/activate
CTX_028_MUT_02,What is the bash command to activate a virtual environment named '.venv' on a Linux/macOS system?,$ source .venv/bin/activate
CTX_028_MUT_03,What is the bash command to activate a virtual environment named '.venv' on a Linux/macOS system?,Abstain
CTX_028_MUT_04,What is the bash command to activate a virtual environment named '.venv' on a Linux/macOS system?,Abstain
CTX_028_MUT_05,What is the bash command to activate a virtual environment named '.venv' on a Linux/macOS system?,Abstain
CTX_028_MUT_06,What is the bash command to activate a virtual environment named '.venv' on a Linux/macOS system?,Abstain
CTX_028_MUT_07,What is the bash command to activate a virtual environment named '.venv' on a Linux/macOS system?,Abstain
CTX_028_MUT_08,What is the bash command to activate a virtual environment named '.venv' on a Linux/macOS system?,Abstain
CTX_028_MUT_09,What is the bash command to activate a virtual environment named '.venv' on a Linux/macOS system?,Abstain
CTX_028_MUT_10,What is the bash command to activate a virtual environment named '.venv' on a Linux/macOS system?,$ source .venv/bin/activate
CTX_028_MUT_11,What is the bash command to activate a virtual environment named '.venv' on a Linux/macOS system?,$ source .venv/bin/activate
CTX_028_MUT_12,What is the bash command to activate a virtual environment named '.venv' on a Linux/macOS system?,$ source .venv/Scripts/activate
CTX_028_MUT_13,What is the bash command to activate a virtual environment named '.venv' on a Linux/macOS system?,Abstain
CTX_029_MUT_01,"According to the documentation, what are the main differences in environmental behavior between the 'development' and 'deployment' (web API) stages?",Abstain
CTX_029_MUT_02,"According to the documentation, what are the main differences in environmental behavior between the 'development' and 'deployment' (web API) stages?",Abstain
CTX_029_MUT_03,"According to the documentation, what are the main differences in environmental behavior between the 'development' and 'deployment' (web API) stages?",Abstain
CTX_029_MUT_04,"According to the documentation, what are the main differences in environmental behavior between the 'development' and 'deployment' (web API) stages?",Abstain
CTX_029_MUT_05,"According to the documentation, what are the main differences in environmental behavior between the 'development' and 'deployment' (web API) stages?",Abstain
CTX_029_MUT_06,"According to the documentation, what are the main differences in environmental behavior between the 'development' and 'deployment' (web API) stages?",Abstain
CTX_029_MUT_07,"According to the documentation, what are the main differences in environmental behavior between the 'development' and 'deployment' (web API) stages?",Abstain
CTX_029_MUT_08,"According to the documentation, what are the main differences in environmental behavior between the 'development' and 'deployment' (web API) stages?",Abstain
CTX_029_MUT_09,"According to the documentation, what are the main differences in environmental behavior between the 'development' and 'deployment' (web API) stages?",Abstain
CTX_029_MUT_10,"According to the documentation, what are the main differences in environmental behavior between the 'development' and 'deployment' (web API) stages?",Abstain
CTX_029_MUT_11,"According to the documentation, what are the main differences in environmental behavior between the 'development' and 'deployment' (web API) stages?",Abstain
CTX_029_MUT_12,"According to the documentation, what are the main differences in environmental behavior between the 'development' and 'deployment' (web API) stages?",Abstain
CTX_029_MUT_13,"According to the documentation, what are the main differences in environmental behavior between the 'development' and 'deployment' (web API) stages?",Abstain
CTX_030_MUT_01,"According to the contribution guide, how do you formally start a project to translate the FastAPI documentation into a completely new language?",Abstain
CTX_030_MUT_02,"According to the contribution guide, how do you formally start a project to translate the FastAPI documentation into a completely new language?",Abstain
CTX_030_MUT_03,"According to the contribution guide, how do you formally start a project to translate the FastAPI documentation into a completely new language?",Abstain
CTX_030_MUT_04,"According to the contribution guide, how do you formally start a project to translate the FastAPI documentation into a completely new language?","To formally start a project to translate the FastAPI documentation into a completely new language, you need to find at least two other people who are willing to help review translation PRs for that language. 

Here's a step-by-step guide:

1. Find two other people willing to help review translation PRs for the new language.
2. Create a new discussion following the template.
3. Tag the other two people that will help with the language and ask them to confirm that they will help.

Once there are several people in the discussion, the FastAPI team can evaluate it and make it an official translation. Then, the documentation will be automatically translated using LLMs, and the team of native speakers can review the translation and help tweak the LLM prompts."
CTX_030_MUT_05,"According to the contribution guide, how do you formally start a project to translate the FastAPI documentation into a completely new language?",Abstain
CTX_030_MUT_06,"According to the contribution guide, how do you formally start a project to translate the FastAPI documentation into a completely new language?",Abstain
CTX_030_MUT_07,"According to the contribution guide, how do you formally start a project to translate the FastAPI documentation into a completely new language?",Abstain
CTX_030_MUT_08,"According to the contribution guide, how do you formally start a project to translate the FastAPI documentation into a completely new language?",Abstain
CTX_030_MUT_09,"According to the contribution guide, how do you formally start a project to translate the FastAPI documentation into a completely new language?",Abstain
CTX_030_MUT_10,"According to the contribution guide, how do you formally start a project to translate the FastAPI documentation into a completely new language?",Abstain
CTX_030_MUT_11,"According to the contribution guide, how do you formally start a project to translate the FastAPI documentation into a completely new language?",Abstain
CTX_030_MUT_12,"According to the contribution guide, how do you formally start a project to translate the FastAPI documentation into a completely new language?",Abstain
CTX_030_MUT_13,"According to the contribution guide, how do you formally start a project to translate the FastAPI documentation into a completely new language?",Abstain
CTX_031_MUT_01,"How to load a heavy machine learning model into memory before the server starts accepting requests, but not load it during simple automated unit testing?",Abstain
CTX_031_MUT_02,"How to load a heavy machine learning model into memory before the server starts accepting requests, but not load it during simple automated unit testing?",Abstain
CTX_031_MUT_03,"How to load a heavy machine learning model into memory before the server starts accepting requests, but not load it during simple automated unit testing?",Abstain
CTX_031_MUT_04,"How to load a heavy machine learning model into memory before the server starts accepting requests, but not load it during simple automated unit testing?",Abstain
CTX_031_MUT_05,"How to load a heavy machine learning model into memory before the server starts accepting requests, but not load it during simple automated unit testing?",Abstain
CTX_031_MUT_06,"How to load a heavy machine learning model into memory before the server starts accepting requests, but not load it during simple automated unit testing?",Abstain
CTX_031_MUT_07,"How to load a heavy machine learning model into memory before the server starts accepting requests, but not load it during simple automated unit testing?",Abstain
CTX_031_MUT_08,"How to load a heavy machine learning model into memory before the server starts accepting requests, but not load it during simple automated unit testing?",Abstain
CTX_031_MUT_09,"How to load a heavy machine learning model into memory before the server starts accepting requests, but not load it during simple automated unit testing?",Abstain
CTX_031_MUT_10,"How to load a heavy machine learning model into memory before the server starts accepting requests, but not load it during simple automated unit testing?",Abstain
CTX_031_MUT_11,"How to load a heavy machine learning model into memory before the server starts accepting requests, but not load it during simple automated unit testing?",Abstain
CTX_031_MUT_12,"How to load a heavy machine learning model into memory before the server starts accepting requests, but not load it during simple automated unit testing?",Abstain
CTX_031_MUT_13,"How to load a heavy machine learning model into memory before the server starts accepting requests, but not load it during simple automated unit testing?",Abstain
CTX_032_MUT_01,List some popular software that can act as a TLS Termination Proxy to handle HTTPS certificates before forwarding HTTP requests to FastAPI?,Abstain
CTX_032_MUT_02,List some popular software that can act as a TLS Termination Proxy to handle HTTPS certificates before forwarding HTTP requests to FastAPI?,Abstain
CTX_032_MUT_03,List some popular software that can act as a TLS Termination Proxy to handle HTTPS certificates before forwarding HTTP requests to FastAPI?,Abstain
CTX_032_MUT_04,List some popular software that can act as a TLS Termination Proxy to handle HTTPS certificates before forwarding HTTP requests to FastAPI?,Abstain
CTX_032_MUT_05,List some popular software that can act as a TLS Termination Proxy to handle HTTPS certificates before forwarding HTTP requests to FastAPI?,Abstain
CTX_032_MUT_06,List some popular software that can act as a TLS Termination Proxy to handle HTTPS certificates before forwarding HTTP requests to FastAPI?,Abstain
CTX_032_MUT_07,List some popular software that can act as a TLS Termination Proxy to handle HTTPS certificates before forwarding HTTP requests to FastAPI?,Abstain
CTX_032_MUT_08,List some popular software that can act as a TLS Termination Proxy to handle HTTPS certificates before forwarding HTTP requests to FastAPI?,Abstain
CTX_032_MUT_09,List some popular software that can act as a TLS Termination Proxy to handle HTTPS certificates before forwarding HTTP requests to FastAPI?,Abstain
CTX_032_MUT_10,List some popular software that can act as a TLS Termination Proxy to handle HTTPS certificates before forwarding HTTP requests to FastAPI?,Abstain
CTX_032_MUT_11,List some popular software that can act as a TLS Termination Proxy to handle HTTPS certificates before forwarding HTTP requests to FastAPI?,Abstain
CTX_032_MUT_12,List some popular software that can act as a TLS Termination Proxy to handle HTTPS certificates before forwarding HTTP requests to FastAPI?,Abstain
CTX_032_MUT_13,List some popular software that can act as a TLS Termination Proxy to handle HTTPS certificates before forwarding HTTP requests to FastAPI?,Abstain
