id,title,authors,year,venue,search_strings
1,Practical Mutation Testing at Scale: A view from Google,Goran Petrović; Marko Ivanković; Gordon Fraser; René Just,2021,IEEE Transactions on Software Engineering,String A
2,Development of Genome-Derived Tumor Type Prediction to Inform Clinical Cancer Care,Alexander Penson; Niedzica Camacho; Youyun Zheng; Anna M. Varghese; Hikmat Al‐Ahmadie; Pedram Razavi; Sarat Chandarlapaty; Christina Vallejo; Efsevia Vakiani; Teresa Gilewski; Jonathan E. Rosenberg; Maha Shady; Dana W.Y. Tsui; Dalicia N. Reales; Adam Abeshouse; Aijazuddin Syed; Ahmet Zehir; Nikolaus Schultz; Marc Ladanyi; David B. Solit; David S. Klimstra; David M. Hyman; Barry S. Taylor; Michael F. Berger,2019,JAMA Oncology,String A
3,When resistance gene pyramids are not durable—the role of pathogen diversity,Remco Stam; Bruce A. McDonald,2018,Molecular Plant Pathology,String A
4,Author response: Escape from neutralizing antibodies by SARS-CoV-2 spike protein variants,Yiska Weisblum; Fabian Schmidt; Fengwen Zhang; Justin DaSilva; Daniel Poston; Júlio CC Lorenzi; Frauke Muecksch; Magdalena Rutkowska; Hans-Heinrich Hoffmann; Eleftherios Michailidis; Christian Gaebler; Marianna Agudelo; Alice Cho; Zijun Wang; Anna Gazumyan; Melissa Cipolla; Larry L. Luchsinger; Christopher D. Hillyer; Marina Caskey; Davide F. Robbiani; Charles M. Rice; Michel C. Nussenzweig; Théodora Hatziioannou; Paul D. Bieniasz,2020,,String A
5,Are mutants really natural?,Matthieu Jimenez; Thiery Titcheu Checkam; Maxime Cordy; Mike Papadakis; Marinos Kintis; Yves Le Traon; Mark Harman,2018,,String A
6,Whole-genome sequencing of Puccinia striiformis f. sp. tritici mutant isolates identifies avirulence gene candidates,Yuxiang Li; Chongjing Xia; Meinan Wang; Chuntao Yin; Xianming Chen,2020,BMC Genomics,String A
7,A large deletion at the cortex locus eliminates butterfly wing patterning,Joseph J. Hanly; Luca Livraghi; Christa Heryanto; W. Owen McMillan; Chris D. Jiggins; Lawrence E. Gilbert; Arnaud Martin,2022,G3 Genes Genomes Genetics,String A
8,Developing a novel artificial rice germplasm for dinitroaniline herbicide resistance by base editing of <i>OsTubA2</i>,Lang Liu; Yongjie Kuang; Fang Yan; Shaofang Li; Bin Ren; Gokul Gosavi; Carl Spetz; Xiangju Li; Xifeng Wang; Xueping Zhou; Huanbin Zhou,2020,Plant Biotechnology Journal,String A
9,Switching the Ligand Specificity of the Biosensor XylS from <i>meta</i> to <i>para</i>-Toluic Acid through Directed Evolution Exploiting a Dual Selection System,Yuki Ogawa; Yohei Katsuyama; Kento Ueno; Yasuo Ohnishi,2019,ACS Synthetic Biology,String A
10,"Multicenter Evaluation of the Fully Automated PCR-Based Idylla EGFR Mutation Assay on Formalin-Fixed, Paraffin-Embedded Tissue of Human Lung Cancer",Solène Evrard; Estelle Taranchon‐Clermont; Isabelle Rouquette; Samuel Murray; Sebastian Dintner; Yun‐Chung Nam‐Apostolopoulos; Beatríz Bellosillo; Mar Varela; Ernest Nadal; Klaus Hermann Wiedorn; Linea Cecilie Melchior; Emma Andrew; Mary Kate Jones; Jennifer Ridgway; Christina Frykman; Linda Lind; Mitja Rot; Izidor Kern; Ernst‐Jan M. Speel; Guido M.J.M. Roemen; Nicol Francesca Trincheri; Sandra N. Freiberger; Markus Rechsteiner,2019,Journal of Molecular Diagnostics,String A
11,"GL3.3, a Novel QTL Encoding a GSK3/SHAGGY-like Kinase, Epistatically Interacts with GS3 to Produce Extra-long Grains in Rice",Duo Xia; Hao Zhou; Rongjia Liu; Wenhan Dan; Pingbo Li; Bian Wu; Junxiao Chen; Lingqiang Wang; Guanjun Gao; Qinglu Zhang; Yuqing He,2018,Molecular Plant,String A
12,Engineering precision nanoparticles for drug delivery,Michael J. Mitchell; Margaret M. Billingsley; Rebecca M. Haley; Marissa E. Wechsler; Nicholas A. Peppas; Róbert Langer,2020,Nature Reviews Drug Discovery,String A
13,Fertility recovery of wheat male sterility controlled by <i>Ms2</i> using CRISPR/Cas9,Huali Tang; Huiyun Liu; Yang Zhou; Hongwei Liu; Lipu Du; Ke Wang; Xingguo Ye,2020,Plant Biotechnology Journal,String A
14,Analysis of the source of aggressiveness in gamecocks,Tomoyoshi Komiyama; Masanobu Yoshikawa; Keiko Yokoyama; Hiroyuki Kobayashi,2020,Scientific Reports,String A
15,PROTAC targeted protein degraders: the past is prologue,Miklós Békés; David R. Langley; Craig M. Crews,2022,Nature Reviews Drug Discovery,String A
16,Developing a UV–visible reporter‐assisted CRISPR/Cas9 gene editing system to alter flowering time in <i>Chrysanthemum indicum</i>,Lei Liu; Yujin Xue; Jiayi Luo; Mingzheng Han; Xuening Liu; Tianhua Jiang; Yafei Zhao; Yanjie Xu; Chao Ma,2023,Plant Biotechnology Journal,String A
17,Association of immune checkpoint inhibitor with survival in patients with cancers with protein tyrosine phosphatase receptor T mutation,Zifan He; Anlin Li; Dagui Lin; Yang Gu; Yongjian Chen; Qiyun Ou; Li Li; Herui Yao; Yunfang Yu,2020,Clinical and Translational Medicine,String A
18,Building artificial genetic circuits to understand protein function,Louis H. Scott; James C. Mathews; Aleksandra Filipovska; Oliver Rackham,2019,Methods in enzymology on CD-ROM/Methods in enzymology,String A
19,Particle Swarm Optimization: A Comprehensive Survey,Tareq M. Shami; Ayman A. El‐Saleh; Mohammed Alswaitti; Qasem Al-Tashi; Mhd Amen Summakieh; Seyedali Mirjalili,2022,IEEE Access,String A
20,Improved protein structure prediction using predicted interresidue orientations,Jianyi Yang; Ivan Anishchenko; Hahnbeom Park; Zhenling Peng; Sergey Ovchinnikov; David Baker,2020,Proceedings of the National Academy of Sciences,String A
21,Large language models generate functional protein sequences across diverse families,Ali Madani; Ben Krause; Eric R. Greene; Subu Subramanian; Benjamin P. Mohr; James M. Holton; J.L. Olmos; Caiming Xiong; Zachary Z. Sun; Richard Socher; James S. Fraser; Nikhil Naik,2023,Nature Biotechnology,String A
22,Substrate Recognition Properties from an Intermediate Structural State of the UreA Transporter,Manuel Sanguinetti; Lucianna Helene Santos; Juliette Dourron; Catalina Alamón; Juan Idiarte; Sotiris Amillis; Sergio Pantano; Ana Ramón,2022,International Journal of Molecular Sciences,String A
23,CRISPR/Cas Genome Editing and Precision Plant Breeding in Agriculture,Kunling Chen; Yanpeng Wang; Rui Zhang; Huawei Zhang; Caixia Gao,2019,Annual Review of Plant Biology,String A
24,Oxidative Stress in Cancer,John D. Hayes; Albena T. Dinkova‐Kostova; Kenneth D. Tew,2020,Cancer Cell,String A
25,"Applications of genome editing technology in the targeted therapy of human diseases: mechanisms, advances and prospects",Hongyi Li; Yang Yang; Weiqi Hong; Mengyuan Huang; Min Wu; Xia Zhao,2020,Signal Transduction and Targeted Therapy,String A
26,"Breast Cancer—Epidemiology, Risk Factors, Classification, Prognostic Markers, and Current Treatment Strategies—An Updated Review",Sergiusz Łukasiewicz; Marcin Czeczelewski; Alicja Forma; Jacek Baj; Robert Sitarz; Andrzej Stanisławek,2021,Cancers,String A
27,mRNA vaccines — a new era in vaccinology,Norbert Pardi; Michael J. Hogan; Frederick Porter; Drew Weissman,2018,Nature Reviews Drug Discovery,String A
28,Inferring the molecular and phenotypic impact of amino acid variants with MutPred2,Vikas Pejaver; Jorge Urresti; Jose Lugo-Martinez; Kymberleigh A. Pagel; Guan Ning Lin; Hyun-Jun Nam; Matthew Mort; D.N. Cooper; Jonathan Sebat; Lilia M. Iakoucheva; Sean D. Mooney; Predrag Radivojac,2020,Nature Communications,String A
29,Practical Mutation Testing at Scale,Goran Petrović; Marko Ivanković; Gordon Fraser; René Just,2021,arXiv (Cornell University),String A
30,Next-Gen Mutation Testing: Using AI and Fuzzing to Evolve Fault Injection for Modern Software,Gopinath Kathiresan,2025,SSRN Electronic Journal,String A
31,Subsumption in Mutation Testing: An Automated Model Based on Genetic Algorithm,Maria Cristina Tenório; Roberta Vilhena Vieira Lopes; Joseana Fechine; Társis Marinho; Evandro Costa,2019,Advances in intelligent systems and computing,String A
32,Coronavirus biology and replication: implications for SARS-CoV-2,Philip V’kovski; Annika Kratzel; Silvio Steiner; Hanspeter Stalder; Volker Thiel,2020,Nature Reviews Microbiology,String A
33,"Rht12b, a widely used ancient allele of TaGA2oxA13, reduces plant height and enhances yield potential in wheat",Yingjie Bian; Lingli Li; Xiuling Tian; Dengan Xu; Mengjing Sun; Faji Li; Lina Xie; Siyang Liu; Bingyan Liu; Xianchun Xia; Zhonghu He; Shuanghe Cao,2023,Theoretical and Applied Genetics,String A
34,Neoantigens: promising targets for cancer therapy,Na Xie; Guobo Shen; Wei Gao; Zhao Huang; Canhua Huang; Li Fu,2023,Signal Transduction and Targeted Therapy,String A
35,Challenges to curing primary brain tumours,Kenneth Aldape; Kevin M. Brindle; Louis Chesler; Rajesh Chopra; Amar Gajjar; Mark R. Gilbert; Nicholas G. Gottardo; David H. Gutmann; Darren Hargrave; Eric C. Holland; David Jones; Johanna A. Joyce; Pamela Kearns; Mark W. Kieran; Ingo K. Mellinghoff; Melinda S. Merchant; Stefan M. Pfister; Steven M. Pollard; Vijay Ramaswamy; Jeremy N. Rich; Giles Robinson; David H. Rowitch; John H. Sampson; Michael D. Taylor; Paul Workman; Richard J. Gilbertson,2019,Nature Reviews Clinical Oncology,String A
36,"Cancer chemotherapy and beyond: Current status, drug candidates, associated risks and progress in targeted therapeutics",Uttpal Anand; Abhijit Dey; Arvind K. Singh Chandel; Rupa Sanyal; Amarnath Mishra; Devendra Kumar Pandey; Valentina De Falco; Arun Upadhyay; Ramesh Kandimalla; Anupama Chaudhary; Jaspreet Kaur Dhanjal; Saikat Dewanjee; Jayalakshmi Vallamkondu; José Manuel Pérez de la Lastra,2022,Genes & Diseases,String A
37,Classification of COVID-19 patients from chest CT images using multi-objective differential evolution–based convolutional neural networks,Dilbag Singh; Vijay Kumar; Vaishali; Manjit Kaur,2020,European Journal of Clinical Microbiology & Infectious Diseases,String A
38,Artificial selection of the Green Revolution gene Semidwarf 1 is implicated in upland rice breeding,Shuliang Jiao; Qinyan Li; Fan Zhang; Yonghong Tao; Yingzhen Yu; Fan Yao; Qingmao Li; Fengyi Hu; Liyu Huang,2023,Journal of Integrative Agriculture,String A
39,The Applications of Radiomics in Precision Diagnosis and Treatment of Oncology: Opportunities and Challenges,Zhenyu Liu; Shuo Wang; Di Dong; Jingwei Wei; Cheng Fang; Xuezhi Zhou; Kai Sun; Longfei Li; Bo Li; Meiyun Wang; Jie Tian,2019,Theranostics,String A
40,Identification of a new mutant allele of ZmYSL2 that regulates kernel development and nutritional quality in maize,Yikai Wang; Xiao Zhang; Bowen Luo; Hongmei Hu; Haixu Zhong; Haiying Zhang; Zhicheng Zhang; Jiajia Gao; Dan Liu; Ling Wu; Shiqiang Gao; Duojiang Gao; Shibin Gao,2022,Molecular Breeding,String A
41,"Open-access bacterial population genomics: BIGSdb software, the PubMLST.org website and their applications",Keith A. Jolley; James E. Bray; Martin Maiden,2018,Wellcome Open Research,String A
42,Advances in oligonucleotide drug delivery,Thomas C. Roberts; Róbert Langer; Matthew J. A. Wood,2020,Nature Reviews Drug Discovery,String A
43,Glioblastoma in adults: a Society for Neuro-Oncology (SNO) and European Society of Neuro-Oncology (EANO) consensus review on current management and future directions,Patrick Y. Wen; Michael Weller; Eudocia Q. Lee; Brian M. Alexander; Jill S. Barnholtz‐Sloan; Floris P Barthel; Tracy T. Batchelor; Ranjit S. Bindra; Susan M. Chang; E. Antonio Chiocca; Timothy F. Cloughesy; John DeGroot; Evanthia Galanis; Mark R. Gilbert; Monika E. Hegi; Craig Horbinski; Raymond Y. Huang; Andrew B. Lassman; Émilie Le Rhun; Michael Lim; Minesh P. Mehta; Ingo K. Mellinghoff; Giuseppe Minniti; David A. Nathanson; Michael Platten; Matthias Preusser; Patrick Roth; Marc Sanson; David Schiff; Susan Short; Martin Taphoorn; Joerg-Christian Tonn; Jonathan Tsang; Roel G.W. Verhaak; Andreas von Deimling; Wolfgang Wick; Gelareh Zadeh; David A. Reardon; Kenneth Aldape; Martin J. van den Bent,2020,Neuro-Oncology,String A
44,Biocatalysis,Elizabeth L. Bell; William Finnigan; Scott P. France; Anthony P. Green; Martin A. Hayes; Lorna J. Hepworth; Sarah L. Lovelock; Haruka Niikura; Sílvia Osuna; Elvira Romero; Katherine S. Ryan; Nicholas J. Turner; Sabine L. Flitsch,2021,Nature Reviews Methods Primers,String A
45,CAMUS: Context-Aware Neural Mutation Selection,Mingda Chen; Bo Wang; Youfang Lin; Jie M. Zhang,2025,,String A
46,A macromutation eliminates colour patterning in captive butterflies,Joseph J. Hanly; Luca Livraghi; Christa Heryanto; W. Owen McMillan; Chris D. Jiggins; Lawrence E. Gilbert; Arnaud Martin,2021,bioRxiv (Cold Spring Harbor Laboratory),String A
47,Comprehensive review of targeted therapy for colorectal cancer,Yuanhong Xie; Yingxuan Chen; Jing‐Yuan Fang,2020,Signal Transduction and Targeted Therapy,String A
48,"Targeting p53 pathways: mechanisms, structures and advances in therapy",Haolan Wang; Ming Guo; Hudie Wei; Yongheng Chen,2023,Signal Transduction and Targeted Therapy,String A
49,Exploring treatment options in cancer: tumor treatment strategies,Beilei Liu; Hongyu Zhou; Licheng Tan; Kin To Hugo Siu; Xin‐Yuan Guan,2024,Signal Transduction and Targeted Therapy,String A
50,<i>OsGRF1</i> and <i>OsGRF2</i> play unequal redundant roles in regulating leaf vascular bundle formation,Ruihan Xu; Jianyu An; Jiali Song; Tiantian Yan; Jieru Li; Xuebin Zhao; Xian Shi; Yayi Meng; Chenyu Rong; Ganghua Li; Chengqiang Ding; Chengqiang Ding,2025,Journal of Experimental Botany,String A
51,Ferroptosis: mechanisms and links with diseases,Hong-Fa Yan; Ting Zou; Qing‐zhang Tuo; Shuo Xu; Hua Li; Abdel Ali Belaidi; Peng Lei,2021,Signal Transduction and Targeted Therapy,String A
52,The biological and clinical significance of emerging SARS-CoV-2 variants,Kaiming Tao; Philip L. Tzou; Janin Nouhin; Ravindra K. Gupta; Túlio de Oliveira; Sergei L. Kosakovsky Pond; Daniela Fera; Robert W. Shafer,2021,Nature Reviews Genetics,String A
53,A drought‐responsive rice amidohydrolase is the elusive plant guanine deaminase with the potential to modulate the epigenome,Dhananjay Gotarkar; Toshisangba Longkumer; Naoki Yamamoto; Amrit K. Nanda; Tamara Iglesias; Linfeng Li; Berta Miró; Elisa Blanco González; María Montes‐Bayón; Kenneth M. Olsen; Yue‐Ie Hsing; Ajay Kohli,2021,Physiologia Plantarum,String A
54,The ChEMBL Database in 2023: a drug discovery platform spanning multiple bioactivity data types and time periods,Barbara Zdrazil; Eloy Félix; Fiona Hunter; Emma J. Manners; James Blackshaw; Sybilla Corbett; Marleen De Veij; Harris Ioannidis; David Méndez; Juan F Mosquera; María Paula Magariños; Nicolas Bosc; Ricardo Arcila; Tevfik Kizilören; Anna Gaulton; A. Patrícia Bento; Melissa F. Adasme; Peter Monecke; Gregory A. Landrum; Andrew R. Leach,2023,Nucleic Acids Research,String A
55,De novo domestication of wild tomato using genome editing,Agustín Zsögön; Tomáš Čermák; Emmanuel Rezende Naves; Marcela Morato Notini; Kai H. Edel; Stefan Weinl; Luciano Freschi; Daniel F. Voytas; Jörg Kudla; Lázaro Eustáquio Pereira Peres,2018,Nature Biotechnology,String A
56,Viral vector platforms within the gene therapy landscape,Jote Bulcha; Yi Wang; Hong Ma; Phillip W.L. Tai; Guangping Gao,2021,Signal Transduction and Targeted Therapy,String A
57,Pan-cancer integrative histology-genomic analysis via multimodal deep learning,Richard J. Chen; Ming Y. Lu; Drew F. K. Williamson; Tiffany Chen; Jana Lipková; Zahra Noor; Muhammad Shaban; Maha Shady; Mane Williams; Bumjin Joo; Faisal Mahmood,2022,Cancer Cell,String A
58,"Biomarkers in Lung Cancer Screening: Achievements, Promises, and Challenges",Luis Seijó; Nir Peled; Daniel Ajona; Mattia Boeri; John K. Field; Gabriella Sozzi; Rubén Pı́o; Javier J. Zulueta; Avrum Spira; Pierre P. Massion; Peter J. Mazzone; Luis M. Montuenga,2018,Journal of Thoracic Oncology,String A
59,Molecular profiling for precision cancer therapies,Eoghan Ruadh Malone; Marc Oliva; Peter Sabatini; Tracy Stockley; Lillian L. Siu,2020,Genome Medicine,String A
60,AlphaFold2 and its applications in the fields of biology and medicine,Zhenyu Yang; Xiaoxi Zeng; Yi Zhao; Runsheng Chen,2023,Signal Transduction and Targeted Therapy,String A
61,"The mutation of ent-kaurenoic acid oxidase, a key enzyme involved in gibberellin biosynthesis, confers a dwarf phenotype to cucumber",Mengru Zhang; Mengfei Song; Feng Cheng; Xiaoxu Han; Chunyan Cheng; Xiaqing Yu; Jinfeng Chen; Qunfeng Lou,2024,Theoretical and Applied Genetics,String A
62,Targeting HER2-positive breast cancer: advances and future directions,Sandra M. Swain; Mythili Shastry; Erika Hamilton,2022,Nature Reviews Drug Discovery,String A
63,Breast cancer: pathogenesis and treatments,Xin Xiong; Lewei Zheng; Yu‐Qiang Ding; Yufei Chen; Yuwen Cai; Leiping Wang; Liang Huang; Cuicui Liu; Zhi‐Ming Shao; Ke‐Da Yu,2025,Signal Transduction and Targeted Therapy,String A
64,Advances in protein structure prediction and design,Brian Kuhlman; Philip Bradley,2019,Nature Reviews Molecular Cell Biology,String A
65,Emerging role of deep learning‐based artificial intelligence in tumor pathology,Yahui Jiang; Meng Yang; Shuhao Wang; Xiangchun Li; Yan Sun,2020,Cancer Communications,String A
66,A High-Throughput Cell-Free Enzyme Screening System Using Redox-Responsive Hydrogel Beads as Artificial Compartments,Taisei Koga; Yui Okawa; Tomoyuki Ito; Kensei Orita; Kosuke Minamihata; Mitsuo Umetsu; Noriho Kamiya,2025,ACS Synthetic Biology,String A
67,The next generation of evidence-based medicine,Vivek Subbiah,2023,Nature Medicine,String A
68,A structural biology community assessment of AlphaFold2 applications,Mehmet Akdel; Douglas E. V. Pires; Eduard Porta‐Pardo; Jürgen Jänes; Arthur O. Zalevsky; Bálint Mészáros; Patrick Bryant; Lydia L. Good; Roman A. Laskowski; Gabriele Pozzati; Aditi Shenoy; Wensi Zhu; Petras J. Kundrotas; Victoria Ruiz‐Serra; Carlos H. M. Rodrigues; Alistair S. Dunham; David F. Burke; Neera Borkakoti; Sameer Velankar; Adam Frost; J. Basquin; Kresten Lindorff‐Larsen; Alex Bateman; Andrey V. Kajava; Alfonso Valencia; Sergey Ovchinnikov; Janani Durairaj; David B. Ascher; Janet M. Thornton; Norman E. Davey; Amelie Stein; Arne Elofsson; Tristan I. Croll; Pedro Beltrão,2022,Nature Structural & Molecular Biology,String A
69,Tyrosine Kinase Inhibitors in Cancer: Breakthrough and Challenges of Targeted Therapy,Charles Pottier; Margaux Fresnais; Marie Gilon; Guy Jérusalem; Rémi Longuespée; Nor Eddine Sounni,2020,Cancers,String A
70,"Lung cancer immunotherapy: progress, pitfalls, and promises",Aritraa Lahiri; Avik Maji; Pravin D. Potdar; Navneet Singh; Purvish M. Parikh; Bharti Bisht; Anubhab Mukherjee; Manash K. Paul,2023,Molecular Cancer,String A
71,The Lancet Commission on prostate cancer: planning for the surge in cases,Nicholas D. James; Ian F. Tannock; James N’Dow; Felix Y. Feng; Silke Gillessen; Syed Adnan Ali; Blanca Trujillo; Bissan Al‐Lazikani; Gerhardt Attard; Freddie Bray; Éva Compérat; Rosalind A. Eeles; Omolara Fatiregun; Emily Grist; Susan Halabi; Áine Haran; Daniel Herchenhorn; Michael S. Hofman; Mohamed Jalloh; Stacy Loeb; Archie Macnair; Brandon A. Mahal; Larissa Mendes; Masood Moghul; Caroline M. Moore; Alicia K. Morgans; Michael J. Morris; Declan G. Murphy; Vedang Murthy; Paul L. Nguyen; Anwar R. Padhani; Charles Parker; Hannah Rush; Mark Sculpher; Howard R. Soule; Matthew R. Sydes; Derya Tilki; Nina Tunariu; Paul Villanti; Liping Xie,2024,The Lancet,String A
72,A fully automatic deep learning system for COVID-19 diagnostic and prognostic analysis,Shuo Wang; Yunfei Zha; Weimin Li; Qingxia Wu; Xiaohu Li; Meng Niu; Meiyun Wang; Xiaoming Qiu; Hongjun Li; Yu He; Wei Gong; Yan Bai; Li Li; Yongbei Zhu; Liusu Wang; Jie Tian,2020,European Respiratory Journal,String A
73,"Plant Secondary Metabolites as Defenses, Regulators, and Primary Metabolites: The Blurred Functional Trichotomy",Matthias Erb; Daniel J. Kliebenstein,2020,PLANT PHYSIOLOGY,String A
74,Deep-Learning Convolutional Neural Networks Accurately Classify Genetic Mutations in Gliomas,Peter Chang; Jack Grinband; Brent D. Weinberg; Michelle Bardis; M. Khy; G. Cadena; Min‐Ying Su; Soonmee Cha; Christopher G. Filippi; Daniela A. Bota; Pierre Baldi; Laila Poisson; Rajan Jain; Daniel Chow,2018,American Journal of Neuroradiology,String A
75,"Notch signaling pathway: architecture, disease, and therapeutics",Binghan Zhou; Wanling Lin; Yaling Long; Yunkai Yang; Huan Zhang; Kongming Wu; Qian Chu,2022,Signal Transduction and Targeted Therapy,String A
76,Deep Learning–Based Stratification of Gastric Cancer Patients from Hematoxylin and Eosin–Stained Whole Slide Images by Predicting Molecular Features for Immunotherapy Response,Zheng Wei; Xu Zhao; Jing Chen; Qiuyan Sun; Zeyang Wang; Yanli Wang; Zhiyi Ye; Yuan Yuan; Liping Sun; Jingjing Jing,2023,American Journal Of Pathology,String A
77,Biological structure and function emerge from scaling unsupervised learning to 250 million protein sequences,Alexander Rives; Joshua Meier; Tom Sercu; Siddharth Goyal; Zeming Lin; Jason Liu; Demi Guo; Myle Ott; C. Lawrence Zitnick; Jerry Ma; Rob Fergus,2019,bioRxiv (Cold Spring Harbor Laboratory),String A
78,Meta-analysis of tumor- and T cell-intrinsic mechanisms of sensitization to checkpoint inhibition,Kevin Litchfield; James L. Reading; Clare Puttick; Krupa Thakkar; Chris Abbosh; Robert B. Bentham; Thomas B.K. Watkins; Rachel Rosenthal; Dhruva Biswas; Andrew Rowan; Emilia L. Lim; Maise Al Bakir; Virginia Turati; José Afonso Guerra‐Assunção; Lucía Conde; Andrew J.S. Furness; Sunil Kumar Saini; Sine Reker Hadrup; Javier Herrero; Se‐Hoon Lee; Peter Van Loo; Tariq Enver; James Larkin; Matthew D. Hellmann; Samra Turajlic; Sergio A. Quezada; Nicholas McGranahan; Charles Swanton,2021,Cell,String A
79,"Liquid biopsy: a step closer to transform diagnosis, prognosis and future of cancer treatments",Saife N. Lone; Sabah Nisar; Tariq Masoodi; Mayank Singh; Arshi Rizwan; Sheema Hashem; Wael El‐Rifai; Davide Bedognetti; Surinder K. Batra; Mohammad Haris; Ajaz A. Bhat; Muzafar A. Macha,2022,Molecular Cancer,String A
80,Mitochondria dysfunction in the pathogenesis of Alzheimer’s disease: recent advances,Wenzhang Wang; Fanpeng Zhao; Xiaopin Ma; George Perry; Xiongwei Zhu,2020,Molecular Neurodegeneration,String A
81,Full-length transcript characterization of SF3B1 mutation in chronic lymphocytic leukemia reveals downregulation of retained introns,Alison D. Tang; Cameron M. Soulette; Marijke J. van Baren; Kevyn L. Hart; Eva Hrabeta‐Robinson; Catherine J. Wu; Angela N. Brooks,2020,Nature Communications,String A
82,MODERN MOLECULAR-GENETIC APPROACH TO INCREASE EFFICIENCY OF SELECTION PROCESS IN ANIMAL BREEDING OF UKRAINE,O. I. Metlytska; K. Kopylov; А. V. Berezovsky,2018,Animal Breeding and Genetics,String A
83,Organoids,Zixuan Zhao; Xinyi Chen; Anna M. Dowbaj; Aleksandra Sljukic; Kaitlin M. Bratlie; Luda Lin; Eliza Li Shan Fong; Gowri Manohari Balachander; Zhaowei Chen; Alice Soragni; Meritxell Huch; Yi Arial Zeng; Qun Wang; Hanry Yu,2022,Nature Reviews Methods Primers,String A
84,"DNA damage repair: historical perspectives, mechanistic pathways and clinical translation for targeted cancer therapy",Ruixue Huang; Ping‐Kun Zhou,2021,Signal Transduction and Targeted Therapy,String A
85,"Amyloid β-based therapy for Alzheimer’s disease: challenges, successes and future",Yun Zhang; Huaqiu Chen; Ran Li; Keenan Sterling; Weihong Song,2023,Signal Transduction and Targeted Therapy,String A
86,Genome-scale investigation and identification of variations associated with early flowering based on whole genome resequencing and transcriptome integrated analysis in tree peony,Lili Guo; Yuying Li; Yang Lei; Jingshan Gao; Chengwei Song; Da‐Long Guo; Xiaogai Hou,2022,Scientia Horticulturae,String A
87,Endoplasmic reticulum stress: molecular mechanism and therapeutic targets,Xingyi Chen; Chaoran Shi; Meihui He; Siqi Xiong; Xiaobo Xia,2023,Signal Transduction and Targeted Therapy,String A
88,Exosomes as a new frontier of cancer liquid biopsy,Dan Yu; Yixin Li; Maoye Wang; Jianmei Gu; Wenrong Xu; Hui Cai; Xinjian Fang; Xu Zhang,2022,Molecular Cancer,String A
89,Common principles and best practices for engineering microbiomes,Christopher E. Lawson; William R. Harcombe; Roland Hatzenpichler; Stephen R. Lindemann; Frank E. Löffler; Michelle O’Malley; Héctor García Martín; Brian F. Pfleger; Lutgarde Raskin; Ophelia S. Venturelli; David G. Weissbrodt; Daniel R. Noguera; Katherine D. McMahon,2019,Nature Reviews Microbiology,String A
90,Local mutational diversity drives intratumoral immune heterogeneity in non-small cell lung cancer,Qingzhu Jia; Wei Wu; Yuqi Wang; Peter B. Alexander; Chengdu Sun; Zhihua Gong; Jia-Nan Cheng; Huaibo Sun; Yanfang Guan; Xuefeng Xia; Ling Yang; Xin Yi; Yisong Y. Wan; Haidong Wang; Ji He; P. Andrew Futreal; Qi-Jing Li; Bo Zhu,2018,Nature Communications,String A
91,A pathology foundation model for cancer diagnosis and prognosis prediction,Xiyue Wang; Junhan Zhao; Eliana Marostica; Wei Yuan; Jietian Jin; Jiayu Zhang; Ruijiang Li; Hongping Tang; Kanran Wang; Yu Li; Fang Wang; Yulong Peng; Junyou Zhu; Jing Zhang; Christopher Jackson; Jun Zhang; Deborah Dillon; Nancy U. Lin; Lynette M. Sholl; Thomas Denize; David M. Meredith; Keith L. Ligon; Sabina Signoretti; Shuji Ogino; Jeffrey A. Golden; MacLean P. Nasrallah; Xiao Han; Sen Yang; Kun‐Hsing Yu,2024,Nature,String A
92,The Amyloid-β Oligomer Hypothesis: Beginning of the Third Decade,Erika N. Cline; Maíra A. Bicca; Kirsten L. Viola; William L. Klein,2018,Journal of Alzheimer s Disease,String A
93,Pan-cancer image-based detection of clinically actionable genetic alterations,Jakob Nikolas Kather; Lara R. Heij; Heike I. Grabsch; Chiara Maria Lavinia Loeffler; Amelie Echle; Hannah Sophie Muti; Jeremias Krause; Jan Niehues; Kai Sommer; Peter Bankhead; Loes Kooreman; Jefree J. Schulte; Nicole A. Cipriani; Roman D. Buelow; Peter Boor; Nadina Ortiz‐Brüchle; Andrew M. Hanby; Valerie Speirs; Sara Kochanny; Akash Patnaik; Andrew Srisuwananukorn; Hermann Brenner; Michael Hoffmeister; Piet A. van den Brandt; Dirk Jäger; Christian Trautwein; Alexander T. Pearson; Tom Luedde,2020,Nature Cancer,String A
94,Microglia in neurodegenerative diseases: mechanism and potential therapeutic targets,Chao Gao; Jingwen Jiang; Yuyan Tan; Shengdi Chen,2023,Signal Transduction and Targeted Therapy,String A
95,Enhanced fusogenicity and pathogenicity of SARS-CoV-2 Delta P681R mutation,Akatsuki Saito; Takashi Irie; Rigel Suzuki; Tadashi Maemura; Hesham Nasser; Keiya Uriu; Yusuke Kosugi; Kotaro Shirakawa; Kenji Sadamasu; Izumi Kimura; Jumpei Ito; Jiaqi Wu; Kiyoko Iwatsuki‐Horimoto; Mutsumi Ito; Seiya Yamayoshi; Samantha Loeber; Masumi Tsuda; Lei Wang; Seiya Ozono; Erika P. Butlertanaka; Yuri Tanaka; Ryo Shimizu; Kenta Shimizu; Kumiko Yoshimatsu; Ryoko Kawabata; Takemasa Sakaguchi; Kenzo Tokunaga; Isao Yoshida; Hiroyuki Asakura; Mami Nagashima; Yasuhiro Kazuma; Ryosuke Nomura; Yoshihito Horisawa; Kazuhisa Yoshimura; Akifumi Takaori‐Kondo; Masaki Imai; Mika Chiba; Hirotake Furihata; Haruyo Hasebe; Kazuko Kitazato; Haruko Kubo; Naoko Misawa; Nanami Morizako; Kohei Noda; Akiko Oide; Mai Suganami; Miyoko Takahashi; Kana Tsushima; Miyabishara Yokoyama; Yue Yuan; Shinya Tanaka; So Nakagawa; Terumasa Ikeda; Takasuke Fukuhara; Yoshihiro Kawaoka; Kei Sato,2021,Nature,String A
96,Combination strategies with PD-1/PD-L1 blockade: current advances and future directions,Ming Yi; Xiaoli Zheng; Mengke Niu; Shuangli Zhu; Hong Ge; Kongming Wu,2022,Molecular Cancer,String A
97,Efficient evolution of human antibodies from general protein language models,Brian Hie; Varun R. Shanker; Duo Xu; Theodora U. J. Bruun; Payton A. Weidenbacher; Shaogeng Tang; Wesley Wu; John E. Pak; Peter S. Kim,2023,Nature Biotechnology,String A
98,Molecular Dynamics Simulations in Drug Discovery and Pharmaceutical Development,Outi M. H. Salo‐Ahen; Ida Alanko; Rajendra Bhadane; Alexandre M. J. J. Bonvin; Rodrigo V. Honorato; Shakhawath Hossain; André H. Juffer; Aleksei Kabedev; Maija Lahtela‐Kakkonen; Anders S. Larsen; Eveline Lescrinier; Parthiban Marimuthu; Muhammad Usman Mirza; Ghulam Mustafa; Ariane Nunes‐Alves; Tatu Pantsar; Atefeh Saadabadi; Kalaimathy Singaravelu; Michiel Vanmeert,2020,Processes,String A
99,Predicting EGFR mutation status in lung adenocarcinoma on computed tomography image using deep learning,Shuo Wang; Jingyun Shi; Zhaoxiang Ye; Di Dong; Dongdong Yu; Mu Zhou; Ying Liu; Olivier Gevaert; Kun Wang; Yongbei Zhu; Hong-Yu Zhou; Zhenyu Liu; Jie Tian,2019,European Respiratory Journal,String A
100,"The genome of cultivated peanut provides insight into legume karyotypes, polyploid evolution and crop domestication",Weijian Zhuang; Hua Chen; Meng Yang; Jianping Wang; Manish K. Pandey; Chong Zhang; Wen‐Chi Chang; Liangsheng Zhang; Xingtan Zhang; Ronghua Tang; Vanika Garg; Xingjun Wang; Haibao Tang; Chi-Nga Chow; Jinpeng Wang; Ye Deng; Depeng Wang; Aamir W. Khan; Qiang Yang; Tiecheng Cai; Prasad Bajaj; Kangcheng Wu; Baozhu Guo; Xinyou Zhang; Jingjing Li; Fan Liang; Jiang Hu; Boshou Liao; Shengyi Liu; Annapurna Chitikineni; Hansong Yan; Yixiong Zheng; Shihua Shan; Qinzheng Liu; Dongyang Xie; Zhenyi Wang; Shahid Ali Khan; Niaz Ali; Chuanzhi Zhao; Xinguo Li; Ziliang Luo; Shubiao Zhang; Ruirong Zhuang; Ze Peng; Shuaiyin Wang; Gandeka Mamadou; Yuhui Zhuang; Zifan Zhao; Weichang Yu; Faqian Xiong; Weipeng Quan; Mei Yuan; Yu Li; Huasong Zou; Han Xia; Li Zha; Junpeng Fan; Jigao Yu; Wenping Xie; Jiaqing Yuan; Kun Chen; Shanshan Zhao; Wen‐Ting Chu; Yuting Chen; Pengchuan Sun; Fanbo Meng; Tao Zhuo; Yuhao Zhao; Chunjuan Li; Guohao He; Yongli Zhao; Congcong Wang; Polavarapu B. KaviKishor; Rong‐Long Pan; Andrew H. Paterson; Xiyin Wang; Ray Ming; Rajeev K. Varshney,2019,Nature Genetics,String A
101,"Drugging p53 in cancer: one protein, many targets",Ori Hassin; Moshe Oren,2022,Nature Reviews Drug Discovery,String A
102,"Integration of Cloud, Internet of Things, and Big Data Analytics",Gaurav Somani; Xinghui Zhao; Satish Narayana Srirama; Rajkumar Buyya,2018,Software Practice and Experience,String A
103,Gene editing of economic macroalga <i>Neopyropia yezoensis</i> (Rhodophyta) will promote its development into a model species of marine algae,Wang Hong; Xiujun Xie; Wenhui Gu; Zhenbing Zheng; Jintao Zhuo; Zhizhuo Shao; Li Huan; Baoyu Zhang; Jianfeng Niu; Shan Gao; Xulei Wang; Guangce Wang,2024,New Phytologist,String A
104,Signaling pathways involved in colorectal cancer: pathogenesis and targeted therapy,Qing Li; Shan Geng; Hao Luo; Wei Wang; Yaqi Mo; Qing Luo; Lu Wang; Guanbin Song; Jianpeng Sheng; Bo Xu,2024,Signal Transduction and Targeted Therapy,String A
105,Noncoding RNA therapeutics — challenges and potential solutions,Melanie Winkle; Sherien M. El‐Daly; Muller Fabbri; George A. Călin,2021,Nature Reviews Drug Discovery,String A
106,"Myelin in the Central Nervous System: Structure, Function, and Pathology",Christine Stadelmann; Sebastian Timmler; Alonso Barrantes‐Freer; Mikael Simons,2019,Physiological Reviews,String A
107,Genetics and biology of prostate cancer,Guocan Wang; Di Zhao; Denise J. Spring; Ronald A. DePinho,2018,Genes & Development,String A
108,Human iPSC-Derived Natural Killer Cells Engineered with Chimeric Antigen Receptors Enhance Anti-tumor Activity,Ye Li; David Hermanson; Branden S. Moriarity; Dan S. Kaufman,2018,Cell stem cell,String A
109,Adeno-associated virus as a delivery vector for gene therapy of human diseases,Jiang-Hui Wang; Dominic J. Gessler; Wei Zhan; Thomas L. Gallagher; Guangping Gao,2024,Signal Transduction and Targeted Therapy,String A
110,A single nucleotide polymorphism in <i>conz1</i> enhances maize adaptation to higher latitudes,Lishuan Wu; Yameng Liang; Li Guo; Yifan Zhu; Wenchao Qin; Weihao Wu; Hong Jia; Feng Tian,2023,Plant Biotechnology Journal,String A
111,A pan-cancer blueprint of the heterogeneous tumor microenvironment revealed by single-cell profiling,Junbin Qian; Siel Olbrecht; Bram Boeckx; Hanne Vos; Damya Laoui; Emre Etlioglu; Els Wauters; Valentina Pomella; Sara Verbandt; Pieter Busschaert; Ayse Bassez; Amelie Franken; Marlies Vanden Bempt; Jieyi Xiong; Birgit Weynand; Yannick Van Herck; Asier Antoranz; Francesca M. Bosisio; Bernard Thienpont; Giuseppe Floris; Ignace Vergote; Ann Smeets; Sabine Tejpar; Diether Lambrechts,2020,Cell Research,String A
112,Automated assembly scaffolding using RagTag elevates a new tomato system for high-throughput genome editing,Michael Alonge; Ludivine Lebeigle; Melanie Kirsche; Katie Jenike; Shujun Ou; Sergey Aganezov; Xingang Wang; Zachary B. Lippman; Michael C. Schatz; Sebastian Soyk,2022,Genome biology,String A
113,Celebrating 20 Years of Genetic Discoveries in Legume Nodulation and Symbiotic Nitrogen Fixation,Sonali Roy; Wei Liu; Raja Sekhar Nandety; Ashley Crook; Kirankumar S. Mysore; Catalina I. Pislariu; Julia Frugoli; Rebecca Dickstein; Michael K. Udvardi,2019,The Plant Cell,String A
114,Scalable training of artificial neural networks with adaptive sparse connectivity inspired by network science,Decebal Constantin Mocanu; Elena Mocanu; Peter Stone; Phuong H. Nguyen; Madeleine Gibescu; Antonio Liotta,2018,Nature Communications,String A
115,Cancer Neoantigens,Ton N. Schumacher; Wouter Scheper; Pia Kvistborg,2018,Annual Review of Immunology,String A
116,"Cellular mitophagy: Mechanism, roles in diseases and small molecule pharmacological regulation",Yingying Lü; Zhijia Li; Shuangqian Zhang; Tongtong Zhang; Yanjun Liu; Lan Zhang,2023,Theranostics,String A
117,Pan-genome analysis highlights the extent of genomic variation in cultivated and wild rice,Qiang Zhao; Qi Feng; Hengyun Lu; Yan Li; Ahong Wang; Qilin Tian; Qilin Zhan; Yiqi Lu; Lei Zhang; Tao Huang; Yongchun Wang; Danlin Fan; Yan Zhao; Ziqun Wang; Congcong Zhou; Jiaying Chen; Chuanrang Zhu; Wenjun Li; Qijun Weng; Qun Xu; Zi-Xuan Wang; Xinghua Wei; Bin Han; Xuehui Huang,2018,Nature Genetics,String A
118,Antibody drug conjugate: the “biological missile” for targeted cancer therapy,Zhiwen Fu; Shijun Li; Sifei Han; Shi Chen; Yu Zhang,2022,Signal Transduction and Targeted Therapy,String A
119,Practical implementation of DNA methylation and copy-number-based CNS tumor diagnostics: the Heidelberg experience,David Capper; Damian Stichel; Felix Sahm; David Jones; Daniel Schrimpf; Martin Sill; Simone Schmid; Volker Hovestadt; David Reuß; Christian Koelsche; Annekathrin Reinhardt; Annika K. Wefers; Kristin Huang; Philipp Sievers; Azadeh Ebrahimi; Anne Schöler; Daniel Teichmann; Arend Koch; Daniel Hänggi; Andreas Unterberg; Michael Platten; Wolfgang Wick; Olaf Witt; Till Milde; Andrey Korshunov; Stefan M. Pfister; Andreas von Deimling,2018,Acta Neuropathologica,String A
120,"Therapeutic cancer vaccines: advancements, challenges and prospects",Ting Fan; Mingna Zhang; Jingxian Yang; Zhounan Zhu; Wanlu Cao; Chunyan Dong,2023,Signal Transduction and Targeted Therapy,String A
121,"A Systematic Review of the Whale Optimization Algorithm: Theoretical Foundation, Improvements, and Hybridizations",Mohammad H. Nadimi-Shahraki; Hoda Zamani; Zahra Asghari Varzaneh; Seyedali Mirjalili,2023,Archives of Computational Methods in Engineering,String A
122,Classification and mutation prediction based on histopathology H&amp;E images in liver cancer using deep learning,Mingyu Chen; Bin Zhang; Win Topatana; Jiasheng Cao; He-pan Zhu; Sarun Juengpanich; Qijiang Mao; Hong Yu; Xiujun Cai,2020,npj Precision Oncology,String A
123,Clinical use of lentiviral vectors,Michael C. Milone; Una O’Doherty,2018,Leukemia,String A
124,Biologically informed deep neural network for prostate cancer discovery,Haitham Elmarakeby; Justin H. Hwang; Rand Arafeh; Jett Crowdis; Sydney Gang; David Liu; Saud H. AlDubayan; Keyan Salari; Steven Kregel; Camden Richter; Taylor E. Arnoff; Jihye Park; William C. Hahn; Eliezer M. Van Allen,2021,Nature,String A
125,Mega-scale experimental analysis of protein folding stability in biology and design,Kotaro Tsuboyama; Justas Dauparas; Jonathan H. Chen; Élodie Laine; Yasser Mohseni Behbahani; Jonathan J. Weinstein; Niall M. Mangan; Sergey Ovchinnikov; Gabriel J. Rocklin,2023,Nature,String A
126,Deep diversification of an AAV capsid protein by machine learning,Drew Bryant; Ali Bashir; Sam Sinai; Nina Jain; Pierce J. Ogden; Patrick Riley; George M. Church; Lucy J. Colwell; Eric D. Kelsic,2021,Nature Biotechnology,String A
127,Big data in basic and translational cancer research,Peng Jiang; Sanju Sinha; Kenneth Aldape; Sridhar Hannenhalli; S. Cenk Şahinalp; Eytan Ruppin,2022,Nature reviews. Cancer,String A
128,PI3K/AKT/mTOR Signaling Pathway in Breast Cancer: From Molecular Landscape to Clinical Aspects,Daniela Miricescu; Alexandra Totan; Iulia-Ioana Stănescu-Spînu; Silviu Constantin Bădoiu; Constantin Ștefani; Maria Greabu,2020,International Journal of Molecular Sciences,String A
129,RNA delivery by extracellular vesicles in mammalian cells and its applications,Killian P. O’Brien; Koen Breyne; Stefano Ughetto; Louise C. Laurent; Xandra O. Breakefield,2020,Nature Reviews Molecular Cell Biology,String A
130,"ALS Genetics, Mechanisms, and Therapeutics: Where Are We Now?",Rita Mejzini; Loren L. Flynn; Ianthe Pitout; Sue Fletcher; Steve D. Wilton; P. Anthony Akkari,2019,Frontiers in Neuroscience,String A
131,Machine learning for metabolic engineering: A review,Christopher E. Lawson; Jose Manuel Martí; Tijana Radivojević; Sai Vamshi R. Jonnalagadda; Reinhard Gentz; Nathan J. Hillson; Sean Peisert; Joonhoon Kim; Blake A. Simmons; Christopher J. Petzold; Steven W. Singer; Aindrila Mukhopadhyay; Deepti Tanjore; Joshua G. Dunn; Héctor García Martín,2020,Metabolic Engineering,String A
132,Image-based profiling for drug discovery: due for a machine-learning upgrade?,Srinivas Niranj Chandrasekaran; Hugo Ceulemans; Justin D. Boyd; Anne E. Carpenter,2020,Nature Reviews Drug Discovery,String A
133,Genome-wide and high-density CRISPR-Cas9 screens identify point mutations in PARP1 causing PARP inhibitor resistance,Stephen J. Pettitt; Dragomir B. Krastev; Inger Brandsma; Amy Dréan; Feifei Song; Radoslav Aleksandrov; Maria I. Harrell; Malini Menon; Rachel Brough; James Campbell; Jessica Frankum; Michael Ranes; Helen N. Pemberton; Rumana Rafiq; Kerry Fenwick; Amanda Swain; Sebastian Guettler; Jung-Min Lee; Elizabeth M. Swisher; Stoyno Stoynov; Kosuke Yusa; Alan Ashworth; Christopher J. Lord,2018,Nature Communications,String A
134,Multiple pathways for SARS-CoV-2 resistance to nirmatrelvir,Sho Iketani; Hiroshi Mohri; Bruce Culbertson; Seo Jung Hong; Yinkai Duan; Maria I. Luck; Medini K. Annavajhala; Yicheng Guo; Zizhang Sheng; Anne‐Catrin Uhlemann; Stephen P. Goff; Yosef Sabo; Haitao Yang; Alejandro Chavez; David D. Ho,2022,Nature,String A
135,Molecular targeted therapy for anticancer treatment,Hye‐Young Min; Ho‐Young Lee,2022,Experimental & Molecular Medicine,String A
136,Mode of Action of Microbial Biological Control Agents Against Plant Diseases: Relevance Beyond Efficacy,J. Köhl; Rogier Kolnaar; Willem J. Ravensberg,2019,Frontiers in Plant Science,String A
137,Clinical trial design in the era of precision medicine,Elena Fountzilas; Apostolia M. Tsimberidou; Henry Hiep Vo; Razelle Kurzrock,2022,Genome Medicine,String A
138,A Network of Noncoding Regulatory RNAs Acts in the Mammalian Brain,Benjamin Kleaveland; Charlie Y. Shi; Joanna Stefano; David P. Bartel,2018,Cell,String A
139,The antiviral compound remdesivir potently inhibits RNA-dependent RNA polymerase from Middle East respiratory syndrome coronavirus,Calvin J. Gordon; Egor P. Tchesnokov; Joy Y. Feng; Danielle Porter; Matthias Götte,2020,Journal of Biological Chemistry,String A
140,RNA splicing dysregulation and the hallmarks of cancer,Robert K. Bradley; Olga Anczuków,2023,Nature reviews. Cancer,String A
141,"A global perspective on carotenoids: Metabolism, biotechnology, and benefits for nutrition and health",Manuel Rodríguez‐Concepción; Javier Ávalos; M. Luisa Bonet; Albert Boronat; Lourdes Gómez‐Gómez; Dámaso Hornero‐Méndez; M. Carmen Limón; Antonio J. Meléndez‐Martínez; Begoña Olmedilla‐Alonso; Andreu Palou; Joan Ribot; Marı́a J. Rodrigo; Lorenzo Zacarı́as; Changfu Zhu,2018,Progress in Lipid Research,String A
142,Patient-derived xenograft models in cancer therapy: technologies and applications,Yihan Liu; Wantao Wu; Changjing Cai; Hao Zhang; Hong Shen; Ying Han,2023,Signal Transduction and Targeted Therapy,String A
143,Clinical implications of intratumor heterogeneity: challenges and opportunities,Santiago Ramón y Cajal; Marta Sesé; Claudia Capdevila; Trond Aasen; Leticia De Mattos‐Arruda; Salvador J. Díaz‐Cano; Javier Hernández‐Losa; Josep Castellví,2020,Journal of Molecular Medicine,String A
144,"Relationships Between Immune Landscapes, Genetic Subtypes and Responses to Immunotherapy in Colorectal Cancer",Émilie Picard; Chris P. Verschoor; W Kitonyi Grace; Graham Pawelec,2020,Frontiers in Immunology,String A
145,Innovative approaches for cancer treatment: current perspectives and new challenges,Carlotta Pucci; Chiara Martinelli; Gianni Ciofani,2019,ecancermedicalscience,String A
146,Predictive biomarkers for cancer immunotherapy with immune checkpoint inhibitors,Rilan Bai; Zheng Lv; Dongsheng Xu; Jiuwei Cui,2020,Biomarker Research,String A
147,Measuring biological age using omics data,Jarod Rutledge; Hamilton Oh; Tony Wyss‐Coray,2022,Nature Reviews Genetics,String A
148,Regulation of Clathrin-Mediated Endocytosis,Marcel Mettlen; Ping‐Hung Chen; Saipraveen Srinivasan; Gaudenz Danuser; Sandra L. Schmid,2018,Annual Review of Biochemistry,String A
149,"Recent advances in Alzheimer’s disease: mechanisms, clinical trials and new drug development strategies",Jifa Zhang; Yinglu Zhang; Jiaxing Wang; Yilin Xia; Jiaxian Zhang; Lei Chen,2024,Signal Transduction and Targeted Therapy,String A
150,DeepBugs: a learning approach to name-based bug detection,Michael Pradel; Koushik Sen,2018,Proceedings of the ACM on Programming Languages,String A
151,Progress in research on paclitaxel and tumor immunotherapy,Linyan Zhu; Liqun Chen,2019,Cellular & Molecular Biology Letters,String A
152,Editorial: Structural understanding of the functional consequences of missense mutation,Jian Tian; Christopher D. McFarland; Jaie Woodard,2023,Frontiers in Genetics,String A
153,Whole-genome mutagenesis of whiteleg shrimp (Litopenaeus vannamei) by ARTP and analysis of its mutational characteristics,Qiang Fu; Jingxin Zhou; Sheng Luan; Kun Luo; Baolong Chen; Jiawang Cao; Xupeng Li; Qun Xing; Jie Kong; Xianhong Meng,2024,Aquaculture,String A
154,Machine and deep learning methods for radiomics,Michele Avanzo; Lise Wei; Joseph Stancanello; Martin Vallières; Arvind Rao; Olivier Morin; Sarah A. Mattonen; Issam El Naqa,2020,Medical Physics,String A
155,Embracing cancer complexity: Hallmarks of systemic disease,Charles Swanton; Elsa Bernard; Chris Abbosh; Fabrice André; Johan Auwerx; Allan Balmain; Dafna Bar‐Sagi; René Bernards; Susan Bullman; James DeGregori; Catherine Elliott; Ayelet Erez; Gérard I. Evan; Mark A. Febbraio; Andrés Hidalgo; Mariam Jamal‐Hanjani; Johanna A. Joyce; Matthew Kaiser; Katja Lamia; Jason W. Locasale; Sherene Loi; Ilaria Malanchi; Miriam Mérad; Kathryn Musgrave; Ketan Patel; Sergio A. Quezada; Jennifer A. Wargo; Ashani T. Weeraratna; Eileen White; Frank Winkler; John N. Wood; Karen H. Vousden; Douglas Hanahan,2024,Cell,String A
156,Clinical Validation of a Cell-Free DNA Gene Panel,Ju Cheng; Yi Cao; Allison Macleay; Jochen K. Lennerz; Aymen Baig; Ryan P. Frazier; Jesse Lee; Krista Hu; Maciej Pacula; Enrique Meneses; Hayley Robinson; Julie M. Batten; Priscilla K. Brastianos; Rebecca S. Heist; Aditya Bardia; Long P. Le; A. John Iafrate,2019,Journal of Molecular Diagnostics,String A
157,Amelioration of Alzheimer’s disease pathology by mitophagy inducers identified via machine learning and a cross-species workflow,Chenglong Xie; Xu‐Xu Zhuang; Zhangming Niu; Ruixue Ai; Sofie Lautrup; Shuangjia Zheng; Yinghui Jiang; Ruiyu Han; Tanima Sen Gupta; Shuqin Cao; Mariá José Lagartos-Donate; Cui-Zan Cai; Liming Xie; Domenica Caponio; Wenwen Wang; Tomas Schmauck‐Medina; Jianying Zhang; Heling Wang; Guofeng Lou; Xianglu Xiao; Wenhua Zheng; Konstantinos Palikaras; Guang Yang; Kim A. Caldwell; Guy A. Caldwell; Han‐Ming Shen; Hilde Nilsen; Jiahong Lu; Evandro Fei Fang,2022,Nature Biomedical Engineering,String A
158,Engineering organoids,Moritz Hofer; Matthias P. Lütolf,2021,Nature Reviews Materials,String A
159,Molecular Networks of Seed Size Control in Plants,Na Li; Ran Xu; Yunhai Li,2019,Annual Review of Plant Biology,String A
160,"Artificial intelligence in neuro-oncology: advances and challenges in brain tumor diagnosis, prognosis, and precision treatment",Sirvan Khalighi; Kartik Reddy; Abhishek Midya; Krunal Pandav; Anant Madabhushi; Malak Abedalthagafi,2024,npj Precision Oncology,String A
161,Angiogenic signaling pathways and anti-angiogenic therapy for cancer,Zhenling Liu; Huanhuan Chen; Lili Zheng; Li‐Ping Sun; Lei Shi,2023,Signal Transduction and Targeted Therapy,String A
162,Hypoxic microenvironment in cancer: molecular mechanisms and therapeutic interventions,Zhou Chen; Fangfang Han; Yan Du; Huaqing Shi; Wence Zhou,2023,Signal Transduction and Targeted Therapy,String A
163,Applications of Multi-Omics Technologies for Crop Improvement,Yaodong Yang; Mumtaz Ali Saand; Liyun Huang; Walid B. Abdelaal; Jun Zhang; Yi Wu; Jing Li; Muzafar Hussain Sirohi; Fuyou Wang,2021,Frontiers in Plant Science,String A
164,Microbiota–gut–brain axis and its therapeutic applications in neurodegenerative diseases,Jian Sheng Loh; Wen Qi Mak; Li Tan; Chu Xin Ng; Hong Hao Chan; Shiau Hueh Yeow; Jhi Biau Foo; Yong Sze Ong; Chee Wun How; Kooi Yeong Khaw,2024,Signal Transduction and Targeted Therapy,String A
165,De novo design of luciferases using deep learning,Hsien‐Wei Yeh; Christoffer Norn; Yakov Kipnis; Doug Tischer; Samuel J. Pellock; Declan Evans; Pengchen Ma; Gyu Rie Lee; Jason Z. Zhang; Ivan Anishchenko; Brian Coventry; Longxing Cao; Justas Dauparas; Samer Halabiya; Michelle DeWitt; Lauren Carter; K. N. Houk; David Baker,2023,Nature,String A
166,Modulation of the Root Microbiome by Plant Molecules: The Basis for Targeted Disease Suppression and Plant Growth Promotion,Alberto Pascale; Silvia Proietti; Iakovos S. Pantelides; Ioannis A. Stringlis,2020,Frontiers in Plant Science,String A
167,"Multidrug Resistance in Cancer: Understanding Molecular Mechanisms, Immunoprevention and Therapeutic Approaches",Talha Bin Emran; Asif Shahriar; Aar Rafi Mahmud; Tanjilur Rahman; Mehedy Hasan Abir; Mohd. Faijanur - Rob Siddiquee; Hossain Ahmed; Nova Rahman; Firzan Nainu; Elly Wahyudin; Saikat Mitra; Kuldeep Dhama; Mahmoud M. Habiballah; Shafiul Haque; Ariful Islam; Mohammad Mahmudul Hassan,2022,Frontiers in Oncology,String A
168,"Biomarkers in Cancer Detection, Diagnosis, and Prognosis",Sreyashi Das; Mohan Kumar Dey; Ram V. Devireddy; Manas Ranjan Gartia,2023,Sensors,String A
169,Spatially resolved multi-omics deciphers bidirectional tumor-host interdependence in glioblastoma,Vidhya M. Ravi; Paulina Will; Jan Kueckelhaus; Na Sun; Kevin Joseph; Henrike Salié; Lea Vollmer; Ugnė Kuliešiūtė; Jasmin von Ehr; Jasim Kada Benotmane; Nicolas Neidert; Marie Follo; Florian Scherer; Jonathan M. Goeldner; Simon P. Behringer; Pamela Franco; Mohammed Khiat; Junyi Zhang; Ulrich Hofmann; Christian Fung; Franz Ricklefs; Katrin Lamszus; Melanie Boerries; Manching Ku; Jürgen Beck; Roman Sankowski; Marius Schwabenland; Marco Prinz; Ulrich Schüller; Saskia Killmer; Bertram Bengsch; Axel Walch; Daniel Delev; Oliver Schnell; Dieter Henrik Heiland,2022,Cancer Cell,String A
170,"Pancreatic Cancer: Changing Epidemiology and New Approaches to Risk Assessment, Early Detection, and Prevention",Elena M. Stoffel; Randall E. Brand; Michael Goggins,2023,Gastroenterology,String A
171,The mechanisms and roles of selective autophagy in mammals,Jose Norberto S. Vargas; Maho Hamasaki; Tsuyoshi Kawabata; Richard J. Youle; Tamotsu Yoshimori,2022,Nature Reviews Molecular Cell Biology,String A
172,Galectin-9 interacts with PD-1 and TIM-3 to regulate T cell death and is a target for cancer immunotherapy,Ri‐Yao Yang; Linlin Sun; Ching-Fei Li; Yuhan Wang; Jun Yao; Hui Li; Meisi Yan; Wei-Chao Chang; Jung-Mao Hsu; Jong‐Ho Cha; Jennifer L. Hsu; Cheng-Wei Chou; Xian Wen Sun; Yalan Deng; Chao‐Kai Chou; Dihua Yu; Mien‐Chie Hung,2021,Nature Communications,String A
173,Salt stress under the scalpel – dissecting the genetics of salt tolerance,Mitchell J. L. Morton; Mariam Awlia; Nadia Al‐Tamimi; Stephanie Saadé; Yveline Pailles; Sónia Negrão; Mark Tester,2018,The Plant Journal,String A
174,CRISPR/Cas9 therapeutics: progress and prospects,Tianxiang Li; Yanyan Yang; Hongzhao Qi; Weigang Cui; Lin Zhang; Xiuxiu Fu; Xiangqin He; Meixin Liu; Peifeng Li; Tao Yu,2023,Signal Transduction and Targeted Therapy,String A
175,Therapeutic peptides: current applications and future directions,Lei Wang; Nanxi Wang; Wenping Zhang; Xurui Cheng; Zhibin Yan; Gang Shao; Xi Wang; Rui Wang; Caiyun Fu,2022,Signal Transduction and Targeted Therapy,String A
176,Understanding the complexity of p53 in a new era of tumor suppression,Yanqing Liu; Zhenyi Su; Omid Tavana; Wei Gu,2024,Cancer Cell,String A
177,Genome Editing in Apple,Chikako Nishitani; Keishi Osakabe; Yuriko Osakabe,2021,Compendium of plant genomes,String A
178,Signatures of copy number alterations in human cancer,Christopher D. Steele; Ammal Abbasi; S. M. Ashiqul Islam; Amy L. Bowes; Azhar Khandekar; Kerstin Haase; Shadi Hames-Fathi; Dolapo Ajayi; Annelien Verfaillie; Pawan Dhami; Alex P. McLatchie; Matt Lechner; Nicholas Light; Adam Shlien; David Malkin; Andrew Feber; Paula Proszek; Tom Lesluyes; Fredrik Mertens; Adrienne M. Flanagan; Maxime Tarabichi; Peter Van Loo; Ludmil B. Alexandrov; Nischalan Pillay,2022,Nature,String A
179,Multi-omics approaches for biomarker discovery in early ovarian cancer diagnosis,Yinan Xiao; Meiyu Bi; Hongyan Guo; Mo Li,2022,EBioMedicine,String A
180,Structural Insight into the Substrate Gating Mechanism by <i>Staphylococcus aureus</i> Aldehyde Dehydrogenase,Xuan Tao; Zhemin Zhang; Xiao Zhang; Hongyan Li; Hongzhe Sun; Zong‐Wan Mao; Wei Xia,2020,CCS Chemistry,String A
181,"Machine Learning for Lung Cancer Diagnosis, Treatment, and Prognosis",Yawei Li; Wu Xin; Ping Yang; Guoqian Jiang; Yuan Luo,2022,Genomics Proteomics & Bioinformatics,String A
182,"Characterizing genetic intra-tumor heterogeneity across 2,658 human cancer genomes",Stefan C. Dentro; Ignaty Leshchiner; Kerstin Haase; Maxime Tarabichi; Jeff Wintersinger; Amit G. Deshwar; Kaixian Yu; Yulia Rubanova; Geoff Macintyre; Jonas Demeulemeester; Ignacio Vázquez-Garćıa; Kortine Kleinheinz; Dimitri Livitz; Salem Malikić; Nilgun Donmez; Subhajit Sengupta; Pavana Anur; Clemency Jolly; Marek Cmero; Daniel Rosebrock; Steven E. Schumacher; Yu Fan; Matthew W. Fittall; Ruben M. Drews; Xiaotong Yao; Thomas B.K. Watkins; Ju‐Hee Lee; Matthias Schlesner; Hongtu Zhu; David J. Adams; Nicholas McGranahan; Charles Swanton; Gad Getz; Paul C. Boutros; Marcin Imieliński; Rameen Beroukhim; S. Cenk Şahinalp; Yuan Ji; Martin Peifer; Iñigo Martincorena; Florian Markowetz; Ville Mustonen; Ke Yuan; Moritz Gerstung; Paul T. Spellman; Wenyi Wang; Quaid Morris; David C. Wedge; Peter Van Loo; Stefan C. Dentro; Ignaty Leshchiner; Moritz Gerstung; Clemency Jolly; Kerstin Haase; Maxime Tarabichi; Jeff Wintersinger; Amit G. Deshwar; Kaixian Yu; Santiago González; Yulia Rubanova; Geoff Macintyre; Jonas Demeulemeester; David J. Adams; Pavana Anur; Rameen Beroukhim; Paul C. Boutros; David D.L. Bowtell; Peter J. Campbell; Shaolong Cao; Elizabeth L. Christie; Marek Cmero; Yupeng Cun; Kevin J. Dawson; Nilgun Donmez; Ruben M. Drews; Roland Eils; Yu Fan; Matthew W. Fittall; Dale W. Garsed; Gad Getz; Gavin Ha; Marcin Imieliński; Lara Jerman; Yuan Ji; Kortine Kleinheinz; Juhee Lee; Henry Lee-Six; Dimitri Livitz; Salem Malikić; Florian Markowetz; Iñigo Martincorena; Thomas J. Mitchell; Ville Mustonen; Layla Oesper; Martin Peifer; Myron Peto; Benjamin J. Raphael; Daniel Rosebrock; S. Cenk Şahinalp; Adriana Salcedo,2021,Cell,String A
183,Microalgae as a future food source,Yasin Torres-Tiji; Francis J. Fields; Stephen P. Mayfield,2020,Biotechnology Advances,String A
184,DeepFL: integrating multiple fault diagnosis dimensions for deep fault localization,Li Xia; Wei Li; Yuqun Zhang; Lingming Zhang,2019,,String A
185,Integrating Artificial Intelligence for Drug Discovery in the Context of Revolutionizing Drug Delivery,Anita Ioana Vișan; Irina Neguț,2024,Life,String A
186,Alternative tumour-specific antigens,Christof C. Smith; Sara R. Selitsky; Shengjie Chai; Paul M. Armistead; Benjamin G. Vincent; Jonathan S. Serody,2019,Nature reviews. Cancer,String A
187,Modulating biomolecular condensates: a novel approach to drug discovery,Diana M. Mitrea; Matthäus Mittasch; Beatriz Ferreira Gomes; Isaac A. Klein; Mark A. Murcko,2022,Nature Reviews Drug Discovery,String A
188,Structure and Function of the 26S Proteasome,Jared A.M. Bard; Ellen A. Goodall; Eric R. Greene; Erik Jönsson; Ken C. Dong; Andreas Martin,2018,Annual Review of Biochemistry,String A
189,Next-Generation Breeding Strategies for Climate-Ready Crops,Ali Razzaq; Parwinder Kaur; Naheed Akhter; Shabir Hussain Wani; Fozia Saleem,2021,Frontiers in Plant Science,String A
190,Single-cell and bulk transcriptome sequencing identifies two epithelial tumor cell states and refines the consensus molecular classification of colorectal cancer,Ignasius Joanito; Pratyaksha Wirapati; Nancy Q. Zhao; Zahid Nawaz; Grace Hui Ting Yeo; Fiona Lee; Christine Eng; Dominique C. Macalinao; Merve Kahraman; Harini Srinivasan; Vairavan Lakshmanan; Sara Verbandt; Petros Tsantoulis; Nicole Gunn; Prasanna Nori Venkatesh; Zhong Wee Poh; Rahul Nahar; Hsueh Ling Janice Oh; Jia Min Loo; Shumei Chia; Lih Feng Cheow; Elsie Cheruba; Michael T. Wong; Lindsay Kua; Clarinda Chua; Andrew Nguyen; Justin Golovan; Anna Gan; Wan-Jun Lim; Yu Amanda Guo; Choon Kong Yap; Brenda Tay; Yourae Hong; Dawn Q. Chong; Aik Yong Chok; Woong‐Yang Park; Shuting Han; Mei Huan Chang; Isaac Seow‐En; Cherylin Fu; Ronnie Mathew; Ee‐Lin Toh; Lewis Z. Hong; Anders J. Skanderup; Ramanuj DasGupta; Chin‐Ann Johnny Ong; Kiat Hon Lim; Emile Tan; Si‐Lin Koo; Wei Qiang Leow; Sabine Tejpar; Shyam Prabhakar; Iain Beehuat Tan,2022,Nature Genetics,String A
191,Hachimoji DNA and RNA: A genetic system with eight building blocks,Shuichi Hoshika; Nicole A. Leal; Myong‐Jung Kim; Myong‐Sang Kim; Nilesh B. Karalkar; Hyo‐Joong Kim; Alison M. Bates; Norman E. Watkins; Holly A. SantaLucia; Adam J. Meyer; Saurja DasGupta; Joseph A. Piccirilli; Andrew D. Ellington; John SantaLucia; Millie M. Georgiadis; Steven A. Benner,2019,Science,String A
192,Genetic load: genomic estimates and applications in non-model animals,Giorgio Bertorelle; Francesca Raffini; Mirte Bosse; Chiara Bortoluzzi; Alessio Iannucci; Emiliano Trucchi; Hernán E. Morales; Cock van Oosterhout,2022,Nature Reviews Genetics,String A
193,Somatic mutation landscapes at single-molecule resolution,Federico Abascal; Luke M. R. Harvey; Emily Mitchell; Andrew Lawson; Stefanie V. Lensing; Peter Ellis; Andrew J. C. Russell; Raul E. Alcantara; Adrian Baez‐Ortega; Yichen Wang; Eugene Jing Kwa; Henry Lee-Six; Alex Cagan; Tim Coorens; Michael Spencer Chapman; Sigurgeir Ólafsson; Steven Leonard; David Jones; Heather E. Machado; Megan Davies; Nina Friesgaard Øbro; Krishnaa T. Mahubani; Kieren Allinson; Moritz Gerstung; Kourosh Saeb‐Parsy; David G. Kent; Elisa Laurenti; Michael R. Stratton; Raheleh Rahbari; Peter J. Campbell; Robert J. Osborne; Iñigo Martincorena,2021,Nature,String A
194,Whole-genome sequences of Malawi cichlids reveal multiple radiations interconnected by gene flow,Milan Malinsky; Hannes Svardal; Alexandra M. Tyers; Eric A. Miska; Martin J. Genner; George F. Turner; Richard Durbin,2018,Nature Ecology & Evolution,String A
195,Small molecule metabolites: discovery of biomarkers and therapeutic targets,Shi Qiu; Ying Cai; Hong Yao; Chunsheng Lin; Yiqiang Xie; Songqi Tang; Aihua Zhang,2023,Signal Transduction and Targeted Therapy,String A
196,Loss of epigenetic information as a cause of mammalian aging,Jae-Hyun Yang; Motoshi Hayano; Patrick Griffin; João A. Amorim; Michael S. Bonkowski; John K. Apostolides; Elias Salfati; Marco Blanchette; Elizabeth M. Munding; Mital S. Bhakta; Yap Ching Chew; Wei Guo; Xiaojing Yang; Sun Y. Maybury‐Lewis; Xiao Tian; Jaime M. Ross; Giuseppe Coppotelli; Margarita Meer; Ryan Rogers-Hammond; Daniel L. Vera; Yuancheng Ryan Lu; Jeffrey W. Pippin; Michael Creswell; Zhixun Dou; Caiyue Xu; Sarah J. Mitchell; Abhirup Das; Brendan L. O’Connell; Sachin Thakur; Alice E. Kane; Qiao Su; Yasuaki Mohri; Emi K. Nishimura; Laura Schaevitz; Neha Garg; Ana-Maria Balta; Meghan A. Rego; Meredith Gregory‐Ksander; Tatjana Jakobs; Lei Zhong; Hiroko Wakimoto; Jihad El Andari; Dirk Grimm; Raúl Mostoslavsky; Amy J. Wagers; Kazuo Tsubota; Stephen J. Bonasera; Carlos M. Palmeira; Jonathan G. Seidman; Christine E. Seidman; Norman S. Wolf; Jill A. Kreiling; John M. Sedivy; Gëorge F. Murphy; Richard E. Green; Benjamin A. García; Shelley L. Berger; Philipp Oberdoerffer; Stuart J. Shankland; Vadim N. Gladyshev; Bruce R. Ksander; Andreas R. Pfenning; Luis A. Rajman; David Sinclair,2023,Cell,String A
197,Seed Science and Technology,Malavika Dadlani; Devendra Kumar Yadava,2023,,String A
198,Radiomics and radiogenomics in gliomas: a contemporary update,Gagandeep Singh; Sunil Manjila; Nicole Sakla; Alan True; Amr H. Wardeh; Niha Beig; Anatoliy Vaysberg; John W. Matthews; Prateek Prasanna; Vadim Spektor,2021,British Journal of Cancer,String A
199,Microalgae for the production of lipid and carotenoids: a review with focus on stress regulation and adaptation,Xiao‐Man Sun; Lujing Ren; Quanyu Zhao; Xiao‐Jun Ji; He Huang,2018,Biotechnology for Biofuels,String A
200,Recent trends in biocatalysis,Dong Yi; Thomas Bayer; Christoffel P. S. Badenhorst; Shuke Wu; Mark Doerr; Matthias Höhne; Uwe T. Bornscheuer,2021,Chemical Society Reviews,String A
201,Microbial production of advanced biofuels,Jay D. Keasling; Héctor García Martín; Taek Soon Lee; Aindrila Mukhopadhyay; Steven W. Singer; Eric Sundström,2021,Nature Reviews Microbiology,String A
202,Neoantigen: A New Breakthrough in Tumor Immunotherapy,Zheying Zhang; Manman Lu; Yu Qin; Wuji Gao; Tao Li; Wei Su; Jiateng Zhong,2021,Frontiers in Immunology,String A
203,Comprehensive molecular characterization of mitochondrial genomes in human cancers,Yuan Yuan; Young Seok Ju; Young-Wook Kim; Jun Li; Yumeng Wang; Sung-Soo Yoon; Yang Yang; Iñigo Martincorena; Chad J. Creighton; John N. Weinstein; Yanxun Xu; Leng Han; Hyung‐Lae Kim; Hidewaki Nakagawa; Keunchil Park; Peter J. Campbell; Han Liang; Lauri A. Aaltonen; Federico Abascal; Adam Abeshouse; Hiroyuki Aburatani; David J. Adams; Nishant Agrawal; Keun Soo Ahn; Sung-Min Ahn; Hiroshi Aikata; Rehan Akbani; Kadir C. Akdemir; Hikmat Al‐Ahmadie; Sultan T. Al‐Sedairy; Fátima Al‐Shahrour; Malik Alawi; Monique Albert; Kenneth Aldape; Ludmil B. Alexandrov; Adrian Ally; Kathryn Alsop; Eva G. Álvarez; Fernanda Amary; Samirkumar B. Amin; Brice Aminou; Ole Ammerpohl; Matthew J. Anderson; Yeng Ang; Davide Antonello; Pavana Anur; Samuel Aparício; Elizabeth L. Appelbaum; Yasuhito Arai; Axel Aretz; Koji Arihiro; Shun‐ichi Ariizumi; Joshua Armenia; Laurent Arnould; L. Sylvia; Yassen Assenov; Gurnit Atwal; Sietse Aukema; J. Todd Auman; Miriam R. R. Aure; Philip Awadalla; Marta Aymerich; Gary D. Bader; Adrian Baez‐Ortega; Matthew H. Bailey; Peter J. Bailey; Miruna Balasundaram; Saianand Balu; Pratiti Bandopadhayay; Rosamonde E. Banks; Stefano Barbi; Andrew P. Barbour; Jonathan Barenboim; Jill S. Barnholtz‐Sloan; Hugh Barr; Elisabet Barrera; John Bartlett; Javier Bartolomé; Claudio Bassi; Oliver F. Bathe; Daniel Baumhoer; Prashant Bavi; Stephen B. Baylin; Wojciech Bażant; Duncan Beardsmore; Timothy A. Beck; Sam Behjati; Andreas Behren; Beifang Niu; Cindy Bell; Sergi Beltrán; Christopher C. Benz; Andrew Berchuck; Anke Bergmann; Erik N. Bergstrom; Benjamin P. Berman; Daniel M. Berney; Stephan H. Bernhart; Rameen Beroukhim; Mario Berríos,2020,Nature Genetics,String A
204,Artificial intelligence for aging and longevity research: Recent advances and perspectives,Alex Zhavoronkov; Polina Mamoshina; Quentin Vanhaelen; Morten Scheibye‐Knudsen; Alexey Moskalev; Alex Aliper,2018,Ageing Research Reviews,String A
205,"Artificial Intelligence in Colorectal Cancer Screening, Diagnosis and Treatment. A New Era",Athanasia Mitsala; Christos Tsalikidis; Μichail Pitiakoudis; Constantinos Simopoulos; Alexandra Tsaroucha,2021,Current Oncology,String A
206,A topology-based network tree for the prediction of protein–protein binding affinity changes following mutation,Menglun Wang; Zixuan Cang; Guo‐Wei Wei,2020,Nature Machine Intelligence,String A
207,Functional Domains of NEAT1 Architectural lncRNA Induce Paraspeckle Assembly through Phase Separation,Tomohiro Yamazaki; Sylvie Souquère; Takeshi Chujo; Simon Kobelke; Yee Seng Chong; Archa H. Fox; Charles S. Bond; Shinichi Nakagawa; Gérard Pierron; Tetsuro Hirose,2018,Molecular Cell,String A
208,Host and viral determinants of influenza A virus species specificity,Jason S. Long; Bhakti Mistry; Stuart M. Haslam; William Barclay,2018,Nature Reviews Microbiology,String A
209,Current Challenges of iPSC-Based Disease Modeling and Therapeutic Implications,Michael Xavier Doss; Agapios Sachinidis,2019,Cells,String A
210,The amyloid cascade hypothesis: an updated critical review,Kasper P. Kepp; Nikolaos K. Robakis; Poul Flemming Høilund‐Carlsen; Stefano L. Sensi; Bryce Vissel,2023,Brain,String A
211,Machine Learning-Guided Protein Engineering,Petr Kouba; Pavel Kohout; Faraneh Haddadi; Anton Bushuiev; Raman Samusevich; Jiří Sedlář; Jiřı́ Damborský; Tomáš Pluskal; Josef Šivic; Stanislav Mazurenko,2023,ACS Catalysis,String A
212,Influenza Virus Neuraminidase Structure and Functions,Julie McAuley; Brad Gilbertson; Sanja Trifkovic; Lorena E. Brown; Jennifer L. McKimm‐Breschkin,2019,Frontiers in Microbiology,String A
213,Induction of the Hajdu-Cheney Syndrome Mutation in CD19 B Cells in Mice Alters B-Cell Allocation but Not Skeletal Homeostasis,Jungeun Yu; Stefano Zanotti; Lauren Schilling; Chris Schoenherr; Aris N. Economides; Archana Sanjay; Ernesto Canalis,2018,American Journal Of Pathology,String A
214,Early stage of biofilm assembly on microplastics is structured by substrate size and bacterial motility,Peng Qin; Han Cui; Panxin Li; Shuaitao Wang; Shen Fan; Jie Lu; Meng Sun; Heng Zhang; Shougang Wang; Xiaoyan Su; Hui‐Hui Fu; Xiaoli Hu; Jinshui Lin; Yu‐Zhong Zhang; Wei Ding; Weipeng Zhang,2023,iMeta,String A
215,Applications of patient-derived tumor xenograft models and tumor organoids,Go J. Yoshida,2020,Journal of Hematology & Oncology,String A
216,Improving clinical trial outcomes in amyotrophic lateral sclerosis,Matthew C. Kiernan; Steve Vucic; Kevin Talbot; Christopher McDermott; Orla Hardiman; Jeremy M. Shefner; Ammar Al‐Chalabi; William Huynh; Merit Cudkowicz; Paul Talman; Leonard H. van den Berg; Thanuja Dharmadasa; Paul Wicks; C.M. Reilly; Martin R. Turner,2020,Nature Reviews Neurology,String A
217,A review of artificial intelligence applied to path planning in UAV swarms,Alejandro Puente-Castro; Daniel Rivero; Alejandro Pazos; Enrique Fernández-Blanco,2021,Neural Computing and Applications,String A
218,The Surprising Creativity of Digital Evolution: A Collection of Anecdotes from the Evolutionary Computation and Artificial Life Research Communities,Joel Lehman; Jeff Clune; Dusan Misevic; Christoph Adami; Lee Altenberg; Julie Beaulieu; Peter J. Bentley; S BERNARD; Guillaume Beslon; David M. Bryson; Nick Cheney; Patryk Chrabąszcz; Antoine Cully; Stéphane Doncieux; Fred C. Dyer; Kai Olav Ellefsen; Robert Feldt; Stephan Fischer; Stephanie Forrest; Antoine Frénoy; Christian Gagné; Léni Le Goff; Laura M. Grabowski; Babak Hodjat; Frank Hutter; Laurent Keller; Carole Knibbe; Peter Krčah; Richard E. Lenski; Hod Lipson; Robert MacCurdy; Carlos Maestre; Risto Miikkulainen; Sara Mitri; David E. Moriarty; Jean-Baptiste Mouret; Anh Nguyen; Charles Ofria; Marc Parizeau; David Parsons; Robert T. Pennock; William F. Punch; Thomas S. Ray; Marc Schoenauer; Eric Schulte; Karl Sims; Kenneth O. Stanley; François Taddei; Danesh Tarapore; Simon Thibault; Richard A. Watson; Westley Weimer; Jason Yosinski,2020,Artificial Life,String A
219,"An update on the molecular biology of glioblastoma, with clinical implications and progress in its treatment",Elena Verdugo; Iker Puerto; Miguel Ángel Medina,2022,Cancer Communications,String A
220,Detection of Plant Viruses and Disease Management: Relevance of Genetic Diversity and Evolution,Luís Rubio; Luis Galipienso; Inmaculada Ferriol,2020,Frontiers in Plant Science,String A
221,High-throughput immune repertoire analysis with IGoR,Quentin Marcou; Thierry Mora; Aleksandra M. Walczak,2018,Nature Communications,String A
222,FoldX as Protein Engineering Tool: Better Than Random Based Approaches?,O. Buß; Jens Rudat; Katrin Ochsenreither,2018,Computational and Structural Biotechnology Journal,String A
223,Allostery in Its Many Disguises: From Theory to Applications,Shoshana J. Wodak; Emanuele Paci; Nikolay V. Dokholyan; Igor N. Berezovsky; Amnon Horovitz; Jing Li; Vincent J. Hilser; İvet Bahar; John Karanicolas; Gerhard Stock; Peter Hamm; Roland H. Stote; Jérôme Eberhardt; Yassmine Chebaro; Annick Dejaegere; Marco Cecchini; Jean‐Pierre Changeux; Peter G. Bolhuis; Jocelyne Vreede; Pietro Faccioli; Simone Orioli; Riccardo Ravasio; Le Yan; Carolina Brito; Matthieu Wyart; Paraskevi Gkeka; Ivan Rivalta; Giulia Palermo; J. Andrew McCammon; Joanna Panecka-Hofman; Rebecca C. Wade; Antonella Di Pizio; Masha Y. Niv; Ruth Nussinov; Chung‐Jung Tsai; Hyunbum Jang; Dzmitry Padhorny; Dima Kozakov; Tom McLeish,2019,Structure,String A
224,"CAR T Cells for Solid Tumors: New Strategies for Finding, Infiltrating, and Surviving in the Tumor Microenvironment",Marina C. Martinez; Edmund K. Moon,2019,Frontiers in Immunology,String A
225,Application of Artificial Intelligence Technology in Oncology: Towards the Establishment of Precision Medicine,Ryuji Hamamoto; Kruthi Suvarna; Masayoshi Yamada; Kazuma Kobayashi; Norio Shinkai; Mototaka Miyake; Masamichi Takahashi; Shunichi Jinnai; Ryo Shimoyama; Akira Sakai; Ken Takasawa; Amina Bolatkan; Kanto Shozu; Ai Dozen; Hidenori Machino; Satoshi Takahashi; Ken Asada; Masaaki Komatsu; Jun Sese; Syuzo Kaneko,2020,Cancers,String A
226,Pathological angiogenesis: mechanisms and therapeutic strategies,Andrew C. Dudley; Arjan W. Griffioen,2023,Angiogenesis,String A
227,Aptamers: A Review of Their Chemical Properties and Modifications for Therapeutic Application,Tatsuo Adachi; Yoshikazu Nakamura,2019,Molecules,String A
228,"Insights into Pathogenic Interactions Among Environment, Host, and Tumor at the Crossroads of Molecular Pathology and Epidemiology",Shuji Ogino; Jonathan A. Nowak; Tsuyoshi Hamada; Danny A. Milner; Reiko Nishihara,2018,Annual Review of Pathology Mechanisms of Disease,String A
229,Mechanisms of α-Synuclein Induced Synaptopathy in Parkinson's Disease,Jéssika Cristina Bridi; Frank Hirth,2018,Frontiers in Neuroscience,String A
230,Drug Repurposing for Rare Diseases,Helen I. Roessler; Nine Knoers; Mieke M. van Haelst; Gijs van Haaften,2021,Trends in Pharmacological Sciences,String A
231,Opportunities and Challenges for Machine Learning-Assisted Enzyme Engineering,Jason Yang; Francesca-Zhoufan Li; Frances H. Arnold,2024,ACS Central Science,String A
232,A common genetic mechanism underlies morphological diversity in fruits and other plant organs,Shan Wu; Biyao Zhang; Neda Keyhaninejad; Gustavo Rodríguez; Hyun Jung Kim; Manohar Chakrabarti; Eudald Illa-Berenguer; Nathan Taitano; María José Gonzalo; Aurora Díaz; Yupeng Pan; Courtney P. Leisner; Dennis Halterman; C. Robin Buell; Yiqun Weng; Shelley Jansky; Herman J. van Eck; Johan Willemsen; Antonio J. Monforte; Tea Meulia; Esther van der Knaap,2018,Nature Communications,String A
233,Multiplexed CRISPR technologies for gene editing and transcriptional regulation,Nicholas S. McCarty; Alicia E. Graham; Lucie Studená; Rodrigo Ledesma‐Amaro,2020,Nature Communications,String A
234,MVP predicts the pathogenicity of missense variants by deep learning,Hongjian Qi; Haicang Zhang; Yige Zhao; Chen Chen; John J. Long; Wendy K. Chung; Yongtao Guan; Yufeng Shen,2021,Nature Communications,String A
235,Engineering Robust Production Microbes for Large-Scale Cultivation,Maren Wehrs; Deepti Tanjore; Thomas Eng; Jeff Lievense; Todd Pray; Aindrila Mukhopadhyay,2019,Trends in Microbiology,String A
236,"A noncanonical RNA-binding domain of the fragile X protein, FMRP, elicits translational repression independent of mRNA G-quadruplexes",MaKenzie R. Scarpitti; Julia E. Warrick; Evelyn L. Yoder; Michael G. Kearse,2022,Journal of Biological Chemistry,String A
237,SnackVar,Young‐Gon Kim; Man Jin Kim; Jee-Soo Lee; Jung Ae Lee; Ji Yun Song; Sung Im Cho; Sung Sup Park; Moon‐Woo Seong,2020,Journal of Molecular Diagnostics,String A
238,A transformer-based model to predict peptide–HLA class I binding and optimize mutated peptides for vaccine design,Yanyi Chu; Yan Zhang; Qiankun Wang; Lingfeng Zhang; Xuhong Wang; Yanjing Wang; Dennis R. Salahub; Qin Xu; Jianmin Wang; Xue Jiang; Yi Xiong; Dong‐Qing Wei,2022,Nature Machine Intelligence,String A
239,"On the Road to Breeding 4.0: Unraveling the Good, the Bad, and the Boring of Crop Quantitative Genomics",Jason G. Wallace; Eli Rodgers‐Melnick; Edward S. Buckler,2018,Annual Review of Genetics,String A
240,Emerging therapies for glioblastoma: current state and future directions,Liang Rong; Ni Li; Zhenzhen Zhang,2022,Journal of Experimental & Clinical Cancer Research,String A
241,Escherichia coli as a host for metabolic engineering,Sammy Pontrelli; Tsan‐Yu Chiu; Ethan I. Lan; Frederic Y.-H. Chen; Pei‐Ching Chang; James C. Liao,2018,Metabolic Engineering,String A
242,Progress towards therapies for disease modification in Parkinson's disease,Nirosen Vijiaratnam; Tanya Simuni; Oliver Bandmann; Huw R. Morris; Thomas Foltynie,2021,The Lancet Neurology,String A
243,"An Intensive and Comprehensive Overview of JAYA Algorithm, its Versions and Applications",Raed Abu Zitar; Mohammed Azmi Al‐Betar; Mohammed A. Awadallah; Iyad Abu Doush; Khaled Assaleh,2021,Archives of Computational Methods in Engineering,String A
244,"Liquid biopsy in cancer: current status, challenges and future prospects",Liwei Ma; Huiling Guo; Yunxiang Zhao; Zhibo Liu; Chenran Wang; Jiahao Bu; Ting Sun; Jianwei Wei,2024,Signal Transduction and Targeted Therapy,String A
245,Phage treatment of an aortic graft infected with<i>Pseudomonas aeruginosa</i>,Benjamin K. Chan; Paul E. Turner; Samuel Kim; Hamid Mojibian; John A. Elefteriades; Deepak Narayan,2018,Evolution Medicine and Public Health,String A
246,Horizons in the evolution of aging,Thomas Flatt; Linda Partridge,2018,BMC Biology,String A
247,Consensus guidelines for the use and interpretation of angiogenesis assays,Patrycja Nowak‐Sliwinska; Kari Alitalo; Elizabeth Allen; Andrey Anisimov; Alfred C. Aplin; Robert Auerbach; Hellmut G. Augustin; David O. Bates; Judy R. van Beijnum; R. Hugh F. Bender; Gabriele Bergers; Andréas Bikfalvi; Joyce Bischoff; Barbara C. Böck; Peter C. Brooks; Federico Bussolino; Bertan Cakir; Peter Carmeliet; Daniel Castranova; Anca Maria Cîmpean; Ondine Cleaver; George Coukos; George E. Davis; Michele De Palma; Anna Dimberg; Ruud P.M. Dings; Valentin Djonov; Andrew C. Dudley; Neil Dufton; Sarah‐Maria Fendt; Napoleone Ferrara; Marcus Fruttiger; Dai Fukumura; Bart Ghesquière; Yan Gong; Robert J. Griffin; Adrian L. Harris; Christopher C.W. Hughes; Nan W. Hultgren; M. Luisa Iruela‐Arispe; Melita Irving; Rakesh K. Jain; Raghu Kalluri; Joanna Kalucka; Robert S. Kerbel; Jan Kitajewski; Ingeborg Klaassen; Hynda K. Kleinmann; Pieter Koolwijk; Elisabeth Kuczynski; Brenda R. Kwak; Koen M. Marien; Juan M. Melero‐Martin; Lance L. Munn; Roberto F. Nicosia; Agnès Noël; Jussi Nurro; Anna-Karin Olsson; Tatiana V. Petrova; Kristian Pietras; Роберто Пили; Jeffrey W. Pollard; Mark J. Post; Paul H.A. Quax; Gabriel A. Rabinovich; Marius Raica; Anna M. Randi; Doménico Ribatti; Curzio Rüegg; Reinier O. Schlingemann; Stefan Schulte‐Merker; Lois E. H. Smith; Jonathan W. Song; Steven A. Stacker; Jimmy Stalin; Amber N. Stratman; Maureen Van de Velde; Victor W.M. van Hinsbergh; Peter Vermeulen; Johannes Waltenberger; Brant M. Weinstein; Hong Xin; Bahar Yetkin-Arik; Seppo Ylä‐Herttuala; Mervin C. Yöder; Arjan W. Griffioen,2018,Angiogenesis,String A
248,Editorial: In silico Methods for Drug Design and Discovery,Simone Brogi; Teodorico C. Ramalho; Kamil Kuča; José L. Medina‐Franco; Marián Valko,2020,Frontiers in Chemistry,String A
249,"Microbial Biofilm: A Review on Formation, Infection, Antibiotic Resistance, Control Measures, and Innovative Treatment",Satish J. Sharma; James L. Mohler; Supriya D. Mahajan; Stanley A. Schwartz; Liana Bruggemann; Ravikumar Aalinkeel,2023,Microorganisms,String A
250,Resistance to Tyrosine Kinase Inhibitors in Chronic Myeloid Leukemia—From Molecular Mechanisms to Clinical Relevance,Raquel Alves; Ana Cristina Gonçalves; Sergio Rutella; António Almeida; Javier De Las Rivas; Ioannis P. Trougakos; Ana Bela Sarmento‐Ribeiro,2021,Cancers,String A
251,An initial investigation of ChatGPT unit test generation capability,Vitor Guilherme; Auri Marcelo Rizzo Vincenzi,2023,,String B
252,An Investigation of Compression Techniques to Speed up Mutation Testing,Qianqian Zhu; Annibale Panichella; Andy Zaidman,2018,,String B
253,Cerebro: Static Subsuming Mutant Selection,Aayush Garg; Miloš Ojdanić; Renzo Degiovanni; Thierry Titcheu Chekam; Mike Papadakis; Yves Le Traon,2022,IEEE Transactions on Software Engineering,String B
254,BEAST 2.5: An advanced software platform for Bayesian evolutionary analysis,Remco Bouckaert; Timothy G. Vaughan; Joëlle Barido‐Sottani; Sebastián Duchêne; Mathieu Fourment; Alexandra Gavryushkina; Joseph Heled; Graham Jones; Denise Kühnert; Nicola De Maio; Michael Matschiner; Fábio K. Mendes; Nicola F. Müller; Huw A. Ogilvie; Louis du Plessis; Alex Popinga; Andrew Rambaut; David A. Rasmussen; Igor Siveroni; Marc A. Suchard; Chieh‐Hsi Wu; Dong Xie; Chi Zhang; Tanja Stadler; Alexei J. Drummond,2019,PLoS Computational Biology,String B
255,Strand Orientation Bias Detector to determine the probability of FFPE sequencing artifacts,Miklós Dióssy; Zsófia Sztupinszki; Marcin Krzystanek; Judit Börcsök; Aron C. Eklund; István Csabai; Anders Gorm Pedersen; Zoltán Szállási,2021,Briefings in Bioinformatics,String B
256,AptaSUITE: A Full-Featured Bioinformatics Framework for the Comprehensive Analysis of Aptamers from HT-SELEX Experiments,Jan Hoinka; Rolf Backofen; Teresa M. Przytycka,2018,Molecular Therapy — Nucleic Acids,String B
257,Origins and spread of novel genetic variants of sulfadoxine–pyrimethamine resistance in Plasmodium falciparum isolates in Indonesia,Sukmawati Basuki; Fitriah; Petronella Marcia Risamasu; Kasmijati; Pancawati Ariami; Sugeng Riyanto; Ari Hidayat; Dewi Susilowati; Iskandar Iskandar; Budi Armika; Budiono Budiono; Yoes Prijatna Dachlan; Hiroji Kanbara; Haruki Uemura,2018,Malaria Journal,String B
258,The Mutation and Injection Framework: Evaluating Clone Detection Tools with Mutation Analysis,Jeffrey Svajlenko; Chanchal K. Roy,2019,IEEE Transactions on Software Engineering,String B
259,A machine learning approach for classification of equivalent mutants,Muhammad Rashid Naeem; Tao Lin; Hamad Naeem; Hailu Liu,2019,Journal of Software Evolution and Process,String B
260,A mapping study on mutation testing for mobile applications,Henrique Neves da Silva; Jackson Prado Lima; Sílvia Regina Vergílio; André Takeshi Endo,2021,Software Testing Verification and Reliability,String B
261,BackIP: Mutation Based Test Data Generation Using Hybrid Approach,Seifu Detso Bejo; Beakal Gizachew Assefa; Sudhir Kumar Mohapatra,2021,,String B
262,Prediction of Mutations to Control Pathways Enabling Tumor Cell Invasion with the CoLoMoTo Interactive Notebook (Tutorial),Nicolas Levy; Aurélien Naldi; Céline Hernandez; Gautier Stoll; Denis Thieffry; Andreï Zinovyev; Laurence Calzone; Loïc Paulevé,2018,Frontiers in Physiology,String B
263,Towards practical application of mutation testing in industry — Traditional versus extreme mutation testing,Maik Betka; Stefan Wagner,2022,Journal of Software Evolution and Process,String B
264,Pymoo: Multi-Objective Optimization in Python,Julian Blank; Kalyanmoy Deb,2020,IEEE Access,String B
265,Prediction of Mutations to Control Pathways Enabling Tumour Cell Invasion with the CoLoMoTo Interactive Notebook (Tutorial),Nicolas Levy; Aurélien Naldi; Céline Hernandez; Gautier Stoll; Denis Thieffry; Andreï Zinovyev; Laurence Calzone; Loïc Paulevé,2018,bioRxiv (Cold Spring Harbor Laboratory),String B
266,Search and sequence analysis tools services from EMBL-EBI in 2022,Fábio Madeira; Matt Pearce; Adrian R. Tivey; Prasad Basutkar; Joon Lee; Ossama Edbali; Nandana Madhusoodanan; А. В. Колесников; Rodrigo López,2022,Nucleic Acids Research,String B
267,"Molecular characterization of induced mutation of jewawut (Setaria italica ssp. italica) from Buru Island, Indonesia using SRAP",Kusumadewi Sri Yulita; Ridwan Ridwan,2018,Biodiversitas Journal of Biological Diversity,String B
268,<scp>RIoTFuzzer:</scp> Companion App Assisted Remote Fuzzing for Detecting Vulnerabilities in IoT Devices,Kaizheng Liu; Ming Yang; Zhen Ling; Yue Zhang; Chongqing Lei; Junzhou Luo; Xinwen Fu,2024,,String B
269,Large-scale cis- and trans-eQTL analyses identify thousands of genetic loci and polygenic scores that regulate blood gene expression,Urmo Võsa; Annique Claringbould; Harm-Jan Westra; Marc Jan Bonder; Patrick Deelen; Biao Zeng; Holger Kirsten; Ashis Saha; Roman Kreuzhuber; Seyhan Yazar; Harm Brugge; Roy Oelen; Dylan H. de Vries; Monique G.P. van der Wijst; Silva Kasela; Natalia Pervjakova; Isabel Alves; Marie-Julie Favé; Mawussé Agbessi; Mark Christiansen; Rick Jansen; Ilkka Seppälä; Tong Lin; Alexander Teumer; Katharina Schramm; Gibran Hemani; Joost Verlouw; Hanieh Yaghootkar; Reyhan Sönmez Flitman; Andrew Brown; Viktorija Kukushkina; Anette Kalnapenkis; Sina Rüeger; Eleonora Porcu; Jaanika Kronberg; Johannes Kettunen; Bernett Lee; Futao Zhang; Ting Qi; José Alquicira-Hernández; Wibowo Arindrarto; Frank Beutner; Peter A.C. ’t Hoen; Joyce B. J. van Meurs; Jenny van Dongen; Maarten van Iterson; Morris A. Swertz; Marc Jan Bonder; Julia Dmitrieva; Mahmoud Elansary; Benjamin P. Fairfax; Michel Georges; Bastiaan T. Heijmans; Alex W. Hewitt; Mika Kähönen; Yungil Kim; Julian C. Knight; Péter Kovács; Knut Krohn; Shuang� Li; Markus Loeffler; Urko M. Marigorta; Hailang Mei; Yukihide Momozawa; Martina Müller‐Nurasyid; Matthias Nauck; Michel G. Nivard; Brenda W.J.H. Penninx; Jonathan K. Pritchard; Olli T. Raitakari; Olaf Rötzschke; P. Eline Slagboom; Coen D.A. Stehouwer; Michael Stümvoll; Patrick Sullivan; Peter A.C. ’t Hoen; Joachim Thiery; Anke Tönjes; Jenny van Dongen; Maarten van Iterson; Jan H. Veldink; Uwe Völker; Robert Warmerdam; Cisca Wijmenga; Morris A. Swertz; Anand Kumar Andiappan; Grant W. Montgomery; Samuli Ripatti; Markus Perola; Zoltán Kutalik; Emmanouil T. Dermitzakis; Sven Bergmann; Timothy M. Frayling; Joyce B. J. van Meurs; Holger Prokisch; Habibul Ahsan; Brandon L. Pierce; Terho Lehtimäki; Dorret I. Boomsma; Bruce M. Psaty,2021,Nature Genetics,String B
270,Enhancing software quality assurance in ubiquitous learning environments through mutation testing and diverse test oracles,Muhammad Rashid Naeem; Muhammad Asghar Khan; Muhammad Asghar Khan; Mansoor Khan; Mansoor Khan; Omar Alruwaili; Ibrahim Alrashdi; Saad Alanazi,2024,Computers in Human Behavior,String B
271,Cytoscape Automation: empowering workflow-based network analysis,David Otasek; John H. Morris; Jorge Bouças; Alexander R. Pico; Barry Demchak,2019,Genome biology,String B
272,SQUMUTH squirrel search based algorithm for high order mutant generation in mutation testing,Subhasish Mohanty; Jyotirmaya Mishra; Sudhir Kumar Mohapatra; Seifu Detso Bejo; Aliazar Deneke Deferisha,2025,Discover Computing,String B
273,An Empirical Study on Automated Test Generation Tools for Java: Effectiveness and Challenges,Xiangjun Liu; Yu Ping; Xiaoxing Ma,2024,Journal of Computer Science and Technology,String B
274,ESGO/ESTRO/ESP guidelines for the management of patients with endometrial carcinoma,Nicole Concin; Xavier Matías‐Guiu; Ignace Vergote; David Cibula; Mansoor Raza Mirza; Simone Marnitz; Jonathan A. Ledermann; Tjalling Bosse; Cyrus Chargari; Anna Fagotti; Christina Fotopoulou; Antonio González-Martı́n; Sigurd Lax; Domenica Lorusso; Christian Marth; Philippe Morice; Remi A. Nout; D. O’Donnell; Denis Querleu; Maria Rosaria Raspollini; Jalid Sehouli; Alina Sturdza; Alexandra Taylor; Anneke M. Westermann; Pauline Wimberger; Nicoletta Colombo; François Planchamp; Carien L. Creutzberg,2020,International Journal of Gynecological Cancer,String B
275,On Fitness Landscape Analysis of Permutation Problems: From Distance Metrics to Mutation Operator Selection,Vincent Cicirello,2022,Mobile Networks and Applications,String B
276,Mutation testing in test suite generation using separate bacterial memetic evolutionary algorithm in IoT,R. Shobana; Maria Prisicilla G,2023,Measurement Sensors,String B
277,Treatment of epithelial ovarian cancer,Lindsay M. Kuroki; Saketh R. Guntupalli,2020,BMJ,String B
278,Restore: Retrospective Fault Localization Enhancing Automated Program Repair,Tongtong Xu; Liushan Chen; Yu Pei; Tian Zhang; Minxue Pan; Carlo A. Furia,2020,IEEE Transactions on Software Engineering,String B
279,"ESMO–ESGO consensus conference recommendations on ovarian cancer: pathology and molecular biology, early and advanced stages, borderline tumours and recurrent disease",Nicoletta Colombo; Cristiana Sessa; Andreas du Bois; Jonathan A. Ledermann; W. Glenn McCluggage; Iain A. McNeish; Philippe Morice; Sandro Pignata; Isabelle Ray‐Coquard; Ignace Vergote; Thaïs Baert; I. Belaroussi; A. Dashora; Siel Olbrecht; François Planchamp; Denis Querleu; Thaïs Baert; Susana Banerjee; I. Belaroussi; Paweł Blecharz; Ilan Bruchim; David Cibula; Nicoletta Colombo; Nicole Concin; Ben Davidson; A. Dashora; Mojgan Devouassoux‐Shisheboran; Andreas du Bois; Annamaria Ferrero; Rosalind Glasspool; Antonio González-Martı́n; Viola Heinzelmann‐Schwarz; Florence Joly; J.W. Kim; Frédéric Kridelka; Jonathan A. Ledermann; Domenica Lorusso; Sven� Mahner; W. Glenn McCluggage; Iain A. McNeish; Mikio Mikami; Mansoor Raza Mirza; Philippe Morice; Shibani Nicum; Siel Olbrecht; Dearbhaile M. O’Donnell; Patricia Pautier; François Planchamp; Sandro Pignata; Denis Querleu; Isabelle Ray‐Coquard; Alexandros Rodolakis; Jalid Sehouli; Fatih Selçukbırıcık; Cristiana Sessa; Nilanchali Singh; David S.P. Tan; D. Timmerman; Germana Tognon; Jacobus van der Velden; Ignace Vergote; Petronella O. Witteveen; Alain G. Zeimet,2019,Annals of Oncology,String B
280,A Systematic Exploration of Mutation‐Based Fault Localization Formulae,Bo Wang; Jinkang Wei; Mingda Chen; Chong Chen; Youfang Lin; Jie M. Zhang,2024,Software Testing Verification and Reliability,String B
281,Equivalent Mutants in the Wild: Identifying and Efficiently Suppressing Equivalent Mutants for Java Programs,Benjamin Kushigian; Samuel J. Kaufman; Ryan Featherman; Hannah Potter; Ardi Madadi; René Just,2024,,String B
282,Effect of White Turmeric Rhizome Extract (Curcuma zedoaria) on Testis Histology of Male Wistar Rat,Nicolas Xavier Ongko; Linda Chiuman; Chrismis Novalinda Ginting,2019,"American Scientific Research Journal for Engineering, Technology, and Sciences",String B
283,"Sangerbox: A comprehensive, interaction‐friendly clinical bioinformatics analysis platform",Weitao Shen; Ziguang Song; Xiao Yan Zhong; Mei Huang; Danting Shen; Pingping Gao; Xiaoqian Qian; Mengmeng Wang; Xiubin He; Tonglian Wang; Shuang Li; Xiang Song,2022,iMeta,String B
284,dbNSFP v4: a comprehensive database of transcript-specific functional predictions and annotations for human nonsynonymous and splice-site SNVs,Xiaoming Liu; Chang Li; Chengcheng Mou; Yibo Dong; Yi-Cheng Tu,2020,Genome Medicine,String B
285,CatBoost for big data: an interdisciplinary review,John Hancock; Taghi M. Khoshgoftaar,2020,Journal Of Big Data,String B
286,Peri- and Post-operative Evaluation and Management of Atypical Hemolytic Uremic Syndrome (aHUS) in Kidney Transplantation,Anuja Java,2020,Advances in Chronic Kidney Disease,String B
287,A Study of Flaky Failure De-Duplication to Identify Unreliably Killed Mutants,Abdulrahman Alshammari; Paul Ammann; Michael Hilton; Jonathan Bell,2024,,String B
288,Economic dispatch and operating cost optimization for thermal power in 500 KV system using genetic algorithm (GA),Nuur Miftah Azkiya; Ade Gafar Abdullah; H Hasbullah,2018,IOP Conference Series Materials Science and Engineering,String B
289,"Ovarian Cancer, Version 2.2020, NCCN Clinical Practice Guidelines in Oncology",Deborah K. Armstrong; Ronald D. Alvarez; Jamie N. Bakkum‐Gamez; Lisa Barroilhet; Kian Behbakht; Andrew Berchuck; Lee-may Chen; Mihaela Cristea; Maria C. DeRosa; Eric Eisenhauer; David M. Gershenson; Heidi J. Gray; Rachel N. Grisham; Ardeshir Hakam; Angela Jain; Amer Karam; Gottfried E. Konecny; Charles A. Leath; Joyce F. Liu; Haider Mahdi; Lainie P. Martin; Daniela Matei; Michael McHale; Karen McLean; David S. Miller; David M. O’Malley; Sanja Percac‐Lima; Elena Ratner; Steven W. Remmenga; Roberto Vargas; Theresa L. Werner; Emese Zsíros; Jennifer L. Burns; Anita M. Engh,2021,Journal of the National Comprehensive Cancer Network,String B
290,Abstraction-Aware Inference of Metamorphic Relations,Agustín Nolasco; Facundo Molina; Renzo Degiovanni; Alessandra Gorla; Diego Garbervetsky; Mike Papadakis; Sebastián Uchitel; Nazareno Aguirre; Marcelo F. Frias,2024,Proceedings of the ACM on software engineering.,String B
291,On the impact of timeouts and JVM crashes in Pitest,Thomas Laurent; Fionnuala Wall; Anthony Ventresque,2020,,String B
292,MACSE v2: Toolkit for the Alignment of Coding Sequences Accounting for Frameshifts and Stop Codons,Vincent Ranwez; Emmanuel Douzery; Cédric Cambon; Nathalie Chantret; Frédéric Delsuc,2018,Molecular Biology and Evolution,String B
293,P2Rank: machine learning based tool for rapid and accurate prediction of ligand binding sites from protein structure,Radoslav Krivák; David Hoksza,2018,Journal of Cheminformatics,String B
294,Codon usage bias,Sujatha Thankeswaran Parvathy; V. Udayasuriyan; V. P. Bhadana,2021,Molecular Biology Reports,String B
295,Bio-inspired computation: Where we stand and what's next,Javier Del Ser; Eneko Osaba; Daniel Molina; Xin‐She Yang; Sancho Salcedo‐Sanz; David Camacho; Swagatam Das; Ponnuthurai Nagaratnam Suganthan; Carlos A. Coello Coello; Francisco Herrera,2019,Swarm and Evolutionary Computation,String B
296,Context-aware patch generation for better automated program repair,Ming Wen; Junjie Chen; Rongxin Wu; Dan Hao; Shing-Chi Cheung,2018,,String B
297,Evaluating Fuzz Testing,George Klees; Andrew Ruef; Benji Cooper; Shiyi Wei; Michael Hicks,2018,,String B
298,The PRIDE database at 20 years: 2025 update,Yasset Pérez‐Riverol; Chakradhar Bandla; Deepti J Kundu; Selvakumar Kamatchinathan; Jingwen Bai; Suresh Hewapathirana; Nithu Sara John; Ananth Prakash; Mathias Walzer; Shengbo Wang; Juan Antonio Vizcaíno,2024,Nucleic Acids Research,String B
299,HTSlib: C library for reading/writing high-throughput sequencing data,James Bonfield; John Marshall; Petr Danecek; Heng Li; Valeriu Ohan; Andrew Whitwham; Thomas Keane; Robert M. Davies,2021,GigaScience,String B
300,"Uterine Neoplasms, Version 1.2018, NCCN Clinical Practice Guidelines in Oncology",Wui-Jin Koh; Nadeem R. Abu‐Rustum; Sarah Bean; Kristin Bradley; Susana M. Campos; Kathleen R. Cho; Hye Sook Chon; Christina Chu; David E. Cohn; Marta A. Crispens; Shari Damast; Oliver Dorigo; Patricia J. Eifel; Christine M. Fisher; Peter J. Frederick; David K. Gaffney; Suzanne George; Ernest Han; Susan A. Higgins; Warner K. Huh; John R. Lurain; Andrea Mariani; David G. Mutch; Christa Nagel; Larissa Nekhlyudov; Amanda N. Fader; Steven W. Remmenga; R. Kevin Reynolds; T. Tillmanns; Stefanie Ueda; Emily Wyse; Catheryn M. Yashar; Nicole R. McMillian; Jillian L. Scavone,2018,Journal of the National Comprehensive Cancer Network,String B
301,"A Tutorial On the design, experimentation and application of metaheuristic algorithms to real-World optimization problems",Eneko Osaba; Esther Villar-Rodríguez; Javier Del Ser; Antonio J. Nebro; Daniel Molina; Antonio LaTorre; Ponnuthurai Nagaratnam Suganthan; Carlos A. Coello Coello; Francisco Herrera,2021,Swarm and Evolutionary Computation,String B
302,PLN Organizational Leaders Manajemen Talent sebagai Strategi Pengelolaan Human Capital,Musthofa Musthofa,2020,Kilat,String B
303,Pan-cancer molecular subtypes revealed by mass-spectrometry-based proteomic characterization of more than 500 human cancers,Fengju Chen; Darshan S. Chandrashekar; Sooryanarayana Varambally; Chad J. Creighton,2019,Nature Communications,String B
304,Extrachromosomal DNA is associated with oncogene amplification and poor outcome across multiple cancers,Hoon Kim; Nam Nguyen; Kristen M. Turner; Sihan Wu; Amit D. Gujar; Jens Luebeck; Jihe Liu; Viraj Deshpande; Utkrisht Rajkumar; Sandeep Namburi; Samirkumar B. Amin; Eunhee Yi; Francesca Menghi; Johannes H. Schulte; Anton G. Henssen; Howard Y. Chang; Christine R. Beck; Paul S. Mischel; Vineet Bafna; Roel G.W. Verhaak,2020,Nature Genetics,String B
305,Accurate and efficient detection of gene fusions from RNA sequencing data,Sebastian Uhrig; Julia Ellermann; Tatjana Walther; Pauline Burkhardt; Martina Fröhlich; Barbara Hutter; Umut H. Toprak; Olaf Neumann; Albrecht Stenzinger; Claudia Scholl; Stefan Fröhling; Benedikt Brors,2021,Genome Research,String B
306,Unraveling the polygenic architecture of complex traits using blood eQTL metaanalysis,Urmo Võsa; Annique Claringbould; Harm-Jan Westra; Marc Jan Bonder; Patrick Deelen; Biao Zeng; Holger Kirsten; Ashis Saha; Roman Kreuzhuber; Silva Kasela; Natalia Pervjakova; Isabel Alvaes; Marie-Julie Favé; Mawussé Agbessi; Mark Christiansen; Rick Jansen; Ilkka Seppälä; Tong Lin; Alexander Teumer; Katharina Schramm; Gibran Hemani; Joost Verlouw; Hanieh Yaghootkar; Reyhan Sönmez; Andrew Brown; Viktorija Kukushkina; Anette Kalnapenkis; Sina Rüeger; Eleonora Porcu; Jaanika Kronberg-Guzman; Johannes Kettunen; Joseph E. Powell; Bernett Lee; Futao Zhang; Wibowo Arindrarto; Frank Beutner; Harm Brugge; Julia Dmitreva; Mahmoud Elansary; Benjamin P. Fairfax; Michel Georges; Bastiaan T. Heijmans; Mika Kähönen; Yungil Kim; Julian C. Knight; Péter Kovács; Knut Krohn; Shuang� Li; Markus Loeffler; Urko M. Marigorta; Hailang Mei; Yukihide Momozawa; Martina Müller‐Nurasyid; Matthias Nauck; Michel G. Nivard; Brenda W.J.H. Penninx; Jonathan K. Pritchard; Olli T. Raitakari; Olaf Rotzchke; P. Eline Slagboom; Coen D.A. Stehouwer; Michael Stümvoll; Patrick Sullivan; Peter A.C. ’t Hoen; Joachim Thiery; Anke Tönjes; Jenny van Dongen; Maarten van Iterson; Jan H. Veldink; Uwe Völker; Cisca Wijmenga; Morris A. Swertz; Anand Kumar Andiappan; Grant W. Montgomery; Samuli Ripatti; Markus Perola; Zoltán Kutalik; Emmanouil T. Dermitzakis; Sven Bergmann; Timothy M. Frayling; Joyce B. J. van Meurs; Holger Prokisch; Habibul Ahsan; Brandon L. Pierce; Terho Lehtimäki; Dorret I. Boomsma; Bruce M. Psaty; Sina A. Gharib; Philip Awadalla; Lili Milani; Willem H. Ouwehand; Kate Downes; Oliver Stegle; Alexis Battle; Jian Yang; Peter M. Visscher; Markus Scholz; Gregory Gibson; Tõnu Esko; Lude Franke,2018,bioRxiv (Cold Spring Harbor Laboratory),String B
307,Introductory programming: a systematic literature review,Andrew Luxton-Reilly; Simon; Ibrahim Albluwi; Brett A. Becker; Michail N. Giannakos; Amruth N. Kumar; Linda Ott; James H. Paterson; Michael Scott; Judy Sheard; Claudia Szabo,2018,,String B
308,Analysis of error profiles in deep next-generation sequencing data,Xiaotu Ma; Ying Shao; Liqing Tian; Diane A. Flasch; Heather L. Mulder; Michael N. Edmonson; Yu Liu; Xiang Chen; Scott Newman; Joy Nakitandwe; Yongjin Li; Benshang Li; Shuhong Shen; Zhaoming Wang; Sheila Shurtleff; Leslie L. Robison; Shawn Levy; John Easton; Jinghui Zhang,2019,Genome biology,String B
309,Inferring Phylogenetic Networks Using PhyloNet,Dingqiao Wen; Yun Yu; Jiafan Zhu; Luay Nakhleh,2018,Systematic Biology,String B
310,A Survey of Automatic Parameter Tuning Methods for Metaheuristics,Changwu Huang; Yuanxiang Li; Xin Yao,2019,IEEE Transactions on Evolutionary Computation,String B
311,Systemic nanoparticle delivery of CRISPR-Cas9 ribonucleoproteins for effective tissue specific genome editing,Tuo Wei; Qiang Cheng; Yi-Li Min; Eric N. Olson; Daniel J. Siegwart,2020,Nature Communications,String B
312,GENT2: an updated gene expression database for normal and tumor tissues,Seung-Jin Park; Byoung-Ha Yoon; Seon‐Kyu Kim; Seon‐Young Kim,2019,BMC Medical Genomics,String B
313,Single-cell transcriptomic profiling of the aging mouse brain,Methodios Ximerakis; Scott Lipnick; Brendan T. Innes; Sean Simmons; Xian Adiconis; Danielle Dionne; Brittany A. Mayweather; Lan Nguyễn; Zachary Niziolek; Ceren Ozek; Vincent L. Butty; Ruth Isserlin; Sean M. Buchanan; Stuart S. Levine; Aviv Regev; Gary D. Bader; Joshua Z. Levin; Lee L. Rubin,2019,Nature Neuroscience,String B
314,Sentieon DNASeq Variant Calling Workflow Demonstrates Strong Computational Performance and Accuracy,Katherine I. Kendig; Saurabh Baheti; Matthew A. Bockol; Travis Drucker; Steven N. Hart; Jacob R. Heldenbrand; Mikel Hernáez; Matthew E. Hudson; Michael T. Kalmbach; Eric W. Klee; Nathan R. Mattson; Christian Roß; Morgan L. Taschuk; Eric D. Wieben; Mathieu Wiepert; Derek E. Wildman; Liudmila S. Mainzer,2019,Frontiers in Genetics,String B
315,Intratumoral heterogeneity and clonal evolution in liver cancer,Bojan Losic; Amanda J. Craig; Carlos Villacorta-Martín; Sebastião N. Martins-Filho; Nicholas K. Akers; Xintong Chen; Mehmet Eren Ahsen; Johann von Felden; Ismaïl Labgaa; Delia D’Avola; Kimaada Allette; Sérgio A. Lira; Gláucia C. Furtado; Teresa García‐Lezana; Paula Restrepo; Ashley Stueck; Stephen C. Ward; Maria Isabel Fiel; Spiros Hiotis; Ganesh Gunasekaran; Daniela Sia; Eric E. Schadt; Robert Sebra; Myron Schwartz; Josep M. Llovet; Swan N. Thung; Gustavo Stolovitzky; Augusto Villanueva,2020,Nature Communications,String B
316,IoTFuzzer: Discovering Memory Corruptions in IoT Through App-based Fuzzing,Jiongyi Chen; Wenrui Diao; Qingchuan Zhao; Chaoshun Zuo; Zhiqiang Lin; Xiaofeng Wang; Wing Cheong Lau; Menghan Sun; Ronghai Yang; Kehuan Zhang,2018,,String B
317,Transfer learning: a friendly introduction,Asmaul Hosna; Ethel Merry; Jigmey Gyalmo; Zulfikar Alom; Zeyar Aung; Mohammad Abdul Azim,2022,Journal Of Big Data,String B
318,Unexplored therapeutic opportunities in the human genome,Tudor I. Oprea; Cristian Bologa; Søren Brunak; Allen Campbell; Gregory N. Gan; Anna Gaulton; Shawn M. Gomez; Rajarshi Guha; Anne Hersey; Jayme Holmes; Ajit Jadhav; Lars Juhl Jensen; Gary L. Johnson; Anneli Karlson; Andrew R. Leach; Avi Ma’ayan; Anna Malovannaya; Subramani Mani; Stephen L. Mathias; Michael T. McManus; Terrence F. Meehan; Christian von Mering; Daniel Muthas; Ðắc-Trung Nguyễn; John P. Overington; George Papadatos; Jun Qin; Christian Reich; Bryan L. Roth; Stephan C. Schürer; Anton Simeonov; Larry A. Sklar; Noel Southall; Susumu Tomita; Ilinca Tudose; Oleg Ursu; D. Vidović; Anna Waller; David Westergaard; Jeremy J. Yang; Gergely Zahoránszky-Köhalmi,2018,Nature Reviews Drug Discovery,String B
319,Sarek: A portable workflow for whole-genome sequencing analysis of germline and somatic variants,M. Garcia; Szilveszter Juhos; Malin Larsson; Pall I. Olason; Marcel Martin; Jesper Eisfeldt; Sebastian DiLorenzo; Johanna Sandgren; Teresita Díaz de Ståhl; Philip Ewels; Valtteri Wirta; Monica Nistér; Max Käller; Björn Nystedt,2020,F1000Research,String B
320,KVarPredDB: a database for predicting pathogenicity of missense sequence variants of keratin genes associated with genodermatoses,Yuyi Ying; Lu Lu; Santasree Banerjee; Lizhen Xu; Qiang Zhao; Hao Wu; Ruiqi Li; Xiao Xu; Hua Yu; Dante Neculai; Yongmei Xi; Fan Yang; Jiale Qin; Chen Li,2020,Human Genomics,String B
321,Cancer Drug Response Profile scan (CDRscan): A Deep Learning Model That Predicts Drug Effectiveness from Cancer Genomic Signature,Yoosup Chang; Hyejin Park; Hyun‐Jin Yang; Seungju Lee; Kwee-Yum Lee; Tae Soon Kim; Jongsun Jung; Jaemin Shin,2018,Scientific Reports,String B
322,Energy Management in Microgrids with Renewable Energy Sources: A Literature Review,Yimy Edisson García Vera; Rodolfo Dufo‐López; José L. Bernal‐Agustín,2019,Applied Sciences,String B
323,"NCCN Guidelines Insights: Ovarian Cancer, Version 1.2019",Deborah K. Armstrong; Ronald D. Alvarez; Jamie N. Bakkum‐Gamez; Lisa Barroilhet; Kian Behbakht; Andrew Berchuck; Jonathan S. Berek; Lee-may Chen; Mihaela Cristea; Marie DeRosa; Adam C. ElNaggar; David M. Gershenson; Heidi J. Gray; Ardeshir Hakam; Angela Jain; Carolyn Johnston; Charles A. Leath; Joyce F. Liu; Haider Mahdi; Daniela Matei; Michael McHale; Karen McLean; David M. O’Malley; Richard T. Penson; Sanja Percac‐Lima; Elena Ratner; Steven W. Remmenga; Paul Sabbatini; Theresa L. Werner; Emese Zsíros; Jennifer L. Burns; Anita M. Engh,2019,Journal of the National Comprehensive Cancer Network,String B
324,Human-iPSC-Derived Cardiac Stromal Cells Enhance Maturation in 3D Cardiac Microtissues and Reveal Non-cardiomyocyte Contributions to Heart Disease,Elisa Giacomelli; Viviana Meraviglia; Giulia Campostrini; Amy Cochrane; Xu Cao; Ruben W.J. van Helden; Ana Krotenberg García; Maria Mircea; Sarantos Kostidis; Richard P. Davis; Berend J. van Meer; Carolina R. Jost; Abraham J. Koster; Hailiang Mei; David G. Míguez; Aat A. Mulder; Mario Ledesma-Terrón; Giulio Pompilio; Luca Sala; Daniela Salvatori; Roderick C. Slieker; Elena Sommariva; Antoine A.F. de Vries; Martin Giera; Stefan Semrau; Leon G.J. Tertoolen; Valeria V. Orlova; Milena Bellin; Christine L. Mummery,2020,Cell stem cell,String B
325,A high-quality genome sequence of Rosa chinensis to elucidate ornamental traits,Laurence Hibrand Saint-Oyant; Tom Ruttink; Latifa Hamama; Ilya Kirov; Deepika Lakhwani; Ningning Zhou; Peter M. Bourke; Nicolas Daccord; Leen Leus; Dietmar Schulz; Henri van de Geest; Thamara Hesselink; Katrijn Van Laere; Kévin Debray; Sandrine Balzergue; Tatiana Thouroude; Annie Chastellier; Julien Jeauffre; Linda Voisine; Sylvain Gaillard; Theo Borm; Paul Arens; Roeland E. Voorrips; Chris Maliepaard; Enzo Neu; Marcus Linde; Marie Christine Le Paslier; Aurélie Berard; Rémi Bounon; Jérémy Clotault; Nathalie Choisne; Hadi Quesneville; Kôji Kawamura; Santiago P. Aubourg; Soulaïman Sakr; M.J.M. Smulders; Elio Schijlen; Etienne Bucher; Thomas Debener; Jan De Riek; Fabrice Foucher,2018,Nature Plants,String B
326,GA4GH: International policies and standards for data sharing across genomic research and healthcare,Heidi L. Rehm; Angela Page; Lindsay Smith; Jeremy Adams; Gil Alterovitz; Lawrence Babb; Maxmillian P. Barkley; Michael Baudis; Michael J. S. Beauvais; Tim Beck; J. Beckmann; Sergi Beltrán; David L. Bernick; Alexander Bernier; James Bonfield; Tiffany Boughtwood; Guillaume Bourque; Sarion R. Bowers; Anthony J. Brookes; Michael Brudno; Matthew Brush; David Bujold; Tony Burdett; Orion J. Buske; Moran N. Cabili; Daniel Cameron; Robert J. Carroll; Esmeralda Casas-Silva; Debyani Chakravarty; Bimal P. Chaudhari; Shu Hui Chen; J. Michael Cherry; Justina Chung; Melissa Cline; Hayley Clissold; Robert Cook‐Deegan; Mélanie Courtot; Fiona Cunningham; Miro Cupak; Robert M. Davies; Danielle Denisko; Megan Doerr; Lena Dolman; Edward S. Dove; Lewis Jonathan Dursi; Stephanie O. M. Dyke; James A. Eddy; Karen Eilbeck; Kyle Ellrott; Susan Fairley; Khalid A. Fakhro; Helen V. Firth; Michael Fitzsimons; Marc Fiume; Paul Flicek; Ian Fore; Mallory Freeberg; Robert R. Freimuth; Lauren A. Fromont; Jonathan Fuerth; Clara Gaff; Weiniu Gan; Elena M. Ghanaim; David Glazer; Robert C. Green; Malachi Griffith; Obi L. Griffith; Robert L. Grossman; Tudor Groza; Jaime M. Guidry Auvil; Roderic Guigó; Dipayan Gupta; Melissa Haendel; Ada Hamosh; David Hansen; Reece K. Hart; Dean M. Hartley; David Haussler; Rachele Hendricks‐Sturrup; Calvin Wai-Loon Ho; Ashley E. Hobb; Michael M. Hoffman; Oliver Hofmann; Petr Holub; Jacob Shujui Hsu; Jean‐Pierre Hubaux; Sarah Hunt; Ammar Husami; Julius O.B. Jacobsen; Saumya S. Jamuar; Elizabeth Janes; Francis Jeanson; Aina Jené; Amber L. Johns; Yann Joly; Steven J.M. Jones; Alexander Kanitz; Yoshihiro Kato; Thomas Keane; Kristina Kekesi-Lafrance,2021,Cell Genomics,String B
327,Capturing variation impact on molecular interactions in the IMEx Consortium mutations data set,J. Khadake; Birgit Meldal; Simona Panni; D. Thorneycroft; K. Van Roey; S. Abbani; Łukasz Salwiński; M. Pellegrini; Marta Iannuccelli; Luana Licata; G. Cesareni; Bernd Roechert; Alan Bridge; M. G. Ammari; F. McCarthy; F. Broackes-Carter; N. Campbell; Anna N. Melidoni; M. Rodríguez-López; Ruth C. Lovering; S. Jagannathan; Carol Chen; David J. Lynn; Sylvie Ricard‐Blum; Uma Mahadevan; Arathi Raghunath; Noemí del‐Toro; Margaret Duesbury; M. H. J. Koch; Livia Perfetto; Anjali Shrivastava; David Ochoa; Omar Wagih; Janet Piñero; Max Kotlyar; Chiara Pastrello; Pedro Beltrão; Laura I. Furlong; Igor Jurišica; Henning Hermjakob; Sandra Orchard; Pablo Porras,2018,Nature Communications,String B
328,An in silico deep learning approach to multi-epitope vaccine design: a SARS-CoV-2 case study,Zikun Yang; Paul Bogdan; Shahin Nazarian,2021,Scientific Reports,String B
329,863 genomes reveal the origin and domestication of chicken,Mingshan Wang; Mukesh Thakur; Min‐Sheng Peng; Yu Jiang; Laurent Frantz; Ming Li; Jin-Jin Zhang; Sheng Wang; Joris Peters; Newton O. Otecko; Chatmongkon Suwannapoom; Xing Guo; Zhuqing Zheng; Ali Esmailizadeh; Nalini Yasoda Hirimuthugoda; Hidayat Ashari; Sri Suladari; Moch Syamsul Arifin Zein; Szilvia Kusza; Saeed S. Sohrabi; Hamed Kharrati-Koopaee; Quan‐Kuan Shen; Lin Zeng; Minmin Yang; Yajiang Wu; Xingyan Yang; Xuemei Lu; Xinzheng Jia; Qinghua Nie; Susan J. Lamont; Emiliano Lasagna; Simone Ceccobelli; Humpita Gamaralalage Thilini Nisank Gunwardana; Thilina Madusanka Senasige; Shaohong Feng; Jingfang Si; Hao Zhang; Jie‐Qiong Jin; Mingli Li; Liu Yan-hu; Hong-Man Chen; Cheng Ma; Shan‐Shan Dai; Abul Kashem Fazlul Haque Bhuiyan; Muhammad Sajjad Khan; Gamamada Liyanage Lalanie Pradeepa Silva; Thi-Thuy Le; Okeyo Mwai; Mohamed Nawaz Mohamed Ibrahim; Megan A. Supple; Beth Shapiro; Olivier Hanotte; Guojie Zhang; Greger Larson; Jianlin Han; Dong‐Dong Wu; Ya‐Ping Zhang,2020,Cell Research,String B
330,A review on machine learning approaches and trends in drug discovery,Paula Carracedo-Reboredo; José Liñares-Blanco; Nereida Rodríguez-Fernández; Francisco Cedrón; Francisco J. Nóvoa; Adrián Carballal; Víctor Maojo; Alejandro Pazos; Carlos Fernandez-Lozano,2021,Computational and Structural Biotechnology Journal,String B
331,Integrated RNA and DNA sequencing reveals early drivers of metastatic breast cancer,Marni B. Siegel; Xiaping He; Katherine A. Hoadley; Alan P. Hoyle; Julia B. Pearce; Amy Garrett; Sunil Kumar; Vincent Moylan; Claudia Brady; Amanda E.D. Van Swearingen; David Marron; Gaorav P. Gupta; Leigh B. Thorne; Niamh E. Kieran; Chad Livasy; Elaine R. Mardis; Joel S. Parker; Mengjie Chen; Carey K. Anders; Lisa A. Carey; Charles M. Perou,2018,Journal of Clinical Investigation,String B
332,High Throughput Sequencing For Plant Virus Detection and Discovery,D. E. V. Villamor; Thiện Hồ; Maher Al Rwahnih; Robert R. Martín; Ioannis E. Tzanetakis,2019,Phytopathology,String B
333,An IoT Framework for Heart Disease Prediction Based on MDCNN Classifier,Mohammad Ayoub Khan,2020,IEEE Access,String B
334,Toxicities of Polycyclic Aromatic Hydrocarbons for Aquatic Animals,Masato Honda; Nobuo Suzuki,2020,International Journal of Environmental Research and Public Health,String B
335,A review on deep learning in medical image analysis,S. Suganyadevi; V. Seethalakshmi; K. Balasamy,2021,International Journal of Multimedia Information Retrieval,String B
336,"<i>iLearnPlus:</i>a comprehensive and automated machine-learning platform for nucleic acid and protein sequence analysis, prediction and visualization",Zhen Chen; Pei Zhao; Chen Li; Fuyi Li; Dongxu Xiang; Yongzi Chen; Tatsuya Akutsu; Roger J. Daly; Geoffrey I. Webb; Quanzhi Zhao; Lukasz Kurgan; Jiangning Song,2021,Nucleic Acids Research,String B
337,Proteogenomic characterization of 2002 human cancers reveals pan-cancer molecular subtypes and associated pathways,Yiqun Zhang; Fengju Chen; Darshan S. Chandrashekar; Sooryanarayana Varambally; Chad J. Creighton,2022,Nature Communications,String B
338,Traduction Non Supervisée de Langages de Programmation,Baptiste Rozière,2022,HAL (Le Centre pour la Communication Scientifique Directe),String B
339,<i>SDMtune</i>: An R package to tune and evaluate species distribution models,Sergio Vignali; Arnaud Barras; Raphaël Arlettaz; Veronika Braunisch,2020,Ecology and Evolution,String B
340,Deep learning in mining biological data,Mufti Mahmud; M. Shamim Kaiser; T.M. McGinnity; Amir Hussain,2021,Nottingham Trent University's Institutional Repository (Nottingham Trent Repository),String B
341,A systematic review of genetic algorithm-based multi-objective optimisation for building retrofitting strategies towards energy efficiency,Inês Costa-Carrapiço; Rokia Raslan; Javier Neila González,2019,Energy and Buildings,String B
342,AutoGrow4: an open-source genetic algorithm for de novo drug design and lead optimization,Jacob O. Spiegel; Jacob D. Durrant,2020,Journal of Cheminformatics,String B
343,BRCA1/2 testing: therapeutic implications for breast cancer management,Nadine Tung; Judy E. Garber,2018,British Journal of Cancer,String B
344,VarAFT: a variant annotation and filtration system for human next generation sequencing data,Jean‐Pierre Desvignes; Marc Bartoli; Valérie Delague; Martin Krahn; Morgane Miltgen; Christophe Béroud; David Salgado,2018,Nucleic Acids Research,String B
345,MolAICal: a soft tool for 3D drug design of protein targets by artificial intelligence and classical algorithm,Qifeng Bai; Shuoyan Tan; Tingyang Xu; Huanxiang Liu; Junzhou Huang; Xiaojun Yao,2020,Briefings in Bioinformatics,String B
346,"Assessment of Bias-Correction Methods for CHIRPS Satellite Rainfall Estimates in the Petung Watershed, Indonesia",Nafisah Zahrani; E Suhartanto; Ussy Andawayanti,2025,Jurnal Penelitian Pendidikan IPA,String B
347,Automated Testing of Android Apps: A Systematic Literature Review,Pingfan Kong; Li Li; Jun Gao; Kui Liu; Tegawendé F. Bissyandé; Jacques Klein,2018,IEEE Transactions on Reliability,String B
348,A metabolic modeling platform for the computation of microbial ecosystems in time and space (COMETS),Ilija Dukovski; Djordje Bajić; Jeremy M. Chacón; Michael Quintin; Jean C. C. Vila; Snorre Sulheim; Alan R. Pacheco; David B. Bernstein; William J. Riehl; Kirill S. Korolev; Álvaro Sánchez; William R. Harcombe; Daniel Segrè,2021,Nature Protocols,String B
349,Evolutionary Algorithms to Optimize Task Scheduling Problem for the IoT Based Bag-of-Tasks Application in Cloud–Fog Computing Environment,Binh Minh Nguyen; Huỳnh Thị Thanh Bình; Tran The Anh; Do Bao Son,2019,Applied Sciences,String B
350,NAUTILUS: Fishing for Deep Bugs with Grammars,Cornelius Aschermann; Tommaso Frassetto; Thorsten Holz; Patrick Jauernig; Ahmad‐Reza Sadeghi; Daniel Teuchert,2019,,String B
351,CD8 T Cell Score as a Prognostic Biomarker for Triple Negative Breast Cancer,Masanori Oshi; Mariko Asaoka; Yoshihisa Tokumaru; Li Yan; Ryusei Matsuyama; Takashi Ishikawa; Itaru Endo; Kazuaki Takabe,2020,International Journal of Molecular Sciences,String B
352,"VIPER: Visualization Pipeline for RNA-seq, a Snakemake workflow for efficient and complete RNA-seq analysis",MacIntosh Cornwell; Mahesh Vangala; Len Taing; Zachary T. Herbert; Johannes Köster; Bo Li; Hanfei Sun; Taiwen Li; Jian Zhang; Xintao Qiu; Matthew Pun; Rinath Jeselsohn; Myles Brown; X. Shirley Liu; Henry W. Long,2018,BMC Bioinformatics,String B
353,EAGA-MLP—An Enhanced and Adaptive Hybrid Classification Model for Diabetes Diagnosis,Sushruta Mishra; Hrudaya Kumar Tripathy; Pradeep Kumar Mallick; Akash Kumar Bhoi; Paolo Barsocchi,2020,Sensors,String B
354,Pyrethroid resistance in the dengue vector Aedes aegypti in Southeast Asia: present situation and prospects for management,Zheng Hua Amelia-Yap; Chee Dhang Chen; Mohd Sofian‐Azirun; Van Lun Low,2018,Parasites & Vectors,String B
355,The variant call format provides efficient and robust storage of GWAS summary statistics,Matthew Lyon; Shea J. Andrews; Benjamin Elsworth; Tom R. Gaunt; Gibran Hemani; Edoardo Marcora,2021,Genome biology,String B
356,State of the Field in Multi-Omics Research: From Computational Needs to Data Mining and Sharing,Michał Krassowski; Vivek Das; S. Sahu; Biswapriya B. Misra,2020,Frontiers in Genetics,String B
357,Is Your Code Generated by ChatGPT Really Correct? Rigorous Evaluation of Large Language Models for Code Generation,Jiawei Liu; Chunqiu Steven Xia; Yuyao Wang; Lingming Zhang,2023,arXiv (Cornell University),String B
358,Are mutation scores correlated with real fault detection?,Mike Papadakis; Donghwan Shin; Shin Yoo; Doo‐Hwan Bae,2018,,String B
359,Mapping the Genetic Landscape of Human Cells,Max A. Horlbeck; Albert Xu; Min Wang; Neal K. Bennett; Chong Y. Park; Derek Bogdanoff; Britt Adamson; Eric D. Chow; Martin Kampmann; Timothy R. Peterson; Ken Nakamura; Michael A. Fischbach; Jonathan S. Weissman; Luke A. Gilbert,2018,Cell,String B
360,<i>fastp</i> : an ultra-fast all-in-one FASTQ preprocessor,Shifu Chen; Yanqing Zhou; Yaru Chen; Jia Gu,2018,bioRxiv (Cold Spring Harbor Laboratory),String B
361,BugsInPy: a database of existing bugs in Python programs to enable controlled testing and debugging studies,Ratnadira Widyasari; Sheng Qin Sim; Camellia Lok; Haodi Qi; Jack Phan; Qijin Tay; Constance Tan; Fiona Wee; Jodie Ethelda Tan; Yuheng Yieh; Brian K. P. Goh; Ferdian Thung; Hong Jin Kang; Thong Hoang; David Lo; Eng Lieh Ouh,2020,,String B
362,Improved reference genome for the domestic horse increases assembly contiguity and composition,Ted Kalbfleisch; Edward S. Rice; Michael S. DePriest; Brian P. Walenz; Matthew S. Hestand; Joris Vermeesch; Brendan L. O’Connell; Ian T. Fiddes; Alisa O. Vershinina; Nedda F. Saremi; Jessica L. Petersen; Carrie J. Finno; Rebecca R. Bellone; Molly E. McCue; Samantha A. Brooks; Ernest Bailey; Ludovic Orlando; Richard E. Green; Donald C. Miller; Douglas F. Antczak; James N. MacLeod,2018,Communications Biology,String B
363,Core Hunter 3: flexible core subset selection,Herman De Beukelaer; Guy Davenport; Veerle Fack,2018,BMC Bioinformatics,String B
364,The coronavirus proofreading exoribonuclease mediates extensive viral recombination,Jennifer Gribble; Laura J. Stevens; Maria L. Agostini; Jordan Anderson-Daniels; James D. Chappell; Xiaotao Lu; Andrea J. Pruijssers; Andrew Routh; Mark R. Denison,2021,PLoS Pathogens,String B
365,A Comparative Analysis of Breast Cancer Detection and Diagnosis Using Data Visualization and Machine Learning Applications,Muhammet Fatih Ak,2020,Healthcare,String B
366,POIROT,Sadegh M. Milajerdi; Birhanu Eshete; Rigel Gjomemo; V.N. Venkatakrishnan,2019,,String B
367,"Virtual Screening of Natural Products against Type II Transmembrane Serine Protease (TMPRSS2), the Priming Agent of Coronavirus 2 (SARS-CoV-2)",Noor Rahman; Zarrin Basharat; Muhammad Yousuf; Giuseppe Castaldo; Luca Rastrelli; Haroon Khan,2020,Molecules,String B
368,Pan-cancer analysis of transcriptional metabolic dysregulation using The Cancer Genome Atlas,Spencer R. Rosario; Mark D. Long; Hayley C. Affronti; Aryn M. Rowsam; Kevin H. Eng; Dominic J. Smiraglia,2018,Nature Communications,String B
369,Evaluation and comparison of bioinformatic tools for the enrichment analysis of metabolomics data,Anna Marco‐Ramell; Magalí Palau‐Rodriguez; Ania Alay; Sara Tulipani; Mireia Urpí-Sardà; Álex Sánchez‐Pla; Cristina Andrés‐Lacueva,2018,BMC Bioinformatics,String B
370,"Machine Learning Testing: Survey, Landscapes and Horizons",Jie M. Zhang; Mark Harman; Lei Ma; Yang Liu,2019,arXiv (Cornell University),String B
371,Dynamic 3D chromatin architecture contributes to enhancer specificity and limb morphogenesis,Bjørt K. Kragesteen; Malte Spielmann; Christina Paliou; Verena Heinrich; Robert Schöpflin; Andrea Esposito; Carlo Annunziatella; Simona Bianco; Andrea M. Chiariello; Ivana Jerković; Izabela Harabula; Philine Guckelberger; Michael Pechstein; Lars Wittler; Wing-Lee Chan; Martin Franke; Darío G. Lupiáñez; Katerina Kraft; Bernd Timmermann; Martin Vingron; Axel Visel; Mario Nicodemi; Stefan Mundlos; Guillaume Andrey,2018,Nature Genetics,String B
372,QCloud: A cloud-based quality control system for mass spectrometry-based proteomics laboratories,Cristina Chiva; Roger Olivella; Eva Borràs; Guadalupe Espadas; Olga Pastor; Amanda Solé; Eduard Sabidó,2018,PLoS ONE,String B
373,Genome-wide identification of DNA methylation QTLs in whole blood highlights pathways for cardiovascular disease,Tianxiao Huan; Roby Joehanes; Ci Song; Fen Peng; Yichen Guo; Michael Mendelson; Chen Yao; Chunyu Liu; Jiantao Ma; Melissa A. Richard; Golareh Agha; Weihua Guan; Lynn M. Almli; Karen N. Conneely; Joshua A. Keefe; Shih-Jen Hwang; Andrew D. Johnson; Myriam Fornage; Liming Liang; Daniel Levy,2019,Nature Communications,String B
374,PanDrugs: a novel method to prioritize anticancer drug treatments according to individual genomic data,Elena Piñeiro-Yáñez; Miguel Reboiro‐Jato; Gonzalo Goméz-López; Javier Perales-Patón; Kevin Troulé; José Manuel Rodrı́guez; Héctor Tejero; Takeshi Shimamura; Pedro P. López‐Casas; Julián Carretero; Alfonso Valencia; Manuel Hidalgo; Daniel Glez‐Peña; Fátima Al‐Shahrour,2018,Genome Medicine,String B
375,Glioma through the looking GLASS: molecular evolution of diffuse gliomas and the Glioma Longitudinal Analysis Consortium,Kenneth Aldape; Samirkumar B. Amin; David M. Ashley; Jill S. Barnholtz‐Sloan; Amanda Bates; Rameen Beroukhim; Christoph Bock; Daniel J. Brat; Elizabeth B. Claus; J Costello; John F. de Groot; Gaetano Finocchiaro; Pim J. French; Hui Gan; Brent Griffith; Christel Herold‐Mende; Craig Horbinski; Antonio Iavarone; Steven N. Kalkanis; Konstantina Karabatsou; Hoon Kim; Mathilde C.M. Kouwenhoven; Kerrie L. McDonald; Hrvoje Miletić; Do‐Hyun Nam; Ho‐Keung Ng; Simone P. Niclou; Houtan Noushmehr; D. Ryan Ormond; Laila Poisson; Guido Reifenberger; Federico Roncaroli; K. Jason; Peter A.E. Sillevis Smitt; Marion Smits; Camila Ferreira de Souza; Ghazaleh Tabatabai; Erwin G. Van Meir; Roel G.W. Verhaak; Colin Watts; Pieter Wesseling; Adelheid Wöehrer; W.K. Alfred Yung; Christine Jungk; Ann‐Christin Hau; Eric Van Dyck; Bart A. Westerman; Julia Yin; Olajide Abiola; Nikolajs Zeps; Sean M. Grimmond; Michael E. Buckland; Mustafa Khasraw; Erik P. Sulman; Andrea Muscat; Lucy F. Stead,2018,Neuro-Oncology,String B
376,Modified firefly algorithm for workflow scheduling in cloud-edge environment,Nebojša Bačanin; Miodrag Živković; Timea Bezdan; K. Venkatachalam; Mohamed Abouhawwash,2022,Neural Computing and Applications,String B
377,SapFix: Automated End-to-End Repair at Scale,Alexandru Marginean; Johannes Bader; Satish Chandra; Mark Harman; Yue Jia; Ke Mao; Alexander Mols; Andrew Scott,2019,,String B
378,"Zebrafish information network, the knowledgebase for <i>Danio rerio</i> research",Yvonne M. Bradford; Ceri E. Van Slyke; Leyla Ruzicka; Amy Singer; Anne Eagle; David Fashena; Douglas G. Howe; Ken Frazer; Ryan Martin; Holly Paddock; Christian Pich; Sridhar Ramachandran; Monte Westerfield,2022,Genetics,String B
379,Integrated proteogenomic deep sequencing and analytics accurately identify non-canonical peptides in tumor immunopeptidomes,Chloé Chong; Markus Müller; HuiSong Pak; Dermot Harnett; Florian Huber; Delphine Grün; Marion Leleu; Aymeric Auger; Marion Arnaud; Brian J. Stevenson; Justine Michaux; Ilija Bilić; Antje Hirsekorn; Lorenzo Calviello; Laia Simó‐Riudalbas; Evarist Planet; Jan Lubiński; Marta Bryśkiewicz; Maciej Wiznerowicz; Ioannis Xénarios; Lin Zhang; Didier Trono; Alexandre Harari; Uwe Ohler; George Coukos; Michal Bassani‐Sternberg,2020,Nature Communications,String B
380,Automatic Generation of Programming Exercises and Code Explanations Using Large Language Models,Sami Sarsa; Paul Denny; Arto Hellas; Juho Leinonen,2022,,String B
381,Cancer neoantigen prioritization through sensitive and reliable proteogenomics analysis,Bo Wen; Kai Li; Yun Zhang; Bing Zhang,2020,Nature Communications,String B
382,Ageing-associated changes in transcriptional elongation influence longevity,Cédric Debès; Antonios Papadakis; Sebastian Grönke; Özlem Karalay; Luke S. Tain; Athanasia Mizi; Shuhei Nakamura; Oliver Hãhn; Carina Marianne Weigelt; Nataša Josipović; Anne Zirkel; Isabell Brusius; Konstantinos Sofiadis; Mantha Lamprousi; Yuxuan Lu; Wenming Huang; Reza Esmaillie; Torsten Kubacki; Martin R. Späth; Bernhard Schermer; Thomas Benzing; Roman‐Ulrich Müller; Adam Antebi; Linda Partridge; Argyris Papantonis; Andreas Beyer,2023,Nature,String B
383,In silico prediction of toxicity and its applications for chemicals at work,Kyung-Taek Rim,2020,Toxicology and Environmental Health Sciences,String B
384,"MicroScope: an integrated platform for the annotation and exploration of microbial gene functions through genomic, pangenomic and metabolic comparative analysis",David Vallenet; Alexandra Calteau; Mathieu Dubois; Paul Amours; Adelme Bazin; Mylène Beuvin; Laura Burlot; Xavier Bussell; Stéphanie Fouteau; Guillaume Gautreau; Aurélie Lajus; Jordan Langlois; Rémi Planel; David Roche; Johan Rollin; Zoé Rouy; Valentin Sabatet; Claudine Médigue,2019,Nucleic Acids Research,String B
385,Exploration of databases and methods supporting drug repurposing: a comprehensive survey,Ziaurrehman Tanoli; Umair Seemab; Andreas Scherer; Krister Wennerberg; Jing Tang; Markus Vähä‐Koskela,2020,Briefings in Bioinformatics,String B
386,Concolic testing for deep neural networks,Youcheng Sun; Min Wu; Wenjie Ruan; Xiaowei Huang; Marta Kwiatkowska; Daniel Kroening,2018,,String B
387,Integrative molecular characterization of sarcomatoid and rhabdoid renal cell carcinoma,Ziad Bakouny; David A. Braun; Sachet A. Shukla; Wenting Pan; Xīn Gào; Yue Hou; Abdallah Flaifel; Stephen Tang; Alice Bosma-Moody; Meng Xiao He; Natalie I. Vokes; Jackson Nyman; Wanling Xie; Amin H. Nassar; Sarah Abou Alaiwi; Ronan Flippot; Gabrielle Bouchard; John A. Steinharter; Pier Vitale Nuzzo; Miriam Ficial; Miriam Sant’Angelo; Juliet Forman; Jacob E. Berchuck; Shaan Dudani; Kevin Bi; Jihye Park; Sabrina Y. Camp; Maura Sticco-Ivins; Laure Hirsch; Sylvan C. Baca; Megan Wind‐Rotolo; Petra Ross‐Macdonald; Maxine Sun; Gwo‐Shu Mary Lee; Steven L. Chang; Xiao X. Wei; Bradley A. McGregor; Lauren C. Harshman; Giannicola Genovese; Leigh Ellis; Mark M. Pomerantz; Michelle S. Hirsch; Matthew L. Freedman; Michael B. Atkins; Catherine J. Wu; Thai H. Ho; W. Marston Linehan; David F. McDermott; Daniel Y.C. Heng; Srinivas R. Viswanathan; Sabina Signoretti; Eliezer M. Van Allen; Toni K. Choueiri,2021,Nature Communications,String B
388,"Advancements and Challenges in Machine Learning: A Comprehensive Review of Models, Libraries, Applications, and Algorithms",Shahid Tufail; Hugo Riggs; Mohd Tariq; Arif I. Sarwat,2023,Electronics,String B
389,NADPH production by the oxidative pentose-phosphate pathway supports folate metabolism,Li Chen; Zhaoyue Zhang; Atsushi Hoshino; Henry D. Zheng; Michael P. Morley; Zoltàn Arany; Joshua D. Rabinowitz,2019,Nature Metabolism,String B
390,Designing a multi-epitope peptide based vaccine against SARS-CoV-2,Abhishek Singh; Mukesh Thakur; Lalit Kumar Sharma; Kailash Chandra,2020,Scientific Reports,String B
391,Selecting fault revealing mutants,Thierry Titcheu Chekam; Mike Papadakis; Tegawendé F. Bissyandé; Yves Le Traon; Koushik Sen,2019,Empirical Software Engineering,String B
392,Accelerating antibiotic discovery through artificial intelligence,Marcelo C. R. Melo; Jacqueline R. M. A. Maasch; César de la Fuente‐Núñez,2021,Communications Biology,String B
393,Multiple modes of PRC2 inhibition elicit global chromatin alterations in H3K27M pediatric glioma,James M. Stafford; Chul‐Hwan Lee; Philipp Voigt; Nicolas Descostes; Ricardo Saldaña-Meyer; Jia-Ray Yu; Gary LeRoy; Ozgur Oksuz; Jessica R. Chapman; Fernando Suarez; Aram S. Modrek; N. Sumru Bayın; Dimitris G. Placantonakis; Matthias A. Karajannis; Matija Snuderl; Beatrix Ueberheide; Danny Reinberg,2018,Science Advances,String B
394,In-silico design of a multi-epitope vaccine candidate against onchocerciasis and related filarial diseases,Robert Adamu Shey; Stephen Mbigha Ghogomu; Kevin Esoh; Derrick Neba Nebangwa; Cabirou Mounchili Shintouo; Nkemngo Francis Nongley; Bertha Fru; Ferdinand Njume Ngale; Luc Vanhamme; Jacob Souopgui,2019,Scientific Reports,String B
395,Semantic fuzzing with zest,Rohan Padhye; Caroline Lemieux; Koushik Sen; Mike Papadakis; Yves Le Traon,2019,,String B
396,Virus-induced senescence is a driver and therapeutic target in COVID-19,Soyoung Lee; Yong Yu; Jakob Trimpert; Fahad Benthani; Mario Mairhofer; Paulina Richter‐Pechańska; Emanuel Wyler; Dimitri Belenki; Sabine Kaltenbrunner; Maria Pammer; Lea Kausche; Theresa C. Firsching; Kristina Dietert; Michael Schotsaert; Carles Martínez‐Romero; Gagandeep Singh; Séverine Kunz; Daniela Niemeyer; Riad Ghanem; Helmut J.F. Salzer; Christian Paar; Michael Mülleder; Melissa B. Uccellini; Edward Michaelis; Amjad Khan; Andrea Lau; Martin Schönlein; Anna Habringer; Josef Tomasits; Julia M. Adler; Susanne Kimeswenger; Achim D. Gruber; Wolfram Hoetzenecker; Herta Steinkellner; Bettina Purfürst; Reinhard Motz; Francesco Di Pierro; Bernd Lamprecht; Nikolaus Osterrieder; Markus Landthaler; Christian Drosten; Adolfo García‐Sastre; Rupert Langer; Markus Ralser; Roland Eils; Maurice Reimann; Dorothy Ngo-Yin Fan; Clemens A. Schmitt,2021,Nature,String B
397,Neural program repair with execution-based backpropagation,He Ye; Matías Martínez; Martin Monperrus,2022,Proceedings of the 44th International Conference on Software Engineering,String B
398,CogStack - experiences of deploying integrated information retrieval and extraction services in a large National Health Service Foundation Trust hospital,Richard Jackson; Ismail E. Kartoglu; Clive Stringer; Genevieve Gorrell; Angus Roberts; Xingyi Song; Honghan Wu; Asha Agrawal; Kenneth Lui; Tudor Groza; Damian Lewsley; Doug Northwood; Amos Folarin; Robert Stewart; Richard Dobson,2018,BMC Medical Informatics and Decision Making,String B
399,Web-based design and analysis tools for CRISPR base editing,Gue‐Ho Hwang; Jeongbin Park; Kayeong Lim; Sung‐Hyun Kim; Jihyeon Yu; Eunchong Yu; Sang‐Tae Kim; Roland Eils; Jin‐Soo Kim; Sangsu Bae,2018,BMC Bioinformatics,String B
400,TMK-based cell-surface auxin signalling activates cell-wall acidification,Wenwei Lin; Xiang Zhou; Wenxin Tang; Koji Takahashi; Xue Pan; Jiawei Dai; Hong Yu Ren; Xiaoyue Zhu; Songqin Pan; Haiyan Zheng; William M. Gray; Tongda Xu; Toshinori Kinoshita; Zhenbiao Yang,2021,Nature,String B
401,Model-based testing using UML activity diagrams: A systematic mapping study,Tanwir Ahmad; Junaid Iqbal; Adnan Ashraf; Dragoş Truşcan; Iván Porres,2019,Computer Science Review,String B
402,TIAToolbox as an end-to-end library for advanced tissue image analytics,Johnathan Pocock; Simon Graham; Quoc Dang Vu; Mostafa Jahanifar; Srijay Deshpande; Giorgos Hadjigeorghiou; Adam Shephard; Raja Muhammad Saad Bashir; Mohsin Bilal; Wenqi Lu; D. B. A. Epstein; Fayyaz Minhas; Nasir M. Rajpoot; Shan E Ahmed Raza,2022,Communications Medicine,String B
403,High throughput error corrected Nanopore single cell transcriptome sequencing,Kévin Lebrigand; Virginie Magnone; Pascal Barbry; Rainer Waldmann,2020,Nature Communications,String B
404,Approximate Bayesian computation with deep learning supports a third archaic introgression in Asia and Oceania,Mayukh Mondal; Jaume Bertranpetit; Óscar Lao,2019,Nature Communications,String B
405,LC3/GABARAPs drive ubiquitin-independent recruitment of Optineurin and NDP52 to amplify mitophagy,Benjamin Scott Padman; Thanh Ngoc Nguyen; Louise Uoselis; Marvin Skulsuppaisarn; Lan K. Nguyen; Michael Lazarou,2019,Nature Communications,String B
406,Large Language Models for Test-Free Fault Localization,Aidan Z. H. Yang; Claire Le Goues; Ruben Martins; Vincent J. Hellendoorn,2024,,String B
407,Unsupervised Multi-Omics Data Integration Methods: A Comprehensive Review,Nasim Vahabi; George Michailidis,2022,Frontiers in Genetics,String B
408,Priming of dendritic cells by DNA-containing extracellular vesicles from activated T cells through antigen-driven contacts,Daniel Torralba; Francesc Baixauli; Carolina Villarroya‐Beltri; Irene Fernández‐Delgado; Ana Latorre; Rebeca Acín‐Pérez; Noa B. Martín‐Cófreces; Ángel Luis Jaso-Tamame; Salvador Iborra; Inmaculada Jorge; Gloria González‐Aseguinolaza; Johan Garaude; Miguel Vicente‐Manzanares; José Antonio Enrı́quez; Marı́a Mittelbrunn; Francisco Sánchez‐Madrid,2018,Nature Communications,String B
409,Emergence of artemisinin-resistant Plasmodium falciparum with kelch13 C580Y mutations on the island of New Guinea,Olivo Miotto; Makoto Sekihara; Shin‐Ichiro Tachibana; Masato Yamauchi; Richard D. Pearson; Roberto Amato; Sónia Gonçalves; Somya Mehra; Rintis Noviyanti; Jutta Marfurt; Sarah Auburn; Ric N. Price; Ivo Müeller; Mie Ikeda; Toshiyuki Mori; Makoto Hirai; Livingstone Tavul; Manuel W. Hetzel; Moses Laman; Alyssa E. Barry; Pascal Ringwald; Jun Ohashi; Francis Hombhanje; Dominic Kwiatkowski; Toshihiro Mita,2020,PLoS Pathogens,String B
410,Alignment of Biological Sequences with Jalview,James B Procter; G. Mungo Carstairs; Ben Soares; Kira Mourão; T. Charles Ofoegbu; Daniel L. Barton; Lauren Michelle Lui; Anne Menard; Natasha Sherstnev; David Roldan-Martinez; Suzanne Duce; David Martin; Geoffrey J. Barton,2020,Methods in molecular biology,String B
411,Myofibroblast transcriptome indicates SFRP2hi fibroblast progenitors in systemic sclerosis skin,Tracy Tabib; Mengqi Huang; Nina Morse; Anna Papazoglou; Rithika Behera; Minxue Jia; Melissa Bulik; Daisy Monier; Panayiotis V. Benos; Wei Chen; Robyn T. Domsic; Robert Lafyatis,2021,Nature Communications,String B
412,Software fairness,Yuriy Brun; Alexandra Meliou,2018,,String B
413,Genomic diversity affects the accuracy of bacterial single-nucleotide polymorphism–calling pipelines,Stephen J. Bush; Dona Foster; David W. Eyre; Emily L. Clark; Nicola De Maio; Liam P. Shaw; Nicole Stoesser; Tim Peto; Derrick W. Crook; A Sarah Walker,2020,GigaScience,String B
414,A snowballing literature study on test amplification,Benjamin Danglot; Oscar Vera-Perez; Zhongxing Yu; Andy Zaidman; Martin Monperrus; Benoit Baudry,2019,Journal of Systems and Software,String B
415,A Fast Non-Negative Latent Factor Model Based on Generalized Momentum Method,Xin Luo; Zhigang Liu; Shuai Li; Mingsheng Shang; Zidong Wang,2018,IEEE Transactions on Systems Man and Cybernetics Systems,String B
416,LncBook: a curated knowledgebase of human long non-coding RNAs,Lina Ma; Jiabao Cao; Lin Liu; Qiang Du; Li Zhao; Dong Zou; Vladimir B. Bajić; Zhang Zhang,2018,Nucleic Acids Research,String B
417,Automated Grading and Feedback Tools for Programming Education: A Systematic Review,Marcus Messer; Neil C. C. Brown; Michael Kölling; Miaojing Shi,2023,ACM Transactions on Computing Education,String B
418,iFixFlakies: a framework for automatically fixing order-dependent flaky tests,August Shi; Wing Lam; Reed Oei; Tao Xie; Darko Marinov,2019,,String B
419,Cartesian genetic programming: its status and future,Julian F. Miller,2019,Genetic Programming and Evolvable Machines,String B
420,An Optimization Method for Intrusion Detection Classification Model Based on Deep Belief Network,Peng Wei; Yufeng Li; Zhen Zhang; Tao Hu; Ziyong Li; Diyang Liu,2019,IEEE Access,String B
421,Smartphone-based platforms implementing microfluidic detection with image-based artificial intelligence,Bangfeng Wang; Yiwei Li; Mengfan Zhou; Yulong Han; Mingyu Zhang; Zhaolong Gao; Zetai Liu; Peng Chen; Wei Du; Xingcai Zhang; Xiaojun Feng; Bi‐Feng Liu,2023,Nature Communications,String B
422,Efficient sampling of SAT solutions for testing,Rafael Dutra; Kevin Laeufer; Jonathan Bachrach; Koushik Sen,2018,,String B
423,Applications of crowdsourcing in health: an overview,Kerri Wazny,2018,Journal of Global Health,String B
424,Dengue fever and insecticide resistance in Aedes mosquitoes in Southeast Asia: a review,Soon Jian Gan; Yong Qi Leong; Muhammad Fakrul Hakim bin Barhanuddin; Siew Tung Wong; Shew Fung Wong; Joon Wah Mak; Rohani Ahmad,2021,Parasites & Vectors,String B
425,"Review on Scheduling, Clustering, and Forecasting Strategies for Controlling Electric Vehicle Charging: Challenges and Recommendations",Ali Saadon Al-Ogaili; Tengku Juhana Tengku Hashim; N. A. Rahmat; Agileswari K. Ramasamy; Marayati Binti Marsadek; M. Faisal; M. A. Hannan,2019,IEEE Access,String B
426,The CoLoMoTo Interactive Notebook: Accessible and Reproducible Computational Analyses for Qualitative Biological Networks,Aurélien Naldi; Céline Hernandez; Nicolas Levy; Gautier Stoll; Pedro T. Monteiro; Claudine Chaouiya; Tomáš Helikar; Andreï Zinovyev; Laurence Calzone; Sarah Cohen‐Boulakia; Denis Thieffry; Loïc Paulevé,2018,Frontiers in Physiology,String B
427,"A Review of Scrub Typhus (Orientia tsutsugamushi and Related Organisms): Then, Now, and Tomorrow",Alison Luce-Fedrow; Marcie L. Lehman; Daryl J. Kelly; Kristin Mullins; Alice N. Maina; Richard L. Stewart; Hong Ge; Heidi St. John; Ju Jiang; Allen L. Richards,2018,Tropical Medicine and Infectious Disease,String B
428,"Pf7: an open dataset of Plasmodium falciparum genome variation in 20,000 worldwide samples",MalariaGEN; Muzamil Mahdi Abdel Hamid; Mohamed Hassan Abdelraheem; Desmond Omane Acheampong; Ambroise D. Ahouidi; Mozam Ali; Jacob Almagro‐Garcia; Alfred Amambua‐Ngwa; Chanaki Amaratunga; Lucas Amenga–Etego; Ben Andagalu; Tim Anderson; Voahangy Andrianaranjaka; Ifeyinwa Aniebo; Enoch Aninagyei; Felix Ansah; Patrick Ansah; Tobias O. Apinjoh; Paulo Arnaldo; Elizabeth A. Ashley; Sarah Auburn; Gordon A. Awandare; Hampaté Bâ; Vito Baraka; Alyssa E. Barry; Philip Bejon; Gwladys Bertin; Maciej F. Boni; Steffen Borrmann; Teun Bousema; Marielle Karine Bouyou-Akotet; OraLee H. Branch; Peter C. Bull; H K Cheah; Keobouphaphone Chindavongsa; Thanat Chookajorn; Kesinee Chotivanich; Antoine Claessens; David J. Conway; Vladimir Corredor; Erin Courtier; Alister Craig; Umberto D’Alessandro; Souleymane Dama; Nicholas Day; Brigitte Denis; Mehul Dhorda; Mahamadou Diakité; Abdoulaye Djimdé; Christiane Dolecek; Arjen M. Dondorp; Seydou Doumbia; Chris Drakeley; Eleanor Drury; Patrick Duffy; Diego F. Echeverry; Thomas G. Egwang; Sónia Maria Enosse; Berhanu Erko; Rick M. Fairhurst; Abdul Faiz; Caterina Fanello; Mark Fleharty; Matthew Forbes; Mark M. Fukuda; Dionicia Gamboa; Anita Ghansah; Lemu Golassa; Sónia Gonçalves; G. L. Abby Harrison; Sara A. Healy; Jason A. Hendry; Anastasia Hernández-Koutoucheva; Tran Tinh Hien; Catherine A. St. Hill; Francis Hombhanje; Amanda Hott; Ye Htut; Mazza Hussein; Mallika Imwong; Deus S. Ishengoma; Scott A. Jackson; Chris Jacob; Julia Jeans; Kimberly J. Johnson; Claire Kamaliddin; Edwin Kamau; Jon Keatley; Theerarat Kochakarn; Drissa Konaté; Abibatou Konaté; Aminatou Koné; Dominic Kwiatkowski; Myat Phone Kyaw; Dennis E. Kyle; Mara Lawniczak; Samuel K. Lee; Martha Lemnge; Pharath Lim; Chanthap Lon,2023,Wellcome Open Research,String B
429,"SiCloneFit: Bayesian inference of population structure, genotype, and phylogeny of tumor clones from single-cell genome sequencing data",Hamim Zafar; Nicholas E. Navin; Ken Chen; Luay Nakhleh,2019,Genome Research,String B
430,When LLMs meet cybersecurity: a systematic literature review,Jie Zhang; H. Bu; Hui Wen; Yongji Liu; Haiqiang Fei; Rongrong Xi; Lun Li; Yun Yang; Hongsong Zhu; Dan Meng,2025,Cybersecurity,String B
431,Thrombocytopathy and endotheliopathy: crucial contributors to COVID-19 thromboinflammation,Sean X. Gu; Tarun Tyagi; Kanika Jain; Vivian W. Gu; Seung Hee Lee; Jonathan M. Hwa; Jennifer M. Kwan; Diane S. Krause; Alfred Ian Lee; Stephanie Halene; Kathleen A. Martin; Hyung J. Chun; John Hwa,2020,Nature Reviews Cardiology,String B
432,SAVIOR: Towards Bug-Driven Hybrid Testing,Yaohui Chen; Peng Li; Jun Xu; Shengjian Guo; Rundong Zhou; Yulong Zhang; Tao Wei; Long Lu,2020,,String B
433,Compiler fuzzing through deep learning,Chris Cummins; Pavlos Petoumenos; Alastair Murray; Hugh Leather,2018,,String B
434,Accurate and sensitive quantification of protein-DNA binding affinity,Chaitanya Rastogi; H. Tomas Rube; Judith F. Kribelbauer; Justin Crocker; Ryan Loker; Gabriella Martini; Oleg Laptenko; William A. Freed-Pastor; Carol Prives; David L. Stern; Richard S. Mann; Harmen J. Bussemaker,2018,Proceedings of the National Academy of Sciences,String B
435,An adaptive multi-population differential artificial bee colony algorithm for many-objective service composition in cloud manufacturing,Jiajun Zhou; Xifan Yao; Yingzi Lin; Felix T.S. Chan; Yun Li,2018,Information Sciences,String B
436,Rapid prenatal diagnosis using targeted exome sequencing: a cohort study to assess feasibility and potential impact on prenatal counseling and pregnancy management,Natalie Chandler; Sunayna Best; Jane Hayward; Francesca Faravelli; Sahar Mansour; Emma Kivuva; Dagmar Tapon; Alison Male; Catherine DeVile; Lyn S. Chitty,2018,Genetics in Medicine,String B
437,The ABC of Software Engineering Research,Klaas-Jan Stol; Brian Fitzgerald,2018,ACM Transactions on Software Engineering and Methodology,String B
438,Accuracy and diversity-aware multi-objective approach for random forest construction,Nour El Islem Karabadji; Abdelaziz Amara Korba; Ali Assi; Hassina Seridi; Sabeur Aridhi; Wajdi Dhifli,2023,Expert Systems with Applications,String B
439,Systematic Evaluation of Whole Genome Sequence-Based Predictions of Salmonella Serotype and Antimicrobial Resistance,Ashley Cooper; Andrew Low; Adam Koziol; Matthew C. Thomas; Daniel Leclair; Sandeep Tamber; Alex Wong; Burton W. Blais; Catherine D. Carrillo,2020,Frontiers in Microbiology,String B
440,A3Test: Assertion-Augmented Automated Test case generation,Saranya Alagarsamy; Chakkrit Tantithamthavorn; Aldeida Aleti,2024,Information and Software Technology,String B
441,"Identification of CDK2-Related Immune Forecast Model and ceRNA in Lung Adenocarcinoma, a Pan-Cancer Analysis",Tingting Liu; Rui Li; Huo Chen; Jianping Li; Jie Yao; Xiu-Li Ji; Yi-Qing Qu,2021,Frontiers in Cell and Developmental Biology,String B
442,LY6E impairs coronavirus fusion and confers immune control of viral disease,Stephanie Pfaender; Katrina B. Mar; Eleftherios Michailidis; Annika Kratzel; Ian N. Boys; Philip V’kovski; Wenchun Fan; Jenna N. Kelly; Dagny Hirt; Nadine Ebert; Hanspeter Stalder; Hannah Kleine‐Weber; Markus Hoffmann; Hans-Heinrich Hoffmann; Mohsan Saeed; Ronald Dijkman; Eike Steinmann; Mary Wight‐Carter; Matthew B. McDougal; Natasha W. Hanners; Stefan Pöhlmann; Tom Gallagher; Daniel Tödt; Gert Zimmer; Charles M. Rice; John W. Schoggins; Volker Thiel,2020,Nature Microbiology,String B
443,Machine-Learning-Assisted De Novo Design of Organic Molecules and Polymers: Opportunities and Challenges,Guang Chen; Zhiqiang Shen; Akshay Iyer; Umar Farooq Ghumman; Shan Tang; Jinbo Bi; Wei Chen; Ying Li,2020,Polymers,String B
444,Changing Trends in Computational Drug Repositioning,Jaswanth Yella; Suryanarayana Yaddanapudi; Yunguan Wang; Anil G. Jegga,2018,Pharmaceuticals,String B
445,The use of digital pathology and image analysis in clinical trials,Robert Pell; Karin A. Oien; Max Robinson; Helen Pitman; Nasir Rajpoot; Jens Rittscher; David Snead; Clare Verrill,2019,The Journal of Pathology Clinical Research,String B
446,Towards practical program repair with on-demand candidate generation,Jinru Hua; Mengshi Zhang; Kaiyuan Wang; Sarfraz Khurshid,2018,,String B
447,Detection of SQL Injection Attack Using Machine Learning Techniques: A Systematic Literature Review,Maha Alghawazi; Daniyal Alghazzawi; Suaad Alarifi,2022,Journal of Cybersecurity and Privacy,String B
448,A NPAS4–NuA4 complex couples synaptic activity to DNA repair,Elizabeth A. Pollina; Daniel T. Gilliam; Andrew T. Landau; Cindy Lin; Naomi Pajarillo; Christopher P. Davis; David A. Harmin; Ee-Lynn Yap; Ian Vogel; Eric C. Griffith; M. Aurel Nagy; Emi Ling; Erin E. Duffy; Bernardo L. Sabatini; Charles J. Weitz; Michael E. Greenberg,2023,Nature,String B
449,Therapeutic Targeting of the Complement System: From Rare Diseases to Pandemics,Peter Garred; Andrea J. Tenner; Tom Eirik Mollnes,2021,Pharmacological Reviews,String B
450,What causes hidradenitis suppurativa ?—15 years after,Christos C. Zouboulis; Farida Benhadou; Angel S. Byrd; Nisha Suyien Chandran; Evangelos J. Giamarellos‐Bourboulis; Gabriella Fabbrocini; John W. Frew; Hideki Fujita; Marcos A. González‐López; Philippe Guillem; Wayne Gulliver; Iltefat Hamzavi; Yıldız Hayran; Barbara Horváth; Sophie Hüe; Robert E. Hunger; John R Ingram; Gregor B. E. Jemec; Qiang Ju; Alexa B. Kimball; Joslyn S. Kirby; Maria Polina Konstantinou; Michelle A. Lowes; Amanda S. MacLeod; Antonio Martorell; Angelo Valerio Marzano; Łukasz Matusiak; Aude Nassif; Elena Nikiphorou; Georgios Nikolakis; André Nogueira da Costa; Martin M. Okun; Lauren A.V. Orenstein; J.C. Pascual; Ralf Paus; Benjamin Perin; Errol P. Prens; Till A. Röhn; Andrea Szegedi; Jacek C. Szepietowski; Thrasyvoulos Tzellos; Baoxi Wang; Hessel H. van der Zee,2020,Experimental Dermatology,String B
451,Magma,Ahmad Hazimeh; Adrian Herrera; Mathias Payer,2020,Proceedings of the ACM on Measurement and Analysis of Computing Systems,String B
452,Regional protein expression in human Alzheimer’s brain correlates with disease severity,Jingshu Xu; Stefano Patassini; Nitin Rustogi; Isabel Riba‐Garcia; Benjamin D. Hale; Alexander M. Phillips; Henry J. Waldvogel; Robert Haines; Phil Bradbury; Adam Stevens; Richard L. M. Faull; Andrew W. Dowsey; Garth J. S. Cooper; Richard D. Unwin,2019,Communications Biology,String B
453,Universal annotation of the human genome through integration of over a thousand epigenomic datasets,Ha Vu; Jason Ernst,2022,Genome biology,String B
454,Hybrid regression test selection,Lingming Zhang,2018,,String B
455,"Comparison of three diagnostic methods (microscopy, RDT, and PCR) for the detection of malaria parasites in representative samples from Equatorial Guinea",Pedro Berzosa; Aida de Lucio; María Romay‐Barja; Zaida Herrador; Vicenta González; Luz García; Amalia Fernández-Martı́nez; María A. Santana-Morales; Policarpo Ncogo; Basilio Valladares; Matilde Riloha; Agustín Benito,2018,Malaria Journal,String B
456,On the reliability of coverage-based fuzzer benchmarking,Marcel Böhme; László Szekeres; Jonathan Metzman,2022,Proceedings of the 44th International Conference on Software Engineering,String B
457,A Survey of Genetic Programming and Its Applications,Milad Taleby Ahvanooey; Qianmu Li; Ming Wu; Shuo Wang,2019,KSII Transactions on Internet and Information Systems,String B
458,Efficient task offloading using particle swarm optimization algorithm in edge computing for industrial internet of things,Qian You; Bing Tang,2021,Journal of Cloud Computing Advances Systems and Applications,String B
459,Immune dysregulation and immunopathology induced by SARS-CoV-2 and related coronaviruses — are we our own worst enemy?,Lok-Yin Roy Wong; Stanley Perlman,2021,Nature reviews. Immunology,String B
460,Dual-AAV split prime editor corrects the mutation and phenotype in mice with inherited retinal degeneration,Kaiqin She; Yi Liu; Qinyu Zhao; Xiu Jin; Yiliu Yang; Jing Su; Ruiting Li; Li Song; Jianlu Xiao; Shaohua Yao; Fang Lu; Yuquan Wei; Yang Yang,2023,Signal Transduction and Targeted Therapy,String B
461,GATA3 zinc finger 2 mutations reprogram the breast cancer transcriptional network,Motoki Takaku; Sara A. Grimm; John D. Roberts; Kaliopi Chrysovergis; Brian D. Bennett; Page Myers; L. Perera; Charles J. Tucker; Charles M. Perou; Paul A. Wade,2018,Nature Communications,String B
462,Empirical evaluation of mutation‐based test case prioritization techniques,Donghwan Shin; Shin Yoo; Mike Papadakis; Doo‐Hwan Bae,2018,Software Testing Verification and Reliability,String B
463,Artificial intelligence: Deep learning in oncological radiomics and challenges of interpretability and data harmonization,Panagiotis Papadimitroulas; Lennart Brocki; Neo Christopher Chung; Wistan Marchadour; Franck Vermet; Laurent Gaubert; Vasileios Eleftheriadis; Dimitris Plachouris; Dimitris Visvikis; George C. Kagadis; Mathieu Hatt,2021,Physica Medica,String B
464,Scaling static analyses at Facebook,Dino Distefano; Manuel Fähndrich; Francesco Logozzo; Peter W. O’Hearn,2019,Communications of the ACM,String B
465,"Security, Performance, and Applications of Smart Contracts: A Systematic Survey",Sara Rouhani; Ralph Deters,2019,IEEE Access,String B
466,Contamination detection in sequencing studies using the mitochondrial phylogeny,Hansi Weißensteiner; Lukas Forer; Liane Fendt; Azin Kheirkhah; Antonio Salas; Florian Kronenberg; Sebastian Schoenherr,2021,Genome Research,String B
467,Artificial Intelligence and Machine learning based prediction of resistant and susceptible mutations in Mycobacterium tuberculosis,Salma Jamal; Mohd Khubaib; Rishabh Gangwar; Sonam Grover; Abhinav Grover; Seyed E. Hasnain,2020,Scientific Reports,String B
468,Complete vertebrate mitogenomes reveal widespread repeats and gene duplications,Giulio Formenti; Arang Rhie; Jennifer Balacco; Bettina Haase; Jacquelyn Mountcastle; Olivier Fédrigo; Samara Brown; Marco Rosario Capodiferro; Farooq O. Al-Ajli; Roberto Ambrosini; Peter Houde; Sergey Koren; Karen Oliver; Michelle Smith; Jason Skelton; Emma Betteridge; Jale Dolucan; Craig Corton; Iliana Bista; James Torrance; Alan Tracey; Jonathan Wood; Marcela Uliano‐Silva; Kerstin Howe; Shane McCarthy; Sylke Winkler; Woori Kwak; Jonas Korlach; Arkarachai Fungtammasan; Daniel Fordham; Vânia Costa; Simon Mayes; Matteo Chiara; David S. Horner; Eugene W. Myers; Richard Durbin; Alessandro Achilli; Edward L. Braun; Adam M. Phillippy; Erich D. Jarvis,2021,Genome biology,String B
469,Large Language Models for Software Engineering: A Systematic Literature Review,Xinyi Hou; Yanjie Zhao; Yue Liu; Yang Zhou; Kailong Wang; Li Li; Xiapu Luo; David Lo; John Grundy; Haoyu Wang,2023,arXiv (Cornell University),String B
470,KRAS-regulated glutamine metabolism requires UCP2-mediated aspartate transport to support pancreatic cancer growth,Susanna Raho; Loredana Capobianco; Rocco Malivindi; Angelo Vozza; Carmela Piazzolla; Francesco De Leonardis; Ruggiero Gorgoglione; Pasquale Scarcia; Francesca Pezzuto; Gennaro Agrimi; Simona N. Barile; Isabella Pisano; Stephan J. Reshkin; Maria Raffaella Greco; Rosa Angela Cardone; Vittoria Rago; Yuan Li; C Marobbio; Wolfgang Sommergruber; Christopher L. Riley; Francesco M. Lasorsa; Edward Mills; Maria Carmela Vegliante; Giuseppe Egidio De Benedetto; Deborah Fratantonio; Luigi Palmieri; Vincenza Dolce; Giuseppe Fiermonte,2020,Nature Metabolism,String B
471,Machine Learning in Compiler Optimization,Zheng Wang; Michael O’Boyle,2018,Proceedings of the IEEE,String B
472,"Tetracycline-inactivating enzymes from environmental, human commensal, and pathogenic bacteria cause broad-spectrum tetracycline resistance",Andrew J. Gasparrini; Jana L. Markley; Hirdesh Kumar; Bin Wang; Luting Fang; Sidra Irum; Chanez Symister; Meghan A. Wallace; Carey‐Ann D. Burnham; Saadia Andleeb; Niraj H. Tolia; Timothy A. Wencewicz; Gautam Dantas,2020,Communications Biology,String B
473,Prioritizing mutants to guide mutation testing,Samuel J. Kaufman; Ryan Featherman; Justin Alvin; Bob Kurtz; Paul Ammann; René Just,2022,Proceedings of the 44th International Conference on Software Engineering,String B
474,Natural Language Generation and Understanding of Big Code for AI-Assisted Programming: A Review,M.F. Wong; Shangxin Guo; Ching Nam Hang; Siu‐Wai Ho; Chee Wei Tan,2023,Entropy,String B
475,Regenerative Reprogramming of the Intestinal Stem Cell State via Hippo Signaling Suppresses Metastatic Colorectal Cancer,Priscilla Cheung; Jordi Xiol; Michael T. Dill; Wei-Chien Yuan; Riccardo Panero; Jatin Roper; Fernando G. Osorio; Dejan Maglic; Qi Li; Basanta Gurung; Raffaele Calogero; Ömer Yılmaz; Junhao Mao; Fernando D. Camargo,2020,Cell stem cell,String B
476,A Review on the Role of Machine Learning in Enabling IoT Based Healthcare Applications,Hemantha Krishna Bharadwaj; Aayush Agarwal; Vinay Chamola; Naga Rajiv Lakkaniga; Vikas Hassija; Mohsen Guizani; Biplab Sikdar,2021,IEEE Access,String B
477,Towards a unified open access dataset of molecular interactions,Pablo Porras; Elisabet Barrera; Alan Bridge; Noemí del‐Toro; Gianni Cesareni; Margaret Duesbury; Henning Hermjakob; Marta Iannuccelli; Igor Jurišica; Max Kotlyar; Luana Licata; Ruth C. Lovering; David J. Lynn; Birgit Meldal; Bindu Nanduri; Kalpana Paneerselvam; Simona Panni; Chiara Pastrello; Matteo Pellegrini; Livia Perfetto; Negin Rahimzadeh; Prashansa Ratan; Sylvie Ricard‐Blum; Łukasz Salwiński; Gautam Shirodkar; Anjali Shrivastava; Sandra Orchard,2020,Nature Communications,String B
478,Towards reproducible computational drug discovery,Nalini Schaduangrat; Samuel Lampa; Saw Simeon; M. Paul Gleeson; Ola Spjuth; Chanin Nantasenamat,2020,Journal of Cheminformatics,String B
479,Multi-Objective Optimization Applications in Chemical Process Engineering: Tutorial and Review,Gade Pandu Rangaiah; Zemin Feng; Andrew Hoadley,2020,Processes,String B
480,COBRAme: A computational framework for genome-scale models of metabolism and gene expression,Colton J. Lloyd; Ali Ebrahim; Laurence Yang; Zachary A. King; Edward Catoiu; Edward J. O’Brien; Joanne K. Liu; Bernhard Ø. Palsson,2018,PLoS Computational Biology,String B
481,Sensory deprivation in Staphylococcus aureus,Maite Villanueva; Begoña García; Jaione Valle; Beatriz Rapún-Araiz; Igor Ruiz de los Mozos; Cristina Solano; Miguel Martí; José R. Penadés; Alejandro Toledo‐Arana; Íñigo Lasa,2018,Nature Communications,String B
482,Novel Immunoinformatics Approaches to Design Multi-epitope Subunit Vaccine for Malaria by Investigating Anopheles Salivary Protein,Rajan Kumar Pandey; Tarun Kumar Bhatt; Vijay Kumar Prajapati,2018,Scientific Reports,String B
483,Top-down proteomics,David S. Roberts; Joseph A. Loo; Yury O. Tsybin; Xiaowen Liu; Si Wu; Julia Chamot‐Rooke; Jeffrey N. Agar; Ljiljana Paša‐Tolić; Lloyd M. Smith; Ying Ge,2024,Nature Reviews Methods Primers,String B
484,"Tasks, Techniques, and Tools for Genomic Data Visualization",Sabrina Nusrat; Theresa Harbig; Nils Gehlenborg,2019,Computer Graphics Forum,String B
485,The evaluation of Bcftools mpileup and GATK HaplotypeCaller for variant calling in non-human species,Messaoud Lefouili; Kiwoong Nam,2022,Scientific Reports,String B
486,"Prediction of Breast Cancer, Comparative Review of Machine Learning Techniques, and Their Analysis",Noreen Fatima; Li Liu; Sha Hong; H. Ahmed,2020,IEEE Access,String B
487,pTuneos: prioritizing tumor neoantigens from next-generation sequencing data,Chi Zhou; Zhiting Wei; Zhanbing Zhang; Biyu Zhang; Chenyu Zhu; Ke Chen; Guohui Chuai; Sheng Qu; Lu Xie; Yong Gao; Qi Liu,2019,Genome Medicine,String B
488,Intelligent Intersection Control for Delay Optimization: Using Meta-Heuristic Search Algorithms,Arshad Jamal; Muhammad Tauhidur Rahman; Hassan M. Al-Ahmadi; Irfan Ullah; Muhammad Zahid,2020,Sustainability,String B
489,Alliance of Genome Resources Portal: unified model organism research platform,Julie Agapite; Laurent‐Philippe Albou; Suzi Aleksander; Joanna Argasinska; Valerio Arnaboldi; Helen Attrill; Susan M. Bello; Judith A. Blake; Olin Blodgett; Yvonne M. Bradford; Carol J. Bult; Scott Cain; Brian R. Calvi; Seth Carbon; Juancarlos Chan; Wen J. Chen; J. Michael Cherry; Jaehyoung Cho; Karen Christie; Madeline A. Crosby; Jeff De Pons; M. Eileen Dolan; Gilberto dos Santos; Barbara Dunn; Nathan Dunn; Anne Eagle; Dustin Ebert; Stacia R. Engel; David Fashena; Ken Frazer; Sibyl Gao; Felix Gondwe; Josh Goodman; L. Sian Gramates; Christian A Grove; Todd Harris; Marie‐Claire Harrison; Douglas G. Howe; Kevin Howe; Sagar Jha; James A. Kadin; Thomas C. Kaufman; Patrick Kalita; Kalpana Karra; Ranjana Kishore; Stan Laulederkind; Raymond Lee; Kevin Hawthorne; Steven J Marygold; Beverley Matthews; Gillian Millburn; Stuart R. Miyasato; Sierra Moxon; Hans-Michael Mueller; Chris Mungall; Anushya Muruganujan; Tremayne Mushayahama; Robert S Nash; Patrick Ng; Michael Paulini; Norbert Perrimon; Christian Pich; Daniela Raciti; Joel E. Richardson; Matthew Russell; Susan Russo Gelbart; Leyla Ruzicka; Kevin Schaper; Mary Shimoyama; Matt Simison; Cynthia L. Smith; David Shaw; Ajay Shrivatsav; Marek S. Skrzypek; Jennifer R. Smith; Paul W. Sternberg; Christopher J. Tabone; Paul D. Thomas; Jyothi Thota; Sabrina Toro; Monika Tomczuk; Marek Tutaj; Monika Tutaj; Jose-Maria Urbano; Kimberly Van Auken; Ceri E. Van Slyke; Shur‐Jen Wang; Shuai Weng; Monte Westerfield; Gary W. Williams; Edith D. Wong; A. Jordan Wright; Karen Yook,2019,Nucleic Acids Research,String B
490,FEMOSAA,Tao Chen; Ke Li; Rami Bahsoon; Xin Yao,2018,ACM Transactions on Software Engineering and Methodology,String B
491,Genetic Algorithm Based on Natural Selection Theory for Optimization Problems,Musatafa Abbas Abbood Albadr; Sabrina Tiun; Masri Ayob; Fahad Taha AL‐Dhief,2020,Symmetry,String C
492,Performance enhancement of meta-heuristics through random mutation and simulated annealing-based selection for concurrent topology and sizing optimization of truss structures,Sumit Kumar; Ghanshyam G. Tejani; Nantiwat Pholdee; Sujin Bureerat,2022,Soft Computing,String C
493,On initial population generation in feature subset selection,Ayça Deniz; Hakan Ezgi Kızılöz,2019,Expert Systems with Applications,String C
494,The advantages of the Matthews correlation coefficient (MCC) over F1 score and accuracy in binary classification evaluation,Davide Chicco; Giuseppe Jurman,2020,BMC Genomics,String C
495,Precision Therapy in RAS Mutant Colorectal Cancer,Rodrigo Dienstmann; Kate Connor; Annette T. Byrne; Wolf H. Fridman; Diether Lambrechts; Anguraj Sadanandam; Livio Trusolino; Jochen H.M. Prehn; Josep Tabernero; Walter Kölch,2020,Gastroenterology,String C
496,Symbiotic organisms search algorithm using random walk and adaptive Cauchy mutation on the feature selection of sleep staging,Fahui Miao; Li Yao; Xiaojie Zhao,2021,Expert Systems with Applications,String C
497,Prediction of EGFR Mutation Status in Non–Small Cell Lung Cancer Based on Ensemble Learning,Youdan Feng; Fan Song; Peng Zhang; Guangda Fan; Tianyi Zhang; Xiangyu Zhao; Chenbin Ma; Yangyang Sun; Xiao Song; Huangsheng Pu; Fei Liu; Guanglei Zhang,2022,Frontiers in Pharmacology,String C
498,Ability of 18F-FDG Positron Emission Tomography Radiomics and Machine Learning in Predicting KRAS Mutation Status in Therapy-Naive Lung Adenocarcinoma,Ruiyun Zhang; Kuangyu Shi; Wolfgang Hohenforst‐Schmidt; Claus Steppert; Zsolt Sziklavári; Christian Schmidkonz; Armin Atzinger; Arndt Hartmann; Michael Vieth; Stefan Förster,2023,Cancers,String C
499,Value of multi‐center <sup>18</sup>F‐FDG PET/CT radiomics in predicting EGFR mutation status in lung adenocarcinoma,Yan Zuo; Liu Liu; Cheng Chang; Hui Yan; Lihua Wang; Dazhen Sun; Maomei Ruan; Bei Lei; Xunpeng Xia; Wenhui Xie; Shaoli Song; Gang Huang,2024,Medical Physics,String C
500,Multiple strategies based Grey Wolf Optimizer for feature selection in performance evaluation of open-ended funds,Dan Chang; Congjun Rao; Xinping Xiao; Fuyan Hu; Mark Goh,2024,Swarm and Evolutionary Computation,String C
501,Diagnosis and management of AML in adults: 2022 recommendations from an international expert panel on behalf of the ELN,Hartmut Döhner; Andrew H. Wei; Frederick R. Appelbaum; Charles Craddock; Courtney D. DiNardo; Hervé Dombret; Benjamin L. Ebert; Pierre Fenaux; Lucy A. Godley; Robert P. Hasserjian; Richard A. Larson; Ross L. Levine; Yasushi Miyazaki; Dietger Niederwieser; Gert J. Ossenkoppele; Christoph Röllig; Jorge Sierra; Eytan M. Stein; Martin S. Tallman; Hwei‐Fang Tien; Jianxiang Wang; Agnieszka Wierzbowska; Bob Löwenberg,2022,Blood,String C
502,AdaLead: A simple and robust adaptive greedy search algorithm for sequence design,Sam Sinai; Richard Wang; Alexander Whatley; Stewart Slocum; Elina Locane; Eric D. Kelsic,2020,arXiv (Cornell University),String C
503,A Machine Learning-Based Predictive Model of Epidermal Growth Factor Mutations in Lung Adenocarcinomas,Ruimin He; Xiaohua Yang; Tengxiang Li; Yaolin He; Xiaoxue Xie; Qilei Chen; Zijian Zhang; Tingting Cheng,2022,Cancers,String C
504,DNA methylation-based classification of central nervous system tumours,David Capper; David Jones; Martin Sill; Volker Hovestadt; Daniel Schrimpf; Dominik Sturm; Christian Koelsche; Felix Sahm; Lukas Chávez; David Reuß; Annekathrin Kratz; Annika K. Wefers; Kristin Huang; Kristian W. Pajtler; Leonille Schweizer; Damian Stichel; Adriana Olar; Nils W. Engel; Kerstin Lindenberg; Patrick N. Harter; Anne K. Braczynski; Karl H. Plate; Hildegard Dohmen; Boyan K. Garvalov; Roland Coras; Annett Hölsken; Ekkehard Hewer; Melanie Bewerunge‐Hudler; Matthias Schick; Roger Fischer; Rudi Beschorner; Jens Schittenhelm; Ori Staszewski; Khalida Wani; Pascale Varlet; Mélanie Pagès; Petra Temming; Dietmar Lohmann; Florian Selt; Hendrik Witt; Till Milde; Olaf Witt; Eleonora Aronica; Felice Giangaspero; Elisabeth J. Rushing; Wolfram Scheurlen; Christoph Geisenberger; Fausto J. Rodríguez; Albert J. Becker; Matthias Preusser; Christine Haberler; Rolf Bjerkvig; Jane Cryan; Michael A. Farrell; Martina Deckert; Jürgen Hench; Stephan Frank; Jonathan Serrano; Kasthuri Kannan; Aristotelis Tsirigos; Wolfgang Brück; Silvia Höfer; Stefanie Brehmer; Marcel Seiz‐Rosenhagen; Daniel Hänggi; Volkmar Hans; Stephanie Rozsnoki; Jordan R. Hansford; Patricia Kohlhof; Bjarne Winther Kristensen; Matt Lechner; Beatriz Lopes; Christian Mawrin; Ralf Ketter; Andreas E. Kulozik; Ziad Khatib; Frank L. Heppner; Arend Koch; Anne Jouvet; Catherine Keohane; Helmut Mühleisen; Wolf Mueller; Ute Pohl; Marco Prinz; Axel Benner; Marc Zapatka; Nicholas G. Gottardo; Pablo Hernáiz Driever; Christof M. Kramm; Hermann L. Müller; Stefan Rutkowski; Katja von Hoff; Michael C. Frühwald; Astrid Gnekow; Gudrun Fleischhack; Stephan Tippelt; Gabriele Calaminus; Camelia‐Maria Monoranu; Arie Perry; Chris Jones,2018,Nature,String C
505,Classification of retinoblastoma-1 gene mutation with machine learning-based models in bladder cancer,Okan İnce; Hülya Yıldız; Tanju Kısbet; Şükrü Mehmet Ertürk; Hakan Önder,2022,Heliyon,String C
506,2020 ESC Guidelines for the diagnosis and management of atrial fibrillation developed in collaboration with the European Association for Cardio-Thoracic Surgery (EACTS),Gerhard Hindricks; Tatjana Potpara; Nikolaos Dagres; Elena Arbelo; Jeroen J. Bax; Carina Blomström‐Lundqvist; Giuseppe Boriani; Manuel Castella; Gheorghe-Andrei Dan; Polychronis Dilaveris; Laurent Fauchier; Gerasimos Filippatos; Jonathan M Kalman; Mark La Meir; Deirdre A Lane; Jean‐Pierre Lebeau; Maddalena Lettino; Gregory Y.H. Lip; Fausto J Pinto; G. Neil Thomas; Marco Valgimigli; Isabelle C. Van Gelder; Bart P. van Putte; Caroline Watkins; ESC Scientific Document Group; Paulus Kirchhof; Michael Kühne; Victor Aboyans; Anders Ahlsson; Paweł Balsam; Johann Bauersachs; Stefano Benussi; Axel Brandes; Frieder Braunschweig; A John Camm; Davide Capodanno; Barbara Casadei; David Conen; Harry J.G.M. Crijns; Victoria Delgado; Dobromir Dobrev; Heinz Drexel; Lars Eckardt; Donna Fitzsimons; Thierry Folliguet; Chris P Gale; Bülent Görenek; Karl Georg Hæusler; Hein Heidbüchel; Bernard Iung; Hugo A Katus; Dipak Kotecha; Ulf Landmesser; Christophe Leclercq; Basil S. Lewis; Julia Mascherbauer; José Luís Merino; Béla Merkely; Lluı́s Mont; Christian Mueller; Klaudia V Nagy; Jonas Oldgren; Nikola Pavlović; Roberto F.E. Pedretti; Steffen E. Petersen; Jonathan P. Piccini; Bogdan A Popescu; Helmut Pürerfellner; Dimitrios J. Richter; Marco Roffi; Andrea Rubboli; Daniel Scherr; Renate B. Schnabel; Iain A. Simpson; Е. V. Shlyakhto; Moritz F. Sinner; Jan Steffel; Miguel Sousa-Uva; Piotr Suwalski; Martin Svetlošák; Rhian M Touyz; Nikolaos Dagres; Elena Arbelo; Jeroen J. Bax; Carina Blomström‐Lundqvist; Giuseppe Boriani; Manuel Castella; Gheorghe-Andrei Dan; Polychronis Dilaveris; Laurent Fauchier; Gerasimos Filippatos; Jonathan M Kalman; Mark La Meir; Deirdre A Lane; Jean‐Pierre Lebeau; Maddalena Lettino; Gregory Y.H. Lip; Fausto J Pinto; G. Neil Thomas; Marco Valgimigli,2020,European Heart Journal,String C
507,Reinforcement learning for mutation operator selection in automated program repair,Carol Hanna; Aymeric Blot; Justyna Petke,2025,Automated Software Engineering,String C
508,Parkinson's disease,Bastiaan R. Bloem; Michael S. Okun; Christine Klein,2021,The Lancet,String C
509,"Integrating Boruta, LASSO, and SHAP for Clinically Interpretable Glioma Classification Using Machine Learning",Mohammad Najeh Samara; Kimberly D. Harry,2025,BioMedInformatics,String C
510,"Artificial Intelligence and Pharmacometrics: Time to Embrace, Capitalize, and Advance?",Ayyappa Chaturvedula; Stacie Calad-Thomson; Chao Liu; Mark Sale; Nandu Gattu; Navin Goyal,2019,CPT Pharmacometrics & Systems Pharmacology,String C
511,Dynamic multi-strategy integrated differential evolution algorithm based on reinforcement learning for optimization problems,Qingyong Yang; Shu‐Chuan Chu; Jeng‐Shyang Pan; Jyh‐Horng Chou; Junzo Watada,2023,Complex & Intelligent Systems,String C
512,"The trinity of COVID-19: immunity, inflammation and intervention",Matthew Zirui Tay; Chek Meng Poh; Laurent Rénia; Paul A. MacAry; Lisa F. P. Ng,2020,Nature reviews. Immunology,String C
513,Identifying Explainable Machine Learning Models and a Novel SFRP2+ Fibroblast Signature as Predictors for Precision Medicine in Ovarian Cancer,Ziyi Yang; Dandan Zhou; Jun Huang,2023,International Journal of Molecular Sciences,String C
514,SignalP 6.0 predicts all five types of signal peptides using protein language models,Felix Teufel; José Juan Almagro Armenteros; Alexander Rosenberg Johansen; Magnús Halldór Gíslason; Silas Irby Pihl; Konstantinos D. Tsirigos; Ole Winther; Søren Brunak; Gunnar von Heijne; Henrik Nielsen,2022,Nature Biotechnology,String C
515,Large language models encode clinical knowledge,Karan Singhal; Shekoofeh Azizi; Tao Tu; S. Sara Mahdavi; Jason Lee; Hyung Won Chung; Nathan Scales; Ajay Kumar Tanwani; Heather Cole-Lewis; Stephen Pfohl; Perry W. Payne; Martin Seneviratne; Paul Gamble; Christopher Kelly; Abubakr Babiker; Nathanael Schärli; Aakanksha Chowdhery; P. Mansfield; Dina Demner‐Fushman; Blaise Agüera y Arcas; Dale R. Webster; Greg S. Corrado; Yossi Matias; Katherine Chou; Juraj Gottweis; Nenad Tomašev; Yun Liu; Alvin Rajkomar; Joëlle Barral; Christopher Semturs; Alan Karthikesalingam; Vivek Natarajan,2023,Nature,String C
516,Genome-wide cell-free DNA fragmentation in patients with cancer,Stephen Cristiano; Alessandro Leal; Jillian Phallen; Jacob Fiksel; Vilmos Adleff; Daniel C. Bruhm; Sarah Østrup Jensen; Jamie E. Medina; Carolyn Hruban; James R. White; Doreen N. Palsgrove; Noushin Niknafs; Valsamo Anagnostou; Patrick M. Forde; Jarushka Naidoo; Kristen A. Marrone; Julie R. Brahmer; Brian Woodward; Hatim Husain; Karlijn L. van Rooijen; Mai‐Britt W. Ørntoft; Anders Husted Madsen; Cornelis J.�H. van de Velde; Marcel Verheij; Annemieke Cats; Cornelis J. A. Punt; Geraldine R. Vink; Nicole C.T. van Grieken; Miriam Koopman; Remond J.A. Fijneman; Julia S. Johansen; Hans Jørgen Nielsen; Gerrit A. Meijer; Claus L. Andersen; Robert B. Scharpf; Victor E. Velculescu,2019,Nature,String C
517,Revolutionizing healthcare: the role of artificial intelligence in clinical practice,Shuroug A. Alowais; Sahar S. Alghamdi; Nada Alsuhebany; Tariq Alqahtani; Abdulrahman Alshaya; Sumaya N. Almohareb; Atheer Aldairem; Mohammed Alrashed; Khalid Bin Saleh; Hisham A. Badreldin; Majed S. Al Yami; Shmeylan Al Harbi; Abdulkareem Albekairy,2023,BMC Medical Education,String C
518,Using radiomics based on multicenter magnetic resonance images to predict isocitrate dehydrogenase mutation status of gliomas,Yan Liu; Zhiming Zheng; Zhiyuan Wang; Xusheng Qian; Zhigang Yao; Chenchen Cheng; Zhiyong Zhou; Fei Gao; Yakang Dai,2023,Quantitative Imaging in Medicine and Surgery,String C
519,2021 ESC/EACTS Guidelines for the management of valvular heart disease,Alec Vahanian; Friedhelm Beyersdorf; Fabien Praz; Milan Milojevic; Stephan Baldus; Johann Bauersachs; Davide Capodanno; Lenard Conradi; Michele De Bonis; Ruggero De Paulis; Victoria Delgado; Nick Freemantle; Martine Gilard; Kristina H. Haugaa; Anders Jeppsson; Peter Jüni; Luc Piérard; Bernard Prendergast; Rafael Sádaba; Christophe Tribouilloy; Wojtek Wojakowski; ESC/EACTS Scientific Document Group; Franz‐Josef Neumann; Patrick O. Myers; Magdy Abdelhamid; Stephan Achenbach; Riccardo Asteggiano; Fabio Barili; Michael A. Borger; Thierry Carrel; Jean‐Philippe Collet; Dan Foldager; Gilbert Habib; Christian Hassager; Alar Irs; Bernard Iung; Marjan Jahangiri; Hugo A. Katus; Konstantinos C. Koskinas; Steffen Massberg; Christian Mueller; Jens Cosedis Nielsen; Philippe Pîbarot; Amina Rakisheva; Marco Roffi; Andrea Rubboli; Е. V. Shlyakhto; Matthias Siepe; Marta Sitges; Lars Søndergaard; Miguel Sousa‐Uva; Guiseppe Tarantini; José Luis Zamorano; Fabien Praz; Milan Milojevic; Stephan Baldus; Johann Bauersachs; Davide Capodanno; Lenard Conradi; Michele De Bonis; Ruggero De Paulis; Victoria Delgado; Nick Freemantle; Martine Gilard; Kristina H. Haugaa; Anders Jeppsson; Peter Jüni; Luc Pierard; Bernard Prendergast; Rafael Sádaba; Christophe Tribouilloy; Wojtek Wojakowski; ESC National Cardiac Societies; Yasmina Benchabi; A. L. Chilingaryan; Bernhard Metzler; Yasmin Rustamova; Vadim Shumavets; Patrizio Lancellotti; Elnur Smajić; Diana Trendafilova‐Lazarova; Jure Samardžić; Maria Karakyriou; Tomáš Paleček; Jordi S. Dahl; Marwa Meshaal; Kairit Palm; Marko Virtanen; Claire Bouleti; Zviad Bakhutashvili; Stephan Achenbach; Maria Boutsikou; Attila Kertész; Ragnar Danielsen; Yan Topilsky; Paolo Golino; Rustem Tuleutayev; Shpend Elezi; Alina Kerimkulov; Ainārs Rudzītis,2021,European Heart Journal,String C
520,Machine Learning for Fluid Mechanics,Steven L. Brunton; Bernd R. Noack; Petros Koumoutsakos,2019,Annual Review of Fluid Mechanics,String C
521,Introduction to Radiomics,Marius E. Mayerhoefer; Andrzej Materka; Georg Langs; Ida Häggström; Piotr M. Szczypiński; Peter Gibbs; Gary Cook,2020,Journal of Nuclear Medicine,String C
522,Comparative Analysis of Machine Learning Techniques for Imbalanced Genetic Data,Arshmeet Kaur; Morteza Sarmadi,2024,Annals of Data Science,String C
523,Review of Deep Learning Algorithms and Architectures,Ajay Shrestha; Ausif Mahmood,2019,IEEE Access,String C
524,"Sequencing of 53,831 diverse genomes from the NHLBI TOPMed Program",Daniel Taliun; Daniel Harris; Michael D. Kessler; Jedidiah Carlson; Zachary A. Szpiech; Raúl Torres; Sarah A. Gagliano Taliun; André Corvelo; Stephanie M. Gogarten; Hyun Min Kang; Achilleas Pitsillides; Jonathon LeFaive; Seung‐been Lee; Xiaowen Tian; Brian L. Browning; Sayantan Das; Anne‐Katrin Emde; Wayne E. Clarke; Douglas P. Loesch; Amol C. Shetty; Thomas W. Blackwell; Albert V. Smith; Quenna Wong; Xiaoming Liu; Matthew P. Conomos; Dean Bobo; François Aguet; Christine M. Albert; Álvaro Alonso; Kristin Ardlie; Dan E. Arking; Stella Aslibekyan; Paul L. Auer; John Barnard; R. Graham Barr; Lucas Barwick; Lewis C. Becker; Rebecca Beer; Emelia J. Benjamin; Lawrence F. Bielak; John Blangero; Michael Boehnke; Donald W. Bowden; Jennifer A. Brody; Esteban G. Burchard; Brian E. Cade; James F. Casella; Brandon Chalazan; Daniel I. Chasman; Yii‐Der Ida Chen; Michael H. Cho; Seung Hoan Choi; Mina K. Chung; Clary B. Clish; Adolfo Correa; Joanne E. Curran; Brian Custer; Dawood Darbar; Michelle Daya; Mariza de Andrade; Dawn L. DeMeo; Susan K. Dutcher; Patrick T. Ellinor; Leslie S. Emery; Celeste Eng; Diane Fatkin; Tasha E. Fingerlin; Lukas Forer; Myriam Fornage; Nora Franceschini; Christian Fuchsberger; Stephanie M. Fullerton; Søren Germer; Mark T. Gladwin; Daniel J. Gottlieb; Xiuqing Guo; Michael E. Hall; Jiang He; Nancy L. Heard‐Costa; Susan R. Heckbert; Marguerite R. Irvin; Jill M. Johnsen; Andrew D. Johnson; Robert C. Kaplan; Sharon L. R. Kardia; Tanika N. Kelly; Shannon Kelly; Eimear E. Kenny; Douglas P. Kiel; Robert Klemmer; Barbara A. Konkle; Charles Kooperberg; Anna Köttgen; Leslie A. Lange; Jessica Lasky‐Su; Daniel Levy; Xihong Lin; Keng‐Han Lin; Chunyu Liu; Ruth J. F. Loos,2021,Nature,String C
525,Applications of Support Vector Machine (SVM) Learning in Cancer Genomics,Shujun Huang; Nianguang Cai; P. Pacheco; Shavira Narrandes; Yang Wang; Wayne Wenzhong Xu,2018,Cancer Genomics & Proteomics,String C
526,Effective Heart Disease Prediction Using Hybrid Machine Learning Techniques,Senthilkumar Mohan; Chandrasegar Thirumalai; Gautam Srivastava,2019,IEEE Access,String C
527,Particle Swarm Optimization Algorithm and Its Applications: A Systematic Review,Ahmed G. Gad,2022,Archives of Computational Methods in Engineering,String C
528,Unified rational protein engineering with sequence-based deep representation learning,Ethan C. Alley; Grigory Khimulya; Surojit Biswas; Mohammed AlQuraishi; George M. Church,2019,Nature Methods,String C
529,Robust deep learning–based protein sequence design using ProteinMPNN,Justas Dauparas; Ivan Anishchenko; Nathaniel R. Bennett; Hua Bai; Robert J. Ragotte; Lukas F. Milles; Basile I. M. Wicky; Alexis Courbet; Robbert J. de Haas; Neville P. Bethel; Philip J. Y. Leung; Timothy F. Huddy; Samuel J. Pellock; Doug Tischer; F. Chan; Brian Koepnick; Hannah Nguyen; Alex Kang; Banumathi Sankaran; Asim K. Bera; Neil P. King; David Baker,2022,Science,String C
530,Polygenic prediction via Bayesian regression and continuous shrinkage priors,Tian Ge; Chia‐Yen Chen; Yang Ni; Yen‐Chen Anne Feng; Jordan W. Smoller,2019,Nature Communications,String C
531,EBAO: An intrusion detection framework for wireless sensor networks using an enhanced binary Aquila Optimizer,Noor Aldeen Alawad; Bilal H. Abed-alguni; Ala Mohammad Shakhatreh,2025,Knowledge-Based Systems,String C
532,Reporting animal research: Explanation and elaboration for the ARRIVE guidelines 2.0,Nathalie Percie du Sert; Amrita Ahluwalia; Sabina Alam; Marc T. Avey; Monya Baker; William J. Browne; Alejandra Clark; Innes C. Cuthill; Ulrich Dirnagl; Michael Emerson; Paul Garner; Stephen T. Holgate; David W. Howells; Viki Hurst; Natasha A. Karp; Stanley E. Lazic; Katie Lidster; Catriona MacCallum; Malcolm Macleod; Esther J. Pearl; Ole H. Petersen; Frances Rawle; Penny S. Reynolds; Kieron Rooney; Emily S. Sena; Shai D. Silberberg; Thomas Steckler; Hanno Würbel,2020,PLoS Biology,String C
533,Prediction models for diagnosis and prognosis of covid-19: systematic review and critical appraisal,Laure Wynants; Ben Van Calster; Gary S. Collins; Richard D Riley; Georg Heinze; Ewoud Schuit; Elena Albu; Banafsheh Arshi; Vanesa Bellou; Marc J. M. Bonten; Darren Dahly; Johanna AAG Damen; Thomas P. A. Debray; Valentijn M. T. de Jong; Maarten De Vos; Paula Dhiman; Joie Ensor; Shan Gao; Maria Haller; Michael O. Harhay; Liesbet Henckaerts; Pauline Heus; Jeroen Hoogland; Mohammed T Hudda; Kevin Jenniskens; Michael Kammer; Nina Kreuzberger; Anna Lohmann; Brooke Levis; Kim Luijken; Jie Ma; Glen P. Martin; David J. McLernon; Constanza L. Andaur Navarro; Johannes B. Reitsma; Jamie C. Sergeant; Chunhu Shi; Nicole Skoetz; Luc Smits; Kym I E Snell; Matthew Sperrin; René Spijker; Ewout W. Steyerberg; Toshihiko Takada; Ioanna Tzoulaki; Sander M. J. van Kuijk; Bas C. T. van Bussel; Iwan C.C. van der Horst; Kelly Reeve; Florien S van Royen; Jan Y. Verbakel; Christine Wallisch; Jack Wilkinson; Robert Wolff; Lotty Hooft; Karel G.M. Moons; Maarten van Smeden,2020,BMJ,String C
534,The Microbiota-Gut-Brain Axis,John F. Cryan; Kenneth J. O’Riordan; Caitlin S.M. Cowan; Kiran V. Sandhu; Thomaz F. S. Bastiaanssen; Marcus Boehme; Martin G. Codagnone; Sofia Cussotto; Christine Fülling; Anna V. Golubeva; Katherine E. Guzzetta; Minal Jaggar; Caitríona M. Long-Smith; Joshua M. Lyte; Jason Martin; Alicia Molinero-Perez; Gerard M. Moloney; Emanuela Morelli; Enrique Morillas; Rory O’Connor; Joana S. Cruz-Pereira; Veronica L. Peterson; Kieran Rea; Nathaniel L. Ritz; Eoin Sherwin; Simon Spichak; Emily M. Teichman; Marcel van de Wouw; Ana Paula Ventura‐Silva; Shauna E. Wallace-Fitzsimons; Niall P. Hyland; Gerard Clarke; Timothy G. Dinan,2019,Physiological Reviews,String C
535,An ensemble machine learning-based performance evaluation identifies top In-Silico pathogenicity prediction methods that best classify driver mutations in cancer,Subrata Das; Vatsal Patel; Shouvik Chakravarty; Arnab Ghosh; Anirban Mukhopadhyay; Nidhan K. Biswas,2025,BioData Mining,String C
536,"Survey of intrusion detection systems: techniques, datasets and challenges",Ansam Khraisat; Iqbal Gondal; Peter Vamplew; Joarder Kamruzzaman,2019,Cybersecurity,String C
537,Genome-wide association analyses identify 44 risk variants and refine the genetic architecture of major depression,eQTLGen; Naomi R. Wray; 23andMe; Stephan Ripke; Manuel Mattheisen; Maciej Trzaskowski; Enda M. Byrne; Abdel Abdellaoui; Mark J. Adams; Esben Agerbo; Tracy Air; Till F. M. Andlauer; Silviu‐Alin Bacanu; Marie Bækvad‐Hansen; Aartjan T.F. Beekman; Tim B. Bigdeli; Elisabeth B. Binder; Douglas Blackwood; Julien Bryois; Henriette N. Buttenschøn; Jonas Bybjerg‐Grauholm; Na Cai; Enrique Castelao; Jane Christensen; Toni‐Kim Clarke; Jonathan R. I. Coleman; Lucía Colodro‐Conde; Baptiste Couvy‐Duchesne; Nick Craddock; Gregory E. Crawford; Cheynna Crowley; Hassan S. Dashti; Gail Davies; Ian J. Deary; Franziska Degenhardt; Eske M. Derks; Neşe Direk; Conor V. Dolan; Erin C. Dunn; Thalia C. Eley; Nicholas Eriksson; Valentina Escott‐Price; Farnush Hassan Farhadi Kiadeh; Hilary K. Finucane; Andreas J. Forstner; Josef Frank; Héléna A. Gaspar; Michael Gill; Paola Giusti‐Rodríguez; Fernando S. Goes; Scott D. Gordon; Jakob Grove; Lynsey S. Hall; Eilís Hannon; Christine Søholm Hansen; Thomas Folkmann Hansen; Stefan Herms; Ian B. Hickie; Per Hoffmann; Georg Homuth; Carsten Horn; Jouke‐Jan Hottenga; David M. Hougaard; Ming Hu; Craig Hyde; Marcus Ising; Rick Jansen; Fulai Jin; Eric Jorgenson; James A. Knowles; Isaac S. Kohane; Julia Kraft; Warren W. Kretzschmar; Jesper Krogh; Zoltán Kutalik; Jacqueline M. Lane; Yihan Li; Yun Li; Penelope A. Lind; Xiaoxiao Liu; Leina Lu; Donald J. MacIntyre; Dean F. MacKinnon; Robert Maier; Wolfgang Maier; Jonathan Marchini; Hamdi Mbarek; Patrick J. McGrath; Peter McGuffin; Sarah E. Medland; Divya Mehta; Christel M. Middeldorp; Evelin Mihailov; Yuri Milaneschi; Lili Milani; Jonathan Mill; Francis M. Mondimore; Grant W. Montgomery; Sara Mostafavi; Niamh Mullins,2018,Nature Genetics,String C
538,Evaluating the potential role of pleiotropy in Mendelian randomization studies,Gibran Hemani; Jack Bowden; George Davey Smith,2018,Human Molecular Genetics,String C
539,Automated Machine Learning,Frank Hutter; Lars Kotthoff; Joaquin Vanschoren,2019,The Springer series on challenges in machine learning,String C
540,Enhanced detection of circulating tumor DNA by fragment size analysis,Florent Moulière; Dineika Chandrananda; Anna Piskorz; Elizabeth Moore; James Morris; Lise Barlebo Ahlborn; Richard Mair; Teodora Goranova; Francesco Marass; Katrin Heider; Jonathan C. M. Wan; Anna Supernat; Irena Hudecova; Ioannis Gounaris; Susana R�os; Mercedes Jimenez‐Liñan; Javier García-Corbacho; Keval Patel; Oľga Østrup; Suzanne Murphy; Matthew Eldridge; Davina Gale; Grant D. Stewart; Johanna Burge; Wendy N. Cooper; Michiel S. van der Heijden; Charles Massie; Colin Watts; Pippa Corrie; Simon Pacey; Kevin M. Brindle; Richard D. Baird; Morten Mau‐Sørensen; Christine Parkinson; Christopher G. Smith; James D. Brenton; Nitzan Rosenfeld,2018,Science Translational Medicine,String C
541,Effective gene expression prediction from sequence by integrating long-range interactions,Žiga Avsec; Vikram Agarwal; Daniel Visentin; Joseph R. Ledsam; Agnieszka Grabska‐Barwińska; Kyle R. Taylor; Yannis Assael; John Jumper; Pushmeet Kohli; David R. Kelley,2021,Nature Methods,String C
542,Large-Scale Exome Sequencing Study Implicates Both Developmental and Functional Changes in the Neurobiology of Autism,F. Kyle Satterstrom; Jack A. Kosmicki; Jiebiao Wang; Michael S. Breen; Silvia De Rubeis; Joon‐Yong An; Minshi Peng; Ryan L. Collins; Jakob Grove; Lambertus Klei; Christine Stevens; Jennifer Reichert; Maureen Mulhern; Mykyta Artomov; Sherif Gerges; Brooke Sheppard; Xinyi Xu; Aparna Bhaduri; Utku Norman; Harrison Brand; Grace Schwartz; Rachel Nguyen; Elizabeth E. Guerrero; Caroline Dias; Branko Aleksić; Richard Anney; Mafalda Barbosa; Somer Bishop; Alfredo Brusco; Jonas Bybjerg‐Grauholm; Ãngel Carracedo; Marcus C.Y. Chan; Andreas G. Chiocchetti; Brian Hon‐Yin Chung; Hilary Coon; Michael L. Cuccaro; Aurora Currò; Bernardo Dalla Bernardina; Ryan N. Doan; Enrico Domenici; Shan Dong; Chiara Fallerini; Montse Fernández‐Prieto; Giovanni Battista Ferrero; Christine M. Freitag; Menachem Fromer; J. Jay Gargus; Daniel H. Geschwind; Elisa Giorgio; Javier González‐Peñas; Stephen J. Guter; Danielle Halpern; Emily Hansen‐Kiss; Xin He; Gail E. Herman; Irva Hertz‐Picciotto; David M. Hougaard; Christina M. Hultman; Iuliana Ionita‐Laza; Suma Jacob; Jesslyn Jamison; Astanand Jugessur; Miia Kaartinen; Gun Peggy Knudsen; A﻿lexander Kolevzon; Itaru Kushima; So Lun Lee; Terho Lehtimäki; Elaine T. Lim; Carla Lintas; W. Ian Lipkin; Diego Lopergolo; Fátima Lopes; Yunin Ludeña; Patrı́cia Maciel; Per Magnus; Behrang Mahjani; Nell Maltman; Dara S. Manoach; Gal Meiri; Idan Menashe; Judith Miller; Nancy J. Minshew; Eduarda Morgana Silva Montenegro; Danielle de Paula Moreira; Eric M. Morrow; Ole Mors; Preben Bo Mortensen; Matthew W. Mosconi; Pierandrea Muglia; Benjamin M. Neale; Merete Nordentoft; Norio Ozaki; Aarno Palotie; Mara Parellada; Maria Rita Passos‐Bueno; Margaret A. Pericak‐Vance; Antonio M. Persico; Isaac N. Pessah; Kaija Puura,2020,Cell,String C
543,Neoantigen vaccine generates intratumoral T cell responses in phase Ib glioblastoma trial,Derin B. Keskin; Annabelle Anandappa; Jing Sun; Itay Tirosh; Nathan D. Mathewson; Shuqiang Li; Giacomo Oliveira; Anita Giobbie‐Hurder; Kristen D. Felt; Evisa Gjini; Sachet A. Shukla; Zhuting Hu; Letitia Li; Phuong M. Le; Rosa Lundbye Allesøe; Alyssa Richman; Monika S. Kowalczyk; Sara Abdelrahman; Jack Geduldig; Sarah Charbonneau; Kristine Pelton; J. Bryan Iorgulescu; Liudmila Elagina; Wandi Zhang; Oriol Olive; Christine McCluskey; Lars Rønn Olsen; Jonathan Stevens; William J. Lane; Andres Μ. Salazar; Heather Daley; Patrick Y. Wen; E. Antonio Chiocca; Maegan Harden; Niall J. Lennon; Stacey Gabriel; Gad Getz; Eric S. Lander; Aviv Regev; Jerome Ritz; Donna Neuberg; Scott J. Rodig; Keith L. Ligon; Mario L. Suvà; Kai W. Wucherpfennig; Nir Hacohen; Edward F. Fritsch; Kenneth J. Livak; Patrick A. Ott; Catherine J. Wu; David A. Reardon,2018,Nature,String C
544,Identification of common genetic risk variants for autism spectrum disorder,Jakob Grove; BUPGEN; Stephan Ripke; Thomas D. Als; Manuel Mattheisen; Raymond K. Walters; Hyejung Won; Jonatan Pallesen; Esben Agerbo; Ole A. Andreassen; Richard Anney; Swapnil Awashti; Rich Belliveau; Francesco Bettella; Joseph D. Buxbaum; Jonas Bybjerg‐Grauholm; Marie Bækvad‐Hansen; Felecia Cerrato; Kimberly Chambert; Jane Christensen; Claire Churchhouse; Karin Dellenvall; Ditte Demontis; Silvia De Rubeis; Bernie Devlin; Srdjan Djurovic; Ashley Dumont; Jacqueline I. Goldstein; Christine Søholm Hansen; Mads E. Hauberg; Mads V. Hollegaard; Sigrun Hope; Daniel P. Howrigan; Hailiang Huang; Christina M. Hultman; Lambertus Klei; Julian Maller; Joanna Martin; Alicia R. Martin; Jennifer L. Moran; Mette Nyegaard; Terje Nærland; Duncan S. Palmer; Aarno Palotie; Carsten Bøcker Pedersen; Marianne Giørtz Pedersen; Timothy dPoterba; Jesper Buchhave Poulsen; Beaté St Pourcain; Per Qvist; Karola Rehnström; Abraham Reichenberg; Jennifer Reichert; Elise Robinson; Kathryn Roeder; Panos Roussos; Evald Sæmundsen; Sven Sandin; F. Kyle Satterstrom; George Davey Smith; Hreinn Stefánsson; Stacy Steinberg; Christine Stevens; Patrick F. Sullivan; Patrick Turley; G. Bragi Walters; Xinyi Xu; Kāri Stefánsson; Daniel H. Geschwind; Merete Nordentoft; David M. Hougaard; Thomas Werge; Ole Mors; Preben Bo Mortensen; Benjamin M. Neale; Mark J. Daly; Anders D. Børglum,2019,Nature Genetics,String C
545,Could Radiomic Signature on Chest CT Predict Epidermal Growth Factor Receptor Mutation in Non-Small-Cell Lung Cancer?,Ayten Cangır; Elif Berna Köksoy; Kaan Orhan; Hilal Özakıncı; Ayşegül Gürsöy Çoruh; E. Gümüştepe; Yusuf Kahya; Farrukh İbrahimov; Emre Utkan Büyükceran; Serap Akyürek; Serpil Dızbay Sak,2024,Applied Sciences,String C
546,Predicting inferior vena cava filter complications using machine learning,Ben Li; Naomi Eisenberg; Derek Beaton; Douglas S. Lee; Leen Al‐Omran; Duminda N. Wijeysundera; Mohamad A. Hussain; Ori D. Rotstein; Charles de Mestral; Muhammad Mamdani; Graham Roche‐Nagle; Mohammed Al‐Omran,2024,Journal of Vascular Surgery Venous and Lymphatic Disorders,String C
547,"Identifying the Best Machine Learning Algorithms for Brain Tumor Segmentation, Progression Assessment, and Overall Survival Prediction in the BRATS Challenge","Spyridon Bakas; Mauricio Reyes; Jakab, Andras; Bauer, Stefan; Rempfler, Markus; Crimi, Alessandro; Shinohara, Russell Takeshi; Berger, Christoph; et al.; Rozycki, Martin; Prastawa, Marcel; Alberts, Esther; Lipkova, Jana; Freymann, John; Kirby, Justin; Bilello, Michel; Fathallah-Shaykh, Hassan; Wiest, Roland; Kirschke, Jan; Wiestler, Benedikt; Colen, Rivka; Kotrotsou, Aikaterini; Lamontagne, Pamela; Marcus, Daniel; Milchenko, Mikhail; Nazeri, Arash; Weber, Marc-Andre; Mahajan, Abhishek; Baid, Ujjwal; Gerstner, Elizabeth; Kwon, Dongjin; Acharya, Gagan; Agarwal, Manu; Alam, Mahbubul; Albiol, Alberto; Albiol, Antonio; Albiol, Francisco J; Alex, Varghese; Allinson, Nigel; Amorim, Pedro HA; Amrutkar, Abhijit; Anand, Ganesh; Andermatt, Simon; Arbel, Tal; Arbelaez, Pablo; Avery, Aaron; Azmat, Muneeza; Pranjal, B; Bai, W; Banerjee, Subhashis; Barth, Bill; Batchelder, Thomas; Batmanghelich, Kayhan; Battistella, Enzo; Beers, Andrew; Belyaev, Mikhail; Bendszus, Martin; Benson, Eze; Bernal, Jose; Bharath, Halandur Nagaraja; Biros, George; Bisdas, Sotirios; Brown, James; Cabezas, Mariano; Cao, Shilei; Cardoso, Jorge M; Carver, Eric N; Casamitjana, Adrià; Castillo, Laura Silvana; Catà, Marcel; Cattin, Philippe; Cerigues, Albert; Chagas, Vinicius S; Chandra, Siddhartha; Chang, Yi-Ju; Chang, Shiyu; Chang, Ken; Chazalon, Joseph; Chen, Shengcong; Chen, Wei; Chen, Jefferson W; Chen, Zhaolin; Cheng, Kun; Choudhury, Ahana Roy; Chylla, Roger; Clérigues, Albert; Colleman, Steven; Colmeiro, Ramiro German Rodriguez; Combalia, Marc; Costa, Anthony; Cui, Xiaomeng; Dai, Zhenzhen; Dai, Lutao; Daza, Laura Alexandra; Deutsch, Eric; Ding, Changxing; Dong, Chao; Dong, Shidu; Dudzik, Wojciech; Eaton-Rosen, Zach",2018,arXiv (Cornell University),String C
548,Language models enable zero-shot prediction of the effects of mutations on protein function,Joshua Meier; Roshan Rao; Robert Verkuil; Jason Liu; Tom Sercu; Alexander Rives,2021,bioRxiv (Cold Spring Harbor Laboratory),String C
549,MMOS: Multi-Staged Mutation Operator Scheduling for Deep Learning Library Testing,Junqiang Li; Senyi Li; Jiawei Wu; Long Luo; Yang Bai; Hongfang Yu,2022,GLOBECOM 2022 - 2022 IEEE Global Communications Conference,String C
550,Integrative molecular and clinical modeling of clinical outcomes to PD1 blockade in patients with metastatic melanoma,David Liu; Bastian Schilling; Derek Liu; Antje Sucker; Elisabeth Livingstone; Livnat Jerby‐Arnon; Lisa Zimmer; Ralf Gutzmer; Imke Satzger; Carmen Loquai; Stephan Grabbe; Natalie I. Vokes; Claire A. Margolis; Jake R. Conway; Meng Xiao He; Haitham Elmarakeby; Felix Dietlein; Diana Miao; Adam Tracy; Helen Gogas; Simone M. Goldinger; Jochen Utikal; Christian U. Blank; Ricarda Rauschenberg; Dagmar von Bubnoff; Angela M. Krackhardt; Benjamin Weide; Sebastian Haferkamp; Felix Kiecker; Ben Izar; Levi A. Garraway; Aviv Regev; Keith T. Flaherty; Annette Paschen; Eliezer M. Van Allen; Dirk Schadendorf,2019,Nature Medicine,String C
551,Boosting feature selection efficiency with IMVO: Integrating MVO and mutation-based local search algorithms,Maryam Askari; Farid Khoshalhan; H. Hamidi,2025,Results in Engineering,String C
552,"Artificial intelligence for decision making in the era of Big Data – evolution, challenges and research agenda",Yanqing Duan; John S. Edwards; Yogesh K. Dwivedi,2019,International Journal of Information Management,String C
553,Assignment of epidemiological lineages in an emerging pandemic using the pangolin tool,Áine O’Toole; Emily Scher; Anthony Underwood; Ben Jackson; Verity Hill; John T. McCrone; Rachel Colquhoun; Chris Ruis; Khalil Abudahab; Ben Taylor; Corin Yeats; Louis du Plessis; Daniel Maloney; Nathan Medd; Stephen W. Attwood; David M. Aanensen; Edward C. Holmes; Oliver G. Pybus; Andrew Rambaut,2021,Virus Evolution,String C
554,RUN beyond the metaphor: An efficient optimization algorithm based on Runge Kutta method,Iman Ahmadianfar; Ali Asghar Heidari; Amir H. Gandomi; Xuefeng Chu; Huiling Chen,2021,Expert Systems with Applications,String C
555,2021 ESC Guidelines on cardiac pacing and cardiac resynchronization therapy,Michael Glikson; Jens Cosedis Nielsen; Mads Brix Kronborg; Yoav Michowitz; Angelo Auricchio; Israel Moshe Barbash; José A. Barrabés; Giuseppe Boriani; Frieder Braunschweig; Michele Brignole; Haran Burri; Andrew J.S. Coats; Jean‐Claude Deharo; Victoria Delgado; Gerhard‐Paul Diller; Carsten W. Israel; Andre Keren; Reinoud E. Knops; Dipak Kotecha; Christophe Leclercq; Béla Merkely; Christoph Starck; Ingela Thylén; José Marı́a Tolosana; ESC Scientific Document Group; Francisco Leyva; Cecilia Linde; Magdy Abdelhamid; Victor Aboyans; Elena Arbelo; Riccardo Asteggiano; Gonzalo Barón-Esquivias; Johann Bauersachs; Mauro Biffi; Ulrika Birgersdotter-Green; Maria Grazia Bongiorni; Michael A Borger; Jelena Čelutkienė; Maja Cikes; Jean-Claude Daubert; Inga Drossart; Kenneth Ellenbogen; Perry M Elliott; Larissa Fabritz; Volkmar Falk; Laurent Fauchier; Francisco Fernández-Avilés; Dan Foldager; Fredrik Gadler; Pastora Gallego Garcia De Vinuesa; Bulent Gorenek; Jose M Guerra; Kristina Hermann Haugaa; Jeroen Hendriks; Thomas Kahan; Hugo A Katus; Aleksandra Konradi; Konstantinos C Koskinas; Hannah Law; Basil S Lewis; Nicholas John Linker; Maja-Lisa Løchen; Joost Lumens; Julia Mascherbauer; Wilfried Mullens; Klaudia Vivien Nagy; Eva Prescott; Pekka Raatikainen; Amina Rakisheva; Tobias Reichlin; Renato Pietro Ricci; Evgeny Shlyakhto; Marta Sitges; Miguel Sousa-Uva; Richard Sutton; Piotr Suwalski; Jesper Hastrup Svendsen; Rhian M Touyz; Isabelle C Van Gelder; Kevin Vernooy; Johannes Waltenberger; Zachary Whinnett; Klaus K Witte; Mads Brix Kronborg; Yoav Michowitz; Angelo Auricchio; Israel Moshe Barbash; José A Barrabés; Giuseppe Boriani; Frieder Braunschweig; Michele Brignole; Haran Burri; Andrew J S Coats; Jean-Claude Deharo; Victoria Delgado; Gerhard-Paul Diller; Carsten W Israel; Andre Keren; Reinoud E Knops; Dipak Kotecha,2021,European Heart Journal,String C
556,RNAseq-Based Machine Learning Models for Prognostication of Multiple Myeloma,Krish Shah -; Kaina A. Millan; Anna Puła; Tadeusz Kubicki; Joseph Cannova; Sulin Wu; Manoj Bhagwat; Quincy C. Guenther; Jennifer H. Cooperrider; Gregory W. Roloff; Aarti Venkat; Benjamin A. Derman; Andrzej Jakubowiak; Michael W. Drazer,2025,medRxiv,String C
557,Bayesian statistics and modelling,Rens van de Schoot; Sarah Depaoli; Ruth King; Bianca Kramer; Kaspar Märtens; Mahlet G. Tadesse; Marina Vannucci; Andrew Gelman; Duco Veen; Joukje E. Willemsen; Christopher Yau,2021,Nature Reviews Methods Primers,String C
558,Advances in epigenetics link genetics to the environment and disease,Giacomo Cavalli; Édith Heard,2019,Nature,String C
559,Genome-wide association studies,Emil Uffelmann; Qin Qin Huang; Nchangwi Syntia Munung; Jantina de Vries; Yukinori Okada; Alicia R. Martin; Hilary C. Martin; Tuuli Lappalainen; Daniëlle Posthuma,2021,Nature Reviews Methods Primers,String C
560,Radiomics: the facts and the challenges of image analysis,Stefania Rizzo; Francesca Botta; Sara Raimondi; Daniela Origgi; Cristiana Fanciullo; A.G. Morganti; Massimo Bellomi,2018,European Radiology Experimental,String C
561,Feature Selection and Comparative Analysis of Breast Cancer Prediction Using Clinical Data and Histopathological Whole Slide Images,Sarfaraz Ahmed Mohammed; Senuka Abeysinghe; Anca Ralescu,2023,Advances in Artificial Intelligence and Machine Learning,String C
562,Small But Mighty: The Use of Real‐World Evidence to Inform Precision Medicine,Rebecca A. Miksad; Meghna Samant; Somnath Sarkar; Amy P. Abernethy,2019,Clinical Pharmacology & Therapeutics,String C
563,Advancing breast cancer prediction using blockchain-secured hybrid genetic algorithm,Monu Bhagat; Ujjwal Maulik,2025,Computers in Biology and Medicine,String C
564,Cells of the adult human heart,Monika Litviňuková; Carlos Talavera‐López; Henrike Maatz; Daniel Reichart; Catherine L. Worth; Eric L. Lindberg; Masatoshi Kanda; Krzysztof Polański; Matthias Heinig; Michael Lee; Emily R. Nadelmann; Kenny Roberts; Elizabeth Tuck; Eirini S. Fasouli; Daniel M. DeLaughter; Barbara McDonough; Hiroko Wakimoto; Joshua Gorham; Sara Samari; Krishnaa T. Mahbubani; Kourosh Saeb‐Parsy; Giannino Patone; Joseph J. Boyle; Hongbo Zhang; Hao Zhang; Anissa Viveiros; Gavin Y. Oudit; Omer Ali Bayraktar; Jonathan G. Seidman; Christine E. Seidman; Michela Noseda; Norbert Hübner; Sarah A. Teichmann,2020,Nature,String C
565,Integration of RNA Editing into Multiomics Machine Learning Models for Predicting Drug Responses in Breast Cancer Patients,Yanara A Bernal; A. Blanco; Karen Oróstica; Iris María ZEVALLOS DELGADO; Ricardo Armisén,2026,Biomedicines,String C
566,Identification of bioactive metabolites using activity metabolomics,Markus M. Rinschen; Julijana Ivanišević; Martin Giera; Gary Siuzdak,2019,Nature Reviews Molecular Cell Biology,String C
567,Network intrusion detection system: A systematic study of machine learning and deep learning approaches,Zeeshan Ahmad; Adnan Shahid Khan; Cheah Wai Shiang; Johari Abdullah; Farhan Ahmad,2020,Transactions on Emerging Telecommunications Technologies,String C
568,Computer-Aided Pathologic Diagnosis of Nasopharyngeal Carcinoma Based on Deep Learning,Songhui Diao; Jiaxin Hou; Hong Yu; Xia Zhao; Yi-Kang Sun; R. Lambo; Yaoqin Xie; Lei Liu; Wenjian Qin; Weiren Luo,2020,American Journal Of Pathology,String C
569,CT-based radiomics and deep learning to predict EGFR mutation status in lung adenocarcinoma,Xingzhi Jiang; Qian Sun; Can Wang; Wei Li; Wang Chen; Juan Xu; Lei Yu,2025,Frontiers in Oncology,String C
570,Radiomics in medical imaging—“how-to” guide and critical reflection,Janita E. van Timmeren; D. Cester; Stephanie Tanadini‐Lang; Hatem Alkadhi; Bettina Baeßler,2020,Insights into Imaging,String C
571,Machine learning-based integration develops an immune-derived lncRNA signature for improving outcomes in colorectal cancer,Zaoqu Liu; Long Liu; Siyuan Weng; Chunguang Guo; Qin Dang; Hui Xu; Libo Wang; Taoyuan Lu; Yuyuan Zhang; Zhenqiang Sun; Xinwei Han,2022,Nature Communications,String C
572,Radiomics-based machine learning models for predicting genomic alterations in metastatic prostate cancer using PSMA PET imaging: a pilot study,Anna Scavuzzo; Giovanni Pasini; Osvaldo G. Perez; Miguel A. Jimenez Rios; Marina Arenas Hernández; Roberto Pedrero-Piedras; Maria Delia Pérez Montiel; Nora Sobrevilla Moreno; Giorgio Russo; Alessandro Stefano,2025,EJNMMI Reports,String C
573,Test case generation method based on particle swarm optimization algorithm,Ke Wang; Yi Zhu; Guorui Li; Junjie Wang; Ziyang Liu,2023,,String C
574,Eleven grand challenges in single-cell data science,David Lähnemann; Johannes Köster; Ewa Szczurek; Davis J. McCarthy; Stephanie C. Hicks; Mark D. Robinson; Catalina A. Vallejos; Kieran R. Campbell; Niko Beerenwinkel; Ahmed Mahfouz; Luca Pinello; Pavel Skums; Alexandros Stamatakis; Camille Stephan‐Otto Attolini; Samuel Aparício; Jasmijn A. Baaijens; Marleen Balvert; Buys de Barbanson; Antonio Cappuccio; Giacomo Corleone; Bas E. Dutilh; Maria Florescu; Victor Guryev; Rens Holmer; Katharina Jahn; Thamar Jessurun Lobo; Emma M Keizer; Indu Khatri; Szymon M. Kiełbasa; Jan O. Korbel; Alexey M. Kozlov; Tzu-Hao Kuo; Boudewijn P. F. Lelieveldt; Ion Măndoiu; John C. Marioni; Tobias Marschall; Felix Mölder; Amir Niknejad; Alicja Rączkowska; Marcel Reinders; Jeroen de Ridder; Antoine-Emmanuel Saliba; Antonios Somarakis; Oliver Stegle; Fabian J. Theis; Huan Yang; Alex Zelikovsky; Alice C. McHardy; Benjamin J. Raphael; Sohrab P. Shah; Alexander Schönhuth,2020,Genome biology,String C
575,Evaluating the replicability of social science experiments in Nature and Science between 2010 and 2015,Colin F. Camerer; Anna Dreber; Felix Holzmeister; Teck‐Hua Ho; Jürgen Huber; Magnus Johannesson; Michael Kirchler; Gideon Nave; Brian A. Nosek; Thomas Pfeiffer; Adam Altmejd; Nick Buttrick; Taizan Chan; Yiling Chen; Eskil Forsell; Anup Gampa; Emma Heikensten; Lily Hummer; Taisuke Imai; Siri Isaksson; Dylan Manfredi; Julia Rose; Eric‐Jan Wagenmakers; Hang Wu,2018,Nature Human Behaviour,String C
576,Non-uniform refinement: adaptive regularization improves single-particle cryo-EM reconstruction,Ali Punjani; Haowei Zhang; David J. Fleet,2020,Nature Methods,String C
577,A novel machine learning-based screening identifies statins as inhibitors of the calcium pump SERCA,Carlos Cruz‐Cortés; M. Andrés Velasco-Saavedra; Eli Fernández‐de Gortari; Guadalupe Guerrero‐Serna; Rodrigo Aguayo‐Ortiz; L. Michel Espinoza‐Fonseca,2023,Journal of Biological Chemistry,String C
578,Radiomics analysis in medical imaging research,Mahmoud Elmahdy; Ronnie Sebro,2023,Journal of Medical Radiation Sciences,String C
579,The Amyloid-β Pathway in Alzheimer’s Disease,Harald Hampel; John Hardy; Kaj Blennow; Christopher Chen; George Perry; Seung Hyun Kim; Victor L. Villemagne; Paul Aisen; Michele Vendruscolo; Takeshi Iwatsubo; Colin L. Masters; Min Cho; Lars Lannfelt; Jeffrey L. Cummings; Andrea Vergallo,2021,Molecular Psychiatry,String C
580,Predicting Loss-of-Function Impact of Genetic Mutations: A Machine Learning Approach,Arshmeet Kaur; Morteza Sarmadi,2024,Advances in Artificial Intelligence and Machine Learning,String C
581,Discovering biomarkers associated and predicting cardiovascular disease with high accuracy using a novel nexus of machine learning techniques for precision medicine,William DeGroat; Habiba Abdelhalim; Kush Patel; Dinesh Mendhe; Saman Zeeshan; Zeeshan Ahmed,2024,Scientific Reports,String C
582,"Hyperparameter optimization: Foundations, algorithms, best practices, and open challenges",Bernd Bischl; Martin Binder; Michel Lang; Tobias Pielok; Jakob Richter; Stefan Coors; Janek Thomas; Theresa Ullmann; Marc Becker; Anne‐Laure Boulesteix; Difan Deng; Marius Lindauer,2023,Wiley Interdisciplinary Reviews Data Mining and Knowledge Discovery,String C
583,Microvesicle Proteomic Profiling of Uterine Liquid Biopsy for Ovarian Cancer Early Detection,Georgina D. Barnabas; Keren Bahar‐Shany; Stav Sapoznik; Limor Helpman; Yfat Kadan; Mario Beiner; Omer Weitzner; Nissim Arbib; Jacob Korach; Tamar Perri; Guy Katz; Anna Blecher; Benny Brandt; Eitan Friedman; David Stockheim; Ariella Jakobson‐Setton; Ram Eitan; Shunit Armon; Hadar Brand; Oranit Zadok; Sarit Aviel‐Ronen; Michal Harel; Tamar Geiger; Keren Levanon,2019,Molecular & Cellular Proteomics,String C
584,Multi‐Omics Factor Analysis—a framework for unsupervised integration of multi‐omics data sets,Ricard Argelaguet; Britta Velten; Damien Arnol; Sascha Dietrich; Thorsten Zenz; John C. Marioni; Florian Buettner; Wolfgang Huber; Oliver Stegle,2018,Molecular Systems Biology,String C
585,Lung adenocarcinoma promotion by air pollutants,William Hill; Emilia L. Lim; Clare E. Weeden; Claudia Lee; Marcellus Augustine; Kezhong Chen; Feng‐Che Kuan; Fabio Marongiu; Edward J. Evans; David A. Moore; Felipe Silva Rodrigues; Oriol Pich; Björn Bakker; Hongui Cha; Renelle Myers; Febe van Maldegem; Jesse Boumelha; Selvaraju Veeriah; Andrew Rowan; Cristina Naceur‐Lombardelli; Takahiro Karasaki; Monica Sivakumar; Swapnanil De; Deborah R. Caswell; A. Nagano; James R. Black; Carlos Martínez‐Ruiz; Min Hyung Ryu; Ryan D. Huff; Shijia Li; Marie-Julie Favé; Alastair Magness; Alejandro Suárez‐Bonnet; Simon L. Priestnall; Margreet Lüchtenborg; Katrina Lavelle; Joanna Pethick; Steven J. Hardy; Fiona E. McRonald; Meng‐Hung Lin; Clara I. Troccoli; Moumita Ghosh; York E. Miller; Daniel T. Merrick; Robert L. Keith; Maise Al Bakir; Chris Bailey; Mark S. Hill; Lao H. Saal; Yilun Chen; Anthony M. George; Christopher Abbosh; Nnennaya Kanu; Se‐Hoon Lee; Nicholas McGranahan; Christine D. Berg; Peter Sasieni; Richard S. Houlston; Clare Turnbull; Stephen Lam; Philip Awadalla; Eva Grönroos; Julian Downward; Tyler Jacks; Christopher Carlsten; Ilaria Malanchi; Allan Hackshaw; Kevin Litchfield; J.F. Lester; Amrita Bajaj; Apostolos Nakas; Azmina Sodha-Ramdeen; Keng Ang; Mohamad Tufail; Mohammed Fiyaz Chowdhry; Molly Scotland; Rebecca Boyles; Sridhar Rathinam; Claire Wilson; Domenic Marrone; Sean Dulloo; Dean A. Fennell; Gurdeep Matharu; Jacqui Shaw; Joan Riley; Lindsay Primrose; Ekaterini Boleti; Heather Cheyne; Mohammed S. Khalil; Shirley Richardson; Tracey Cruickshank; Gillian Price; Keith M. Kerr; Sarah Benafif; Kayleigh Gilbert; Babu Naidu; Akshay J. Patel; Aya Osman; Christer Lacson; Gerald Langman,2023,Nature,String C
586,Kinase drug discovery 20 years after imatinib: progress and future directions,Philip Cohen; Darren A.E. Cross; Pasi A. Jänne,2021,Nature Reviews Drug Discovery,String C
587,Noisy intermediate-scale quantum algorithms,Kishor Bharti; Alba Cervera-Lierta; Thi Ha Kyaw; Tobias Haug; Sumner Alperin-Lea; Abhinav Anand; Matthias Degroote; Hermanni Heimonen; Jakob S. Kottmann; Tim Menke; Wai‐Keong Mok; Sukin Sim; L. C. Kwek; Alán Aspuru‐Guzik,2022,Reviews of Modern Physics,String C
588,A Comprehensive Review on NSGA-II for Multi-Objective Combinatorial Optimization Problems,Shanu Verma; Millie Pant; Václav Snåšel,2021,IEEE Access,String C
589,Parkinson disease-associated cognitive impairment,Dag Aarsland; Lucia Batzu; Glenda M. Halliday; Gert J. Geurtsen; Clive Ballard; К. Ray Chaudhuri; Daniel Weintraub,2021,Nature Reviews Disease Primers,String C
590,A machine learning-based predictive model for multilobar pulmonary consolidation induced by macrolide-resistant <i>Mycoplasma pneumoniae</i> pneumonia caused by the 23S rRNA A2063G mutation,Guo Yan; Yonghan Luo,2025,Microbiology Spectrum,String C
591,"A genomic mutational constraint map using variation in 76,156 human genomes",Siwei Chen; Laurent C. Francioli; Julia K. Goodrich; Ryan L. Collins; Masahiro Kanai; Qingbo S. Wang; Jessica Alföldi; Nicholas A. Watts; Christopher Vittal; Laura D. Gauthier; Timothy Poterba; Michael W. Wilson; Yekaterina Tarasova; William Phu; Riley Grant; Mary T. Yohannes; Zan Koenig; Yossi Farjoun; Eric Banks; Stacey Donnelly; Stacey Gabriel; Namrata Gupta; Steven Ferriera; Charlotte Tolonen; Sam Novod; Louis Bergelson; David Roazen; Valentín Ruano-Rubio; Miguel Covarrubias; Christopher Llanwarne; Nikelle Petrillo; Gordon Wade; Thibault Jeandet; Ruchi Munshi; Kathleen Tibbetts; María T. Abreu; Carlos A. Aguilar‐Salinas; Tariq Ahmad; Christine M. Albert; Diego Ardissino; Irina M. Armean; Elizabeth G. Atkinson; Gil Atzmon; John Barnard; Samantha Baxter; Laurent Beaugerie; Emelia J. Benjamin; David Benjamin; Michael Boehnke; Lori L. Bonnycastle; Erwin P. Böttinger; Donald W. Bowden; Matthew J. Bown; Harrison Brand; Steven R. Brant; Ted Brookings; Sam Bryant; Sarah E. Calvo; Hannia Campos; John C. Chambers; Juliana C.N. Chan; Katherine R. Chao; Sinéad B. Chapman; Daniel I. Chasman; Rex L. Chisholm; Judy H. Cho; Rajiv Chowdhury; Mina K. Chung; Wendy K. Chung; Kristian Cibulskis; Bruce M. Cohen; Kristen M. Connolly; Adolfo Correa; Beryl B. Cummings; Dana Dabelea; John Danesh; Dawood Darbar; Phil Darnowsky; Joshua C. Denny; Ravindranath Duggirala; Josée Dupuis; Patrick T. Ellinor; Roberto Elosúa; James Emery; Eleina England; Jeanette Erdmann; Tõnu Esko; Emily Evangelista; Diane Fatkin; José C. Florez; André Franke; Jack Fu; Martti Färkkilâ; Kiran Garimella; Jeff Gentry; Gad Getz; David C. Glahn; Benjamin Gläser; Stephen J. Glatt; David B. Goldstein,2023,Nature,String C
592,Commentary: Immune cell infiltration and prognostic index in cervical cancer: insights from metabolism-related differential genes,Fangshi Xu; Jiawei Lai,2024,Frontiers in Immunology,String C
593,A Review of Feature Selection Methods for Machine Learning-Based Disease Risk Prediction,Nicholas Pudjihartono; Tayaza Fadason; Andreas W. Kempa-Liehr; Justin M. O’Sullivan,2022,Frontiers in Bioinformatics,String C
594,<scp>eD</scp>octor: machine learning and the future of medicine,Guy Handelman; Hong Kuan Kok; Ronil V. Chandra; Amir H. Razavi; M. J. Lee; Hamed Asadi,2018,Journal of Internal Medicine,String C
595,The KEAP1-NRF2 System: a Thiol-Based Sensor-Effector Apparatus for Maintaining Redox Homeostasis,Masayuki Yamamoto; Thomas W. Kensler; Hozumi Motohashi,2018,Physiological Reviews,String C
596,Using machine learning approaches for multi-omics data analysis: A review,Parminder Singh Reel; Smarti Reel; Ewan R. Pearson; Emanuele Trucco; Emily Jefferson,2021,Biotechnology Advances,String C
597,ESHRE guideline: endometriosis,Christian M. Becker; Attila Bokor; Oskari Heikinheimo; Andrew W. Horne; Femke Jansen; Ludwig Kiesel; Kathleen King; Marina Kvaskoff; Annemiek Nap; Katrine Petersen; Ertan Sarıdoğan; Carla Tomassetti; Nehalennia van Hanegem; Nicolas Vulliemoz; Nathalie Vermeulen; ESHRE Endometriosis Guideline Group; Signe Altmäe; Barış Ata; Elizabeth Ball; Fabio Barra; Ercan Baştu; Alexandra Bianco-Anil; Ulla Breth Knudsen; Réka Brubel; Julia Cambitzi; Astrid EP Cantineau; Ying Cheong; Angelos Daniilidis; B. De Bie; C. Exacoustós; Simone Ferrero; Tarek A. Gelbaya; Josepha Goetz-Collinet; Gernot Hudelist; Munawar Hussain; Tereza Indrielle-Kelly; Shaheen Khazali; Sujata Lalit Kumar; Umberto Leone Roberti Maggiore; Jacques W.M. Maas; Helen McLaughlin; José Metello; Velja Mijatovic; Y Miremadi; Charles Muteshi; Michelle Nisolle; Engin Oral; George Pados; Dana Parades; Nicola Pluchino; Prasanna Raj Supramaniam; Maren Schick; Beata Seeber; Renato Seracchioli; Antonio Simone Laganà; A. Stavroulis; Linda Tebache; Gürkan Uncu; Uschi Van den Broeck; Arno van Peperstraten; Attila Vereczkey; Albert Wolthuis; Pınar Yalçın Bahat; Chadi Yazbeck,2022,Human Reproduction Open,String C
598,"Deep learning modelling techniques: current progress, applications, advantages, and challenges",Shams Forruque Ahmed; Md. Sakib Bin Alam; Maruf Hassan; Mahtabin Rodela Rozbu; Taoseef Ishtiak; Nazifa Rafa; M. Mofijur; A. B. M. Shawkat Ali; Amir H. Gandomi,2023,Artificial Intelligence Review,String C
599,Tumor-infiltrating lymphocytes in the immunotherapy era,Sterre T. Paijens; Annegé Vledder; Marco de Bruyn; Hans W. Nijman,2020,Cellular and Molecular Immunology,String C
600,Deep learning-enabled medical computer vision,Andre Esteva; Katherine Chou; Serena Yeung; Nikhil Naik; Ali Madani; Ali Mottaghi; Yun Liu; Eric J. Topol; Jeff Dean; Richard Socher,2021,npj Digital Medicine,String C
601,Accurate Prediction of Gene Mutations with Flow Cytometry Immune-Phenotyping By Machine Learning Algorithm,Bor‐Sheng Ko; Yu‐Fen Wang; Jeng-Lin Li; Hsin‐An Hou; Wen‐Chien Chou; Hwei‐Fang Tien; Ting‐Yu Chang; Chi-Chun Lee,2020,Blood,String C
602,<scp>DynaMut2</scp>: Assessing changes in stability and flexibility upon single and multiple point missense mutations,Carlos H. M. Rodrigues; Douglas E. V. Pires; David B. Ascher,2020,Protein Science,String C
603,Network-based prediction of drug combinations,Feixiong Cheng; I. Kovács; Albert-Ĺaszló Barabási,2019,Nature Communications,String C
604,Sensitive tumour detection and classification using plasma cell-free DNA methylomes,Shu Yi Shen; Rajat Singhania; Gordon Fehringer; Ankur Chakravarthy; Michael H. A. Roehrl; Dianne Chadwick; Philip C. Zuzarte; Ayelet Borgida; Ting Ting Wang; Tiantian Li; Olena Kis; Zhen Zhao; Anna Spreafico; Tiago da Silva Medina; Yadon Wang; David Roulois; Ilias Ettayebi; Zhuo Chen; Signy Chow; Tracy Murphy; Andrea Arruda; Grainne M. O’Kane; Jessica Liu; Mark Mansour; John D. McPherson; Catherine O′Brien; Natasha B. Leighl; Philippe L. Bédard; Neil Fleshner; Geoffrey Liu; Mark D. Minden; Steven Gallinger; Anna Goldenberg; Trevor J. Pugh; Michael M. Hoffman; Scott V. Bratman; Rayjean J. Hung; Daniel D. De Carvalho,2018,Nature,String C
605,Med-BERT: pretrained contextualized embeddings on large-scale structured electronic health records for disease prediction,Laila Rasmy; Yang Xiang; Ziqian Xie; Cui Tao; Degui Zhi,2021,npj Digital Medicine,String C
606,Evaluating Protein Transfer Learning with TAPE,Roshan Rao; Nicholas Bhattacharya; Neil Thomas; Yan Duan; Xi Chen; John Canny; Pieter Abbeel; Yun S. Song,2019,bioRxiv (Cold Spring Harbor Laboratory),String C
607,Dissecting cell identity via network inference and in silico gene perturbation,Kenji Kamimoto; Blerta Stringa; Christy M. Hoffmann; Kunal Jindal; Lilianna Solnica‐Krezel; Samantha A. Morris,2023,Nature,String C
608,GNINA 1.0: molecular docking with deep learning,Andrew T. McNutt; Paul Francoeur; Rishal Aggarwal; Tomohide Masuda; Rocco Meli; Matthew Ragoza; Jocelyn Sunseri; David Ryan Koes,2021,Journal of Cheminformatics,String C
609,"Exome sequencing and analysis of 454,787 UK Biobank participants",Joshua Backman; Alexander Li; Anthony Marcketta; Dylan Sun; Joelle Mbatchou; Michael D. Kessler; Christian Benner; Daren Liu; Adam E. Locke; Suganthi Balasubramanian; Ashish Yadav; Nilanjana Banerjee; Christopher E. Gillies; Amy Damask; Simon Liu; Xiaodong Bai; Alicia Hawes; Evan K. Maxwell; Lauren Gurski; Kyoko Watanabe; Jack A. Kosmicki; Veera M. Rajagopal; Jason Mighty; DiscovEHR; Marcus B. Jones; Lyndon J. Mitnaul; Eli A. Stahl; Giovanni Coppola; Eric Jorgenson; Lukas Habegger; William Salerno; Alan R. Shuldiner; Luca A. Lotta; John D. Overton; Michael Cantor; Jeffrey G. Reid; George D. Yancopoulos; Hyun Min Kang; Jonathan Marchini; Aris Baras; Gonçalo R. Abecasis; Manuel A. R. Ferreira,2021,Nature,String C
610,Identifying Missing Biosynthesis Enzymes of Plant Natural Products,Thomas Dugé de Bernonville; Nicolas Papon; Marc Clastre; Sarah E. O’Connor; Vincent Courdavault,2020,Trends in Pharmacological Sciences,String C
611,Development of PD-1 and PD-L1 inhibitors as a form of cancer immunotherapy: a comprehensive review of registration trials and future considerations,Jun Gong; Alex Chehrazi‐Raffle; Srikanth Reddi; Ravi Salgia,2018,Journal for ImmunoTherapy of Cancer,String C
612,Machine learning using intrinsic genomic signatures for rapid classification of novel pathogens: COVID-19 case study,Gurjit S. Randhawa; Maximillian P. M. Soltysiak; Hadi El Roz; Camila P. E. de Souza; Kathleen A. Hill; Lila Kari,2020,PLoS ONE,String C
613,CADD-Splice—improving genome-wide variant effect prediction using deep learning-derived splice scores,Philipp Rentzsch; Max Schubach; Jay Shendure; Martin Kircher,2021,Genome Medicine,String C
614,Transfer learning for medical image classification: a literature review,Kim Eun Hee; Alejandro Cosa‐Linan; Nandhini Santhanam; Mahboubeh Jannesari; Máté E. Maros; Thomas Ganslandt,2022,BMC Medical Imaging,String C
615,"Deep learning in cancer diagnosis, prognosis and treatment selection",Khoa Tran; Olga Kondrashova; Andrew P. Bradley; Elizabeth D. Williams; John V. Pearson; Nicola Waddell,2021,Genome Medicine,String C
616,Recon3D enables a three-dimensional view of gene variation in human metabolism,Elizabeth Brunk; Swagatika Sahoo; Daniel C. Zielinski; Ali Altunkaya; Andreas Dräger; Nathan Mih; Francesco Gatto; Avlant Nilsson; German Preciat; Maike K. Aurich; Andreas Prlić; Anand V. Sastry; Anna Dröfn Daníelsdóttir; Almut Heinken; Alberto Noronha; Peter W. Rose; S.K. Burley; Ronan M. T. Fleming; Jens Nielsen; Ines Thiele; Bernhard Ø. Palsson,2018,Nature Biotechnology,String C
617,Best practices for single-cell analysis across modalities,Lukas Heumos; Anna C. Schaar; Christopher Lance; Anastasia Litinetskaya; Felix Drost; Luke Zappia; Malte Lücken; Daniel Strobl; Juan Henao; Fabiola Curion; Hananeh Aliee; Meshal Ansari; Pau Badia-i-Mompel; Maren Büttner; Emma Dann; Daniel Dimitrov; Leander Dony; Amit Frishberg; Dongze He; Soroor Hediyeh-zadeh; Leon Hetzel; Ignacio L. Ibarra; Matthew G. Jones; Mohammad Lotfollahi; Laura D. Martens; Christian L. Müller; Mor Nitzan; Johannes Ostner; Giovanni Palla; Rob Patro; Zoe Piran; Ciro Ramírez-Suástegui; Julio Sáez-Rodríguez; Hirak Sarkar; Benjamin Schubert; Lisa Sikkema; Avi Srivastava; Jovan Tanevski; Isaac Virshup; Philipp Weiler; Herbert B. Schiller; Fabian J. Theis,2023,Nature Reviews Genetics,String C
618,A whole-slide foundation model for digital pathology from real-world data,Hanwen Xu; Naoto Usuyama; Jaspreet Bagga; Sheng Zhang; Rajesh C. Rao; Tristan Naumann; Cliff Wong; Zelalem Gero; Javier González; 裕二 池谷; Yanbo Xu; Mu Wei; Wenhui Wang; Shuming Ma; Furu Wei; Jianwei Yang; Chunyuan Li; Jianfeng Gao; Jaylen Rosemon; Tucker C. Bower; Soohee Lee; Roshanthi Weerasinghe; Bill Wright; Ari Robicsek; Brian Piening; Carlo Bifulco; Sheng Wang; Hoifung Poon,2024,Nature,String C
619,Neural Architecture Search,Thomas Elsken; Jan Hendrik Metzen; Frank Hutter,2019,The Springer series on challenges in machine learning,String C
620,Artificial intelligence in supply chain management: A systematic literature review,Reza Toorajipour; Vahid Sohrabpour; Ali Nazarpour; Pejvak Oghazi; Maria Fischl,2020,Journal of Business Research,String C
621,Epidemiology and surveillance for hepatocellular carcinoma: New trends,Amit G. Singal; Pietro Lampertico; Pierre Nahon,2020,Journal of Hepatology,String C
622,Microbiota in health and diseases,Kejun Hou; Zhuo‐Xun Wu; Xuan-Yu Chen; Jing‐Quan Wang; Dongya Zhang; Chuanxing Xiao; Dan Zhu; Jagadish Koya; Liuya Wei; Jilin Li; Zhe‐Sheng Chen,2022,Signal Transduction and Targeted Therapy,String C
623,2022 ACC/AHA Guideline for the Diagnosis and Management of Aortic Disease: A Report of the American Heart Association/American College of Cardiology Joint Committee on Clinical Practice Guidelines,Eric M. Isselbacher; Ourania Preventza; James H. Black; John Augoustides; Adam W. Beck; Michael A. Bolen; Alan C. Braverman; Bruce E. Bray; Maya M. Brown-Zimmerman; Edward P. Chen; Tyrone J. Collins; Abe DeAnda; Christina Fanola; Leonard N. Girardi; Caitlin W. Hicks; Dawn S. Hui; W. Schuyler Jones; Vidyasagar Kalahasti; Karen M. Kim; Dianna M. Milewicz; Gustavo S. Oderich; Laura Ogbechie; Susan B. Promes; Elsie Ross; Marc L. Schermerhorn; Sabrina Times; Elaine E. Tseng; Grace J. Wang; Young Woo; David P. Faxon; Gilbert R. Upchurch; Aaron W. Aday; Ali Azizzadeh; Michael L. Boisen; Beau Hawkins; Christopher M. Kramer; Jessica G.Y. Luc; Thomas E. MacGillivray; S. Chris Malaisrie; Kathryn Osteen; Himanshu J. Patel; Parag J. Patel; Wanda M. Popescu; Evelio Rodríguez; Rebecca Sorber; Philip S. Tsao; Annabelle Santos Volgman,2022,Circulation,String C
624,Evolutionary algorithms and their applications to engineering problems,Adam Słowik; Halina Kwaśnicka,2020,Neural Computing and Applications,String C
625,"A Review of Deep Learning in Medical Imaging: Imaging Traits, Technology Trends, Case Studies With Progress Highlights, and Future Promises",S. Kevin Zhou; Hayit Greenspan; Christos Davatzikos; James S. Duncan; Bram Van Ginneken; Anant Madabhushi; Jerry L. Prince; Daniel Rueckert; Ronald M. Summers,2021,Proceedings of the IEEE,String C
626,2023 Alzheimer's disease facts and figures,V Villemagne; S Burnham; P Bourgeat; E Reiman; Y Quiroz; A Fleisher; C Jack; V Lowe; S Weigand; R Bateman; C Xiong; T Benzinger; B Gordon; T Blazey; Y Su; H Braak; D Thal; E Ghebremedhin; Del Tredici; K; Y Quiroz; H Zetterberg; E Reiman; N Barthelemy; N Joseph-Mathurin; B Gordon; R Byard; Nei Langlois; S Tom; R Hubbard; P Crane; M Ganguli; H Dodge; C Shen; R Pandav; S Dekosky; S Waring; R Doody; V Pavlik; P Massman; Chan; R Brookmeyer; M Corrada; F Curriero; C Kawas; E Larson; M Shadlen; L Wang; E Helzner; N Scarmeas; S Cosentino; M Tang; N Schupf; Y Stern; J Xie; C Brayne; F Matthews; H Brodaty; K Seeher; L Gibson; S Todd; S Barr; M Roberts; A Passmore; C Sato; N Barthelemy; K Mawuenyega; B Hanseeuw; R Betensky; Hil Jacobs; A Kapasi; C Decarli; J Schneider; W Brenowitz; R Hubbard; C Keene; D Hogan; N Jette; K Fiest; C Amador-Ortiz; Z Ahmed; C Zehr; D Dickson; Jpm Kane; A Surendranathan; A Bentley; J De Reuck; C Maurage; V Deramecourt; B James; D Bennett; P Boyle; S Leurgans; J Schneider; I Stojkovska; D Krainc; J Mazzulli; D Aarsland; J Zaccai; C Brayne,2023,Alzheimer s & Dementia,String C
627,Explainable Machine Learning for Scientific Insights and Discoveries,Ribana Roscher; Bastian Bohn; Marco F. Duarte; Jochen Garcke,2020,IEEE Access,String C
628,DNA methylation aging clocks: challenges and recommendations,Christopher G. Bell; Robert Lowe; Peter D. Adams; Andrea Baccarelli; Stephan Beck; Jordana T. Bell; Brock C. Christensen; Vadim N. Gladyshev; Bastiaan T. Heijmans; Steve Horvath; Trey Ideker; Jean‐Pierre J. Issa; Karl T. Kelsey; Riccardo E. Marioni; Wolf Reik; Caroline L. Relton; Leonard C. Schalkwyk; Andrew E. Teschendorff; Wolfgang Wagner; Kang Zhang; Vardhman K. Rakyan,2019,Genome biology,String C
629,Can Predicted Protein 3D Structures Provide Reliable Insights into whether Missense Variants Are Disease Associated?,Sirawit Ittisoponpisan; Suhail A. Islam; Tarun Khanna; Eman Alhuzimi; Alessia David; Michael J.E. Sternberg,2019,Journal of Molecular Biology,String C
630,Proteogenomic Characterization Reveals Therapeutic Vulnerabilities in Lung Adenocarcinoma,Michael A. Gillette; Shankha Satpathy; Song Cao; Saravana M. Dhanasekaran; Suhas Vasaikar; Karsten Krug; Francesca Petralia; Yize Li; Wen-Wei Liang; Boris Reva; Azra Krek; Jiayi Ji; Xiaoyu Song; Wenke Liu; Runyu Hong; Lijun Yao; Lili M. Blumenberg; Sara R. Savage; Michael C. Wendl; Bo Wen; Kai Li; Lauren C. Tang; Melanie A. MacMullan; Shayan C. Avanessian; M. Harry Kane; Chelsea J. Newton; MacIntosh Cornwell; Ramani Kothadia; Weiping Ma; Seungyeul Yoo; Rahul Mannan; Pankaj Vats; Chandan Kumar‐Sinha; Emily Kawaler; Tatiana Omelchenko; Antonio Colaprico; Yifat Geffen; Yosef E. Maruvka; Felipe da Veiga Leprevost; Maciej Wiznerowicz; Zeynep H. Gümüş; Rajwanth Veluswamy; Galen Hostetter; David I. Heiman; Matthew A. Wyczalkowski; Tara Hiltke; Mehdi Mesri; Christopher R. Kinsinger; Emily S. Boja; Gilbert S. Omenn; Arul M. Chinnaiyan; Henry Rodriguez; Qing Kay Li; Scott D. Jewell; Mathangi Thiagarajan; Gad Getz; Bing Zhang; David Fenyö; Kelly V. Ruggles; Marcin Cieślik; Ana I. Robles; Karl R. Clauser; Ramaswamy Govindan; Pei Wang; Alexey I. Nesvizhskii; Li Ding; D.R. Mani; Steven A. Carr; Alex Webster; Alicia Francis; Alyssa Charamut; Amanda G. Paulovich; Amy M. Perou; Andrew K. Godwin; Andrii Karnuta; Annette Marrero-Oliveras; Barbara Hindenach; Barbara L. Pruetz; Bartosz Kubisa; Brian Druker; Chet Birger; Corbin D. Jones; Dana R. Valley; Daniel C. Rohrer; Daniel Cui Zhou; Daniel W. Chan; David Chesla; David Clark; Dmitry Rykunov; Donghui Tan; Elena V. Ponomareva; Elizabeth R. Duffy; Eric Burks; Eric E. Schadt; Erik J. Bergstrom; Eugene Fedorov; Ewa P. Malc; George D. Wilson; Haiquan Chen; Halina Krzystek,2020,Cell,String C
631,Adaptive Learning Using Artificial Intelligence in e-Learning: A Literature Review,Ilie Gligorea; Marius Cioca; Romana Oancea; Andra-Teodora Gorski; Hortensia Gorski; Paul Tudorache,2023,Education Sciences,String C
632,"From patterns to patients: Advances in clinical machine learning for cancer diagnosis, prognosis, and treatment",Kyle Swanson; Eric Q. Wu; Angela Zhang; Ash A. Alizadeh; James Zou,2023,Cell,String C
633,Liquid Biopsy for Advanced Non-Small Cell Lung Cancer (NSCLC): A Statement Paper from the IASLC,Christian Rolfo; Philip C. Mack; Giorgio V. Scagliotti; Paul Baas; Fabrice Barlési; Trever G. Bivona; Roy S. Herbst; Tony Mok; Nir Peled; Robert Pirker; Luis E. Raez; Martin Reck; Jonathan W. Riess; Lecia V. Sequist; Frances A. Shepherd; Lynette M. Sholl; Daniel Shao-Weng Tan; Heather A. Wakelee; Ignacio I. Wistuba; Murry W. Wynes; David P. Carbone; Fred R. Hirsch; David R. Gandara,2018,Journal of Thoracic Oncology,String C
634,Machine Learning Improves Risk Stratification in Myelofibrosis: An Analysis of the Spanish Registry of Myelofibrosis,Adrián Mosquera Orgueira; Manuel Pérez‐Encinas; Alberto Hernández‐Sánchez; Teresa González; Eduardo Arellano‐Rodrigo; Javier Martínez Elicegui; Ángela Villaverde Ramiro; José María Sánchez; Rosa Ayala; Francisca Ferrer‐Marín; María Laura Fox; Patricia Vélez Tenza; Elvira Mora; Blanca Xicoy; Maria Isabel Mata Vazquez; Maria García Fortes; Anna Angona; Beatriz Cuevas; María Alicia Senin; Ángel Ramírez Páyer; Marı́a José Ramı́rez; Raúl Pérez López; Sonia González de Villambrosía; Clara Galán Martínez; María Teresa Gómez‐Casares; Carmen García‐Hernández; Mercedes Gasior Kabat; Beatríz Bellosillo; Juan Luis Steegmann; Alberto Álvarez‐Larrán; Jesús María Hernández‐Rivas; Juan Carlos Hernández‐Boluda,2022,Blood,String C
635,TPOT: A Tree-Based Pipeline Optimization Tool for Automating Machine Learning,Randal S. Olson; Jason H. Moore,2019,The Springer series on challenges in machine learning,String C
636,Small data machine learning in materials science,Pengcheng Xu; Xiaobo Ji; Minjie Li; Wencong Lu,2023,npj Computational Materials,String C
637,Predicting response to cancer immunotherapy using noninvasive radiomic biomarkers,Stefano Trebeschi; Silvia Girolama Drago; Nicolai J. Birkbak; Ieva Kurilova; Adriana Calin; Andrea Delli Pizzi; Ferry Lalezari; Doenja M. J. Lambregts; Maartje W. Rohaan; Chintan Parmar; Elisa A. Rozeman; Koen J. Hartemink; Charles Swanton; John B.A.G. Haanen; Christian U. Blank; Egbert F. Smit; Regina G. H. Beets‐Tan; Hugo J.W.L. Aerts,2019,Annals of Oncology,String C
638,Molecular and pharmacological modulators of the tumor immune contexture revealed by deconvolution of RNA-seq data,Francesca Finotello; Clemens Mayer; Christina Plattner; Gerhard Laschober; Dietmar Rieder; Hubert Hackl; Anne Krogsdam; Zuzana Loncová; Wilfried Posch; Doris Wilflingseder; Sieghart Sopper; Marieke E. Ijsselsteijn; Thomas P. Brouwer; Douglas B. Johnson; Yaomin Xu; Yu Wang; Melinda E. Sanders; Mónica V. Estrada; Paula I. González-Ericsson; Pornpimol Charoentong; Justin M. Balko; Noel F.C.C. de Miranda; Zlatko Trajanoski,2019,Genome Medicine,String C
639,Phenome-wide Mendelian randomization mapping the influence of the plasma proteome on complex diseases,Jie Zheng; Valeriia Haberland; Denis Baird; Venexia Walker; Philip Haycock; Mark R. Hurle; Alex Gutteridge; Pau Erola; Yi Liu; Shan Luo; Jamie Robinson; Tom G. Richardson; James R Staley; Benjamin Elsworth; Stephen Burgess; Benjamin B. Sun; John Danesh; Heiko Runz; Joseph Maranville; Hannah M. Martin; James Yarmolinsky; Charles Laurin; Michael V. Holmes; Jimmy Z. Liu; Karol Estrada; Rita Santos; Linda McCarthy; Dawn Waterworth; Matthew R. Nelson; George Davey Smith; Adam S. Butterworth; Gibran Hemani; Robert A. Scott; Tom R. Gaunt,2020,Nature Genetics,String C
640,Bias in data‐driven artificial intelligence systems—An introductory survey,Eirini Ntoutsi; Pavlos Fafalios; Ujwal Gadiraju; Vasileios Iosifidis; Wolfgang Nejdl; María-Esther Vidal; Salvatore Ruggieri; Franco Turini; Symeon Papadopoulos; Emmanouil Krasanakis; Ioannis Kompatsiaris; Katharina Kinder‐Kurlanda; Claudia Wagner; Fariba Karimi; Miriam Fernández; Harith Alani; Bettina Berendt; Tina Kruegel; Christian Heinze; Klaus Broelemann; Gjergji Kasneci; Thanassis Tiropanis; Steffen Staab,2020,Wiley Interdisciplinary Reviews Data Mining and Knowledge Discovery,String C
641,Opportunities for neuromorphic computing algorithms and applications,Catherine D. Schuman; Shruti Kulkarni; Maryam Parsa; J. Parker Mitchell; Prasanna Date; Bill Kay,2022,Nature Computational Science,String C
642,Classification of triple-negative breast cancers based on Immunogenomic profiling,Yin He; Zehang Jiang; Cai Chen; Xiaosheng Wang,2018,Journal of Experimental & Clinical Cancer Research,String C
643,Treatment of evolving cancers will require dynamic decision support,Maximilian Strobl; Jill Gallaher; Mark Robertson‐Tessi; Jeffrey West; Alexander R.A. Anderson,2023,Annals of Oncology,String C
644,Multi-omic machine learning predictor of breast cancer therapy response,Stephen‐John Sammut; Mireia Crispin‐Ortuzar; Suet‐Feung Chin; Elena Provenzano; Helen Bardwell; Wenxin Ma; Wei Cope; A. Dariush; Sarah‐Jane Dawson; Jean Abraham; Janet Dunn; Louise Hiller; Jeremy Thomas; David Cameron; John M.S. Bartlett; Larry Hayward; Paul D.P. Pharoah; Florian Markowetz; Oscar M. Rueda; Helena Earl; Carlos Caldas,2021,Nature,String C
645,Classification of Skin Disease Using Deep Learning Neural Networks with MobileNet V2 and LSTM,Parvathaneni Naga Srinivasu; Jalluri Gnana SivaSai; Muhammad Fazal Ijaz; Akash Kumar Bhoi; Wonjoon Kim; James Jin Kang,2021,Sensors,String C
646,Artificial intelligence for multimodal data integration in oncology,Jana Lipková; Richard J. Chen; Bowen Chen; Ming Y. Lu; Matteo Barbieri; Daniel Shao; Anurag Vaidya; Chengkuan Chen; Luoting Zhuang; Drew F. K. Williamson; Muhammad Shaban; Tiffany Chen; Faisal Mahmood,2022,Cancer Cell,String C
647,Choosing Mutation and Crossover Ratios for Genetic Algorithms—A Review with a New Dynamic Approach,Ahmad B. Hassanat; Khalid Almohammadi; Esra’a Alkafaween; Eman Abunawas; Awni Hammouri; V. B. Surya Prasath,2019,Information,String C
648,Turning the corner on therapeutic cancer vaccines,Robert E. Hollingsworth; Kathrin U. Jansen,2019,npj Vaccines,String C
649,Deep learning for lung cancer prognostication: A retrospective multi-cohort radiomics study,Ahmed Hosny; Chintan Parmar; Thibaud Coroller; Patrick Großmann; Roman Zeleznik; Avnish Kumar; Johan Bussink; Robert J. Gillies; Raymond H. Mak; Hugo J.W.L. Aerts,2018,PLoS Medicine,String C
650,Deep learning in cancer pathology: a new generation of clinical biomarkers,Amelie Echle; Niklas Rindtorff; Titus J. Brinker; Tom Luedde; Alexander T. Pearson; Jakob Nikolas Kather,2020,British Journal of Cancer,String C
651,An Overview of Artificial Intelligence Applications for Power Electronics,Shuai Zhao; Frede Blaabjerg; Huai Wang,2020,IEEE Transactions on Power Electronics,String C
652,Amyotrophic lateral sclerosis: a neurodegenerative disorder poised for successful therapeutic translation,Richard J. Mead; Ning Shan; H. Joseph Reiser; Fiona H. Marshall; Pamela J. Shaw,2022,Nature Reviews Drug Discovery,String C
653,Data-Driven Evolutionary Optimization: An Overview and Case Studies,Yaochu Jin; Handing Wang; Tinkle Chugh; Dan Guo; Kaisa Miettinen,2018,IEEE Transactions on Evolutionary Computation,String C
654,2021 Update on MRD in acute myeloid leukemia: a consensus document from the European LeukemiaNet MRD Working Party,Michael Heuser; Sylvie Freeman; Gert J. Ossenkoppele; Francesco Buccisano; Christopher S. Hourigan; Lok Lam Ngai; Jesse M. Tettero; Costa Bachas; Constance Baer; Marie C. Béné; Veit Bücklein; Anna Czyż; Barbara Denys; Richard Dillon; Michaela Feuring‐Buske; Mónica L. Guzmán; Torsten Haferlach; Lina Han; Julia Herzig; Jeffrey L. Jorgensen; Wolfgang Kern; Marina Konopleva; Francis Lacombe; Marta Libura; Agata Majchrzak; Luca Maurillo; Yishai Ofran; Jan Philippé; Adriana Pleșa; Claude Preudhomme; Farhad Ravandi; Christophe Roumier; Marion Subklewe; Felicitas Thol; Arjan A. van de Loosdrecht; Bert A. van der Reijden; Adriano Venditti; Agnieszka Wierzbowska; Peter J.M. Valk; Brent L. Wood; Roland B. Walter; Christian Thiede; Konstanze Döhner; Gail J. Roboz; Jacqueline Cloos,2021,Blood,String C
655,Detection and Analysis of Circulating Epithelial Cells in Liquid Biopsies From Patients With Liver Disease,Irun Bhan; Kelly Mosesso; Lipika Goyal; Julia Philipp; Mark Kalinich; Joseph W. Franses; Melissa Choz; Rahmi Öklü; Mehmet Toner; Shyamala Maheswaran; Daniel A. Haber; Andrew X. Zhu; Raymond T. Chung; Martin J. Aryee; David T. Ting,2018,Gastroenterology,String C
656,A Review of Feature Selection and Its Methods,B. Venkatesh; J. Anuradha,2019,Cybernetics and Information Technologies,String C
657,A Review on Representative Swarm Intelligence Algorithms for Solving Optimization Problems: Applications and Trends,Jun Tang; Gang Liu; Qingtao Pan,2021,IEEE/CAA Journal of Automatica Sinica,String C
658,Random Forest Algorithm Overview,Hasan Ahmed Salman; Ali Kalakech; Amani Steiti,2024,Babylonian Journal of Machine Learning,String C
659,Bladder cancer,Lars Dyrskjøt; Donna E. Hansel; Jason A. Efstathiou; Margaret A. Knowles; Matthew D. Galsky; Jeremy Yuen‐Chun Teoh; Dan Theodorescu,2023,Nature Reviews Disease Primers,String C
660,Machine Learning–Based Radiomics for Molecular Subtyping of Gliomas,Chia‐Feng Lu; Fei‐Ting Hsu; Kevin Li‐Chun Hsieh; Yu‐Chieh Jill Kao; Sho‐Jen Cheng; Justin Bo‐Kai Hsu; Ping‐Huei Tsai; Ray‐Jade Chen; Chao Huang; Yun Yen; Cheng‐Yu Chen,2018,Clinical Cancer Research,String C
661,Metaheuristic Algorithms on Feature Selection: A Survey of One Decade of Research (2009-2019),Prachi Agrawal; Hattan F. Abutarboush; Talari Ganesh; Ali Wagdy Mohamed,2021,IEEE Access,String C
662,Leakage and the reproducibility crisis in machine-learning-based science,Sayash Kapoor; Arvind Narayanan,2023,Patterns,String C
663,Natural Products for Drug Discovery in the 21st Century: Innovations for Novel Drug Discovery,Nicholas Ekow Thomford; Dimakatso Alice Senthebane; Arielle Rowe; Daniella Munro; Palesa Pamela Seele; Alfred Maroyi; Kevin Dzobo,2018,International Journal of Molecular Sciences,String C
664,A review of machine learning applications in wildfire science and management,Piyush Jain; Sean C.P. Coogan; Sriram Ganapathi Subramanian; Mark Crowley; Steve Taylor; Mike D. Flannigan,2020,Environmental Reviews,String C
665,The Colony Predation Algorithm,Jiaze Tu; Huiling Chen; Mingjing Wang; Amir H. Gandomi,2021,Journal of Bionic Engineering,String C
666,"ALS-implicated protein TDP-43 sustains levels of STMN2, a mediator of motor neuron growth and repair",Joseph R. Klim; Luis A. Williams; Francesco Limone; Irune Guerra San Juan; Brandi N. Davis‐Dusenbery; Daniel A. Mordes; Aaron Burberry; Michael J. Steinbaugh; Kanchana K. Gamage; Rory Kirchner; Rob Moccia; Seth H. Cassel; Kuchuan Chen; Brian J. Wainger; Clifford J. Woolf; Kevin Eggan,2019,Nature Neuroscience,String C
667,"NCCN Guidelines Insights: Non–Small Cell Lung Cancer, Version 5.2018",David S. Ettinger; Dara L. Aisner; Douglas E. Wood; Wallace Akerley; Jessica R. Bauman; Joe Y. Chang; Lucian R. Chirieac; Thomas A. D’Amico; Thomas J. Dilling; M.C. Dobelbower; Ramaswamy Govindan; Matthew A. Gubens; Mark Hennon; Leora Horn; Rudy P. Lackner; Michael Lanuti; Ticiana Leal; Rogério Lilenbaum; Jules Lin; Billy W. Loo; Renato Martins; Gregory A. Otterson; Sandip Pravin Patel; Karen L. Reckamp; Gregory J. Riely; Steven E. Schild; Theresa A. Shapiro; James Stevenson; Steven Swanson; Kurt W. Tauer; Stephen C. Yang; Kristina M. Gregory; Miranda Hughes,2018,Journal of the National Comprehensive Cancer Network,String C
668,Evolutionary-scale prediction of atomic level protein structure with a language model,Zeming Lin; Halil Akin; Roshan Rao; Brian Hie; Zhongkai Zhu; Wenting Lu; Nikita Smetanin; Robert Verkuil; Ori Kabeli; Yaniv Shmueli; Allan dos Santos Costa; Maryam Fazel-Zarandi; Tom Sercu; Salvatore Candido; Alexander Rives,2022,bioRxiv (Cold Spring Harbor Laboratory),String C
669,Unravelling subclonal heterogeneity and aggressive disease states in TNBC through single-cell RNA-seq,Mihriban Karaayvaz; Simona Cristea; Shawn Gillespie; Anoop P. Patel; Ravindra Mylvaganam; Christina C. Luo; Michelle C. Specht; B Bernstein; Franziska Michor; Leif W. Ellisen,2018,Nature Communications,String C
670,Considerations for diagnostic COVID-19 tests,Olivier Vandenberg; Delphine Martiny; Olivier Rochas; Alex van Belkum; Zisis Kozlakidis,2020,Nature Reviews Microbiology,String C
671,"The international EAACI/GA²LEN/EuroGuiDerm/APAAACI guideline for the definition, classification, diagnosis, and management of urticaria",Torsten Zuberbier; Amir Hamzah Abdul Latiff; Mohamed Abuzakouk; Susan Aquilina; Riccardo Asero; Diane R. Baker; Barbara Ballmer‐Weber; Christine Bangert; Moshe Ben‐Shoshan; Jonathan A. Bernstein; Carsten Bindslev‐Jensen; Knut Brockow; Zenon Brzoza; Herberto José Chong‐Neto; Martin K. Church; Paulo Ricardo Criado; I V Danilycheva; Corinna Dressler; Luís Felipe Ensina; Luz Fonacier; Matthew Gaskins; Krisztián Gáspár; Aslı Gelincik; Ana M. Giménez‐Arnau; Kiran Godse; Margarida Gonçalo; Clive Grattan; Martine Grosber; Eckard Hamelmann; Jacques Hébert; Michihiro Hide; Allen P. Kaplan; Alexander Kapp; Aharon Kessel; Emek Kocatürk; Kanokvalai Kulthanan; Désirée Larenas‐Linnemann; Antti Lauerma; Tabi A. Leslie; Markus Magerl; Μichael Μakris; Raisa Meshkova; Martin Metz; Daniel Micallef; Charlotte G. Mørtz; Alexander Nast; Hanneke Oude‐Elberink; Ruby Pawankar; Paolo D. Pigatto; Hector Ratti Sisa; María Isabel Rojo Gutiérrez; Sarbjit S. Saini; Peter Schmid‐Grendelmeier; Bülent Enis Şekerel; Frank Siebenhaar; Hanna Siiskonen; A. Soria; Petra Staubach; Luca Stingeni; Gordon Sussman; Andrea Szegedi; Simon Francis Thomsen; Zahava Vadasz; Christian Vestergaard; Bettina Wedi; Zuotao Zhao; Marcus Maurer,2021,Allergy,String C
672,A Novel and Efficient Digital Pathology Classifier for Predicting Cancer Biomarkers Using Sequencer Architecture,Min Cen; Xingyu Li; Bangwei Guo; Jitendra Jonnagaddala; Hong Zhang; Steven Xu,2023,American Journal Of Pathology,String C
673,Roles of the immune system in cancer: from tumor initiation to metastatic progression,Hugo González; Catharina Hagerling; Zena Werb,2018,Genes & Development,String C
674,Treatment Selection in Depression,Zachary D. Cohen; Robert J. DeRubeis,2018,Annual Review of Clinical Psychology,String C
675,A decade of advances in transposon-insertion sequencing,Amy K. Cain; Lars Barquist; Andrew L. Goodman; Ian T. Paulsen; Julian Parkhill; Tim van Opijnen,2020,Nature Reviews Genetics,String C
676,Protein design and variant prediction using autoregressive generative models,Jung-Eun Shin; Adam J. Riesselman; Aaron W. Kollasch; Conor McMahon; Elana P. Simon; Chris Sander; Aashish Manglik; Andrew C. Kruse; Debora S. Marks,2021,Nature Communications,String C
677,A Comprehensive Review on Current Advances in Peptide Drug Development and Design,Andy Chi-Lung Lee; Janelle L. Harris; Kum Kum Khanna; Ji‐Hong Hong,2019,International Journal of Molecular Sciences,String C
678,The Changing Landscape of Fabry Disease,Einar Svarstad; Hans‐Peter Marti,2020,Clinical Journal of the American Society of Nephrology,String C
679,A review on extreme learning machine,Jian Wang; Siyuan Lu; Shuihua Wang‎; Yudong Zhang,2021,Multimedia Tools and Applications,String C
680,DeepCRISPR: optimized CRISPR guide RNA design by deep learning,Guohui Chuai; Hanhui Ma; Jifang Yan; Ming Chen; Nanfang Hong; Dongyu Xue; Chi Zhou; Chenyu Zhu; Ke Chen; Bin Duan; Feng Gu; Sheng Qu; De-Shuang Huang; Jia Wei; Qi Liu,2018,Genome biology,String C
681,Massively multiplexed nucleic acid detection with Cas13,Cheri M. Ackerman; Cameron Myhrvold; Sri Gowtham Thakku; Catherine A. Freije; Hayden C. Metsky; David Yang; Simon H. Ye; Chloe K. Boehm; Tinna-Sólveig F. Kosoko-Thoroddsen; Jared Kehe; Tien G. Nguyen; Amber Carter; Anthony Kulesa; John Barnes; Vivien G. Dugan; Deborah T. Hung; Paul C. Blainey; Pardis C. Sabeti,2020,Nature,String C
682,Lost in translation: the valley of death across preclinical and clinical divide – identification of problems and overcoming obstacles,Attila A. Seyhan,2019,Translational Medicine Communications,String C
683,Machine learning approaches to drug response prediction: challenges and recent progress,George Alexandru Adam; Ladislav Rampášek; Zhaleh Safikhani; Petr Smirnov; Benjamin Haibe‐Kains; Anna Goldenberg,2020,npj Precision Oncology,String C
684,Reasons to be testing: the dawn of complex molecular profiling in routine oncology practice,Philip Beer; Susanna L. Cooke; David K. Chang; Andrew V. Biankin,2019,Annals of Oncology,String C
685,A Hybrid Strategy-Improved SSA-CNN-LSTM Model for Metro Passenger Flow Forecasting,Jing Liu; Qingling He; Zhikun Yue; Yulong Pei,2024,Mathematics,String C
686,Explainable machine learning identifies features and thresholds predictive of immunotherapy response,Khoa Tran; Venkateswar Addala; Lambros T. Koufariotis; Jia Zhang; Scott Wood; Conrad Leonard; Lotte Hoeijmakers; Christian U. Blank; Mireia Crispin‐Ortuzar; Elizabeth D. Williams; Olga Kondrashova; John V. Pearson; Nicola Waddell,2025,Scientific Reports,String C
687,Pelican Optimization Algorithm: A Novel Nature-Inspired Algorithm for Engineering Applications,Pavel Trojovský; Mohammad Dehghani,2022,Sensors,String C
688,Moving biochemistry and molecular biology courses online in times of disruption: Recommended practices and resources ‐ a collaboration with the faculty community and <scp>ASBMB</scp>,Kristen Procko; Jessica K. Bell; Marilee Benore; Rachell E. Booth; Victoria Del Gaizo Moore; Daniel R. Dries; Debra Martin; Pamela Mertz; Erika G. Offerdahl; Marvin A. Payne; Quinn Vega; Joseph Provost,2020,Biochemistry and Molecular Biology Education,String C
